Sample,Toxicity_Category,Compound_Name,Interaction_Count
BD117,Environmental,Ammonia,118
BD117,Environmental,Diuron,36
BD117,Environmental,Lead nitrate,30
BD117,Environmental,Methylmercury chloride,30
BD117,Environmental,Benzidine,24
BD117,Environmental,Acetaldehyde,21
BD117,Environmental,Carbon tetrachloride,20
BD117,Environmental,Copper,15
BD117,Environmental,Formaldehyde,15
BD117,Environmental,Chlorpyrifos,12
BD117,Environmental,Thioacetamide,12
BD117,Environmental,Tributyltin chloride,12
BD117,Environmental,Amsacrine,9
BD117,Environmental,Cadmium chloride,9
BD117,Environmental,Cypermethrin,9
BD117,Environmental,Nickel chloride,9
BD117,Environmental,Dibutyl phthalate,8
BD117,Environmental,Hydrochlorothiazide,8
BD117,Environmental,Mercuric chloride,8
BD117,Environmental,Phenylmercury acetate,8
BD117,Environmental,Streptozocin,8
BD117,Environmental,2-Chlorophenol,6
BD117,Environmental,"3,3'-Dimethoxybenzidine",6
BD117,Environmental,Chloramine,6
BD117,Environmental,Cyanide ion,6
BD117,Environmental,Dichlorvos,6
BD117,Environmental,Perfluorooctanesulfonic acid,6
BD117,Environmental,Catechol,5
BD117,Environmental,Lead,5
BD117,Environmental,"2,2',4,4',6,6'-Hexachlorobiphenyl",4
BD117,Environmental,"2,2',4,4'-Tetrachlorobiphenyl",4
BD117,Environmental,"2,2',5,5'-Tetrachlorobiphenyl",4
BD117,Environmental,"3,4,3',4'-Tetrachlorobiphenyl",4
BD117,Environmental,"3,4,5,3',4',5'-Hexachlorobiphenyl",4
BD117,Environmental,4-Nitrophenol,4
BD117,Environmental,Arsenic,4
BD117,Environmental,Aziridine,4
BD117,Environmental,Chloral hydrate,4
BD117,Environmental,Chloraminophenamide,4
BD117,Environmental,Chlorpyrifos-methyl,4
BD117,Environmental,Mercury(2+),4
BD117,Environmental,Methyl bromide,4
BD117,Environmental,Nitrite,4
BD117,Environmental,Nitromethane,4
BD117,Environmental,Phenacetin,4
BD117,Environmental,Phenol,4
BD117,Environmental,Phenylmethanesulfonyl fluoride,4
BD117,Environmental,Phthalate,4
BD117,Environmental,Simazine,4
BD117,Environmental,Tetranitromethane,4
BD117,Environmental,Zinc cation,4
BD117,Environmental,alpha-Chlorohydrin,4
BD117,Environmental,para-Aminoazobenzene,4
BD117,Environmental,4-Nonylphenol,3
BD117,Environmental,Danthron,3
BD117,Environmental,Dimethoate,3
BD117,Environmental,Nitrofen,3
BD117,Environmental,Pioglitazone,3
BD117,Environmental,Sulfasalazine,3
BD117,Environmental,Zalcitabine,3
BD117,Environmental,"1,4-Dioxane",2
BD117,Environmental,"2,6-Dimethylaniline",2
BD117,Environmental,2-Ethoxyethanol,2
BD117,Environmental,2-Nitropropane,2
BD117,Environmental,4-Cresol,2
BD117,Environmental,Acetamide,2
BD117,Environmental,Acrylamide,2
BD117,Environmental,Auramine,2
BD117,Environmental,Di-n-octyl phthalate,2
BD117,Environmental,Disperse Blue 1,2
BD117,Environmental,Ethanol,2
BD117,Environmental,Ethylene oxide,2
BD117,Environmental,Hg,2
BD117,Environmental,Hydrazine,2
BD117,Environmental,Methoxychlor,2
BD117,Environmental,Methyl isobutyl ketone,2
BD117,Environmental,Mitomycin,2
BD117,Environmental,Mitoxantrone,2
BD117,Environmental,N-Methyl-N'-nitro-N-nitrosoguanidine,2
BD117,Environmental,Nitrate,2
BD117,Environmental,Nitrogen mustard,2
BD117,Environmental,Thiocyanate,2
BD117,Environmental,Trinitrotoluene,2
BD117,Environmental,ortho-Toluidine,2
BD117,Environmental,3-Cresol,1
BD117,Environmental,Acetone,1
BD117,Environmental,CO,1
BD117,Environmental,Cobalt,1
BD117,Environmental,Ethyl acrylate,1
BD117,Environmental,Glycidaldehyde,1
BD117,Environmental,Methane,1
BD117,Environmental,Sodium fluoride,1
BD117,Environmental,Strontium cation,1
BD117,Environmental,Vinyl acetate,1
BD117,Genomic,Diuron,36
BD117,Genomic,Lead nitrate,30
BD117,Genomic,Benzidine,24
BD117,Genomic,Formaldehyde,15
BD117,Genomic,Chlorpyrifos,12
BD117,Genomic,Amsacrine,9
BD117,Genomic,Cypermethrin,9
BD117,Genomic,Hydrochlorothiazide,8
BD117,Genomic,Streptozocin,8
BD117,Genomic,"3,3'-Dimethoxybenzidine",6
BD117,Genomic,Cobaltous sulfate,6
BD117,Genomic,Dichlorvos,6
BD117,Genomic,Perfluorooctanesulfonic acid,6
BD117,Genomic,Aziridine,4
BD117,Genomic,Chloral hydrate,4
BD117,Genomic,Chloraminophenamide,4
BD117,Genomic,Chlorpyrifos-methyl,4
BD117,Genomic,Methyl bromide,4
BD117,Genomic,Nitrite,4
BD117,Genomic,Phenacetin,4
BD117,Genomic,Simazine,4
BD117,Genomic,Tetranitromethane,4
BD117,Genomic,alpha-Chlorohydrin,4
BD117,Genomic,para-Aminoazobenzene,4
BD117,Genomic,Danthron,3
BD117,Genomic,Dimethoate,3
BD117,Genomic,Nitrofen,3
BD117,Genomic,Pioglitazone,3
BD117,Genomic,Sulfasalazine,3
BD117,Genomic,Zalcitabine,3
BD117,Genomic,"2,6-Dimethylaniline",2
BD117,Genomic,2-Nitropropane,2
BD117,Genomic,Auramine,2
BD117,Genomic,Disperse Blue 1,2
BD117,Genomic,Epichlorohydrin,2
BD117,Genomic,Ethyl methanesulfonate,2
BD117,Genomic,Ethylene oxide,2
BD117,Genomic,Hydrazine,2
BD117,Genomic,Methylnitrosourea,2
BD117,Genomic,Mitomycin,2
BD117,Genomic,Mitoxantrone,2
BD117,Genomic,N-Methyl-N'-nitro-N-nitrosoguanidine,2
BD117,Genomic,Nitrogen mustard,2
BD117,Genomic,Trinitrotoluene,2
BD117,Genomic,ortho-Toluidine,2
BD117,Genomic,Glycidaldehyde,1
BD117,Nuclear Response,Diuron,36
BD117,Nuclear Response,Benzidine,24
BD117,Nuclear Response,Acetaldehyde,21
BD117,Nuclear Response,Chlorpyrifos,12
BD117,Nuclear Response,Tributyltin chloride,12
BD117,Nuclear Response,Phenylmercury acetate,8
BD117,Nuclear Response,Catechol,5
BD117,Nuclear Response,Chlorpyrifos-methyl,4
BD117,Nuclear Response,Mercury(2+),4
BD117,Nuclear Response,para-Aminoazobenzene,4
BD117,Nuclear Response,4-Nonylphenol,3
BD117,Nuclear Response,Danthron,3
BD117,Nuclear Response,Pioglitazone,3
BD117,Nuclear Response,Auramine,2
BD117,Nuclear Response,Disperse Blue 1,2
BD117,Nuclear Response,Hg,2
BD117,Nuclear Response,Hydrazine,2
BD117,Nuclear Response,Mitomycin,2
BD117,Nuclear Response,N-Methyl-N'-nitro-N-nitrosoguanidine,2
BD117,Nuclear Response,Nitrogen mustard,2
BD117,Nuclear Response,Thiocyanate,2
BD117,Organic,Ammonia,118
BD117,Organic,Diuron,36
BD117,Organic,Lead nitrate,30
BD117,Organic,Methylmercury chloride,30
BD117,Organic,Benzidine,24
BD117,Organic,Acetaldehyde,21
BD117,Organic,Carbon tetrachloride,20
BD117,Organic,Copper,15
BD117,Organic,Formaldehyde,15
BD117,Organic,Chlorpyrifos,12
BD117,Organic,Thioacetamide,12
BD117,Organic,Tributyltin chloride,12
BD117,Organic,Amsacrine,9
BD117,Organic,Cadmium chloride,9
BD117,Organic,Nickel chloride,9
BD117,Organic,Dibutyl phthalate,8
BD117,Organic,Hydrochlorothiazide,8
BD117,Organic,Mercuric chloride,8
BD117,Organic,Methylmercury,8
BD117,Organic,Phenylmercury acetate,8
BD117,Organic,Sodium arsenite,8
BD117,Organic,Streptozocin,8
BD117,Organic,2-Chlorophenol,6
BD117,Organic,"3,3'-Dimethoxybenzidine",6
BD117,Organic,Chloramine,6
BD117,Organic,Cobaltous sulfate,6
BD117,Organic,Cyanide ion,6
BD117,Organic,Dichlorvos,6
BD117,Organic,Perfluorooctanesulfonic acid,6
BD117,Organic,Catechol,5
BD117,Organic,Lead,5
BD117,Organic,"2,2',4,4',6,6'-Hexachlorobiphenyl",4
BD117,Organic,"2,2',4,4'-Tetrachlorobiphenyl",4
BD117,Organic,"2,2',5,5'-Tetrachlorobiphenyl",4
BD117,Organic,"3,4,3',4'-Tetrachlorobiphenyl",4
BD117,Organic,"3,4,5,3',4',5'-Hexachlorobiphenyl",4
BD117,Organic,4-Nitrophenol,4
BD117,Organic,Arsenic,4
BD117,Organic,Aziridine,4
BD117,Organic,Cacodylate,4
BD117,Organic,Chloral hydrate,4
BD117,Organic,Chloraminophenamide,4
BD117,Organic,Chlorpyrifos-methyl,4
BD117,Organic,Mercury(2+),4
BD117,Organic,Methyl bromide,4
BD117,Organic,Nitrite,4
BD117,Organic,Nitromethane,4
BD117,Organic,Phenacetin,4
BD117,Organic,Phenol,4
BD117,Organic,Phenylmethanesulfonyl fluoride,4
BD117,Organic,Phthalate,4
BD117,Organic,Simazine,4
BD117,Organic,Tetranitromethane,4
BD117,Organic,Zinc cation,4
BD117,Organic,alpha-Chlorohydrin,4
BD117,Organic,para-Aminoazobenzene,4
BD117,Organic,4-Nonylphenol,3
BD117,Organic,Danthron,3
BD117,Organic,Dimethoate,3
BD117,Organic,Nitrofen,3
BD117,Organic,Pioglitazone,3
BD117,Organic,Sulfasalazine,3
BD117,Organic,Zalcitabine,3
BD117,Organic,"1,4-Dioxane",2
BD117,Organic,"2,6-Dimethylaniline",2
BD117,Organic,2-Ethoxyethanol,2
BD117,Organic,2-Nitropropane,2
BD117,Organic,4-Cresol,2
BD117,Organic,Acetamide,2
BD117,Organic,Acrylamide,2
BD117,Organic,Auramine,2
BD117,Organic,Di-n-octyl phthalate,2
BD117,Organic,Disperse Blue 1,2
BD117,Organic,Epichlorohydrin,2
BD117,Organic,Ethanol,2
BD117,Organic,Ethyl methanesulfonate,2
BD117,Organic,Ethylene oxide,2
BD117,Organic,Hg,2
BD117,Organic,Hydrazine,2
BD117,Organic,Methoxychlor,2
BD117,Organic,Methyl isobutyl ketone,2
BD117,Organic,Methylnitrosourea,2
BD117,Organic,Mitomycin,2
BD117,Organic,Mitoxantrone,2
BD117,Organic,N-Methyl-N'-nitro-N-nitrosoguanidine,2
BD117,Organic,Nitrate,2
BD117,Organic,Nitrogen mustard,2
BD117,Organic,Thiocyanate,2
BD117,Organic,Trinitrotoluene,2
BD117,Organic,ortho-Toluidine,2
BD117,Organic,3-Cresol,1
BD117,Organic,Acetone,1
BD117,Organic,CO,1
BD117,Organic,Cobalt,1
BD117,Organic,Ethyl acrylate,1
BD117,Organic,Glycidaldehyde,1
BD117,Organic,Methane,1
BD117,Organic,Methyl tert-butyl ether,1
BD117,Organic,Sodium fluoride,1
BD117,Organic,Strontium cation,1
BD117,Organic,Vinyl acetate,1
BD117,Stress Response,Diuron,36
BD117,Stress Response,Methylmercury chloride,30
BD117,Stress Response,Benzidine,24
BD117,Stress Response,Acetaldehyde,21
BD117,Stress Response,Chlorpyrifos,12
BD117,Stress Response,Tributyltin chloride,12
BD117,Stress Response,Amsacrine,9
BD117,Stress Response,Phenylmercury acetate,8
BD117,Stress Response,"3,3'-Dimethoxybenzidine",6
BD117,Stress Response,Dichlorvos,6
BD117,Stress Response,Perfluorooctanesulfonic acid,6
BD117,Stress Response,Catechol,5
BD117,Stress Response,"2,2',4,4',6,6'-Hexachlorobiphenyl",4
BD117,Stress Response,4-Nitrophenol,4
BD117,Stress Response,Chlorpyrifos-methyl,4
BD117,Stress Response,Mercury(2+),4
BD117,Stress Response,Nitromethane,4
BD117,Stress Response,para-Aminoazobenzene,4
BD117,Stress Response,4-Nonylphenol,3
BD117,Stress Response,Danthron,3
BD117,Stress Response,Nitrofen,3
BD117,Stress Response,Auramine,2
BD117,Stress Response,Disperse Blue 1,2
BD117,Stress Response,Hg,2
BD117,Stress Response,Methoxychlor,2
BD117,Stress Response,Methylnitrosourea,2
BD117,Stress Response,N-Methyl-N'-nitro-N-nitrosoguanidine,2
BD120,Environmental,Ammonia,134
BD120,Environmental,Diuron,45
BD120,Environmental,Benzidine,40
BD120,Environmental,Carbon tetrachloride,30
BD120,Environmental,Formaldehyde,30
BD120,Environmental,Lead nitrate,24
BD120,Environmental,Acetaldehyde,21
BD120,Environmental,Cypermethrin,21
BD120,Environmental,2-Chlorophenol,18
BD120,Environmental,Amsacrine,18
BD120,Environmental,Cadmium chloride,18
BD120,Environmental,Chlorpyrifos,18
BD120,Environmental,Methylmercury chloride,18
BD120,Environmental,Copper,15
BD120,Environmental,Thioacetamide,15
BD120,Environmental,"1,2-Dichloroethane",14
BD120,Environmental,Chloroform,14
BD120,Environmental,Nitrite,14
BD120,Environmental,4-Nitrophenol,12
BD120,Environmental,Dichlorvos,12
BD120,Environmental,Hydrochlorothiazide,12
BD120,Environmental,Mercuric chloride,12
BD120,Environmental,Phenol,12
BD120,Environmental,Streptozocin,12
BD120,Environmental,Trichloroethene,12
BD120,Environmental,Nitrate,10
BD120,Environmental,Nickel chloride,9
BD120,Environmental,Sulfasalazine,9
BD120,Environmental,"1,1,2,2-Tetrachloroethane",8
BD120,Environmental,"1,2-Dichlorobenzene",8
BD120,Environmental,"2-Amino-1-methyl-6-phenylimidazo[4,5-b]pyridine",8
BD120,Environmental,"3,3'-Dimethoxybenzidine",8
BD120,Environmental,Arsenic,8
BD120,Environmental,Arylmercury,8
BD120,Environmental,Chlorpyrifos-methyl,8
BD120,Environmental,Endosulfan,8
BD120,Environmental,Tributyltin chloride,8
BD120,Environmental,Zinc cation,8
BD120,Environmental,"beta-1,2,3,4,5,6-Hexachlorocyclohexane",8
BD120,Environmental,Benzo[a]pyrene,7
BD120,Environmental,Acenaphthene,6
BD120,Environmental,Bis(2-chloroethyl)ether,6
BD120,Environmental,Chloral hydrate,6
BD120,Environmental,Chloramine,6
BD120,Environmental,Chlorfenvinphos,6
BD120,Environmental,Merphalan,6
BD120,Environmental,Methyl bromide,6
BD120,Environmental,Mitomycin,6
BD120,Environmental,Mitoxantrone,6
BD120,Environmental,Naphthalene,6
BD120,Environmental,Parathion,6
BD120,Environmental,Zalcitabine,6
BD120,Environmental,alpha-Chlorohydrin,6
BD120,Environmental,para-Aminoazobenzene,6
BD120,Environmental,"trans-1,3-Dichloropropene",6
BD120,Environmental,CO,5
BD120,Environmental,Catechol,5
BD120,Environmental,Lead,5
BD120,Environmental,"1,1,2-Trichloroethane",4
BD120,Environmental,"1,2-Dibromo-3-chloropropane",4
BD120,Environmental,"2,2',4,4',6,6'-Hexachlorobiphenyl",4
BD120,Environmental,"2,2',4,4'-Tetrachlorobiphenyl",4
BD120,Environmental,"2,2',5,5'-Tetrachlorobiphenyl",4
BD120,Environmental,2-Naphthylamine,4
BD120,Environmental,"3,4,3',4'-Tetrachlorobiphenyl",4
BD120,Environmental,"3,4,5,3',4',5'-Hexachlorobiphenyl",4
BD120,Environmental,Chloraminophenamide,4
BD120,Environmental,Dibutyl phthalate,4
BD120,Environmental,Fluoranthene,4
BD120,Environmental,Methyl chloride,4
BD120,Environmental,Methyl isobutyl ketone,4
BD120,Environmental,N-Methyl-N'-nitro-N-nitrosoguanidine,4
BD120,Environmental,Nitromethane,4
BD120,Environmental,Phenacetin,4
BD120,Environmental,Phenylmercury acetate,4
BD120,Environmental,Phenylmethanesulfonyl fluoride,4
BD120,Environmental,Simazine,4
BD120,Environmental,Tetranitromethane,4
BD120,Environmental,Toluene,4
BD120,Environmental,alpha-Hexachlorocyclohexane,4
BD120,Environmental,"cis-1,3-Dichloropropene",4
BD120,Environmental,Captafol,3
BD120,Environmental,Chloramphenicol,3
BD120,Environmental,Chlorothalonil,3
BD120,Environmental,Danthron,3
BD120,Environmental,Dimethoate,3
BD120,Environmental,Ethanol,3
BD120,Environmental,Naled,3
BD120,Environmental,Nitrofen,3
BD120,Environmental,Ochratoxin A,3
BD120,Environmental,Pioglitazone,3
BD120,Environmental,Styrene,3
BD120,Environmental,Vinyl acetate,3
BD120,Environmental,"1,2,3-Trichloropropane",2
BD120,Environmental,"1,4-Dioxane",2
BD120,Environmental,"2,6-Dimethylaniline",2
BD120,Environmental,2-(4-Chlorophenoxy)propionic acid,2
BD120,Environmental,2-Ethoxyethanol,2
BD120,Environmental,2-Nitropropane,2
BD120,Environmental,"3,3'-Dimethylbenzidine",2
BD120,Environmental,3-Chloro-2-methylpropene,2
BD120,Environmental,4-(N-Nitrosomethylamino)-1-(3-pyridyl)-1-butanone,2
BD120,Environmental,4-Cresol,2
BD120,Environmental,Aflatoxin M1,2
BD120,Environmental,Aziridine,2
BD120,Environmental,Caffeate,2
BD120,Environmental,Chloral,2
BD120,Environmental,Etoposide,2
BD120,Environmental,Glu-P-1,2
BD120,Environmental,Hydrazine,2
BD120,Environmental,Microcystin LR,2
BD120,Environmental,Nitrogen mustard,2
BD120,Environmental,Tamoxifen,2
BD120,Environmental,Trinitrotoluene,2
BD120,Environmental,ortho-Toluidine,2
BD120,Environmental,para-(Dimethylamino)azobenzene,2
BD120,Environmental,3-Cresol,1
BD120,Environmental,Aflatoxin B1,1
BD120,Environmental,"Aflatoxin B1-endo-8,9-epoxide",1
BD120,Environmental,"Aflatoxin B1-exo-8,9-epoxide",1
BD120,Environmental,Aflatoxin Q1,1
BD120,Environmental,"Aflatoxin-M1-8,9-epoxide",1
BD120,Environmental,Benzophenone,1
BD120,Environmental,Benzyl alcohol,1
BD120,Environmental,Bromide,1
BD120,Environmental,Cobalt,1
BD120,Environmental,Cyclosporin A,1
BD120,Environmental,Diethyl phthalate,1
BD120,Environmental,Digoxin,1
BD120,Environmental,Glycidaldehyde,1
BD120,Environmental,Manganese(2+),1
BD120,Environmental,Phenolphthalein,1
BD120,Environmental,Sodium fluoride,1
BD120,Environmental,Strontium cation,1
BD120,Genomic,Diuron,45
BD120,Genomic,Benzidine,40
BD120,Genomic,Formaldehyde,30
BD120,Genomic,Lead nitrate,24
BD120,Genomic,Cypermethrin,21
BD120,Genomic,Amsacrine,18
BD120,Genomic,Chlorpyrifos,18
BD120,Genomic,"1,2-Dichloroethane",14
BD120,Genomic,Nitrite,14
BD120,Genomic,Dichlorvos,12
BD120,Genomic,Hydrochlorothiazide,12
BD120,Genomic,Streptozocin,12
BD120,Genomic,Sulfasalazine,9
BD120,Genomic,"2-Amino-1-methyl-6-phenylimidazo[4,5-b]pyridine",8
BD120,Genomic,"3,3'-Dimethoxybenzidine",8
BD120,Genomic,Chlorpyrifos-methyl,8
BD120,Genomic,Endosulfan,8
BD120,Genomic,Benzo[a]pyrene,7
BD120,Genomic,Bis(2-chloroethyl)ether,6
BD120,Genomic,Chloral hydrate,6
BD120,Genomic,Chlorfenvinphos,6
BD120,Genomic,Cobaltous sulfate,6
BD120,Genomic,Epichlorohydrin,6
BD120,Genomic,Merphalan,6
BD120,Genomic,Methyl bromide,6
BD120,Genomic,Mitomycin,6
BD120,Genomic,Mitoxantrone,6
BD120,Genomic,Parathion,6
BD120,Genomic,Zalcitabine,6
BD120,Genomic,alpha-Chlorohydrin,6
BD120,Genomic,para-Aminoazobenzene,6
BD120,Genomic,"trans-1,3-Dichloropropene",6
BD120,Genomic,"1,2-Dibromo-3-chloropropane",4
BD120,Genomic,2-Naphthylamine,4
BD120,Genomic,Chloraminophenamide,4
BD120,Genomic,Fluoranthene,4
BD120,Genomic,Methyl chloride,4
BD120,Genomic,N-Methyl-N'-nitro-N-nitrosoguanidine,4
BD120,Genomic,Phenacetin,4
BD120,Genomic,Simazine,4
BD120,Genomic,Tetranitromethane,4
BD120,Genomic,"cis-1,3-Dichloropropene",4
BD120,Genomic,Captafol,3
BD120,Genomic,Chloramphenicol,3
BD120,Genomic,Danthron,3
BD120,Genomic,Dimethoate,3
BD120,Genomic,Nitrofen,3
BD120,Genomic,Pioglitazone,3
BD120,Genomic,Styrene,3
BD120,Genomic,"1,2,3-Trichloropropane",2
BD120,Genomic,"2,6-Dimethylaniline",2
BD120,Genomic,2-Nitropropane,2
BD120,Genomic,"3,3'-Dimethylbenzidine",2
BD120,Genomic,3-Chloro-2-methylpropene,2
BD120,Genomic,4-(N-Nitrosomethylamino)-1-(3-pyridyl)-1-butanone,2
BD120,Genomic,Aflatoxin M1,2
BD120,Genomic,Aziridine,2
BD120,Genomic,Chloral,2
BD120,Genomic,Ethyl methanesulfonate,2
BD120,Genomic,Etoposide,2
BD120,Genomic,Glu-P-1,2
BD120,Genomic,Hydrazine,2
BD120,Genomic,Methylnitrosourea,2
BD120,Genomic,Microcystin LR,2
BD120,Genomic,Nitrogen mustard,2
BD120,Genomic,Trinitrotoluene,2
BD120,Genomic,ortho-Toluidine,2
BD120,Genomic,para-(Dimethylamino)azobenzene,2
BD120,Genomic,Aflatoxin B1,1
BD120,Genomic,"Aflatoxin B1-endo-8,9-epoxide",1
BD120,Genomic,"Aflatoxin B1-exo-8,9-epoxide",1
BD120,Genomic,Aflatoxin Q1,1
BD120,Genomic,"Aflatoxin-M1-8,9-epoxide",1
BD120,Genomic,Cyclosporin A,1
BD120,Genomic,Glycidaldehyde,1
BD120,Nuclear Response,Diuron,45
BD120,Nuclear Response,Benzidine,40
BD120,Nuclear Response,Acetaldehyde,21
BD120,Nuclear Response,Chlorpyrifos,18
BD120,Nuclear Response,"2-Amino-1-methyl-6-phenylimidazo[4,5-b]pyridine",8
BD120,Nuclear Response,Chlorpyrifos-methyl,8
BD120,Nuclear Response,Tributyltin chloride,8
BD120,Nuclear Response,Benzo[a]pyrene,7
BD120,Nuclear Response,Chlorfenvinphos,6
BD120,Nuclear Response,Mitomycin,6
BD120,Nuclear Response,Parathion,6
BD120,Nuclear Response,para-Aminoazobenzene,6
BD120,Nuclear Response,Catechol,5
BD120,Nuclear Response,2-Naphthylamine,4
BD120,Nuclear Response,Fluoranthene,4
BD120,Nuclear Response,N-Methyl-N'-nitro-N-nitrosoguanidine,4
BD120,Nuclear Response,Phenylmercury acetate,4
BD120,Nuclear Response,Chlorothalonil,3
BD120,Nuclear Response,Danthron,3
BD120,Nuclear Response,Naled,3
BD120,Nuclear Response,Pioglitazone,3
BD120,Nuclear Response,"3,3'-Dimethylbenzidine",2
BD120,Nuclear Response,Caffeate,2
BD120,Nuclear Response,Etoposide,2
BD120,Nuclear Response,Glu-P-1,2
BD120,Nuclear Response,Hydrazine,2
BD120,Nuclear Response,Nitrogen mustard,2
BD120,Nuclear Response,Tamoxifen,2
BD120,Nuclear Response,para-(Dimethylamino)azobenzene,2
BD120,Nuclear Response,Digoxin,1
BD120,Nuclear Response,Phenolphthalein,1
BD120,Organic,Ammonia,134
BD120,Organic,Diuron,45
BD120,Organic,Benzidine,40
BD120,Organic,Carbon tetrachloride,30
BD120,Organic,Formaldehyde,30
BD120,Organic,Lead nitrate,24
BD120,Organic,Acetaldehyde,21
BD120,Organic,2-Chlorophenol,18
BD120,Organic,Amsacrine,18
BD120,Organic,Cadmium chloride,18
BD120,Organic,Chlorpyrifos,18
BD120,Organic,Methylmercury chloride,18
BD120,Organic,Copper,15
BD120,Organic,Thioacetamide,15
BD120,Organic,"1,2-Dichloroethane",14
BD120,Organic,Chloroform,14
BD120,Organic,Nitrite,14
BD120,Organic,4-Nitrophenol,12
BD120,Organic,Cacodylate,12
BD120,Organic,Dichlorvos,12
BD120,Organic,Hydrochlorothiazide,12
BD120,Organic,Mercuric chloride,12
BD120,Organic,Phenol,12
BD120,Organic,Streptozocin,12
BD120,Organic,Trichloroethene,12
BD120,Organic,Nitrate,10
BD120,Organic,Nickel chloride,9
BD120,Organic,Sulfasalazine,9
BD120,Organic,"1,1,2,2-Tetrachloroethane",8
BD120,Organic,"1,2-Dichlorobenzene",8
BD120,Organic,"2-Amino-1-methyl-6-phenylimidazo[4,5-b]pyridine",8
BD120,Organic,"3,3'-Dimethoxybenzidine",8
BD120,Organic,Arsenic,8
BD120,Organic,Arylmercury,8
BD120,Organic,Chlorpyrifos-methyl,8
BD120,Organic,Endosulfan,8
BD120,Organic,Tributyltin chloride,8
BD120,Organic,Zinc cation,8
BD120,Organic,"beta-1,2,3,4,5,6-Hexachlorocyclohexane",8
BD120,Organic,Benzo[a]pyrene,7
BD120,Organic,Acenaphthene,6
BD120,Organic,Bis(2-chloroethyl)ether,6
BD120,Organic,Chloral hydrate,6
BD120,Organic,Chloramine,6
BD120,Organic,Chlorfenvinphos,6
BD120,Organic,Cobaltous sulfate,6
BD120,Organic,Epichlorohydrin,6
BD120,Organic,Merphalan,6
BD120,Organic,Methyl bromide,6
BD120,Organic,Mitomycin,6
BD120,Organic,Mitoxantrone,6
BD120,Organic,Naphthalene,6
BD120,Organic,Parathion,6
BD120,Organic,Sodium arsenite,6
BD120,Organic,Zalcitabine,6
BD120,Organic,alpha-Chlorohydrin,6
BD120,Organic,para-Aminoazobenzene,6
BD120,Organic,"trans-1,3-Dichloropropene",6
BD120,Organic,CO,5
BD120,Organic,Catechol,5
BD120,Organic,Lead,5
BD120,Organic,"1,1,2-Trichloroethane",4
BD120,Organic,"1,2-Dibromo-3-chloropropane",4
BD120,Organic,"2,2',4,4',6,6'-Hexachlorobiphenyl",4
BD120,Organic,"2,2',4,4'-Tetrachlorobiphenyl",4
BD120,Organic,"2,2',5,5'-Tetrachlorobiphenyl",4
BD120,Organic,2-Naphthylamine,4
BD120,Organic,"3,4,3',4'-Tetrachlorobiphenyl",4
BD120,Organic,"3,4,5,3',4',5'-Hexachlorobiphenyl",4
BD120,Organic,Chloraminophenamide,4
BD120,Organic,Dibutyl phthalate,4
BD120,Organic,Fluoranthene,4
BD120,Organic,Methyl chloride,4
BD120,Organic,Methyl isobutyl ketone,4
BD120,Organic,N-Methyl-N'-nitro-N-nitrosoguanidine,4
BD120,Organic,Nitromethane,4
BD120,Organic,Phenacetin,4
BD120,Organic,Phenylmercury acetate,4
BD120,Organic,Phenylmethanesulfonyl fluoride,4
BD120,Organic,Simazine,4
BD120,Organic,Tetranitromethane,4
BD120,Organic,Toluene,4
BD120,Organic,alpha-Hexachlorocyclohexane,4
BD120,Organic,"cis-1,3-Dichloropropene",4
BD120,Organic,Captafol,3
BD120,Organic,Chloramphenicol,3
BD120,Organic,Chlorothalonil,3
BD120,Organic,Danthron,3
BD120,Organic,Dimethoate,3
BD120,Organic,Ethanol,3
BD120,Organic,Naled,3
BD120,Organic,Nitrofen,3
BD120,Organic,Ochratoxin A,3
BD120,Organic,Pioglitazone,3
BD120,Organic,Styrene,3
BD120,Organic,Vinyl acetate,3
BD120,Organic,"1,2,3-Trichloropropane",2
BD120,Organic,"1,4-Dioxane",2
BD120,Organic,"2,6-Dimethylaniline",2
BD120,Organic,2-(4-Chlorophenoxy)propionic acid,2
BD120,Organic,2-Ethoxyethanol,2
BD120,Organic,2-Nitropropane,2
BD120,Organic,"3,3'-Dimethylbenzidine",2
BD120,Organic,3-Chloro-2-methylpropene,2
BD120,Organic,4-(N-Nitrosomethylamino)-1-(3-pyridyl)-1-butanone,2
BD120,Organic,4-Cresol,2
BD120,Organic,Aflatoxin M1,2
BD120,Organic,Aziridine,2
BD120,Organic,Caffeate,2
BD120,Organic,Chloral,2
BD120,Organic,Ethyl methanesulfonate,2
BD120,Organic,Etoposide,2
BD120,Organic,Glu-P-1,2
BD120,Organic,Hydrazine,2
BD120,Organic,Methylnitrosourea,2
BD120,Organic,Microcystin LR,2
BD120,Organic,Nitrogen mustard,2
BD120,Organic,Tamoxifen,2
BD120,Organic,Trinitrotoluene,2
BD120,Organic,ortho-Toluidine,2
BD120,Organic,para-(Dimethylamino)azobenzene,2
BD120,Organic,3-Cresol,1
BD120,Organic,Aflatoxin B1,1
BD120,Organic,"Aflatoxin B1-endo-8,9-epoxide",1
BD120,Organic,"Aflatoxin B1-exo-8,9-epoxide",1
BD120,Organic,Aflatoxin Q1,1
BD120,Organic,"Aflatoxin-M1-8,9-epoxide",1
BD120,Organic,Benzophenone,1
BD120,Organic,Benzyl alcohol,1
BD120,Organic,Bromide,1
BD120,Organic,Cobalt,1
BD120,Organic,Cyclosporin A,1
BD120,Organic,Diethyl phthalate,1
BD120,Organic,Digoxin,1
BD120,Organic,Glycidaldehyde,1
BD120,Organic,Manganese(2+),1
BD120,Organic,Methyl tert-butyl ether,1
BD120,Organic,Phenolphthalein,1
BD120,Organic,Sodium fluoride,1
BD120,Organic,Strontium cation,1
BD120,Stress Response,Diuron,45
BD120,Stress Response,Benzidine,40
BD120,Stress Response,Acetaldehyde,21
BD120,Stress Response,Amsacrine,18
BD120,Stress Response,Chlorpyrifos,18
BD120,Stress Response,Methylmercury chloride,18
BD120,Stress Response,4-Nitrophenol,12
BD120,Stress Response,Dichlorvos,12
BD120,Stress Response,"3,3'-Dimethoxybenzidine",8
BD120,Stress Response,Chlorpyrifos-methyl,8
BD120,Stress Response,Endosulfan,8
BD120,Stress Response,Tributyltin chloride,8
BD120,Stress Response,Benzo[a]pyrene,7
BD120,Stress Response,para-Aminoazobenzene,6
BD120,Stress Response,Catechol,5
BD120,Stress Response,"2,2',4,4',6,6'-Hexachlorobiphenyl",4
BD120,Stress Response,Fluoranthene,4
BD120,Stress Response,N-Methyl-N'-nitro-N-nitrosoguanidine,4
BD120,Stress Response,Nitromethane,4
BD120,Stress Response,Phenylmercury acetate,4
BD120,Stress Response,Captafol,3
BD120,Stress Response,Chlorothalonil,3
BD120,Stress Response,Danthron,3
BD120,Stress Response,Naled,3
BD120,Stress Response,Nitrofen,3
BD120,Stress Response,Etoposide,2
BD120,Stress Response,Methylnitrosourea,2
BD120,Stress Response,para-(Dimethylamino)azobenzene,2
BD120,Stress Response,Cyclosporin A,1
BD120,Stress Response,Digoxin,1
BD120,Stress Response,Phenolphthalein,1
BD126,Environmental,Ammonia,134
BD126,Environmental,Diuron,45
BD126,Environmental,Benzidine,40
BD126,Environmental,Carbon tetrachloride,30
BD126,Environmental,Formaldehyde,30
BD126,Environmental,Lead nitrate,24
BD126,Environmental,Acetaldehyde,21
BD126,Environmental,Cypermethrin,21
BD126,Environmental,2-Chlorophenol,18
BD126,Environmental,Amsacrine,18
BD126,Environmental,Cadmium chloride,18
BD126,Environmental,Chlorpyrifos,18
BD126,Environmental,Methylmercury chloride,18
BD126,Environmental,Copper,15
BD126,Environmental,Thioacetamide,15
BD126,Environmental,"1,2-Dichloroethane",14
BD126,Environmental,Chloroform,14
BD126,Environmental,Nitrite,14
BD126,Environmental,4-Nitrophenol,12
BD126,Environmental,Dichlorvos,12
BD126,Environmental,Hydrochlorothiazide,12
BD126,Environmental,Mercuric chloride,12
BD126,Environmental,Phenol,12
BD126,Environmental,Streptozocin,12
BD126,Environmental,Trichloroethene,12
BD126,Environmental,Nitrate,10
BD126,Environmental,Nickel chloride,9
BD126,Environmental,Sulfasalazine,9
BD126,Environmental,"1,1,2,2-Tetrachloroethane",8
BD126,Environmental,"1,2-Dichlorobenzene",8
BD126,Environmental,"2-Amino-1-methyl-6-phenylimidazo[4,5-b]pyridine",8
BD126,Environmental,"3,3'-Dimethoxybenzidine",8
BD126,Environmental,Arsenic,8
BD126,Environmental,Arylmercury,8
BD126,Environmental,Chlorpyrifos-methyl,8
BD126,Environmental,Endosulfan,8
BD126,Environmental,Tributyltin chloride,8
BD126,Environmental,Zinc cation,8
BD126,Environmental,"beta-1,2,3,4,5,6-Hexachlorocyclohexane",8
BD126,Environmental,Benzo[a]pyrene,7
BD126,Environmental,Acenaphthene,6
BD126,Environmental,Bis(2-chloroethyl)ether,6
BD126,Environmental,Chloral hydrate,6
BD126,Environmental,Chloramine,6
BD126,Environmental,Chlorfenvinphos,6
BD126,Environmental,Merphalan,6
BD126,Environmental,Methyl bromide,6
BD126,Environmental,Mitomycin,6
BD126,Environmental,Mitoxantrone,6
BD126,Environmental,Naphthalene,6
BD126,Environmental,Parathion,6
BD126,Environmental,Zalcitabine,6
BD126,Environmental,alpha-Chlorohydrin,6
BD126,Environmental,para-Aminoazobenzene,6
BD126,Environmental,"trans-1,3-Dichloropropene",6
BD126,Environmental,CO,5
BD126,Environmental,Catechol,5
BD126,Environmental,Lead,5
BD126,Environmental,"1,1,2-Trichloroethane",4
BD126,Environmental,"1,2-Dibromo-3-chloropropane",4
BD126,Environmental,"2,2',4,4',6,6'-Hexachlorobiphenyl",4
BD126,Environmental,"2,2',4,4'-Tetrachlorobiphenyl",4
BD126,Environmental,"2,2',5,5'-Tetrachlorobiphenyl",4
BD126,Environmental,2-Naphthylamine,4
BD126,Environmental,"3,4,3',4'-Tetrachlorobiphenyl",4
BD126,Environmental,"3,4,5,3',4',5'-Hexachlorobiphenyl",4
BD126,Environmental,Chloraminophenamide,4
BD126,Environmental,Dibutyl phthalate,4
BD126,Environmental,Fluoranthene,4
BD126,Environmental,Methyl chloride,4
BD126,Environmental,Methyl isobutyl ketone,4
BD126,Environmental,N-Methyl-N'-nitro-N-nitrosoguanidine,4
BD126,Environmental,Nitromethane,4
BD126,Environmental,Phenacetin,4
BD126,Environmental,Phenylmercury acetate,4
BD126,Environmental,Phenylmethanesulfonyl fluoride,4
BD126,Environmental,Simazine,4
BD126,Environmental,Tetranitromethane,4
BD126,Environmental,Toluene,4
BD126,Environmental,alpha-Hexachlorocyclohexane,4
BD126,Environmental,"cis-1,3-Dichloropropene",4
BD126,Environmental,Captafol,3
BD126,Environmental,Chloramphenicol,3
BD126,Environmental,Chlorothalonil,3
BD126,Environmental,Danthron,3
BD126,Environmental,Dimethoate,3
BD126,Environmental,Ethanol,3
BD126,Environmental,Naled,3
BD126,Environmental,Nitrofen,3
BD126,Environmental,Ochratoxin A,3
BD126,Environmental,Pioglitazone,3
BD126,Environmental,Styrene,3
BD126,Environmental,Vinyl acetate,3
BD126,Environmental,"1,2,3-Trichloropropane",2
BD126,Environmental,"1,4-Dioxane",2
BD126,Environmental,"2,6-Dimethylaniline",2
BD126,Environmental,2-(4-Chlorophenoxy)propionic acid,2
BD126,Environmental,2-Ethoxyethanol,2
BD126,Environmental,2-Nitropropane,2
BD126,Environmental,"3,3'-Dimethylbenzidine",2
BD126,Environmental,3-Chloro-2-methylpropene,2
BD126,Environmental,4-(N-Nitrosomethylamino)-1-(3-pyridyl)-1-butanone,2
BD126,Environmental,4-Cresol,2
BD126,Environmental,Aflatoxin M1,2
BD126,Environmental,Aziridine,2
BD126,Environmental,Caffeate,2
BD126,Environmental,Chloral,2
BD126,Environmental,Etoposide,2
BD126,Environmental,Glu-P-1,2
BD126,Environmental,Hydrazine,2
BD126,Environmental,Microcystin LR,2
BD126,Environmental,Nitrogen mustard,2
BD126,Environmental,Tamoxifen,2
BD126,Environmental,Trinitrotoluene,2
BD126,Environmental,ortho-Toluidine,2
BD126,Environmental,para-(Dimethylamino)azobenzene,2
BD126,Environmental,3-Cresol,1
BD126,Environmental,Aflatoxin B1,1
BD126,Environmental,"Aflatoxin B1-endo-8,9-epoxide",1
BD126,Environmental,"Aflatoxin B1-exo-8,9-epoxide",1
BD126,Environmental,Aflatoxin Q1,1
BD126,Environmental,"Aflatoxin-M1-8,9-epoxide",1
BD126,Environmental,Benzophenone,1
BD126,Environmental,Benzyl alcohol,1
BD126,Environmental,Bromide,1
BD126,Environmental,Cobalt,1
BD126,Environmental,Cyclosporin A,1
BD126,Environmental,Diethyl phthalate,1
BD126,Environmental,Digoxin,1
BD126,Environmental,Glycidaldehyde,1
BD126,Environmental,Manganese(2+),1
BD126,Environmental,Phenolphthalein,1
BD126,Environmental,Sodium fluoride,1
BD126,Environmental,Strontium cation,1
BD126,Genomic,Diuron,45
BD126,Genomic,Benzidine,40
BD126,Genomic,Formaldehyde,30
BD126,Genomic,Lead nitrate,24
BD126,Genomic,Cypermethrin,21
BD126,Genomic,Amsacrine,18
BD126,Genomic,Chlorpyrifos,18
BD126,Genomic,"1,2-Dichloroethane",14
BD126,Genomic,Nitrite,14
BD126,Genomic,Dichlorvos,12
BD126,Genomic,Hydrochlorothiazide,12
BD126,Genomic,Streptozocin,12
BD126,Genomic,Sulfasalazine,9
BD126,Genomic,"2-Amino-1-methyl-6-phenylimidazo[4,5-b]pyridine",8
BD126,Genomic,"3,3'-Dimethoxybenzidine",8
BD126,Genomic,Chlorpyrifos-methyl,8
BD126,Genomic,Endosulfan,8
BD126,Genomic,Benzo[a]pyrene,7
BD126,Genomic,Bis(2-chloroethyl)ether,6
BD126,Genomic,Chloral hydrate,6
BD126,Genomic,Chlorfenvinphos,6
BD126,Genomic,Cobaltous sulfate,6
BD126,Genomic,Epichlorohydrin,6
BD126,Genomic,Merphalan,6
BD126,Genomic,Methyl bromide,6
BD126,Genomic,Mitomycin,6
BD126,Genomic,Mitoxantrone,6
BD126,Genomic,Parathion,6
BD126,Genomic,Zalcitabine,6
BD126,Genomic,alpha-Chlorohydrin,6
BD126,Genomic,para-Aminoazobenzene,6
BD126,Genomic,"trans-1,3-Dichloropropene",6
BD126,Genomic,"1,2-Dibromo-3-chloropropane",4
BD126,Genomic,2-Naphthylamine,4
BD126,Genomic,Chloraminophenamide,4
BD126,Genomic,Fluoranthene,4
BD126,Genomic,Methyl chloride,4
BD126,Genomic,N-Methyl-N'-nitro-N-nitrosoguanidine,4
BD126,Genomic,Phenacetin,4
BD126,Genomic,Simazine,4
BD126,Genomic,Tetranitromethane,4
BD126,Genomic,"cis-1,3-Dichloropropene",4
BD126,Genomic,Captafol,3
BD126,Genomic,Chloramphenicol,3
BD126,Genomic,Danthron,3
BD126,Genomic,Dimethoate,3
BD126,Genomic,Nitrofen,3
BD126,Genomic,Pioglitazone,3
BD126,Genomic,Styrene,3
BD126,Genomic,"1,2,3-Trichloropropane",2
BD126,Genomic,"2,6-Dimethylaniline",2
BD126,Genomic,2-Nitropropane,2
BD126,Genomic,"3,3'-Dimethylbenzidine",2
BD126,Genomic,3-Chloro-2-methylpropene,2
BD126,Genomic,4-(N-Nitrosomethylamino)-1-(3-pyridyl)-1-butanone,2
BD126,Genomic,Aflatoxin M1,2
BD126,Genomic,Aziridine,2
BD126,Genomic,Chloral,2
BD126,Genomic,Ethyl methanesulfonate,2
BD126,Genomic,Etoposide,2
BD126,Genomic,Glu-P-1,2
BD126,Genomic,Hydrazine,2
BD126,Genomic,Methylnitrosourea,2
BD126,Genomic,Microcystin LR,2
BD126,Genomic,Nitrogen mustard,2
BD126,Genomic,Trinitrotoluene,2
BD126,Genomic,ortho-Toluidine,2
BD126,Genomic,para-(Dimethylamino)azobenzene,2
BD126,Genomic,Aflatoxin B1,1
BD126,Genomic,"Aflatoxin B1-endo-8,9-epoxide",1
BD126,Genomic,"Aflatoxin B1-exo-8,9-epoxide",1
BD126,Genomic,Aflatoxin Q1,1
BD126,Genomic,"Aflatoxin-M1-8,9-epoxide",1
BD126,Genomic,Cyclosporin A,1
BD126,Genomic,Glycidaldehyde,1
BD126,Nuclear Response,Diuron,45
BD126,Nuclear Response,Benzidine,40
BD126,Nuclear Response,Acetaldehyde,21
BD126,Nuclear Response,Chlorpyrifos,18
BD126,Nuclear Response,"2-Amino-1-methyl-6-phenylimidazo[4,5-b]pyridine",8
BD126,Nuclear Response,Chlorpyrifos-methyl,8
BD126,Nuclear Response,Tributyltin chloride,8
BD126,Nuclear Response,Benzo[a]pyrene,7
BD126,Nuclear Response,Chlorfenvinphos,6
BD126,Nuclear Response,Mitomycin,6
BD126,Nuclear Response,Parathion,6
BD126,Nuclear Response,para-Aminoazobenzene,6
BD126,Nuclear Response,Catechol,5
BD126,Nuclear Response,2-Naphthylamine,4
BD126,Nuclear Response,Fluoranthene,4
BD126,Nuclear Response,N-Methyl-N'-nitro-N-nitrosoguanidine,4
BD126,Nuclear Response,Phenylmercury acetate,4
BD126,Nuclear Response,Chlorothalonil,3
BD126,Nuclear Response,Danthron,3
BD126,Nuclear Response,Naled,3
BD126,Nuclear Response,Pioglitazone,3
BD126,Nuclear Response,"3,3'-Dimethylbenzidine",2
BD126,Nuclear Response,Caffeate,2
BD126,Nuclear Response,Etoposide,2
BD126,Nuclear Response,Glu-P-1,2
BD126,Nuclear Response,Hydrazine,2
BD126,Nuclear Response,Nitrogen mustard,2
BD126,Nuclear Response,Tamoxifen,2
BD126,Nuclear Response,para-(Dimethylamino)azobenzene,2
BD126,Nuclear Response,Digoxin,1
BD126,Nuclear Response,Phenolphthalein,1
BD126,Organic,Ammonia,134
BD126,Organic,Diuron,45
BD126,Organic,Benzidine,40
BD126,Organic,Carbon tetrachloride,30
BD126,Organic,Formaldehyde,30
BD126,Organic,Lead nitrate,24
BD126,Organic,Acetaldehyde,21
BD126,Organic,2-Chlorophenol,18
BD126,Organic,Amsacrine,18
BD126,Organic,Cadmium chloride,18
BD126,Organic,Chlorpyrifos,18
BD126,Organic,Methylmercury chloride,18
BD126,Organic,Copper,15
BD126,Organic,Thioacetamide,15
BD126,Organic,"1,2-Dichloroethane",14
BD126,Organic,Chloroform,14
BD126,Organic,Nitrite,14
BD126,Organic,4-Nitrophenol,12
BD126,Organic,Cacodylate,12
BD126,Organic,Dichlorvos,12
BD126,Organic,Hydrochlorothiazide,12
BD126,Organic,Mercuric chloride,12
BD126,Organic,Phenol,12
BD126,Organic,Streptozocin,12
BD126,Organic,Trichloroethene,12
BD126,Organic,Nitrate,10
BD126,Organic,Nickel chloride,9
BD126,Organic,Sulfasalazine,9
BD126,Organic,"1,1,2,2-Tetrachloroethane",8
BD126,Organic,"1,2-Dichlorobenzene",8
BD126,Organic,"2-Amino-1-methyl-6-phenylimidazo[4,5-b]pyridine",8
BD126,Organic,"3,3'-Dimethoxybenzidine",8
BD126,Organic,Arsenic,8
BD126,Organic,Arylmercury,8
BD126,Organic,Chlorpyrifos-methyl,8
BD126,Organic,Endosulfan,8
BD126,Organic,Tributyltin chloride,8
BD126,Organic,Zinc cation,8
BD126,Organic,"beta-1,2,3,4,5,6-Hexachlorocyclohexane",8
BD126,Organic,Benzo[a]pyrene,7
BD126,Organic,Acenaphthene,6
BD126,Organic,Bis(2-chloroethyl)ether,6
BD126,Organic,Chloral hydrate,6
BD126,Organic,Chloramine,6
BD126,Organic,Chlorfenvinphos,6
BD126,Organic,Cobaltous sulfate,6
BD126,Organic,Epichlorohydrin,6
BD126,Organic,Merphalan,6
BD126,Organic,Methyl bromide,6
BD126,Organic,Mitomycin,6
BD126,Organic,Mitoxantrone,6
BD126,Organic,Naphthalene,6
BD126,Organic,Parathion,6
BD126,Organic,Sodium arsenite,6
BD126,Organic,Zalcitabine,6
BD126,Organic,alpha-Chlorohydrin,6
BD126,Organic,para-Aminoazobenzene,6
BD126,Organic,"trans-1,3-Dichloropropene",6
BD126,Organic,CO,5
BD126,Organic,Catechol,5
BD126,Organic,Lead,5
BD126,Organic,"1,1,2-Trichloroethane",4
BD126,Organic,"1,2-Dibromo-3-chloropropane",4
BD126,Organic,"2,2',4,4',6,6'-Hexachlorobiphenyl",4
BD126,Organic,"2,2',4,4'-Tetrachlorobiphenyl",4
BD126,Organic,"2,2',5,5'-Tetrachlorobiphenyl",4
BD126,Organic,2-Naphthylamine,4
BD126,Organic,"3,4,3',4'-Tetrachlorobiphenyl",4
BD126,Organic,"3,4,5,3',4',5'-Hexachlorobiphenyl",4
BD126,Organic,Chloraminophenamide,4
BD126,Organic,Dibutyl phthalate,4
BD126,Organic,Fluoranthene,4
BD126,Organic,Methyl chloride,4
BD126,Organic,Methyl isobutyl ketone,4
BD126,Organic,N-Methyl-N'-nitro-N-nitrosoguanidine,4
BD126,Organic,Nitromethane,4
BD126,Organic,Phenacetin,4
BD126,Organic,Phenylmercury acetate,4
BD126,Organic,Phenylmethanesulfonyl fluoride,4
BD126,Organic,Simazine,4
BD126,Organic,Tetranitromethane,4
BD126,Organic,Toluene,4
BD126,Organic,alpha-Hexachlorocyclohexane,4
BD126,Organic,"cis-1,3-Dichloropropene",4
BD126,Organic,Captafol,3
BD126,Organic,Chloramphenicol,3
BD126,Organic,Chlorothalonil,3
BD126,Organic,Danthron,3
BD126,Organic,Dimethoate,3
BD126,Organic,Ethanol,3
BD126,Organic,Naled,3
BD126,Organic,Nitrofen,3
BD126,Organic,Ochratoxin A,3
BD126,Organic,Pioglitazone,3
BD126,Organic,Styrene,3
BD126,Organic,Vinyl acetate,3
BD126,Organic,"1,2,3-Trichloropropane",2
BD126,Organic,"1,4-Dioxane",2
BD126,Organic,"2,6-Dimethylaniline",2
BD126,Organic,2-(4-Chlorophenoxy)propionic acid,2
BD126,Organic,2-Ethoxyethanol,2
BD126,Organic,2-Nitropropane,2
BD126,Organic,"3,3'-Dimethylbenzidine",2
BD126,Organic,3-Chloro-2-methylpropene,2
BD126,Organic,4-(N-Nitrosomethylamino)-1-(3-pyridyl)-1-butanone,2
BD126,Organic,4-Cresol,2
BD126,Organic,Aflatoxin M1,2
BD126,Organic,Aziridine,2
BD126,Organic,Caffeate,2
BD126,Organic,Chloral,2
BD126,Organic,Ethyl methanesulfonate,2
BD126,Organic,Etoposide,2
BD126,Organic,Glu-P-1,2
BD126,Organic,Hydrazine,2
BD126,Organic,Methylnitrosourea,2
BD126,Organic,Microcystin LR,2
BD126,Organic,Nitrogen mustard,2
BD126,Organic,Tamoxifen,2
BD126,Organic,Trinitrotoluene,2
BD126,Organic,ortho-Toluidine,2
BD126,Organic,para-(Dimethylamino)azobenzene,2
BD126,Organic,3-Cresol,1
BD126,Organic,Aflatoxin B1,1
BD126,Organic,"Aflatoxin B1-endo-8,9-epoxide",1
BD126,Organic,"Aflatoxin B1-exo-8,9-epoxide",1
BD126,Organic,Aflatoxin Q1,1
BD126,Organic,"Aflatoxin-M1-8,9-epoxide",1
BD126,Organic,Benzophenone,1
BD126,Organic,Benzyl alcohol,1
BD126,Organic,Bromide,1
BD126,Organic,Cobalt,1
BD126,Organic,Cyclosporin A,1
BD126,Organic,Diethyl phthalate,1
BD126,Organic,Digoxin,1
BD126,Organic,Glycidaldehyde,1
BD126,Organic,Manganese(2+),1
BD126,Organic,Methyl tert-butyl ether,1
BD126,Organic,Phenolphthalein,1
BD126,Organic,Sodium fluoride,1
BD126,Organic,Strontium cation,1
BD126,Stress Response,Diuron,45
BD126,Stress Response,Benzidine,40
BD126,Stress Response,Acetaldehyde,21
BD126,Stress Response,Amsacrine,18
BD126,Stress Response,Chlorpyrifos,18
BD126,Stress Response,Methylmercury chloride,18
BD126,Stress Response,4-Nitrophenol,12
BD126,Stress Response,Dichlorvos,12
BD126,Stress Response,"3,3'-Dimethoxybenzidine",8
BD126,Stress Response,Chlorpyrifos-methyl,8
BD126,Stress Response,Endosulfan,8
BD126,Stress Response,Tributyltin chloride,8
BD126,Stress Response,Benzo[a]pyrene,7
BD126,Stress Response,para-Aminoazobenzene,6
BD126,Stress Response,Catechol,5
BD126,Stress Response,"2,2',4,4',6,6'-Hexachlorobiphenyl",4
BD126,Stress Response,Fluoranthene,4
BD126,Stress Response,N-Methyl-N'-nitro-N-nitrosoguanidine,4
BD126,Stress Response,Nitromethane,4
BD126,Stress Response,Phenylmercury acetate,4
BD126,Stress Response,Captafol,3
BD126,Stress Response,Chlorothalonil,3
BD126,Stress Response,Danthron,3
BD126,Stress Response,Naled,3
BD126,Stress Response,Nitrofen,3
BD126,Stress Response,Etoposide,2
BD126,Stress Response,Methylnitrosourea,2
BD126,Stress Response,para-(Dimethylamino)azobenzene,2
BD126,Stress Response,Cyclosporin A,1
BD126,Stress Response,Digoxin,1
BD126,Stress Response,Phenolphthalein,1
BD127,Environmental,Ammonia,152
BD127,Environmental,Chloroform,42
BD127,Environmental,Carbon tetrachloride,35
BD127,Environmental,Benzidine,32
BD127,Environmental,Acetaldehyde,30
BD127,Environmental,Methylmercury chloride,30
BD127,Environmental,Catechol,25
BD127,Environmental,Chlorpyrifos,24
BD127,Environmental,Formaldehyde,21
BD127,Environmental,Salicylate,20
BD127,Environmental,Cadmium chloride,18
BD127,Environmental,Copper,18
BD127,Environmental,Dichlorvos,18
BD127,Environmental,Diuron,18
BD127,Environmental,Lead nitrate,18
BD127,Environmental,Sulfasalazine,18
BD127,Environmental,Thioacetamide,18
BD127,Environmental,Amsacrine,15
BD127,Environmental,Cypermethrin,15
BD127,Environmental,"1,2-Dichloroethane",14
BD127,Environmental,"3,3'-Dimethoxybenzidine",14
BD127,Environmental,Nitrite,14
BD127,Environmental,Chlorpyrifos-methyl,12
BD127,Environmental,Cyanide ion,12
BD127,Environmental,Tributyltin chloride,12
BD127,Environmental,Trichloroethene,12
BD127,Environmental,Phenol,10
BD127,Environmental,Streptozocin,10
BD127,Environmental,Dimethoate,9
BD127,Environmental,Nickel chloride,9
BD127,Environmental,"1,2-Dichlorobenzene",8
BD127,Environmental,Acrylonitrile,8
BD127,Environmental,Arsenic,8
BD127,Environmental,BHC,8
BD127,Environmental,Endosulfan,8
BD127,Environmental,Ethylbenzene,8
BD127,Environmental,Hydrochlorothiazide,8
BD127,Environmental,Mercuric chloride,8
BD127,Environmental,Nitrate,8
BD127,Environmental,alpha-Chlorohydrin,8
BD127,Environmental,"beta-1,2,3,4,5,6-Hexachlorocyclohexane",8
BD127,Environmental,Benzo[a]pyrene,7
BD127,Environmental,"2,4-Dinitrotoluene",6
BD127,Environmental,"2,6-Dinitrotoluene",6
BD127,Environmental,Alachlor,6
BD127,Environmental,Bis(2-chloroethyl)ether,6
BD127,Environmental,Danthron,6
BD127,Environmental,Naphthalene,6
BD127,Environmental,ortho-Toluidine,6
BD127,Environmental,"trans-1,3-Dichloropropene",6
BD127,Environmental,Anthracene,5
BD127,Environmental,Fluorene,5
BD127,Environmental,"(+)-(3S,4R)-cis-3,4-Dihydroxy-3,4-dihydrofluorene",4
BD127,Environmental,"1,1,2-Trichloroethane",4
BD127,Environmental,"1,2-Dibromo-3-chloropropane",4
BD127,Environmental,1-Hydroxy-2-naphthoate,4
BD127,Environmental,"2,2',4,4',6,6'-Hexachlorobiphenyl",4
BD127,Environmental,"2,2',4,4'-Tetrachlorobiphenyl",4
BD127,Environmental,"2,2',5,5'-Tetrachlorobiphenyl",4
BD127,Environmental,"2,3,3',4,5-Pentachlorobiphenyl",4
BD127,Environmental,"2-Amino-1-methyl-6-phenylimidazo[4,5-b]pyridine",4
BD127,Environmental,"3,4,3',4'-Tetrachlorobiphenyl",4
BD127,Environmental,"3,4,5,3',4',5'-Hexachlorobiphenyl",4
BD127,Environmental,"3-Carboxy-cis,cis-muconate",4
BD127,Environmental,3-Hydroxybenzoate,4
BD127,Environmental,"Anthracene-cis-1,2-dihydrodiol",4
BD127,Environmental,Arylmercury,4
BD127,Environmental,"Benzo[a]pyrene-cis-9,10-dihydrodiol",4
BD127,Environmental,Chloral hydrate,4
BD127,Environmental,Chloramine,4
BD127,Environmental,Chloraminophenamide,4
BD127,Environmental,Dibutyl phthalate,4
BD127,Environmental,Fluoren-9-ol,4
BD127,Environmental,Methyl bromide,4
BD127,Environmental,Methyl chloride,4
BD127,Environmental,Microcystin LR,4
BD127,Environmental,Mitoxantrone,4
BD127,Environmental,N-Methyl-N'-nitro-N-nitrosoguanidine,4
BD127,Environmental,"Naphthalene-1,2-diol",4
BD127,Environmental,Nitrobenzene,4
BD127,Environmental,Nitrogen mustard,4
BD127,Environmental,Nitromethane,4
BD127,Environmental,Phenacetin,4
BD127,Environmental,Phenylmercury acetate,4
BD127,Environmental,Phorate,4
BD127,Environmental,Simazine,4
BD127,Environmental,Vinyl fluoride,4
BD127,Environmental,alpha-Hexachlorocyclohexane,4
BD127,Environmental,"cis-1,3-Dichloropropene",4
BD127,Environmental,para-Aminoazobenzene,4
BD127,Environmental,"Aflatoxin B1exo-8,9-epoxide-GSH",3
BD127,Environmental,Bifenox,3
BD127,Environmental,Captafol,3
BD127,Environmental,Chloramphenicol,3
BD127,Environmental,Ethanol,3
BD127,Environmental,Styrene,3
BD127,Environmental,"1,2,3-Trichloropropane",2
BD127,Environmental,"1,2-Dibromoethane",2
BD127,Environmental,"1,3-Dichloro-2-propanol",2
BD127,Environmental,"1,4-Dioxane",2
BD127,Environmental,"2,6-Dimethylaniline",2
BD127,Environmental,2-Naphthylamine,2
BD127,Environmental,2-Nitropropane,2
BD127,Environmental,3-Chloro-2-methylpropene,2
BD127,Environmental,"4,4'-Methylenebis(N,N-dimethylaniline)",2
BD127,Environmental,Acetamide,2
BD127,Environmental,Acrylamide,2
BD127,Environmental,CO,2
BD127,Environmental,Cyclohexyl isocyanide,2
BD127,Environmental,Hydrazine,2
BD127,Environmental,Hydrogen cyanide,2
BD127,Environmental,"N,N'-Diacetylbenzidine",2
BD127,Environmental,Phenylmethanesulfonyl fluoride,2
BD127,Environmental,Tetranitromethane,2
BD127,Environmental,Thiocyanate,2
BD127,Environmental,Trinitrotoluene,2
BD127,Environmental,Vinyl acetate,2
BD127,Environmental,Zalcitabine,2
BD127,Environmental,Zinc cation,2
BD127,Environmental,2-Ethoxyethanol,1
BD127,Environmental,2-Methylnaphthalene,1
BD127,Environmental,"Aflatoxin B1-exo-8,9-epoxide",1
BD127,Environmental,Bromide,1
BD127,Environmental,Caffeate,1
BD127,Environmental,Cobalt,1
BD127,Environmental,Digoxin,1
BD127,Environmental,Ethyl acrylate,1
BD127,Environmental,Etoposide,1
BD127,Environmental,Glycidaldehyde,1
BD127,Environmental,Methane,1
BD127,Environmental,Methyl isobutyl ketone,1
BD127,Environmental,Sodium fluoride,1
BD127,Environmental,Strontium cation,1
BD127,Environmental,beta-Butyrolactone,1
BD127,Genomic,Benzidine,32
BD127,Genomic,Chlorpyrifos,24
BD127,Genomic,Formaldehyde,21
BD127,Genomic,Dichlorvos,18
BD127,Genomic,Diuron,18
BD127,Genomic,Lead nitrate,18
BD127,Genomic,Sulfasalazine,18
BD127,Genomic,Amsacrine,15
BD127,Genomic,Cypermethrin,15
BD127,Genomic,"1,2-Dichloroethane",14
BD127,Genomic,"3,3'-Dimethoxybenzidine",14
BD127,Genomic,Nitrite,14
BD127,Genomic,Chlorpyrifos-methyl,12
BD127,Genomic,Streptozocin,10
BD127,Genomic,Dimethoate,9
BD127,Genomic,Acrylonitrile,8
BD127,Genomic,Endosulfan,8
BD127,Genomic,Epichlorohydrin,8
BD127,Genomic,Hydrochlorothiazide,8
BD127,Genomic,alpha-Chlorohydrin,8
BD127,Genomic,Benzo[a]pyrene,7
BD127,Genomic,"2,4-Dinitrotoluene",6
BD127,Genomic,"2,6-Dinitrotoluene",6
BD127,Genomic,Alachlor,6
BD127,Genomic,Bis(2-chloroethyl)ether,6
BD127,Genomic,Cobaltous sulfate,6
BD127,Genomic,Danthron,6
BD127,Genomic,ortho-Toluidine,6
BD127,Genomic,"trans-1,3-Dichloropropene",6
BD127,Genomic,Anthracene,5
BD127,Genomic,"(+)-(3S,4R)-cis-3,4-Dihydroxy-3,4-dihydrofluorene",4
BD127,Genomic,"1,2-Dibromo-3-chloropropane",4
BD127,Genomic,1-Hydroxy-2-naphthoate,4
BD127,Genomic,"2-Amino-1-methyl-6-phenylimidazo[4,5-b]pyridine",4
BD127,Genomic,"Anthracene-cis-1,2-dihydrodiol",4
BD127,Genomic,"Benzo[a]pyrene-cis-9,10-dihydrodiol",4
BD127,Genomic,Chloral hydrate,4
BD127,Genomic,Chloraminophenamide,4
BD127,Genomic,Fluoren-9-ol,4
BD127,Genomic,Methyl bromide,4
BD127,Genomic,Methyl chloride,4
BD127,Genomic,Microcystin LR,4
BD127,Genomic,Mitoxantrone,4
BD127,Genomic,N-Methyl-N'-nitro-N-nitrosoguanidine,4
BD127,Genomic,"Naphthalene-1,2-diol",4
BD127,Genomic,Nitrogen mustard,4
BD127,Genomic,Phenacetin,4
BD127,Genomic,Simazine,4
BD127,Genomic,"cis-1,3-Dichloropropene",4
BD127,Genomic,para-Aminoazobenzene,4
BD127,Genomic,"Aflatoxin B1exo-8,9-epoxide-GSH",3
BD127,Genomic,Bifenox,3
BD127,Genomic,Captafol,3
BD127,Genomic,Chloramphenicol,3
BD127,Genomic,Styrene,3
BD127,Genomic,"1,2,3-Trichloropropane",2
BD127,Genomic,"1,2-Dibromoethane",2
BD127,Genomic,"1,3-Dichloro-2-propanol",2
BD127,Genomic,"2,6-Dimethylaniline",2
BD127,Genomic,2-Naphthylamine,2
BD127,Genomic,2-Nitropropane,2
BD127,Genomic,3-Chloro-2-methylpropene,2
BD127,Genomic,"4,4'-Methylenebis(N,N-dimethylaniline)",2
BD127,Genomic,Ethyl methanesulfonate,2
BD127,Genomic,Hydrazine,2
BD127,Genomic,Methylnitrosourea,2
BD127,Genomic,"N,N'-Diacetylbenzidine",2
BD127,Genomic,Tetranitromethane,2
BD127,Genomic,Trinitrotoluene,2
BD127,Genomic,Zalcitabine,2
BD127,Genomic,"Aflatoxin B1-exo-8,9-epoxide",1
BD127,Genomic,Etoposide,1
BD127,Genomic,Glycidaldehyde,1
BD127,Genomic,beta-Butyrolactone,1
BD127,Nuclear Response,Benzidine,32
BD127,Nuclear Response,Acetaldehyde,30
BD127,Nuclear Response,Catechol,25
BD127,Nuclear Response,Chlorpyrifos,24
BD127,Nuclear Response,Diuron,18
BD127,Nuclear Response,Chlorpyrifos-methyl,12
BD127,Nuclear Response,Tributyltin chloride,12
BD127,Nuclear Response,Benzo[a]pyrene,7
BD127,Nuclear Response,Danthron,6
BD127,Nuclear Response,Anthracene,5
BD127,Nuclear Response,1-Hydroxy-2-naphthoate,4
BD127,Nuclear Response,"2,3,3',4,5-Pentachlorobiphenyl",4
BD127,Nuclear Response,"2-Amino-1-methyl-6-phenylimidazo[4,5-b]pyridine",4
BD127,Nuclear Response,"Anthracene-cis-1,2-dihydrodiol",4
BD127,Nuclear Response,N-Methyl-N'-nitro-N-nitrosoguanidine,4
BD127,Nuclear Response,"Naphthalene-1,2-diol",4
BD127,Nuclear Response,Nitrogen mustard,4
BD127,Nuclear Response,Phenylmercury acetate,4
BD127,Nuclear Response,Vinyl fluoride,4
BD127,Nuclear Response,para-Aminoazobenzene,4
BD127,Nuclear Response,2-Naphthylamine,2
BD127,Nuclear Response,"4,4'-Methylenebis(N,N-dimethylaniline)",2
BD127,Nuclear Response,Hydrazine,2
BD127,Nuclear Response,"N,N'-Diacetylbenzidine",2
BD127,Nuclear Response,Thiocyanate,2
BD127,Nuclear Response,Caffeate,1
BD127,Nuclear Response,Digoxin,1
BD127,Nuclear Response,Etoposide,1
BD127,Organic,Ammonia,152
BD127,Organic,Chloroform,42
BD127,Organic,Carbon tetrachloride,35
BD127,Organic,Benzidine,32
BD127,Organic,Acetaldehyde,30
BD127,Organic,Methylmercury chloride,30
BD127,Organic,Catechol,25
BD127,Organic,Chlorpyrifos,24
BD127,Organic,Formaldehyde,21
BD127,Organic,Salicylate,20
BD127,Organic,Cadmium chloride,18
BD127,Organic,Copper,18
BD127,Organic,Dichlorvos,18
BD127,Organic,Diuron,18
BD127,Organic,Lead nitrate,18
BD127,Organic,Sulfasalazine,18
BD127,Organic,Thioacetamide,18
BD127,Organic,Amsacrine,15
BD127,Organic,"1,2-Dichloroethane",14
BD127,Organic,"3,3'-Dimethoxybenzidine",14
BD127,Organic,Nitrite,14
BD127,Organic,Cacodylate,12
BD127,Organic,Chlorpyrifos-methyl,12
BD127,Organic,Cyanide ion,12
BD127,Organic,Sodium arsenite,12
BD127,Organic,Tributyltin chloride,12
BD127,Organic,Trichloroethene,12
BD127,Organic,Phenol,10
BD127,Organic,Streptozocin,10
BD127,Organic,Dimethoate,9
BD127,Organic,Nickel chloride,9
BD127,Organic,"1,2-Dichlorobenzene",8
BD127,Organic,Acrylonitrile,8
BD127,Organic,Arsenic,8
BD127,Organic,BHC,8
BD127,Organic,Endosulfan,8
BD127,Organic,Epichlorohydrin,8
BD127,Organic,Ethylbenzene,8
BD127,Organic,Hydrochlorothiazide,8
BD127,Organic,Mercuric chloride,8
BD127,Organic,Nitrate,8
BD127,Organic,alpha-Chlorohydrin,8
BD127,Organic,"beta-1,2,3,4,5,6-Hexachlorocyclohexane",8
BD127,Organic,Benzo[a]pyrene,7
BD127,Organic,"2,4-Dinitrotoluene",6
BD127,Organic,"2,6-Dinitrotoluene",6
BD127,Organic,Alachlor,6
BD127,Organic,Bis(2-chloroethyl)ether,6
BD127,Organic,Cobaltous sulfate,6
BD127,Organic,Danthron,6
BD127,Organic,Naphthalene,6
BD127,Organic,ortho-Toluidine,6
BD127,Organic,"trans-1,3-Dichloropropene",6
BD127,Organic,Anthracene,5
BD127,Organic,Fluorene,5
BD127,Organic,"(+)-(3S,4R)-cis-3,4-Dihydroxy-3,4-dihydrofluorene",4
BD127,Organic,"1,1,2-Trichloroethane",4
BD127,Organic,"1,2-Dibromo-3-chloropropane",4
BD127,Organic,1-Hydroxy-2-naphthoate,4
BD127,Organic,"2,2',4,4',6,6'-Hexachlorobiphenyl",4
BD127,Organic,"2,2',4,4'-Tetrachlorobiphenyl",4
BD127,Organic,"2,2',5,5'-Tetrachlorobiphenyl",4
BD127,Organic,"2,3,3',4,5-Pentachlorobiphenyl",4
BD127,Organic,"2-Amino-1-methyl-6-phenylimidazo[4,5-b]pyridine",4
BD127,Organic,"3,4,3',4'-Tetrachlorobiphenyl",4
BD127,Organic,"3,4,5,3',4',5'-Hexachlorobiphenyl",4
BD127,Organic,"3-Carboxy-cis,cis-muconate",4
BD127,Organic,3-Hydroxybenzoate,4
BD127,Organic,"Anthracene-cis-1,2-dihydrodiol",4
BD127,Organic,Arylmercury,4
BD127,Organic,"Benzo[a]pyrene-cis-9,10-dihydrodiol",4
BD127,Organic,Chloral hydrate,4
BD127,Organic,Chloramine,4
BD127,Organic,Chloraminophenamide,4
BD127,Organic,Dibutyl phthalate,4
BD127,Organic,Fluoren-9-ol,4
BD127,Organic,Methyl bromide,4
BD127,Organic,Methyl chloride,4
BD127,Organic,Microcystin LR,4
BD127,Organic,Mitoxantrone,4
BD127,Organic,N-Methyl-N'-nitro-N-nitrosoguanidine,4
BD127,Organic,"Naphthalene-1,2-diol",4
BD127,Organic,Nitrobenzene,4
BD127,Organic,Nitrogen mustard,4
BD127,Organic,Nitromethane,4
BD127,Organic,Phenacetin,4
BD127,Organic,Phenylmercury acetate,4
BD127,Organic,Phorate,4
BD127,Organic,Simazine,4
BD127,Organic,Vinyl fluoride,4
BD127,Organic,alpha-Hexachlorocyclohexane,4
BD127,Organic,"cis-1,3-Dichloropropene",4
BD127,Organic,para-Aminoazobenzene,4
BD127,Organic,"Aflatoxin B1exo-8,9-epoxide-GSH",3
BD127,Organic,Captafol,3
BD127,Organic,Chloramphenicol,3
BD127,Organic,Ethanol,3
BD127,Organic,Styrene,3
BD127,Organic,"1,2,3-Trichloropropane",2
BD127,Organic,"1,2-Dibromoethane",2
BD127,Organic,"1,3-Dichloro-2-propanol",2
BD127,Organic,"1,4-Dioxane",2
BD127,Organic,"2,6-Dimethylaniline",2
BD127,Organic,2-Naphthylamine,2
BD127,Organic,2-Nitropropane,2
BD127,Organic,3-Chloro-2-methylpropene,2
BD127,Organic,"4,4'-Methylenebis(N,N-dimethylaniline)",2
BD127,Organic,Acetamide,2
BD127,Organic,Acrylamide,2
BD127,Organic,CO,2
BD127,Organic,Cyclohexyl isocyanide,2
BD127,Organic,Ethyl methanesulfonate,2
BD127,Organic,Hydrazine,2
BD127,Organic,Hydrogen cyanide,2
BD127,Organic,Methylnitrosourea,2
BD127,Organic,"N,N'-Diacetylbenzidine",2
BD127,Organic,Phenylmethanesulfonyl fluoride,2
BD127,Organic,Tetranitromethane,2
BD127,Organic,Thiocyanate,2
BD127,Organic,Trinitrotoluene,2
BD127,Organic,Vinyl acetate,2
BD127,Organic,Zalcitabine,2
BD127,Organic,Zinc cation,2
BD127,Organic,2-Ethoxyethanol,1
BD127,Organic,2-Methylnaphthalene,1
BD127,Organic,"Aflatoxin B1-exo-8,9-epoxide",1
BD127,Organic,Bromide,1
BD127,Organic,Caffeate,1
BD127,Organic,Cobalt,1
BD127,Organic,Digoxin,1
BD127,Organic,Ethyl acrylate,1
BD127,Organic,Etoposide,1
BD127,Organic,Glycidaldehyde,1
BD127,Organic,Methane,1
BD127,Organic,Methyl isobutyl ketone,1
BD127,Organic,Sodium fluoride,1
BD127,Organic,Strontium cation,1
BD127,Organic,beta-Butyrolactone,1
BD127,Stress Response,Benzidine,32
BD127,Stress Response,Acetaldehyde,30
BD127,Stress Response,Methylmercury chloride,30
BD127,Stress Response,Catechol,25
BD127,Stress Response,Chlorpyrifos,24
BD127,Stress Response,Dichlorvos,18
BD127,Stress Response,Diuron,18
BD127,Stress Response,Amsacrine,15
BD127,Stress Response,"3,3'-Dimethoxybenzidine",14
BD127,Stress Response,Chlorpyrifos-methyl,12
BD127,Stress Response,Tributyltin chloride,12
BD127,Stress Response,Endosulfan,8
BD127,Stress Response,Benzo[a]pyrene,7
BD127,Stress Response,Alachlor,6
BD127,Stress Response,Danthron,6
BD127,Stress Response,Anthracene,5
BD127,Stress Response,"2,2',4,4',6,6'-Hexachlorobiphenyl",4
BD127,Stress Response,"2,3,3',4,5-Pentachlorobiphenyl",4
BD127,Stress Response,"Benzo[a]pyrene-cis-9,10-dihydrodiol",4
BD127,Stress Response,N-Methyl-N'-nitro-N-nitrosoguanidine,4
BD127,Stress Response,"Naphthalene-1,2-diol",4
BD127,Stress Response,Nitromethane,4
BD127,Stress Response,Phenylmercury acetate,4
BD127,Stress Response,para-Aminoazobenzene,4
BD127,Stress Response,Captafol,3
BD127,Stress Response,Methylnitrosourea,2
BD127,Stress Response,"N,N'-Diacetylbenzidine",2
BD127,Stress Response,Digoxin,1
BD127,Stress Response,Etoposide,1
BD132,Environmental,Ammonia,120
BD132,Environmental,Diuron,45
BD132,Environmental,Benzidine,32
BD132,Environmental,Carbon tetrachloride,30
BD132,Environmental,Acetaldehyde,24
BD132,Environmental,Formaldehyde,24
BD132,Environmental,Lead nitrate,24
BD132,Environmental,Amsacrine,18
BD132,Environmental,Chlorpyrifos,18
BD132,Environmental,Methylmercury chloride,18
BD132,Environmental,Thioacetamide,18
BD132,Environmental,Copper,15
BD132,Environmental,Cypermethrin,15
BD132,Environmental,"1,2-Dichloroethane",14
BD132,Environmental,Chloroform,14
BD132,Environmental,4-Nitrophenol,12
BD132,Environmental,Dichlorvos,12
BD132,Environmental,Mercuric chloride,12
BD132,Environmental,Trichloroethene,12
BD132,Environmental,Cadmium chloride,9
BD132,Environmental,Nickel chloride,9
BD132,Environmental,Sulfasalazine,9
BD132,Environmental,"1,1,2,2-Tetrachloroethane",8
BD132,Environmental,"1,2-Dichlorobenzene",8
BD132,Environmental,"3,3'-Dimethoxybenzidine",8
BD132,Environmental,Arsenic,8
BD132,Environmental,Arylmercury,8
BD132,Environmental,Chlorpyrifos-methyl,8
BD132,Environmental,Hydrochlorothiazide,8
BD132,Environmental,Streptozocin,8
BD132,Environmental,Tributyltin chloride,8
BD132,Environmental,Zinc cation,8
BD132,Environmental,"beta-1,2,3,4,5,6-Hexachlorocyclohexane",8
BD132,Environmental,Benzo[a]pyrene,7
BD132,Environmental,2-Chlorophenol,6
BD132,Environmental,Bis(2-chloroethyl)ether,6
BD132,Environmental,Chloral hydrate,6
BD132,Environmental,Chlorfenvinphos,6
BD132,Environmental,Danthron,6
BD132,Environmental,Methyl bromide,6
BD132,Environmental,Naphthalene,6
BD132,Environmental,Parathion,6
BD132,Environmental,Phenacetin,6
BD132,Environmental,alpha-Chlorohydrin,6
BD132,Environmental,"trans-1,3-Dichloropropene",6
BD132,Environmental,Catechol,5
BD132,Environmental,Lead,5
BD132,Environmental,"1,1,2-Trichloroethane",4
BD132,Environmental,"1,2-Dibromo-3-chloropropane",4
BD132,Environmental,"2,2',4,4',6,6'-Hexachlorobiphenyl",4
BD132,Environmental,"2,2',4,4'-Tetrachlorobiphenyl",4
BD132,Environmental,"2,2',5,5'-Tetrachlorobiphenyl",4
BD132,Environmental,"3,4,3',4'-Tetrachlorobiphenyl",4
BD132,Environmental,"3,4,5,3',4',5'-Hexachlorobiphenyl",4
BD132,Environmental,Chloramine,4
BD132,Environmental,Chloraminophenamide,4
BD132,Environmental,Dibutyl phthalate,4
BD132,Environmental,Ethanol,4
BD132,Environmental,Methyl chloride,4
BD132,Environmental,Mitomycin,4
BD132,Environmental,Mitoxantrone,4
BD132,Environmental,Phenylmercury acetate,4
BD132,Environmental,Phenylmethanesulfonyl fluoride,4
BD132,Environmental,Simazine,4
BD132,Environmental,Tetranitromethane,4
BD132,Environmental,Toluene,4
BD132,Environmental,Zalcitabine,4
BD132,Environmental,alpha-Hexachlorocyclohexane,4
BD132,Environmental,"cis-1,3-Dichloropropene",4
BD132,Environmental,CO,3
BD132,Environmental,Chloramphenicol,3
BD132,Environmental,Dimethoate,3
BD132,Environmental,Merphalan,3
BD132,Environmental,Methyl isobutyl ketone,3
BD132,Environmental,Naled,3
BD132,Environmental,Nitrofen,3
BD132,Environmental,Styrene,3
BD132,Environmental,Vinyl acetate,3
BD132,Environmental,"1,2,3-Trichloropropane",2
BD132,Environmental,"1,4-Dioxane",2
BD132,Environmental,"2,6-Dimethylaniline",2
BD132,Environmental,2-(4-Chlorophenoxy)propionic acid,2
BD132,Environmental,"2-Amino-1-methyl-6-phenylimidazo[4,5-b]pyridine",2
BD132,Environmental,2-Ethoxyethanol,2
BD132,Environmental,2-Naphthylamine,2
BD132,Environmental,2-Nitropropane,2
BD132,Environmental,3-Chloro-2-methylpropene,2
BD132,Environmental,4-(N-Nitrosomethylamino)-1-(3-pyridyl)-1-butanone,2
BD132,Environmental,4-Cresol,2
BD132,Environmental,Acenaphthene,2
BD132,Environmental,Acetamide,2
BD132,Environmental,Acrylamide,2
BD132,Environmental,Aflatoxin M1,2
BD132,Environmental,Aziridine,2
BD132,Environmental,Chloral,2
BD132,Environmental,Glu-P-1,2
BD132,Environmental,Hydrazine,2
BD132,Environmental,Microcystin LR,2
BD132,Environmental,Nitrate,2
BD132,Environmental,Nitrite,2
BD132,Environmental,Nitrogen mustard,2
BD132,Environmental,Nitromethane,2
BD132,Environmental,Tamoxifen,2
BD132,Environmental,ortho-Toluidine,2
BD132,Environmental,para-Aminoazobenzene,2
BD132,Environmental,3-Cresol,1
BD132,Environmental,Aflatoxin B1,1
BD132,Environmental,"Aflatoxin B1-endo-8,9-epoxide",1
BD132,Environmental,"Aflatoxin B1-exo-8,9-epoxide",1
BD132,Environmental,Aflatoxin Q1,1
BD132,Environmental,"Aflatoxin-M1-8,9-epoxide",1
BD132,Environmental,Benzophenone,1
BD132,Environmental,Benzyl alcohol,1
BD132,Environmental,Bromide,1
BD132,Environmental,Caffeate,1
BD132,Environmental,Cobalt,1
BD132,Environmental,Diethyl phthalate,1
BD132,Environmental,Ethyl acrylate,1
BD132,Environmental,Etoposide,1
BD132,Environmental,Glycidaldehyde,1
BD132,Environmental,Hydrogen cyanide,1
BD132,Environmental,Manganese(2+),1
BD132,Environmental,Phenolphthalein,1
BD132,Environmental,Sodium fluoride,1
BD132,Environmental,Strontium cation,1
BD132,Genomic,Diuron,45
BD132,Genomic,Benzidine,32
BD132,Genomic,Formaldehyde,24
BD132,Genomic,Lead nitrate,24
BD132,Genomic,Amsacrine,18
BD132,Genomic,Chlorpyrifos,18
BD132,Genomic,Cypermethrin,15
BD132,Genomic,"1,2-Dichloroethane",14
BD132,Genomic,Dichlorvos,12
BD132,Genomic,Sulfasalazine,9
BD132,Genomic,"3,3'-Dimethoxybenzidine",8
BD132,Genomic,Chlorpyrifos-methyl,8
BD132,Genomic,Hydrochlorothiazide,8
BD132,Genomic,Streptozocin,8
BD132,Genomic,Benzo[a]pyrene,7
BD132,Genomic,Bis(2-chloroethyl)ether,6
BD132,Genomic,Chloral hydrate,6
BD132,Genomic,Chlorfenvinphos,6
BD132,Genomic,Cobaltous sulfate,6
BD132,Genomic,Danthron,6
BD132,Genomic,Epichlorohydrin,6
BD132,Genomic,Methyl bromide,6
BD132,Genomic,Parathion,6
BD132,Genomic,Phenacetin,6
BD132,Genomic,alpha-Chlorohydrin,6
BD132,Genomic,"trans-1,3-Dichloropropene",6
BD132,Genomic,"1,2-Dibromo-3-chloropropane",4
BD132,Genomic,Chloraminophenamide,4
BD132,Genomic,Methyl chloride,4
BD132,Genomic,Mitomycin,4
BD132,Genomic,Mitoxantrone,4
BD132,Genomic,Simazine,4
BD132,Genomic,Tetranitromethane,4
BD132,Genomic,Zalcitabine,4
BD132,Genomic,"cis-1,3-Dichloropropene",4
BD132,Genomic,Chloramphenicol,3
BD132,Genomic,Dimethoate,3
BD132,Genomic,Merphalan,3
BD132,Genomic,Nitrofen,3
BD132,Genomic,Styrene,3
BD132,Genomic,"1,2,3-Trichloropropane",2
BD132,Genomic,"2,6-Dimethylaniline",2
BD132,Genomic,"2-Amino-1-methyl-6-phenylimidazo[4,5-b]pyridine",2
BD132,Genomic,2-Naphthylamine,2
BD132,Genomic,2-Nitropropane,2
BD132,Genomic,3-Chloro-2-methylpropene,2
BD132,Genomic,4-(N-Nitrosomethylamino)-1-(3-pyridyl)-1-butanone,2
BD132,Genomic,Aflatoxin M1,2
BD132,Genomic,Aziridine,2
BD132,Genomic,Chloral,2
BD132,Genomic,Ethyl methanesulfonate,2
BD132,Genomic,Glu-P-1,2
BD132,Genomic,Hydrazine,2
BD132,Genomic,Methylnitrosourea,2
BD132,Genomic,Microcystin LR,2
BD132,Genomic,Nitrite,2
BD132,Genomic,Nitrogen mustard,2
BD132,Genomic,ortho-Toluidine,2
BD132,Genomic,para-Aminoazobenzene,2
BD132,Genomic,Aflatoxin B1,1
BD132,Genomic,"Aflatoxin B1-endo-8,9-epoxide",1
BD132,Genomic,"Aflatoxin B1-exo-8,9-epoxide",1
BD132,Genomic,Aflatoxin Q1,1
BD132,Genomic,"Aflatoxin-M1-8,9-epoxide",1
BD132,Genomic,Etoposide,1
BD132,Genomic,Glycidaldehyde,1
BD132,Nuclear Response,Diuron,45
BD132,Nuclear Response,Benzidine,32
BD132,Nuclear Response,Acetaldehyde,24
BD132,Nuclear Response,Chlorpyrifos,18
BD132,Nuclear Response,Chlorpyrifos-methyl,8
BD132,Nuclear Response,Tributyltin chloride,8
BD132,Nuclear Response,Benzo[a]pyrene,7
BD132,Nuclear Response,Chlorfenvinphos,6
BD132,Nuclear Response,Danthron,6
BD132,Nuclear Response,Parathion,6
BD132,Nuclear Response,Catechol,5
BD132,Nuclear Response,Mitomycin,4
BD132,Nuclear Response,Phenylmercury acetate,4
BD132,Nuclear Response,Naled,3
BD132,Nuclear Response,"2-Amino-1-methyl-6-phenylimidazo[4,5-b]pyridine",2
BD132,Nuclear Response,2-Naphthylamine,2
BD132,Nuclear Response,Glu-P-1,2
BD132,Nuclear Response,Hydrazine,2
BD132,Nuclear Response,Nitrogen mustard,2
BD132,Nuclear Response,Tamoxifen,2
BD132,Nuclear Response,para-Aminoazobenzene,2
BD132,Nuclear Response,Caffeate,1
BD132,Nuclear Response,Etoposide,1
BD132,Nuclear Response,Phenolphthalein,1
BD132,Organic,Ammonia,120
BD132,Organic,Diuron,45
BD132,Organic,Benzidine,32
BD132,Organic,Carbon tetrachloride,30
BD132,Organic,Acetaldehyde,24
BD132,Organic,Formaldehyde,24
BD132,Organic,Lead nitrate,24
BD132,Organic,Amsacrine,18
BD132,Organic,Chlorpyrifos,18
BD132,Organic,Methylmercury chloride,18
BD132,Organic,Thioacetamide,18
BD132,Organic,Copper,15
BD132,Organic,"1,2-Dichloroethane",14
BD132,Organic,Chloroform,14
BD132,Organic,4-Nitrophenol,12
BD132,Organic,Dichlorvos,12
BD132,Organic,Mercuric chloride,12
BD132,Organic,Trichloroethene,12
BD132,Organic,Cadmium chloride,9
BD132,Organic,Nickel chloride,9
BD132,Organic,Sulfasalazine,9
BD132,Organic,"1,1,2,2-Tetrachloroethane",8
BD132,Organic,"1,2-Dichlorobenzene",8
BD132,Organic,"3,3'-Dimethoxybenzidine",8
BD132,Organic,Arsenic,8
BD132,Organic,Arylmercury,8
BD132,Organic,Chlorpyrifos-methyl,8
BD132,Organic,Hydrochlorothiazide,8
BD132,Organic,Streptozocin,8
BD132,Organic,Tributyltin chloride,8
BD132,Organic,Zinc cation,8
BD132,Organic,"beta-1,2,3,4,5,6-Hexachlorocyclohexane",8
BD132,Organic,Benzo[a]pyrene,7
BD132,Organic,2-Chlorophenol,6
BD132,Organic,Bis(2-chloroethyl)ether,6
BD132,Organic,Chloral hydrate,6
BD132,Organic,Chlorfenvinphos,6
BD132,Organic,Cobaltous sulfate,6
BD132,Organic,Danthron,6
BD132,Organic,Epichlorohydrin,6
BD132,Organic,Methyl bromide,6
BD132,Organic,Naphthalene,6
BD132,Organic,Parathion,6
BD132,Organic,Phenacetin,6
BD132,Organic,Sodium arsenite,6
BD132,Organic,alpha-Chlorohydrin,6
BD132,Organic,"trans-1,3-Dichloropropene",6
BD132,Organic,Catechol,5
BD132,Organic,Lead,5
BD132,Organic,"1,1,2-Trichloroethane",4
BD132,Organic,"1,2-Dibromo-3-chloropropane",4
BD132,Organic,"2,2',4,4',6,6'-Hexachlorobiphenyl",4
BD132,Organic,"2,2',4,4'-Tetrachlorobiphenyl",4
BD132,Organic,"2,2',5,5'-Tetrachlorobiphenyl",4
BD132,Organic,"3,4,3',4'-Tetrachlorobiphenyl",4
BD132,Organic,"3,4,5,3',4',5'-Hexachlorobiphenyl",4
BD132,Organic,Cacodylate,4
BD132,Organic,Chloramine,4
BD132,Organic,Chloraminophenamide,4
BD132,Organic,Dibutyl phthalate,4
BD132,Organic,Ethanol,4
BD132,Organic,Methyl chloride,4
BD132,Organic,Mitomycin,4
BD132,Organic,Mitoxantrone,4
BD132,Organic,Phenylmercury acetate,4
BD132,Organic,Phenylmethanesulfonyl fluoride,4
BD132,Organic,Simazine,4
BD132,Organic,Tetranitromethane,4
BD132,Organic,Toluene,4
BD132,Organic,Zalcitabine,4
BD132,Organic,alpha-Hexachlorocyclohexane,4
BD132,Organic,"cis-1,3-Dichloropropene",4
BD132,Organic,CO,3
BD132,Organic,Chloramphenicol,3
BD132,Organic,Dimethoate,3
BD132,Organic,Merphalan,3
BD132,Organic,Methyl isobutyl ketone,3
BD132,Organic,Naled,3
BD132,Organic,Nitrofen,3
BD132,Organic,Styrene,3
BD132,Organic,Vinyl acetate,3
BD132,Organic,"1,2,3-Trichloropropane",2
BD132,Organic,"1,4-Dioxane",2
BD132,Organic,"2,6-Dimethylaniline",2
BD132,Organic,2-(4-Chlorophenoxy)propionic acid,2
BD132,Organic,"2-Amino-1-methyl-6-phenylimidazo[4,5-b]pyridine",2
BD132,Organic,2-Ethoxyethanol,2
BD132,Organic,2-Naphthylamine,2
BD132,Organic,2-Nitropropane,2
BD132,Organic,3-Chloro-2-methylpropene,2
BD132,Organic,4-(N-Nitrosomethylamino)-1-(3-pyridyl)-1-butanone,2
BD132,Organic,4-Cresol,2
BD132,Organic,Acenaphthene,2
BD132,Organic,Acetamide,2
BD132,Organic,Acrylamide,2
BD132,Organic,Aflatoxin M1,2
BD132,Organic,Aziridine,2
BD132,Organic,Chloral,2
BD132,Organic,Ethyl methanesulfonate,2
BD132,Organic,Glu-P-1,2
BD132,Organic,Hydrazine,2
BD132,Organic,Methylnitrosourea,2
BD132,Organic,Microcystin LR,2
BD132,Organic,Nitrate,2
BD132,Organic,Nitrite,2
BD132,Organic,Nitrogen mustard,2
BD132,Organic,Nitromethane,2
BD132,Organic,Tamoxifen,2
BD132,Organic,ortho-Toluidine,2
BD132,Organic,para-Aminoazobenzene,2
BD132,Organic,3-Cresol,1
BD132,Organic,Aflatoxin B1,1
BD132,Organic,"Aflatoxin B1-endo-8,9-epoxide",1
BD132,Organic,"Aflatoxin B1-exo-8,9-epoxide",1
BD132,Organic,Aflatoxin Q1,1
BD132,Organic,"Aflatoxin-M1-8,9-epoxide",1
BD132,Organic,Benzophenone,1
BD132,Organic,Benzyl alcohol,1
BD132,Organic,Bromide,1
BD132,Organic,Caffeate,1
BD132,Organic,Cobalt,1
BD132,Organic,Diethyl phthalate,1
BD132,Organic,Ethyl acrylate,1
BD132,Organic,Etoposide,1
BD132,Organic,Glycidaldehyde,1
BD132,Organic,Hydrogen cyanide,1
BD132,Organic,Manganese(2+),1
BD132,Organic,Methyl tert-butyl ether,1
BD132,Organic,Phenolphthalein,1
BD132,Organic,Sodium fluoride,1
BD132,Organic,Strontium cation,1
BD132,Stress Response,Diuron,45
BD132,Stress Response,Benzidine,32
BD132,Stress Response,Acetaldehyde,24
BD132,Stress Response,Amsacrine,18
BD132,Stress Response,Chlorpyrifos,18
BD132,Stress Response,Methylmercury chloride,18
BD132,Stress Response,4-Nitrophenol,12
BD132,Stress Response,Dichlorvos,12
BD132,Stress Response,"3,3'-Dimethoxybenzidine",8
BD132,Stress Response,Chlorpyrifos-methyl,8
BD132,Stress Response,Tributyltin chloride,8
BD132,Stress Response,Benzo[a]pyrene,7
BD132,Stress Response,Danthron,6
BD132,Stress Response,Catechol,5
BD132,Stress Response,"2,2',4,4',6,6'-Hexachlorobiphenyl",4
BD132,Stress Response,Phenylmercury acetate,4
BD132,Stress Response,Naled,3
BD132,Stress Response,Nitrofen,3
BD132,Stress Response,Methylnitrosourea,2
BD132,Stress Response,Nitromethane,2
BD132,Stress Response,para-Aminoazobenzene,2
BD132,Stress Response,Etoposide,1
BD132,Stress Response,Phenolphthalein,1
BD139,Environmental,Ammonia,150
BD139,Environmental,Acetaldehyde,48
BD139,Environmental,Diuron,45
BD139,Environmental,Benzidine,32
BD139,Environmental,Carbon tetrachloride,30
BD139,Environmental,Methylmercury chloride,30
BD139,Environmental,Lead nitrate,24
BD139,Environmental,Thioacetamide,24
BD139,Environmental,Formaldehyde,21
BD139,Environmental,Amsacrine,18
BD139,Environmental,Cadmium chloride,18
BD139,Environmental,Chlorpyrifos,18
BD139,Environmental,Copper,15
BD139,Environmental,Cypermethrin,15
BD139,Environmental,4-Nitrophenol,12
BD139,Environmental,Chlorpyrifos-methyl,12
BD139,Environmental,Dichlorvos,12
BD139,Environmental,Hydrochlorothiazide,12
BD139,Environmental,Mercuric chloride,12
BD139,Environmental,Streptozocin,12
BD139,Environmental,Nickel chloride,9
BD139,Environmental,"1,2-Dichlorobenzene",8
BD139,Environmental,"3,3'-Dimethoxybenzidine",8
BD139,Environmental,Arsenic,8
BD139,Environmental,Arylmercury,8
BD139,Environmental,Endosulfan,8
BD139,Environmental,Phenylmercury acetate,8
BD139,Environmental,Tributyltin chloride,8
BD139,Environmental,Zinc cation,8
BD139,Environmental,Chloral hydrate,6
BD139,Environmental,Chloramine,6
BD139,Environmental,Chlorfenvinphos,6
BD139,Environmental,Cyanide ion,6
BD139,Environmental,Dimethoate,6
BD139,Environmental,Merphalan,6
BD139,Environmental,Methyl bromide,6
BD139,Environmental,Nitrite,6
BD139,Environmental,Phenacetin,6
BD139,Environmental,Pioglitazone,6
BD139,Environmental,Sulfasalazine,6
BD139,Environmental,Tetranitromethane,6
BD139,Environmental,Zalcitabine,6
BD139,Environmental,Danthron,5
BD139,Environmental,Lead,5
BD139,Environmental,"2,2',4,4',6,6'-Hexachlorobiphenyl",4
BD139,Environmental,"2,2',4,4'-Tetrachlorobiphenyl",4
BD139,Environmental,"2,2',5,5'-Tetrachlorobiphenyl",4
BD139,Environmental,2-Naphthylamine,4
BD139,Environmental,"3,4,3',4'-Tetrachlorobiphenyl",4
BD139,Environmental,"3,4,5,3',4',5'-Hexachlorobiphenyl",4
BD139,Environmental,"3,4-Dihydroxybenzoate",4
BD139,Environmental,Acenaphthene,4
BD139,Environmental,Benzo[k]fluoranthene,4
BD139,Environmental,Chloraminophenamide,4
BD139,Environmental,Dibutyl phthalate,4
BD139,Environmental,Fluoranthene,4
BD139,Environmental,Methyl isobutyl ketone,4
BD139,Environmental,Mitoxantrone,4
BD139,Environmental,Nitrate,4
BD139,Environmental,Nitromethane,4
BD139,Environmental,Phenol,4
BD139,Environmental,Phenylmethanesulfonyl fluoride,4
BD139,Environmental,Simazine,4
BD139,Environmental,Toluene,4
BD139,Environmental,alpha-Chlorohydrin,4
BD139,Environmental,ortho-Toluidine,4
BD139,Environmental,para-Aminoazobenzene,4
BD139,Environmental,CO,3
BD139,Environmental,Captafol,3
BD139,Environmental,Chloramphenicol,3
BD139,Environmental,Ethanol,3
BD139,Environmental,Naled,3
BD139,Environmental,Nitrofen,3
BD139,Environmental,Ochratoxin A,3
BD139,Environmental,"1,4-Dioxane",2
BD139,Environmental,"2,6-Dimethylaniline",2
BD139,Environmental,2-(4-Chlorophenoxy)propionic acid,2
BD139,Environmental,"2-Amino-1-methyl-6-phenylimidazo[4,5-b]pyridine",2
BD139,Environmental,2-Ethoxyethanol,2
BD139,Environmental,2-Nitropropane,2
BD139,Environmental,3-Cresol,2
BD139,Environmental,4-Cresol,2
BD139,Environmental,Acetamide,2
BD139,Environmental,Acrylamide,2
BD139,Environmental,Aristolochic acid,2
BD139,Environmental,Aziridine,2
BD139,Environmental,Etoposide,2
BD139,Environmental,Glu-P-1,2
BD139,Environmental,Hydrazine,2
BD139,Environmental,Microcystin LR,2
BD139,Environmental,Mitomycin,2
BD139,Environmental,N-Methyl-N'-nitro-N-nitrosoguanidine,2
BD139,Environmental,Phorate,2
BD139,Environmental,Thiocyanate,2
BD139,Environmental,Vinyl acetate,2
BD139,Environmental,Benzyl alcohol,1
BD139,Environmental,Caffeate,1
BD139,Environmental,Cobalt,1
BD139,Environmental,Cyclosporin A,1
BD139,Environmental,Diethyl phthalate,1
BD139,Environmental,Digoxin,1
BD139,Environmental,Ethyl acrylate,1
BD139,Environmental,Glycidaldehyde,1
BD139,Environmental,Sodium fluoride,1
BD139,Environmental,Strontium cation,1
BD139,Genomic,Diuron,45
BD139,Genomic,Benzidine,32
BD139,Genomic,Lead nitrate,24
BD139,Genomic,Formaldehyde,21
BD139,Genomic,Amsacrine,18
BD139,Genomic,Chlorpyrifos,18
BD139,Genomic,Cypermethrin,15
BD139,Genomic,Chlorpyrifos-methyl,12
BD139,Genomic,Dichlorvos,12
BD139,Genomic,Hydrochlorothiazide,12
BD139,Genomic,Streptozocin,12
BD139,Genomic,"3,3'-Dimethoxybenzidine",8
BD139,Genomic,Endosulfan,8
BD139,Genomic,Chloral hydrate,6
BD139,Genomic,Chlorfenvinphos,6
BD139,Genomic,Cobaltous sulfate,6
BD139,Genomic,Dimethoate,6
BD139,Genomic,Epichlorohydrin,6
BD139,Genomic,Merphalan,6
BD139,Genomic,Methyl bromide,6
BD139,Genomic,Nitrite,6
BD139,Genomic,Phenacetin,6
BD139,Genomic,Pioglitazone,6
BD139,Genomic,Sulfasalazine,6
BD139,Genomic,Tetranitromethane,6
BD139,Genomic,Zalcitabine,6
BD139,Genomic,Danthron,5
BD139,Genomic,2-Naphthylamine,4
BD139,Genomic,Benzo[k]fluoranthene,4
BD139,Genomic,Chloraminophenamide,4
BD139,Genomic,Fluoranthene,4
BD139,Genomic,Mitoxantrone,4
BD139,Genomic,Simazine,4
BD139,Genomic,alpha-Chlorohydrin,4
BD139,Genomic,ortho-Toluidine,4
BD139,Genomic,para-Aminoazobenzene,4
BD139,Genomic,Captafol,3
BD139,Genomic,Chloramphenicol,3
BD139,Genomic,Nitrofen,3
BD139,Genomic,"2,6-Dimethylaniline",2
BD139,Genomic,"2-Amino-1-methyl-6-phenylimidazo[4,5-b]pyridine",2
BD139,Genomic,2-Nitropropane,2
BD139,Genomic,Aristolochic acid,2
BD139,Genomic,Aziridine,2
BD139,Genomic,Ethyl methanesulfonate,2
BD139,Genomic,Etoposide,2
BD139,Genomic,Glu-P-1,2
BD139,Genomic,Hydrazine,2
BD139,Genomic,Methylnitrosourea,2
BD139,Genomic,Microcystin LR,2
BD139,Genomic,Mitomycin,2
BD139,Genomic,N-Methyl-N'-nitro-N-nitrosoguanidine,2
BD139,Genomic,Cyclosporin A,1
BD139,Genomic,Glycidaldehyde,1
BD139,Nuclear Response,Acetaldehyde,48
BD139,Nuclear Response,Diuron,45
BD139,Nuclear Response,Benzidine,32
BD139,Nuclear Response,Chlorpyrifos,18
BD139,Nuclear Response,Chlorpyrifos-methyl,12
BD139,Nuclear Response,Phenylmercury acetate,8
BD139,Nuclear Response,Tributyltin chloride,8
BD139,Nuclear Response,Chlorfenvinphos,6
BD139,Nuclear Response,Pioglitazone,6
BD139,Nuclear Response,Danthron,5
BD139,Nuclear Response,2-Naphthylamine,4
BD139,Nuclear Response,Benzo[k]fluoranthene,4
BD139,Nuclear Response,Fluoranthene,4
BD139,Nuclear Response,para-Aminoazobenzene,4
BD139,Nuclear Response,Naled,3
BD139,Nuclear Response,"2-Amino-1-methyl-6-phenylimidazo[4,5-b]pyridine",2
BD139,Nuclear Response,Etoposide,2
BD139,Nuclear Response,Glu-P-1,2
BD139,Nuclear Response,Hydrazine,2
BD139,Nuclear Response,Mitomycin,2
BD139,Nuclear Response,N-Methyl-N'-nitro-N-nitrosoguanidine,2
BD139,Nuclear Response,Thiocyanate,2
BD139,Nuclear Response,Caffeate,1
BD139,Nuclear Response,Digoxin,1
BD139,Organic,Ammonia,150
BD139,Organic,Acetaldehyde,48
BD139,Organic,Diuron,45
BD139,Organic,Benzidine,32
BD139,Organic,Carbon tetrachloride,30
BD139,Organic,Methylmercury chloride,30
BD139,Organic,Lead nitrate,24
BD139,Organic,Thioacetamide,24
BD139,Organic,Formaldehyde,21
BD139,Organic,Amsacrine,18
BD139,Organic,Cadmium chloride,18
BD139,Organic,Chlorpyrifos,18
BD139,Organic,Copper,15
BD139,Organic,4-Nitrophenol,12
BD139,Organic,Chlorpyrifos-methyl,12
BD139,Organic,Dichlorvos,12
BD139,Organic,Hydrochlorothiazide,12
BD139,Organic,Mercuric chloride,12
BD139,Organic,Streptozocin,12
BD139,Organic,Nickel chloride,9
BD139,Organic,"1,2-Dichlorobenzene",8
BD139,Organic,"3,3'-Dimethoxybenzidine",8
BD139,Organic,Arsenic,8
BD139,Organic,Arylmercury,8
BD139,Organic,Cacodylate,8
BD139,Organic,Endosulfan,8
BD139,Organic,Phenylmercury acetate,8
BD139,Organic,Sodium arsenite,8
BD139,Organic,Tributyltin chloride,8
BD139,Organic,Zinc cation,8
BD139,Organic,Chloral hydrate,6
BD139,Organic,Chloramine,6
BD139,Organic,Chlorfenvinphos,6
BD139,Organic,Cobaltous sulfate,6
BD139,Organic,Cyanide ion,6
BD139,Organic,Dimethoate,6
BD139,Organic,Epichlorohydrin,6
BD139,Organic,Merphalan,6
BD139,Organic,Methyl bromide,6
BD139,Organic,Nitrite,6
BD139,Organic,Phenacetin,6
BD139,Organic,Pioglitazone,6
BD139,Organic,Sulfasalazine,6
BD139,Organic,Tetranitromethane,6
BD139,Organic,Zalcitabine,6
BD139,Organic,Danthron,5
BD139,Organic,Lead,5
BD139,Organic,"2,2',4,4',6,6'-Hexachlorobiphenyl",4
BD139,Organic,"2,2',4,4'-Tetrachlorobiphenyl",4
BD139,Organic,"2,2',5,5'-Tetrachlorobiphenyl",4
BD139,Organic,2-Naphthylamine,4
BD139,Organic,"3,4,3',4'-Tetrachlorobiphenyl",4
BD139,Organic,"3,4,5,3',4',5'-Hexachlorobiphenyl",4
BD139,Organic,"3,4-Dihydroxybenzoate",4
BD139,Organic,Acenaphthene,4
BD139,Organic,Benzo[k]fluoranthene,4
BD139,Organic,Chloraminophenamide,4
BD139,Organic,Dibutyl phthalate,4
BD139,Organic,Fluoranthene,4
BD139,Organic,Methyl isobutyl ketone,4
BD139,Organic,Mitoxantrone,4
BD139,Organic,Nitrate,4
BD139,Organic,Nitromethane,4
BD139,Organic,Phenol,4
BD139,Organic,Phenylmethanesulfonyl fluoride,4
BD139,Organic,Simazine,4
BD139,Organic,Toluene,4
BD139,Organic,alpha-Chlorohydrin,4
BD139,Organic,ortho-Toluidine,4
BD139,Organic,para-Aminoazobenzene,4
BD139,Organic,CO,3
BD139,Organic,Captafol,3
BD139,Organic,Chloramphenicol,3
BD139,Organic,Ethanol,3
BD139,Organic,Naled,3
BD139,Organic,Nitrofen,3
BD139,Organic,Ochratoxin A,3
BD139,Organic,"1,4-Dioxane",2
BD139,Organic,"2,6-Dimethylaniline",2
BD139,Organic,2-(4-Chlorophenoxy)propionic acid,2
BD139,Organic,"2-Amino-1-methyl-6-phenylimidazo[4,5-b]pyridine",2
BD139,Organic,2-Ethoxyethanol,2
BD139,Organic,2-Nitropropane,2
BD139,Organic,3-Cresol,2
BD139,Organic,4-Cresol,2
BD139,Organic,Acetamide,2
BD139,Organic,Acrylamide,2
BD139,Organic,Aristolochic acid,2
BD139,Organic,Aziridine,2
BD139,Organic,Ethyl methanesulfonate,2
BD139,Organic,Etoposide,2
BD139,Organic,Glu-P-1,2
BD139,Organic,Hydrazine,2
BD139,Organic,Methylnitrosourea,2
BD139,Organic,Microcystin LR,2
BD139,Organic,Mitomycin,2
BD139,Organic,N-Methyl-N'-nitro-N-nitrosoguanidine,2
BD139,Organic,Phorate,2
BD139,Organic,Thiocyanate,2
BD139,Organic,Vinyl acetate,2
BD139,Organic,Benzyl alcohol,1
BD139,Organic,Caffeate,1
BD139,Organic,Cobalt,1
BD139,Organic,Cyclosporin A,1
BD139,Organic,Diethyl phthalate,1
BD139,Organic,Digoxin,1
BD139,Organic,Ethyl acrylate,1
BD139,Organic,Glycidaldehyde,1
BD139,Organic,Methyl tert-butyl ether,1
BD139,Organic,Sodium fluoride,1
BD139,Organic,Strontium cation,1
BD139,Stress Response,Acetaldehyde,48
BD139,Stress Response,Diuron,45
BD139,Stress Response,Benzidine,32
BD139,Stress Response,Methylmercury chloride,30
BD139,Stress Response,Amsacrine,18
BD139,Stress Response,Chlorpyrifos,18
BD139,Stress Response,4-Nitrophenol,12
BD139,Stress Response,Chlorpyrifos-methyl,12
BD139,Stress Response,Dichlorvos,12
BD139,Stress Response,"3,3'-Dimethoxybenzidine",8
BD139,Stress Response,Endosulfan,8
BD139,Stress Response,Phenylmercury acetate,8
BD139,Stress Response,Tributyltin chloride,8
BD139,Stress Response,Danthron,5
BD139,Stress Response,"2,2',4,4',6,6'-Hexachlorobiphenyl",4
BD139,Stress Response,Benzo[k]fluoranthene,4
BD139,Stress Response,Fluoranthene,4
BD139,Stress Response,Nitromethane,4
BD139,Stress Response,para-Aminoazobenzene,4
BD139,Stress Response,Captafol,3
BD139,Stress Response,Naled,3
BD139,Stress Response,Nitrofen,3
BD139,Stress Response,Etoposide,2
BD139,Stress Response,Methylnitrosourea,2
BD139,Stress Response,N-Methyl-N'-nitro-N-nitrosoguanidine,2
BD139,Stress Response,Cyclosporin A,1
BD139,Stress Response,Digoxin,1
BD158,Environmental,Ammonia,144
BD158,Environmental,Formaldehyde,45
BD158,Environmental,Methylmercury chloride,42
BD158,Environmental,Acetaldehyde,30
BD158,Environmental,Carbon tetrachloride,25
BD158,Environmental,Lead nitrate,24
BD158,Environmental,Thioacetamide,21
BD158,Environmental,Amsacrine,18
BD158,Environmental,Chlorpyrifos,18
BD158,Environmental,Diuron,18
BD158,Environmental,"3,4-Dihydroxybenzoate",16
BD158,Environmental,Hydrochlorothiazide,16
BD158,Environmental,Cypermethrin,15
BD158,Environmental,Phenol,13
BD158,Environmental,2-Chlorophenol,12
BD158,Environmental,"3-Carboxy-cis,cis-muconate",12
BD158,Environmental,Cyanide ion,12
BD158,Environmental,Dichlorvos,12
BD158,Environmental,Mercuric chloride,12
BD158,Environmental,Streptozocin,12
BD158,Environmental,Trichloroethene,12
BD158,Environmental,Catechol,10
BD158,Environmental,Nickel chloride,9
BD158,Environmental,Sulfasalazine,9
BD158,Environmental,"1,1,2,2-Tetrachloroethane",8
BD158,Environmental,4-Nitrophenol,8
BD158,Environmental,Arsenic,8
BD158,Environmental,BHC,8
BD158,Environmental,Endosulfan,8
BD158,Environmental,Nitrite,8
BD158,Environmental,Tributyltin chloride,8
BD158,Environmental,Zinc cation,8
BD158,Environmental,Alachlor,6
BD158,Environmental,Chloral hydrate,6
BD158,Environmental,Chloramine,6
BD158,Environmental,Danthron,6
BD158,Environmental,Merphalan,6
BD158,Environmental,Lead,5
BD158,Environmental,"2,2',4,4',6,6'-Hexachlorobiphenyl",4
BD158,Environmental,"2,2',4,4'-Tetrachlorobiphenyl",4
BD158,Environmental,"2,2',5,5'-Tetrachlorobiphenyl",4
BD158,Environmental,"2,3,3',4,5-Pentachlorobiphenyl",4
BD158,Environmental,"2-Amino-1-methyl-6-phenylimidazo[4,5-b]pyridine",4
BD158,Environmental,"3,4,3',4'-Tetrachlorobiphenyl",4
BD158,Environmental,"3,4,5,3',4',5'-Hexachlorobiphenyl",4
BD158,Environmental,3-Hydroxybenzoate,4
BD158,Environmental,Arylmercury,4
BD158,Environmental,Benzo[k]fluoranthene,4
BD158,Environmental,Chloraminophenamide,4
BD158,Environmental,Ethanol,4
BD158,Environmental,Microcystin LR,4
BD158,Environmental,Mitomycin,4
BD158,Environmental,Mitoxantrone,4
BD158,Environmental,N-Methyl-N'-nitro-N-nitrosoguanidine,4
BD158,Environmental,Nitrate,4
BD158,Environmental,Nitrogen mustard,4
BD158,Environmental,Nitromethane,4
BD158,Environmental,Phenacetin,4
BD158,Environmental,Phenylmercury acetate,4
BD158,Environmental,Simazine,4
BD158,Environmental,Thiocyanate,4
BD158,Environmental,Tributyltin oxide,4
BD158,Environmental,Vinyl fluoride,4
BD158,Environmental,Zalcitabine,4
BD158,Environmental,alpha-Chlorohydrin,4
BD158,Environmental,"Aflatoxin B1exo-8,9-epoxide-GSH",3
BD158,Environmental,Bifenox,3
BD158,Environmental,CO,3
BD158,Environmental,Captafol,3
BD158,Environmental,Copper,3
BD158,Environmental,Nitrofen,3
BD158,Environmental,"1,1-Dimethylhydrazine",2
BD158,Environmental,"1,2-Dibromoethane",2
BD158,Environmental,"1,4-Dioxane",2
BD158,Environmental,1-Organyl-2-lyso-sn-glycero-3-phosphocholine,2
BD158,Environmental,2-Naphthylamine,2
BD158,Environmental,2-Nitropropane,2
BD158,Environmental,"4,4'-Methylenebis(N,N-dimethylaniline)",2
BD158,Environmental,4-Cresol,2
BD158,Environmental,Acetamide,2
BD158,Environmental,Acrylamide,2
BD158,Environmental,Aristolochic acid,2
BD158,Environmental,Methyl bromide,2
BD158,Environmental,"N,N'-Diacetylbenzidine",2
BD158,Environmental,Phenylmethanesulfonyl fluoride,2
BD158,Environmental,Tetranitromethane,2
BD158,Environmental,Trinitrotoluene,2
BD158,Environmental,para-Aminoazobenzene,2
BD158,Environmental,2-Ethoxyethanol,1
BD158,Environmental,3-Cresol,1
BD158,Environmental,"Aflatoxin B1-exo-8,9-epoxide",1
BD158,Environmental,Caffeate,1
BD158,Environmental,Cobalt,1
BD158,Environmental,Digoxin,1
BD158,Environmental,Ethyl acrylate,1
BD158,Environmental,Etoposide,1
BD158,Environmental,Glycidaldehyde,1
BD158,Environmental,Hydrogen cyanide,1
BD158,Environmental,Methyl isobutyl ketone,1
BD158,Environmental,Strontium cation,1
BD158,Environmental,beta-Butyrolactone,1
BD158,Genomic,Formaldehyde,45
BD158,Genomic,Lead nitrate,24
BD158,Genomic,Amsacrine,18
BD158,Genomic,Chlorpyrifos,18
BD158,Genomic,Diuron,18
BD158,Genomic,Hydrochlorothiazide,16
BD158,Genomic,Cypermethrin,15
BD158,Genomic,Dichlorvos,12
BD158,Genomic,Streptozocin,12
BD158,Genomic,Sulfasalazine,9
BD158,Genomic,Cobaltous sulfate,8
BD158,Genomic,Endosulfan,8
BD158,Genomic,Nitrite,8
BD158,Genomic,Alachlor,6
BD158,Genomic,Chloral hydrate,6
BD158,Genomic,Danthron,6
BD158,Genomic,Epichlorohydrin,6
BD158,Genomic,Merphalan,6
BD158,Genomic,"2-Amino-1-methyl-6-phenylimidazo[4,5-b]pyridine",4
BD158,Genomic,Benzo[k]fluoranthene,4
BD158,Genomic,Chloraminophenamide,4
BD158,Genomic,Microcystin LR,4
BD158,Genomic,Mitomycin,4
BD158,Genomic,Mitoxantrone,4
BD158,Genomic,N-Methyl-N'-nitro-N-nitrosoguanidine,4
BD158,Genomic,Nitrogen mustard,4
BD158,Genomic,Phenacetin,4
BD158,Genomic,Simazine,4
BD158,Genomic,Zalcitabine,4
BD158,Genomic,alpha-Chlorohydrin,4
BD158,Genomic,"Aflatoxin B1exo-8,9-epoxide-GSH",3
BD158,Genomic,Bifenox,3
BD158,Genomic,Captafol,3
BD158,Genomic,Nitrofen,3
BD158,Genomic,"1,1-Dimethylhydrazine",2
BD158,Genomic,"1,2-Dibromoethane",2
BD158,Genomic,2-Naphthylamine,2
BD158,Genomic,2-Nitropropane,2
BD158,Genomic,"4,4'-Methylenebis(N,N-dimethylaniline)",2
BD158,Genomic,Aristolochic acid,2
BD158,Genomic,Ethyl methanesulfonate,2
BD158,Genomic,Methyl bromide,2
BD158,Genomic,Methylnitrosourea,2
BD158,Genomic,"N,N'-Diacetylbenzidine",2
BD158,Genomic,Tetranitromethane,2
BD158,Genomic,Trinitrotoluene,2
BD158,Genomic,para-Aminoazobenzene,2
BD158,Genomic,"Aflatoxin B1-exo-8,9-epoxide",1
BD158,Genomic,Etoposide,1
BD158,Genomic,Glycidaldehyde,1
BD158,Genomic,beta-Butyrolactone,1
BD158,Nuclear Response,Acetaldehyde,30
BD158,Nuclear Response,Chlorpyrifos,18
BD158,Nuclear Response,Diuron,18
BD158,Nuclear Response,Catechol,10
BD158,Nuclear Response,Tributyltin chloride,8
BD158,Nuclear Response,Danthron,6
BD158,Nuclear Response,"2,3,3',4,5-Pentachlorobiphenyl",4
BD158,Nuclear Response,"2-Amino-1-methyl-6-phenylimidazo[4,5-b]pyridine",4
BD158,Nuclear Response,Benzo[k]fluoranthene,4
BD158,Nuclear Response,Mitomycin,4
BD158,Nuclear Response,N-Methyl-N'-nitro-N-nitrosoguanidine,4
BD158,Nuclear Response,Nitrogen mustard,4
BD158,Nuclear Response,Phenylmercury acetate,4
BD158,Nuclear Response,Thiocyanate,4
BD158,Nuclear Response,Tributyltin oxide,4
BD158,Nuclear Response,Vinyl fluoride,4
BD158,Nuclear Response,2-Naphthylamine,2
BD158,Nuclear Response,"4,4'-Methylenebis(N,N-dimethylaniline)",2
BD158,Nuclear Response,"N,N'-Diacetylbenzidine",2
BD158,Nuclear Response,para-Aminoazobenzene,2
BD158,Nuclear Response,Caffeate,1
BD158,Nuclear Response,Digoxin,1
BD158,Nuclear Response,Etoposide,1
BD158,Organic,Ammonia,144
BD158,Organic,Formaldehyde,45
BD158,Organic,Methylmercury chloride,42
BD158,Organic,Acetaldehyde,30
BD158,Organic,Carbon tetrachloride,25
BD158,Organic,Lead nitrate,24
BD158,Organic,Thioacetamide,21
BD158,Organic,Amsacrine,18
BD158,Organic,Chlorpyrifos,18
BD158,Organic,Diuron,18
BD158,Organic,"3,4-Dihydroxybenzoate",16
BD158,Organic,Hydrochlorothiazide,16
BD158,Organic,Phenol,13
BD158,Organic,2-Chlorophenol,12
BD158,Organic,"3-Carboxy-cis,cis-muconate",12
BD158,Organic,Cacodylate,12
BD158,Organic,Cyanide ion,12
BD158,Organic,Dichlorvos,12
BD158,Organic,Mercuric chloride,12
BD158,Organic,Streptozocin,12
BD158,Organic,Trichloroethene,12
BD158,Organic,Catechol,10
BD158,Organic,Sodium arsenite,10
BD158,Organic,Nickel chloride,9
BD158,Organic,Sulfasalazine,9
BD158,Organic,"1,1,2,2-Tetrachloroethane",8
BD158,Organic,4-Nitrophenol,8
BD158,Organic,Arsenic,8
BD158,Organic,BHC,8
BD158,Organic,Cobaltous sulfate,8
BD158,Organic,Endosulfan,8
BD158,Organic,Nitrite,8
BD158,Organic,Tributyltin chloride,8
BD158,Organic,Zinc cation,8
BD158,Organic,Alachlor,6
BD158,Organic,Chloral hydrate,6
BD158,Organic,Chloramine,6
BD158,Organic,Danthron,6
BD158,Organic,Epichlorohydrin,6
BD158,Organic,Merphalan,6
BD158,Organic,Lead,5
BD158,Organic,"2,2',4,4',6,6'-Hexachlorobiphenyl",4
BD158,Organic,"2,2',4,4'-Tetrachlorobiphenyl",4
BD158,Organic,"2,2',5,5'-Tetrachlorobiphenyl",4
BD158,Organic,"2,3,3',4,5-Pentachlorobiphenyl",4
BD158,Organic,"2-Amino-1-methyl-6-phenylimidazo[4,5-b]pyridine",4
BD158,Organic,"3,4,3',4'-Tetrachlorobiphenyl",4
BD158,Organic,"3,4,5,3',4',5'-Hexachlorobiphenyl",4
BD158,Organic,3-Hydroxybenzoate,4
BD158,Organic,Arylmercury,4
BD158,Organic,Benzo[k]fluoranthene,4
BD158,Organic,Chloraminophenamide,4
BD158,Organic,Ethanol,4
BD158,Organic,Microcystin LR,4
BD158,Organic,Mitomycin,4
BD158,Organic,Mitoxantrone,4
BD158,Organic,N-Methyl-N'-nitro-N-nitrosoguanidine,4
BD158,Organic,Nitrate,4
BD158,Organic,Nitrogen mustard,4
BD158,Organic,Nitromethane,4
BD158,Organic,Phenacetin,4
BD158,Organic,Phenylmercury acetate,4
BD158,Organic,Simazine,4
BD158,Organic,Thiocyanate,4
BD158,Organic,Tributyltin oxide,4
BD158,Organic,Vinyl fluoride,4
BD158,Organic,Zalcitabine,4
BD158,Organic,alpha-Chlorohydrin,4
BD158,Organic,"Aflatoxin B1exo-8,9-epoxide-GSH",3
BD158,Organic,CO,3
BD158,Organic,Captafol,3
BD158,Organic,Copper,3
BD158,Organic,Nitrofen,3
BD158,Organic,"1,1-Dimethylhydrazine",2
BD158,Organic,"1,2-Dibromoethane",2
BD158,Organic,"1,4-Dioxane",2
BD158,Organic,1-Organyl-2-lyso-sn-glycero-3-phosphocholine,2
BD158,Organic,2-Naphthylamine,2
BD158,Organic,2-Nitropropane,2
BD158,Organic,"4,4'-Methylenebis(N,N-dimethylaniline)",2
BD158,Organic,4-Cresol,2
BD158,Organic,Acetamide,2
BD158,Organic,Acrylamide,2
BD158,Organic,Aristolochic acid,2
BD158,Organic,Ethyl methanesulfonate,2
BD158,Organic,Methyl bromide,2
BD158,Organic,Methylnitrosourea,2
BD158,Organic,"N,N'-Diacetylbenzidine",2
BD158,Organic,Phenylmethanesulfonyl fluoride,2
BD158,Organic,Tetranitromethane,2
BD158,Organic,Trinitrotoluene,2
BD158,Organic,para-Aminoazobenzene,2
BD158,Organic,2-Ethoxyethanol,1
BD158,Organic,3-Cresol,1
BD158,Organic,"Aflatoxin B1-exo-8,9-epoxide",1
BD158,Organic,Caffeate,1
BD158,Organic,Cobalt,1
BD158,Organic,Digoxin,1
BD158,Organic,Ethyl acrylate,1
BD158,Organic,Etoposide,1
BD158,Organic,Glycidaldehyde,1
BD158,Organic,Hydrogen cyanide,1
BD158,Organic,Methyl isobutyl ketone,1
BD158,Organic,Methyl tert-butyl ether,1
BD158,Organic,Strontium cation,1
BD158,Organic,beta-Butyrolactone,1
BD158,Stress Response,Methylmercury chloride,42
BD158,Stress Response,Acetaldehyde,30
BD158,Stress Response,Amsacrine,18
BD158,Stress Response,Chlorpyrifos,18
BD158,Stress Response,Diuron,18
BD158,Stress Response,Dichlorvos,12
BD158,Stress Response,Catechol,10
BD158,Stress Response,4-Nitrophenol,8
BD158,Stress Response,Endosulfan,8
BD158,Stress Response,Tributyltin chloride,8
BD158,Stress Response,Alachlor,6
BD158,Stress Response,Danthron,6
BD158,Stress Response,"2,2',4,4',6,6'-Hexachlorobiphenyl",4
BD158,Stress Response,"2,3,3',4,5-Pentachlorobiphenyl",4
BD158,Stress Response,Benzo[k]fluoranthene,4
BD158,Stress Response,N-Methyl-N'-nitro-N-nitrosoguanidine,4
BD158,Stress Response,Nitromethane,4
BD158,Stress Response,Phenylmercury acetate,4
BD158,Stress Response,Tributyltin oxide,4
BD158,Stress Response,Captafol,3
BD158,Stress Response,Nitrofen,3
BD158,Stress Response,Methylnitrosourea,2
BD158,Stress Response,"N,N'-Diacetylbenzidine",2
BD158,Stress Response,para-Aminoazobenzene,2
BD158,Stress Response,Digoxin,1
BD158,Stress Response,Etoposide,1
BD160,Environmental,Ammonia,122
BD160,Environmental,Diuron,45
BD160,Environmental,Benzidine,32
BD160,Environmental,Carbon tetrachloride,30
BD160,Environmental,Formaldehyde,30
BD160,Environmental,Acetaldehyde,27
BD160,Environmental,Lead nitrate,24
BD160,Environmental,Amsacrine,18
BD160,Environmental,Chlorpyrifos,18
BD160,Environmental,Methylmercury chloride,18
BD160,Environmental,Thioacetamide,18
BD160,Environmental,Copper,15
BD160,Environmental,Cypermethrin,15
BD160,Environmental,"1,2-Dichloroethane",14
BD160,Environmental,Chloroform,14
BD160,Environmental,4-Nitrophenol,12
BD160,Environmental,Dichlorvos,12
BD160,Environmental,Mercuric chloride,12
BD160,Environmental,Trichloroethene,12
BD160,Environmental,Cadmium chloride,9
BD160,Environmental,Nickel chloride,9
BD160,Environmental,Sulfasalazine,9
BD160,Environmental,"1,1,2,2-Tetrachloroethane",8
BD160,Environmental,"1,2-Dichlorobenzene",8
BD160,Environmental,"3,3'-Dimethoxybenzidine",8
BD160,Environmental,Arsenic,8
BD160,Environmental,Arylmercury,8
BD160,Environmental,Chloral hydrate,8
BD160,Environmental,Chlorpyrifos-methyl,8
BD160,Environmental,Hydrochlorothiazide,8
BD160,Environmental,Nitrite,8
BD160,Environmental,Streptozocin,8
BD160,Environmental,Tributyltin chloride,8
BD160,Environmental,Zinc cation,8
BD160,Environmental,"beta-1,2,3,4,5,6-Hexachlorocyclohexane",8
BD160,Environmental,Benzo[a]pyrene,7
BD160,Environmental,"2-Amino-1-methyl-6-phenylimidazo[4,5-b]pyridine",6
BD160,Environmental,2-Chlorophenol,6
BD160,Environmental,Bis(2-chloroethyl)ether,6
BD160,Environmental,Chlorfenvinphos,6
BD160,Environmental,Danthron,6
BD160,Environmental,Methyl bromide,6
BD160,Environmental,Naphthalene,6
BD160,Environmental,Parathion,6
BD160,Environmental,Phenacetin,6
BD160,Environmental,alpha-Chlorohydrin,6
BD160,Environmental,"trans-1,3-Dichloropropene",6
BD160,Environmental,Catechol,5
BD160,Environmental,Ethanol,5
BD160,Environmental,Lead,5
BD160,Environmental,"1,1,2-Trichloroethane",4
BD160,Environmental,"1,2-Dibromo-3-chloropropane",4
BD160,Environmental,"2,2',4,4',6,6'-Hexachlorobiphenyl",4
BD160,Environmental,"2,2',4,4'-Tetrachlorobiphenyl",4
BD160,Environmental,"2,2',5,5'-Tetrachlorobiphenyl",4
BD160,Environmental,"3,4,3',4'-Tetrachlorobiphenyl",4
BD160,Environmental,"3,4,5,3',4',5'-Hexachlorobiphenyl",4
BD160,Environmental,Chloramine,4
BD160,Environmental,Chloraminophenamide,4
BD160,Environmental,Dibutyl phthalate,4
BD160,Environmental,Methyl chloride,4
BD160,Environmental,Mitomycin,4
BD160,Environmental,Mitoxantrone,4
BD160,Environmental,Nitrate,4
BD160,Environmental,Phenylmercury acetate,4
BD160,Environmental,Phenylmethanesulfonyl fluoride,4
BD160,Environmental,Simazine,4
BD160,Environmental,Tetranitromethane,4
BD160,Environmental,Toluene,4
BD160,Environmental,Zalcitabine,4
BD160,Environmental,alpha-Hexachlorocyclohexane,4
BD160,Environmental,"cis-1,3-Dichloropropene",4
BD160,Environmental,CO,3
BD160,Environmental,Chloramphenicol,3
BD160,Environmental,Dimethoate,3
BD160,Environmental,Merphalan,3
BD160,Environmental,Methyl isobutyl ketone,3
BD160,Environmental,Naled,3
BD160,Environmental,Nitrofen,3
BD160,Environmental,Styrene,3
BD160,Environmental,Vinyl acetate,3
BD160,Environmental,"1,2,3-Trichloropropane",2
BD160,Environmental,"1,4-Dioxane",2
BD160,Environmental,"2,6-Dimethylaniline",2
BD160,Environmental,2-(4-Chlorophenoxy)propionic acid,2
BD160,Environmental,2-Ethoxyethanol,2
BD160,Environmental,2-Naphthylamine,2
BD160,Environmental,2-Nitropropane,2
BD160,Environmental,3-Chloro-2-methylpropene,2
BD160,Environmental,4-(N-Nitrosomethylamino)-1-(3-pyridyl)-1-butanone,2
BD160,Environmental,4-Cresol,2
BD160,Environmental,Acenaphthene,2
BD160,Environmental,Acetamide,2
BD160,Environmental,Acrylamide,2
BD160,Environmental,Aflatoxin M1,2
BD160,Environmental,Aziridine,2
BD160,Environmental,Benzyl alcohol,2
BD160,Environmental,Chloral,2
BD160,Environmental,Glu-P-1,2
BD160,Environmental,Hydrazine,2
BD160,Environmental,Microcystin LR,2
BD160,Environmental,Nitrogen mustard,2
BD160,Environmental,Nitromethane,2
BD160,Environmental,Tamoxifen,2
BD160,Environmental,ortho-Toluidine,2
BD160,Environmental,para-Aminoazobenzene,2
BD160,Environmental,3-Cresol,1
BD160,Environmental,Aflatoxin B1,1
BD160,Environmental,"Aflatoxin B1-endo-8,9-epoxide",1
BD160,Environmental,"Aflatoxin B1-exo-8,9-epoxide",1
BD160,Environmental,Aflatoxin Q1,1
BD160,Environmental,"Aflatoxin-M1-8,9-epoxide",1
BD160,Environmental,Benzophenone,1
BD160,Environmental,Bromide,1
BD160,Environmental,Caffeate,1
BD160,Environmental,Cobalt,1
BD160,Environmental,Diethyl phthalate,1
BD160,Environmental,Ethyl acrylate,1
BD160,Environmental,Etoposide,1
BD160,Environmental,Glycidaldehyde,1
BD160,Environmental,Manganese(2+),1
BD160,Environmental,Phenolphthalein,1
BD160,Environmental,Sodium fluoride,1
BD160,Environmental,Strontium cation,1
BD160,Genomic,Diuron,45
BD160,Genomic,Benzidine,32
BD160,Genomic,Formaldehyde,30
BD160,Genomic,Lead nitrate,24
BD160,Genomic,Amsacrine,18
BD160,Genomic,Chlorpyrifos,18
BD160,Genomic,Cypermethrin,15
BD160,Genomic,"1,2-Dichloroethane",14
BD160,Genomic,Dichlorvos,12
BD160,Genomic,Sulfasalazine,9
BD160,Genomic,"3,3'-Dimethoxybenzidine",8
BD160,Genomic,Chloral hydrate,8
BD160,Genomic,Chlorpyrifos-methyl,8
BD160,Genomic,Hydrochlorothiazide,8
BD160,Genomic,Nitrite,8
BD160,Genomic,Streptozocin,8
BD160,Genomic,Benzo[a]pyrene,7
BD160,Genomic,"2-Amino-1-methyl-6-phenylimidazo[4,5-b]pyridine",6
BD160,Genomic,Bis(2-chloroethyl)ether,6
BD160,Genomic,Chlorfenvinphos,6
BD160,Genomic,Cobaltous sulfate,6
BD160,Genomic,Danthron,6
BD160,Genomic,Epichlorohydrin,6
BD160,Genomic,Methyl bromide,6
BD160,Genomic,Parathion,6
BD160,Genomic,Phenacetin,6
BD160,Genomic,alpha-Chlorohydrin,6
BD160,Genomic,"trans-1,3-Dichloropropene",6
BD160,Genomic,"1,2-Dibromo-3-chloropropane",4
BD160,Genomic,Chloraminophenamide,4
BD160,Genomic,Methyl chloride,4
BD160,Genomic,Mitomycin,4
BD160,Genomic,Mitoxantrone,4
BD160,Genomic,Simazine,4
BD160,Genomic,Tetranitromethane,4
BD160,Genomic,Zalcitabine,4
BD160,Genomic,"cis-1,3-Dichloropropene",4
BD160,Genomic,Chloramphenicol,3
BD160,Genomic,Dimethoate,3
BD160,Genomic,Merphalan,3
BD160,Genomic,Nitrofen,3
BD160,Genomic,Styrene,3
BD160,Genomic,"1,2,3-Trichloropropane",2
BD160,Genomic,"2,6-Dimethylaniline",2
BD160,Genomic,2-Naphthylamine,2
BD160,Genomic,2-Nitropropane,2
BD160,Genomic,3-Chloro-2-methylpropene,2
BD160,Genomic,4-(N-Nitrosomethylamino)-1-(3-pyridyl)-1-butanone,2
BD160,Genomic,Aflatoxin M1,2
BD160,Genomic,Aziridine,2
BD160,Genomic,Chloral,2
BD160,Genomic,Ethyl methanesulfonate,2
BD160,Genomic,Glu-P-1,2
BD160,Genomic,Hydrazine,2
BD160,Genomic,Methylnitrosourea,2
BD160,Genomic,Microcystin LR,2
BD160,Genomic,Nitrogen mustard,2
BD160,Genomic,ortho-Toluidine,2
BD160,Genomic,para-Aminoazobenzene,2
BD160,Genomic,Aflatoxin B1,1
BD160,Genomic,"Aflatoxin B1-endo-8,9-epoxide",1
BD160,Genomic,"Aflatoxin B1-exo-8,9-epoxide",1
BD160,Genomic,Aflatoxin Q1,1
BD160,Genomic,"Aflatoxin-M1-8,9-epoxide",1
BD160,Genomic,Etoposide,1
BD160,Genomic,Glycidaldehyde,1
BD160,Nuclear Response,Diuron,45
BD160,Nuclear Response,Benzidine,32
BD160,Nuclear Response,Acetaldehyde,27
BD160,Nuclear Response,Chlorpyrifos,18
BD160,Nuclear Response,Chlorpyrifos-methyl,8
BD160,Nuclear Response,Tributyltin chloride,8
BD160,Nuclear Response,Benzo[a]pyrene,7
BD160,Nuclear Response,"2-Amino-1-methyl-6-phenylimidazo[4,5-b]pyridine",6
BD160,Nuclear Response,Chlorfenvinphos,6
BD160,Nuclear Response,Danthron,6
BD160,Nuclear Response,Parathion,6
BD160,Nuclear Response,Catechol,5
BD160,Nuclear Response,Mitomycin,4
BD160,Nuclear Response,Phenylmercury acetate,4
BD160,Nuclear Response,Naled,3
BD160,Nuclear Response,2-Naphthylamine,2
BD160,Nuclear Response,Glu-P-1,2
BD160,Nuclear Response,Hydrazine,2
BD160,Nuclear Response,Nitrogen mustard,2
BD160,Nuclear Response,Tamoxifen,2
BD160,Nuclear Response,para-Aminoazobenzene,2
BD160,Nuclear Response,Caffeate,1
BD160,Nuclear Response,Etoposide,1
BD160,Nuclear Response,Phenolphthalein,1
BD160,Organic,Ammonia,122
BD160,Organic,Diuron,45
BD160,Organic,Benzidine,32
BD160,Organic,Carbon tetrachloride,30
BD160,Organic,Formaldehyde,30
BD160,Organic,Acetaldehyde,27
BD160,Organic,Lead nitrate,24
BD160,Organic,Amsacrine,18
BD160,Organic,Chlorpyrifos,18
BD160,Organic,Methylmercury chloride,18
BD160,Organic,Thioacetamide,18
BD160,Organic,Copper,15
BD160,Organic,"1,2-Dichloroethane",14
BD160,Organic,Chloroform,14
BD160,Organic,4-Nitrophenol,12
BD160,Organic,Dichlorvos,12
BD160,Organic,Mercuric chloride,12
BD160,Organic,Trichloroethene,12
BD160,Organic,Cadmium chloride,9
BD160,Organic,Nickel chloride,9
BD160,Organic,Sulfasalazine,9
BD160,Organic,"1,1,2,2-Tetrachloroethane",8
BD160,Organic,"1,2-Dichlorobenzene",8
BD160,Organic,"3,3'-Dimethoxybenzidine",8
BD160,Organic,Arsenic,8
BD160,Organic,Arylmercury,8
BD160,Organic,Chloral hydrate,8
BD160,Organic,Chlorpyrifos-methyl,8
BD160,Organic,Hydrochlorothiazide,8
BD160,Organic,Nitrite,8
BD160,Organic,Streptozocin,8
BD160,Organic,Tributyltin chloride,8
BD160,Organic,Zinc cation,8
BD160,Organic,"beta-1,2,3,4,5,6-Hexachlorocyclohexane",8
BD160,Organic,Benzo[a]pyrene,7
BD160,Organic,"2-Amino-1-methyl-6-phenylimidazo[4,5-b]pyridine",6
BD160,Organic,2-Chlorophenol,6
BD160,Organic,Bis(2-chloroethyl)ether,6
BD160,Organic,Chlorfenvinphos,6
BD160,Organic,Cobaltous sulfate,6
BD160,Organic,Danthron,6
BD160,Organic,Epichlorohydrin,6
BD160,Organic,Methyl bromide,6
BD160,Organic,Naphthalene,6
BD160,Organic,Parathion,6
BD160,Organic,Phenacetin,6
BD160,Organic,Sodium arsenite,6
BD160,Organic,alpha-Chlorohydrin,6
BD160,Organic,"trans-1,3-Dichloropropene",6
BD160,Organic,Catechol,5
BD160,Organic,Ethanol,5
BD160,Organic,Lead,5
BD160,Organic,"1,1,2-Trichloroethane",4
BD160,Organic,"1,2-Dibromo-3-chloropropane",4
BD160,Organic,"2,2',4,4',6,6'-Hexachlorobiphenyl",4
BD160,Organic,"2,2',4,4'-Tetrachlorobiphenyl",4
BD160,Organic,"2,2',5,5'-Tetrachlorobiphenyl",4
BD160,Organic,"3,4,3',4'-Tetrachlorobiphenyl",4
BD160,Organic,"3,4,5,3',4',5'-Hexachlorobiphenyl",4
BD160,Organic,Cacodylate,4
BD160,Organic,Chloramine,4
BD160,Organic,Chloraminophenamide,4
BD160,Organic,Dibutyl phthalate,4
BD160,Organic,Methyl chloride,4
BD160,Organic,Mitomycin,4
BD160,Organic,Mitoxantrone,4
BD160,Organic,Nitrate,4
BD160,Organic,Phenylmercury acetate,4
BD160,Organic,Phenylmethanesulfonyl fluoride,4
BD160,Organic,Simazine,4
BD160,Organic,Tetranitromethane,4
BD160,Organic,Toluene,4
BD160,Organic,Zalcitabine,4
BD160,Organic,alpha-Hexachlorocyclohexane,4
BD160,Organic,"cis-1,3-Dichloropropene",4
BD160,Organic,CO,3
BD160,Organic,Chloramphenicol,3
BD160,Organic,Dimethoate,3
BD160,Organic,Merphalan,3
BD160,Organic,Methyl isobutyl ketone,3
BD160,Organic,Naled,3
BD160,Organic,Nitrofen,3
BD160,Organic,Styrene,3
BD160,Organic,Vinyl acetate,3
BD160,Organic,"1,2,3-Trichloropropane",2
BD160,Organic,"1,4-Dioxane",2
BD160,Organic,"2,6-Dimethylaniline",2
BD160,Organic,2-(4-Chlorophenoxy)propionic acid,2
BD160,Organic,2-Ethoxyethanol,2
BD160,Organic,2-Naphthylamine,2
BD160,Organic,2-Nitropropane,2
BD160,Organic,3-Chloro-2-methylpropene,2
BD160,Organic,4-(N-Nitrosomethylamino)-1-(3-pyridyl)-1-butanone,2
BD160,Organic,4-Cresol,2
BD160,Organic,Acenaphthene,2
BD160,Organic,Acetamide,2
BD160,Organic,Acrylamide,2
BD160,Organic,Aflatoxin M1,2
BD160,Organic,Aziridine,2
BD160,Organic,Benzyl alcohol,2
BD160,Organic,Chloral,2
BD160,Organic,Ethyl methanesulfonate,2
BD160,Organic,Glu-P-1,2
BD160,Organic,Hydrazine,2
BD160,Organic,Methylnitrosourea,2
BD160,Organic,Microcystin LR,2
BD160,Organic,Nitrogen mustard,2
BD160,Organic,Nitromethane,2
BD160,Organic,Tamoxifen,2
BD160,Organic,ortho-Toluidine,2
BD160,Organic,para-Aminoazobenzene,2
BD160,Organic,3-Cresol,1
BD160,Organic,Aflatoxin B1,1
BD160,Organic,"Aflatoxin B1-endo-8,9-epoxide",1
BD160,Organic,"Aflatoxin B1-exo-8,9-epoxide",1
BD160,Organic,Aflatoxin Q1,1
BD160,Organic,"Aflatoxin-M1-8,9-epoxide",1
BD160,Organic,Benzophenone,1
BD160,Organic,Bromide,1
BD160,Organic,Caffeate,1
BD160,Organic,Cobalt,1
BD160,Organic,Diethyl phthalate,1
BD160,Organic,Ethyl acrylate,1
BD160,Organic,Etoposide,1
BD160,Organic,Glycidaldehyde,1
BD160,Organic,Manganese(2+),1
BD160,Organic,Methyl tert-butyl ether,1
BD160,Organic,Phenolphthalein,1
BD160,Organic,Sodium fluoride,1
BD160,Organic,Strontium cation,1
BD160,Stress Response,Diuron,45
BD160,Stress Response,Benzidine,32
BD160,Stress Response,Acetaldehyde,27
BD160,Stress Response,Amsacrine,18
BD160,Stress Response,Chlorpyrifos,18
BD160,Stress Response,Methylmercury chloride,18
BD160,Stress Response,4-Nitrophenol,12
BD160,Stress Response,Dichlorvos,12
BD160,Stress Response,"3,3'-Dimethoxybenzidine",8
BD160,Stress Response,Chlorpyrifos-methyl,8
BD160,Stress Response,Tributyltin chloride,8
BD160,Stress Response,Benzo[a]pyrene,7
BD160,Stress Response,Danthron,6
BD160,Stress Response,Catechol,5
BD160,Stress Response,"2,2',4,4',6,6'-Hexachlorobiphenyl",4
BD160,Stress Response,Phenylmercury acetate,4
BD160,Stress Response,Naled,3
BD160,Stress Response,Nitrofen,3
BD160,Stress Response,Methylnitrosourea,2
BD160,Stress Response,Nitromethane,2
BD160,Stress Response,para-Aminoazobenzene,2
BD160,Stress Response,Etoposide,1
BD160,Stress Response,Phenolphthalein,1
BD162,Environmental,Ammonia,136
BD162,Environmental,Diuron,45
BD162,Environmental,Benzidine,40
BD162,Environmental,Acetaldehyde,27
BD162,Environmental,Carbon tetrachloride,25
BD162,Environmental,Formaldehyde,24
BD162,Environmental,Lead nitrate,24
BD162,Environmental,2-Chlorophenol,18
BD162,Environmental,Amsacrine,18
BD162,Environmental,Cadmium chloride,18
BD162,Environmental,Chlorpyrifos,18
BD162,Environmental,Cypermethrin,18
BD162,Environmental,Methylmercury chloride,18
BD162,Environmental,Mercuric chloride,16
BD162,Environmental,Copper,15
BD162,Environmental,Thioacetamide,15
BD162,Environmental,Nitrite,14
BD162,Environmental,4-Nitrophenol,12
BD162,Environmental,Dichlorvos,12
BD162,Environmental,Hydrochlorothiazide,12
BD162,Environmental,Phenol,12
BD162,Environmental,Trichloroethene,12
BD162,Environmental,Nitrate,10
BD162,Environmental,Streptozocin,10
BD162,Environmental,Zinc cation,10
BD162,Environmental,Nickel chloride,9
BD162,Environmental,"1,1,2,2-Tetrachloroethane",8
BD162,Environmental,"1,2-Dichlorobenzene",8
BD162,Environmental,"2-Amino-1-methyl-6-phenylimidazo[4,5-b]pyridine",8
BD162,Environmental,"3,3'-Dimethoxybenzidine",8
BD162,Environmental,Arsenic,8
BD162,Environmental,Arylmercury,8
BD162,Environmental,Chloral hydrate,8
BD162,Environmental,Chlorpyrifos-methyl,8
BD162,Environmental,Endosulfan,8
BD162,Environmental,Tributyltin chloride,8
BD162,Environmental,Benzo[a]pyrene,7
BD162,Environmental,Chloramine,6
BD162,Environmental,Chlorfenvinphos,6
BD162,Environmental,Merphalan,6
BD162,Environmental,Methyl bromide,6
BD162,Environmental,Mitoxantrone,6
BD162,Environmental,Naphthalene,6
BD162,Environmental,Parathion,6
BD162,Environmental,Sulfasalazine,6
BD162,Environmental,alpha-Chlorohydrin,6
BD162,Environmental,Catechol,5
BD162,Environmental,Danthron,5
BD162,Environmental,Ethanol,5
BD162,Environmental,Lead,5
BD162,Environmental,Zalcitabine,5
BD162,Environmental,"1,4-Dioxane",4
BD162,Environmental,"2,2',4,4',6,6'-Hexachlorobiphenyl",4
BD162,Environmental,"2,2',4,4'-Tetrachlorobiphenyl",4
BD162,Environmental,"2,2',5,5'-Tetrachlorobiphenyl",4
BD162,Environmental,"3,4,3',4'-Tetrachlorobiphenyl",4
BD162,Environmental,"3,4,5,3',4',5'-Hexachlorobiphenyl",4
BD162,Environmental,"3,4-Dihydroxybenzoate",4
BD162,Environmental,Acenaphthene,4
BD162,Environmental,Chloraminophenamide,4
BD162,Environmental,Dibutyl phthalate,4
BD162,Environmental,Methyl isobutyl ketone,4
BD162,Environmental,Mitomycin,4
BD162,Environmental,Nitromethane,4
BD162,Environmental,Phenacetin,4
BD162,Environmental,Phenylmercury acetate,4
BD162,Environmental,Phenylmethanesulfonyl fluoride,4
BD162,Environmental,Simazine,4
BD162,Environmental,Tetranitromethane,4
BD162,Environmental,Toluene,4
BD162,Environmental,para-Aminoazobenzene,4
BD162,Environmental,CO,3
BD162,Environmental,Captafol,3
BD162,Environmental,Chlorothalonil,3
BD162,Environmental,Dimethoate,3
BD162,Environmental,Naled,3
BD162,Environmental,Nitrofen,3
BD162,Environmental,Ochratoxin A,3
BD162,Environmental,Pioglitazone,3
BD162,Environmental,Styrene,3
BD162,Environmental,Vinyl acetate,3
BD162,Environmental,"1,3-Dichloro-2-propanol",2
BD162,Environmental,"2,6-Dimethylaniline",2
BD162,Environmental,2-(4-Chlorophenoxy)propionic acid,2
BD162,Environmental,2-Ethoxyethanol,2
BD162,Environmental,2-Naphthylamine,2
BD162,Environmental,2-Nitropropane,2
BD162,Environmental,"3,3'-Dimethylbenzidine",2
BD162,Environmental,4-(N-Nitrosomethylamino)-1-(3-pyridyl)-1-butanone,2
BD162,Environmental,4-Cresol,2
BD162,Environmental,Aflatoxin M1,2
BD162,Environmental,Aziridine,2
BD162,Environmental,Caffeate,2
BD162,Environmental,Chloral,2
BD162,Environmental,Etoposide,2
BD162,Environmental,Glu-P-1,2
BD162,Environmental,Hydrazine,2
BD162,Environmental,Microcystin LR,2
BD162,Environmental,N-Methyl-N'-nitro-N-nitrosoguanidine,2
BD162,Environmental,Nitrogen mustard,2
BD162,Environmental,Tamoxifen,2
BD162,Environmental,Trinitrotoluene,2
BD162,Environmental,ortho-Toluidine,2
BD162,Environmental,para-(Dimethylamino)azobenzene,2
BD162,Environmental,3-Cresol,1
BD162,Environmental,Acetone,1
BD162,Environmental,Aflatoxin B1,1
BD162,Environmental,"Aflatoxin B1-endo-8,9-epoxide",1
BD162,Environmental,"Aflatoxin B1-exo-8,9-epoxide",1
BD162,Environmental,Aflatoxin Q1,1
BD162,Environmental,"Aflatoxin-M1-8,9-epoxide",1
BD162,Environmental,Benzophenone,1
BD162,Environmental,Benzyl alcohol,1
BD162,Environmental,Cobalt,1
BD162,Environmental,Cyclosporin A,1
BD162,Environmental,Diethyl phthalate,1
BD162,Environmental,Digoxin,1
BD162,Environmental,Glycidaldehyde,1
BD162,Environmental,Manganese(2+),1
BD162,Environmental,Phenolphthalein,1
BD162,Environmental,Sodium fluoride,1
BD162,Environmental,Strontium cation,1
BD162,Genomic,Diuron,45
BD162,Genomic,Benzidine,40
BD162,Genomic,Formaldehyde,24
BD162,Genomic,Lead nitrate,24
BD162,Genomic,Amsacrine,18
BD162,Genomic,Chlorpyrifos,18
BD162,Genomic,Cypermethrin,18
BD162,Genomic,Nitrite,14
BD162,Genomic,Dichlorvos,12
BD162,Genomic,Hydrochlorothiazide,12
BD162,Genomic,Streptozocin,10
BD162,Genomic,"2-Amino-1-methyl-6-phenylimidazo[4,5-b]pyridine",8
BD162,Genomic,"3,3'-Dimethoxybenzidine",8
BD162,Genomic,Chloral hydrate,8
BD162,Genomic,Chlorpyrifos-methyl,8
BD162,Genomic,Endosulfan,8
BD162,Genomic,Benzo[a]pyrene,7
BD162,Genomic,Chlorfenvinphos,6
BD162,Genomic,Cobaltous sulfate,6
BD162,Genomic,Merphalan,6
BD162,Genomic,Methyl bromide,6
BD162,Genomic,Mitoxantrone,6
BD162,Genomic,Parathion,6
BD162,Genomic,Sulfasalazine,6
BD162,Genomic,alpha-Chlorohydrin,6
BD162,Genomic,Danthron,5
BD162,Genomic,Zalcitabine,5
BD162,Genomic,Chloraminophenamide,4
BD162,Genomic,Epichlorohydrin,4
BD162,Genomic,Mitomycin,4
BD162,Genomic,Phenacetin,4
BD162,Genomic,Simazine,4
BD162,Genomic,Tetranitromethane,4
BD162,Genomic,para-Aminoazobenzene,4
BD162,Genomic,Captafol,3
BD162,Genomic,Dimethoate,3
BD162,Genomic,Nitrofen,3
BD162,Genomic,Pioglitazone,3
BD162,Genomic,Styrene,3
BD162,Genomic,"1,3-Dichloro-2-propanol",2
BD162,Genomic,"2,6-Dimethylaniline",2
BD162,Genomic,2-Naphthylamine,2
BD162,Genomic,2-Nitropropane,2
BD162,Genomic,"3,3'-Dimethylbenzidine",2
BD162,Genomic,4-(N-Nitrosomethylamino)-1-(3-pyridyl)-1-butanone,2
BD162,Genomic,Aflatoxin M1,2
BD162,Genomic,Aziridine,2
BD162,Genomic,Chloral,2
BD162,Genomic,Ethyl methanesulfonate,2
BD162,Genomic,Etoposide,2
BD162,Genomic,Glu-P-1,2
BD162,Genomic,Hydrazine,2
BD162,Genomic,Methylnitrosourea,2
BD162,Genomic,Microcystin LR,2
BD162,Genomic,N-Methyl-N'-nitro-N-nitrosoguanidine,2
BD162,Genomic,Nitrogen mustard,2
BD162,Genomic,Trinitrotoluene,2
BD162,Genomic,ortho-Toluidine,2
BD162,Genomic,para-(Dimethylamino)azobenzene,2
BD162,Genomic,Aflatoxin B1,1
BD162,Genomic,"Aflatoxin B1-endo-8,9-epoxide",1
BD162,Genomic,"Aflatoxin B1-exo-8,9-epoxide",1
BD162,Genomic,Aflatoxin Q1,1
BD162,Genomic,"Aflatoxin-M1-8,9-epoxide",1
BD162,Genomic,Cyclosporin A,1
BD162,Genomic,Glycidaldehyde,1
BD162,Nuclear Response,Diuron,45
BD162,Nuclear Response,Benzidine,40
BD162,Nuclear Response,Acetaldehyde,27
BD162,Nuclear Response,Chlorpyrifos,18
BD162,Nuclear Response,"2-Amino-1-methyl-6-phenylimidazo[4,5-b]pyridine",8
BD162,Nuclear Response,Chlorpyrifos-methyl,8
BD162,Nuclear Response,Tributyltin chloride,8
BD162,Nuclear Response,Benzo[a]pyrene,7
BD162,Nuclear Response,Chlorfenvinphos,6
BD162,Nuclear Response,Parathion,6
BD162,Nuclear Response,Catechol,5
BD162,Nuclear Response,Danthron,5
BD162,Nuclear Response,Mitomycin,4
BD162,Nuclear Response,Phenylmercury acetate,4
BD162,Nuclear Response,para-Aminoazobenzene,4
BD162,Nuclear Response,Chlorothalonil,3
BD162,Nuclear Response,Naled,3
BD162,Nuclear Response,Pioglitazone,3
BD162,Nuclear Response,2-Naphthylamine,2
BD162,Nuclear Response,"3,3'-Dimethylbenzidine",2
BD162,Nuclear Response,Caffeate,2
BD162,Nuclear Response,Etoposide,2
BD162,Nuclear Response,Glu-P-1,2
BD162,Nuclear Response,Hydrazine,2
BD162,Nuclear Response,N-Methyl-N'-nitro-N-nitrosoguanidine,2
BD162,Nuclear Response,Nitrogen mustard,2
BD162,Nuclear Response,Tamoxifen,2
BD162,Nuclear Response,para-(Dimethylamino)azobenzene,2
BD162,Nuclear Response,Digoxin,1
BD162,Nuclear Response,Phenolphthalein,1
BD162,Organic,Ammonia,136
BD162,Organic,Diuron,45
BD162,Organic,Benzidine,40
BD162,Organic,Acetaldehyde,27
BD162,Organic,Carbon tetrachloride,25
BD162,Organic,Formaldehyde,24
BD162,Organic,Lead nitrate,24
BD162,Organic,2-Chlorophenol,18
BD162,Organic,Amsacrine,18
BD162,Organic,Cadmium chloride,18
BD162,Organic,Chlorpyrifos,18
BD162,Organic,Methylmercury chloride,18
BD162,Organic,Mercuric chloride,16
BD162,Organic,Copper,15
BD162,Organic,Thioacetamide,15
BD162,Organic,Nitrite,14
BD162,Organic,4-Nitrophenol,12
BD162,Organic,Dichlorvos,12
BD162,Organic,Hydrochlorothiazide,12
BD162,Organic,Phenol,12
BD162,Organic,Trichloroethene,12
BD162,Organic,Nitrate,10
BD162,Organic,Streptozocin,10
BD162,Organic,Zinc cation,10
BD162,Organic,Nickel chloride,9
BD162,Organic,"1,1,2,2-Tetrachloroethane",8
BD162,Organic,"1,2-Dichlorobenzene",8
BD162,Organic,"2-Amino-1-methyl-6-phenylimidazo[4,5-b]pyridine",8
BD162,Organic,"3,3'-Dimethoxybenzidine",8
BD162,Organic,Arsenic,8
BD162,Organic,Arylmercury,8
BD162,Organic,Cacodylate,8
BD162,Organic,Chloral hydrate,8
BD162,Organic,Chlorpyrifos-methyl,8
BD162,Organic,Endosulfan,8
BD162,Organic,Tributyltin chloride,8
BD162,Organic,Benzo[a]pyrene,7
BD162,Organic,Chloramine,6
BD162,Organic,Chlorfenvinphos,6
BD162,Organic,Cobaltous sulfate,6
BD162,Organic,Merphalan,6
BD162,Organic,Methyl bromide,6
BD162,Organic,Mitoxantrone,6
BD162,Organic,Naphthalene,6
BD162,Organic,Parathion,6
BD162,Organic,Sodium arsenite,6
BD162,Organic,Sulfasalazine,6
BD162,Organic,alpha-Chlorohydrin,6
BD162,Organic,Catechol,5
BD162,Organic,Danthron,5
BD162,Organic,Ethanol,5
BD162,Organic,Lead,5
BD162,Organic,Zalcitabine,5
BD162,Organic,"1,4-Dioxane",4
BD162,Organic,"2,2',4,4',6,6'-Hexachlorobiphenyl",4
BD162,Organic,"2,2',4,4'-Tetrachlorobiphenyl",4
BD162,Organic,"2,2',5,5'-Tetrachlorobiphenyl",4
BD162,Organic,"3,4,3',4'-Tetrachlorobiphenyl",4
BD162,Organic,"3,4,5,3',4',5'-Hexachlorobiphenyl",4
BD162,Organic,"3,4-Dihydroxybenzoate",4
BD162,Organic,Acenaphthene,4
BD162,Organic,Chloraminophenamide,4
BD162,Organic,Dibutyl phthalate,4
BD162,Organic,Epichlorohydrin,4
BD162,Organic,Methyl isobutyl ketone,4
BD162,Organic,Mitomycin,4
BD162,Organic,Nitromethane,4
BD162,Organic,Phenacetin,4
BD162,Organic,Phenylmercury acetate,4
BD162,Organic,Phenylmethanesulfonyl fluoride,4
BD162,Organic,Simazine,4
BD162,Organic,Tetranitromethane,4
BD162,Organic,Toluene,4
BD162,Organic,para-Aminoazobenzene,4
BD162,Organic,CO,3
BD162,Organic,Captafol,3
BD162,Organic,Chlorothalonil,3
BD162,Organic,Dimethoate,3
BD162,Organic,Naled,3
BD162,Organic,Nitrofen,3
BD162,Organic,Ochratoxin A,3
BD162,Organic,Pioglitazone,3
BD162,Organic,Styrene,3
BD162,Organic,Vinyl acetate,3
BD162,Organic,"1,3-Dichloro-2-propanol",2
BD162,Organic,"2,6-Dimethylaniline",2
BD162,Organic,2-(4-Chlorophenoxy)propionic acid,2
BD162,Organic,2-Ethoxyethanol,2
BD162,Organic,2-Naphthylamine,2
BD162,Organic,2-Nitropropane,2
BD162,Organic,"3,3'-Dimethylbenzidine",2
BD162,Organic,4-(N-Nitrosomethylamino)-1-(3-pyridyl)-1-butanone,2
BD162,Organic,4-Cresol,2
BD162,Organic,Aflatoxin M1,2
BD162,Organic,Aziridine,2
BD162,Organic,Caffeate,2
BD162,Organic,Chloral,2
BD162,Organic,Ethyl methanesulfonate,2
BD162,Organic,Etoposide,2
BD162,Organic,Glu-P-1,2
BD162,Organic,Hydrazine,2
BD162,Organic,Methylnitrosourea,2
BD162,Organic,Microcystin LR,2
BD162,Organic,N-Methyl-N'-nitro-N-nitrosoguanidine,2
BD162,Organic,Nitrogen mustard,2
BD162,Organic,Tamoxifen,2
BD162,Organic,Trinitrotoluene,2
BD162,Organic,ortho-Toluidine,2
BD162,Organic,para-(Dimethylamino)azobenzene,2
BD162,Organic,3-Cresol,1
BD162,Organic,Acetone,1
BD162,Organic,Aflatoxin B1,1
BD162,Organic,"Aflatoxin B1-endo-8,9-epoxide",1
BD162,Organic,"Aflatoxin B1-exo-8,9-epoxide",1
BD162,Organic,Aflatoxin Q1,1
BD162,Organic,"Aflatoxin-M1-8,9-epoxide",1
BD162,Organic,Benzophenone,1
BD162,Organic,Benzyl alcohol,1
BD162,Organic,Cobalt,1
BD162,Organic,Cyclosporin A,1
BD162,Organic,Diethyl phthalate,1
BD162,Organic,Digoxin,1
BD162,Organic,Glycidaldehyde,1
BD162,Organic,Manganese(2+),1
BD162,Organic,Methyl tert-butyl ether,1
BD162,Organic,Phenolphthalein,1
BD162,Organic,Sodium fluoride,1
BD162,Organic,Strontium cation,1
BD162,Stress Response,Diuron,45
BD162,Stress Response,Benzidine,40
BD162,Stress Response,Acetaldehyde,27
BD162,Stress Response,Amsacrine,18
BD162,Stress Response,Chlorpyrifos,18
BD162,Stress Response,Methylmercury chloride,18
BD162,Stress Response,4-Nitrophenol,12
BD162,Stress Response,Dichlorvos,12
BD162,Stress Response,"3,3'-Dimethoxybenzidine",8
BD162,Stress Response,Chlorpyrifos-methyl,8
BD162,Stress Response,Endosulfan,8
BD162,Stress Response,Tributyltin chloride,8
BD162,Stress Response,Benzo[a]pyrene,7
BD162,Stress Response,Catechol,5
BD162,Stress Response,Danthron,5
BD162,Stress Response,"2,2',4,4',6,6'-Hexachlorobiphenyl",4
BD162,Stress Response,Nitromethane,4
BD162,Stress Response,Phenylmercury acetate,4
BD162,Stress Response,para-Aminoazobenzene,4
BD162,Stress Response,Captafol,3
BD162,Stress Response,Chlorothalonil,3
BD162,Stress Response,Naled,3
BD162,Stress Response,Nitrofen,3
BD162,Stress Response,Etoposide,2
BD162,Stress Response,Methylnitrosourea,2
BD162,Stress Response,N-Methyl-N'-nitro-N-nitrosoguanidine,2
BD162,Stress Response,para-(Dimethylamino)azobenzene,2
BD162,Stress Response,Cyclosporin A,1
BD162,Stress Response,Digoxin,1
BD162,Stress Response,Phenolphthalein,1
BD163,Environmental,Ammonia,152
BD163,Environmental,Diuron,45
BD163,Environmental,Acetaldehyde,42
BD163,Environmental,Benzidine,40
BD163,Environmental,Formaldehyde,39
BD163,Environmental,2-Chlorophenol,30
BD163,Environmental,Carbon tetrachloride,25
BD163,Environmental,Chlorpyrifos,24
BD163,Environmental,Methylmercury chloride,24
BD163,Environmental,Cypermethrin,21
BD163,Environmental,Amsacrine,18
BD163,Environmental,Lead nitrate,18
BD163,Environmental,Nickel chloride,18
BD163,Environmental,"1,1,2,2-Tetrachloroethane",16
BD163,Environmental,Mercuric chloride,16
BD163,Environmental,Catechol,15
BD163,Environmental,Copper,15
BD163,Environmental,Thioacetamide,15
BD163,Environmental,"1,2-Dichloroethane",14
BD163,Environmental,Chloroform,14
BD163,Environmental,4-Nitrophenol,12
BD163,Environmental,Dichlorvos,12
BD163,Environmental,Hydrochlorothiazide,12
BD163,Environmental,Phenol,12
BD163,Environmental,Streptozocin,12
BD163,Environmental,Trichloroethene,12
BD163,Environmental,Zinc cation,10
BD163,Environmental,"1,2-Dichlorobenzene",8
BD163,Environmental,"2-Amino-1-methyl-6-phenylimidazo[4,5-b]pyridine",8
BD163,Environmental,"3,3'-Dimethoxybenzidine",8
BD163,Environmental,Arsenic,8
BD163,Environmental,Chloral hydrate,8
BD163,Environmental,Chlorpyrifos-methyl,8
BD163,Environmental,Endosulfan,8
BD163,Environmental,Nitrite,8
BD163,Environmental,Tributyltin chloride,8
BD163,Environmental,alpha-Chlorohydrin,8
BD163,Environmental,"beta-1,2,3,4,5,6-Hexachlorocyclohexane",8
BD163,Environmental,Benzo[a]pyrene,7
BD163,Environmental,Acenaphthene,6
BD163,Environmental,Bis(2-chloroethyl)ether,6
BD163,Environmental,Chlorfenvinphos,6
BD163,Environmental,Cyanide ion,6
BD163,Environmental,Merphalan,6
BD163,Environmental,Mitoxantrone,6
BD163,Environmental,Naphthalene,6
BD163,Environmental,Parathion,6
BD163,Environmental,Phenacetin,6
BD163,Environmental,Zalcitabine,6
BD163,Environmental,"trans-1,3-Dichloropropene",6
BD163,Environmental,Ethanol,5
BD163,Environmental,Lead,5
BD163,Environmental,"1,1,2-Trichloroethane",4
BD163,Environmental,"1,2-Dibromo-3-chloropropane",4
BD163,Environmental,"1,4-Dioxane",4
BD163,Environmental,"2,2',4,4',6,6'-Hexachlorobiphenyl",4
BD163,Environmental,"2,2',4,4'-Tetrachlorobiphenyl",4
BD163,Environmental,"2,2',5,5'-Tetrachlorobiphenyl",4
BD163,Environmental,2-Naphthylamine,4
BD163,Environmental,"3,4,3',4'-Tetrachlorobiphenyl",4
BD163,Environmental,"3,4,5,3',4',5'-Hexachlorobiphenyl",4
BD163,Environmental,Arylmercury,4
BD163,Environmental,Chloramine,4
BD163,Environmental,Chloraminophenamide,4
BD163,Environmental,Danthron,4
BD163,Environmental,Dibutyl phthalate,4
BD163,Environmental,Fluoranthene,4
BD163,Environmental,Methyl bromide,4
BD163,Environmental,Methyl chloride,4
BD163,Environmental,Microcystin LR,4
BD163,Environmental,N-Methyl-N'-nitro-N-nitrosoguanidine,4
BD163,Environmental,Nitrate,4
BD163,Environmental,Nitromethane,4
BD163,Environmental,Phenylmercury acetate,4
BD163,Environmental,Phenylmethanesulfonyl fluoride,4
BD163,Environmental,Simazine,4
BD163,Environmental,Tetranitromethane,4
BD163,Environmental,Toluene,4
BD163,Environmental,alpha-Hexachlorocyclohexane,4
BD163,Environmental,"cis-1,3-Dichloropropene",4
BD163,Environmental,para-Aminoazobenzene,4
BD163,Environmental,CO,3
BD163,Environmental,Caffeate,3
BD163,Environmental,Captafol,3
BD163,Environmental,Dimethoate,3
BD163,Environmental,Methyl isobutyl ketone,3
BD163,Environmental,Naled,3
BD163,Environmental,Nitrofen,3
BD163,Environmental,Ochratoxin A,3
BD163,Environmental,Styrene,3
BD163,Environmental,Sulfasalazine,3
BD163,Environmental,Vinyl acetate,3
BD163,Environmental,"1,2,3-Trichloropropane",2
BD163,Environmental,"1,3-Dichloro-2-propanol",2
BD163,Environmental,"2,6-Dimethylaniline",2
BD163,Environmental,2-(4-Chlorophenoxy)propionic acid,2
BD163,Environmental,2-Ethoxyethanol,2
BD163,Environmental,2-Nitropropane,2
BD163,Environmental,"3,3'-Dimethylbenzidine",2
BD163,Environmental,3-Chloro-2-methylpropene,2
BD163,Environmental,4-(N-Nitrosomethylamino)-1-(3-pyridyl)-1-butanone,2
BD163,Environmental,4-Cresol,2
BD163,Environmental,Acetamide,2
BD163,Environmental,Acrylamide,2
BD163,Environmental,Aflatoxin M1,2
BD163,Environmental,Aziridine,2
BD163,Environmental,Chloral,2
BD163,Environmental,Etoposide,2
BD163,Environmental,Glu-P-1,2
BD163,Environmental,Hydrazine,2
BD163,Environmental,Mitomycin,2
BD163,Environmental,"N,N'-Diacetylbenzidine",2
BD163,Environmental,Nickel(2+),2
BD163,Environmental,Nitrogen mustard,2
BD163,Environmental,Tamoxifen,2
BD163,Environmental,Thiocyanate,2
BD163,Environmental,Trinitrotoluene,2
BD163,Environmental,ortho-Toluidine,2
BD163,Environmental,para-(Dimethylamino)azobenzene,2
BD163,Environmental,3-Cresol,1
BD163,Environmental,Aflatoxin B1,1
BD163,Environmental,"Aflatoxin B1-endo-8,9-epoxide",1
BD163,Environmental,"Aflatoxin B1-exo-8,9-epoxide",1
BD163,Environmental,Aflatoxin Q1,1
BD163,Environmental,"Aflatoxin-M1-8,9-epoxide",1
BD163,Environmental,Benzofuran,1
BD163,Environmental,Benzyl alcohol,1
BD163,Environmental,Bromide,1
BD163,Environmental,Cobalt,1
BD163,Environmental,Cyclosporin A,1
BD163,Environmental,Diethyl phthalate,1
BD163,Environmental,Digoxin,1
BD163,Environmental,Ethyl acrylate,1
BD163,Environmental,Glycidaldehyde,1
BD163,Environmental,Phenolphthalein,1
BD163,Environmental,Sodium fluoride,1
BD163,Environmental,Strontium cation,1
BD163,Genomic,Diuron,45
BD163,Genomic,Benzidine,40
BD163,Genomic,Formaldehyde,39
BD163,Genomic,Chlorpyrifos,24
BD163,Genomic,Cypermethrin,21
BD163,Genomic,Amsacrine,18
BD163,Genomic,Lead nitrate,18
BD163,Genomic,"1,2-Dichloroethane",14
BD163,Genomic,Dichlorvos,12
BD163,Genomic,Hydrochlorothiazide,12
BD163,Genomic,Streptozocin,12
BD163,Genomic,"2-Amino-1-methyl-6-phenylimidazo[4,5-b]pyridine",8
BD163,Genomic,"3,3'-Dimethoxybenzidine",8
BD163,Genomic,Chloral hydrate,8
BD163,Genomic,Chlorpyrifos-methyl,8
BD163,Genomic,Endosulfan,8
BD163,Genomic,Nitrite,8
BD163,Genomic,alpha-Chlorohydrin,8
BD163,Genomic,Benzo[a]pyrene,7
BD163,Genomic,Bis(2-chloroethyl)ether,6
BD163,Genomic,Chlorfenvinphos,6
BD163,Genomic,Merphalan,6
BD163,Genomic,Mitoxantrone,6
BD163,Genomic,Parathion,6
BD163,Genomic,Phenacetin,6
BD163,Genomic,Zalcitabine,6
BD163,Genomic,"trans-1,3-Dichloropropene",6
BD163,Genomic,"1,2-Dibromo-3-chloropropane",4
BD163,Genomic,2-Naphthylamine,4
BD163,Genomic,Chloraminophenamide,4
BD163,Genomic,Cobaltous sulfate,4
BD163,Genomic,Danthron,4
BD163,Genomic,Epichlorohydrin,4
BD163,Genomic,Fluoranthene,4
BD163,Genomic,Methyl bromide,4
BD163,Genomic,Methyl chloride,4
BD163,Genomic,Microcystin LR,4
BD163,Genomic,N-Methyl-N'-nitro-N-nitrosoguanidine,4
BD163,Genomic,Simazine,4
BD163,Genomic,Tetranitromethane,4
BD163,Genomic,"cis-1,3-Dichloropropene",4
BD163,Genomic,para-Aminoazobenzene,4
BD163,Genomic,Captafol,3
BD163,Genomic,Dimethoate,3
BD163,Genomic,Nitrofen,3
BD163,Genomic,Styrene,3
BD163,Genomic,Sulfasalazine,3
BD163,Genomic,"1,2,3-Trichloropropane",2
BD163,Genomic,"1,3-Dichloro-2-propanol",2
BD163,Genomic,"2,6-Dimethylaniline",2
BD163,Genomic,2-Nitropropane,2
BD163,Genomic,"3,3'-Dimethylbenzidine",2
BD163,Genomic,3-Chloro-2-methylpropene,2
BD163,Genomic,4-(N-Nitrosomethylamino)-1-(3-pyridyl)-1-butanone,2
BD163,Genomic,Aflatoxin M1,2
BD163,Genomic,Aziridine,2
BD163,Genomic,Chloral,2
BD163,Genomic,Ethyl methanesulfonate,2
BD163,Genomic,Etoposide,2
BD163,Genomic,Glu-P-1,2
BD163,Genomic,Hydrazine,2
BD163,Genomic,Methylnitrosourea,2
BD163,Genomic,Mitomycin,2
BD163,Genomic,"N,N'-Diacetylbenzidine",2
BD163,Genomic,Nitrogen mustard,2
BD163,Genomic,Trinitrotoluene,2
BD163,Genomic,ortho-Toluidine,2
BD163,Genomic,para-(Dimethylamino)azobenzene,2
BD163,Genomic,Aflatoxin B1,1
BD163,Genomic,"Aflatoxin B1-endo-8,9-epoxide",1
BD163,Genomic,"Aflatoxin B1-exo-8,9-epoxide",1
BD163,Genomic,Aflatoxin Q1,1
BD163,Genomic,"Aflatoxin-M1-8,9-epoxide",1
BD163,Genomic,Benzofuran,1
BD163,Genomic,Cyclosporin A,1
BD163,Genomic,Glycidaldehyde,1
BD163,Nuclear Response,Diuron,45
BD163,Nuclear Response,Acetaldehyde,42
BD163,Nuclear Response,Benzidine,40
BD163,Nuclear Response,Chlorpyrifos,24
BD163,Nuclear Response,Catechol,15
BD163,Nuclear Response,"2-Amino-1-methyl-6-phenylimidazo[4,5-b]pyridine",8
BD163,Nuclear Response,Chlorpyrifos-methyl,8
BD163,Nuclear Response,Tributyltin chloride,8
BD163,Nuclear Response,Benzo[a]pyrene,7
BD163,Nuclear Response,Chlorfenvinphos,6
BD163,Nuclear Response,Parathion,6
BD163,Nuclear Response,2-Naphthylamine,4
BD163,Nuclear Response,Danthron,4
BD163,Nuclear Response,Fluoranthene,4
BD163,Nuclear Response,N-Methyl-N'-nitro-N-nitrosoguanidine,4
BD163,Nuclear Response,Phenylmercury acetate,4
BD163,Nuclear Response,para-Aminoazobenzene,4
BD163,Nuclear Response,Caffeate,3
BD163,Nuclear Response,Naled,3
BD163,Nuclear Response,"3,3'-Dimethylbenzidine",2
BD163,Nuclear Response,Etoposide,2
BD163,Nuclear Response,Glu-P-1,2
BD163,Nuclear Response,Hydrazine,2
BD163,Nuclear Response,Mitomycin,2
BD163,Nuclear Response,"N,N'-Diacetylbenzidine",2
BD163,Nuclear Response,Nitrogen mustard,2
BD163,Nuclear Response,Tamoxifen,2
BD163,Nuclear Response,Thiocyanate,2
BD163,Nuclear Response,para-(Dimethylamino)azobenzene,2
BD163,Nuclear Response,Benzofuran,1
BD163,Nuclear Response,Digoxin,1
BD163,Nuclear Response,Phenolphthalein,1
BD163,Organic,Ammonia,152
BD163,Organic,Diuron,45
BD163,Organic,Acetaldehyde,42
BD163,Organic,Benzidine,40
BD163,Organic,Formaldehyde,39
BD163,Organic,2-Chlorophenol,30
BD163,Organic,Carbon tetrachloride,25
BD163,Organic,Chlorpyrifos,24
BD163,Organic,Methylmercury chloride,24
BD163,Organic,Amsacrine,18
BD163,Organic,Lead nitrate,18
BD163,Organic,Nickel chloride,18
BD163,Organic,"1,1,2,2-Tetrachloroethane",16
BD163,Organic,Mercuric chloride,16
BD163,Organic,Catechol,15
BD163,Organic,Copper,15
BD163,Organic,Thioacetamide,15
BD163,Organic,"1,2-Dichloroethane",14
BD163,Organic,Chloroform,14
BD163,Organic,4-Nitrophenol,12
BD163,Organic,Dichlorvos,12
BD163,Organic,Hydrochlorothiazide,12
BD163,Organic,Phenol,12
BD163,Organic,Streptozocin,12
BD163,Organic,Trichloroethene,12
BD163,Organic,Zinc cation,10
BD163,Organic,"1,2-Dichlorobenzene",8
BD163,Organic,"2-Amino-1-methyl-6-phenylimidazo[4,5-b]pyridine",8
BD163,Organic,"3,3'-Dimethoxybenzidine",8
BD163,Organic,Arsenic,8
BD163,Organic,Cacodylate,8
BD163,Organic,Chloral hydrate,8
BD163,Organic,Chlorpyrifos-methyl,8
BD163,Organic,Endosulfan,8
BD163,Organic,Nitrite,8
BD163,Organic,Sodium arsenite,8
BD163,Organic,Tributyltin chloride,8
BD163,Organic,alpha-Chlorohydrin,8
BD163,Organic,"beta-1,2,3,4,5,6-Hexachlorocyclohexane",8
BD163,Organic,Benzo[a]pyrene,7
BD163,Organic,Acenaphthene,6
BD163,Organic,Bis(2-chloroethyl)ether,6
BD163,Organic,Chlorfenvinphos,6
BD163,Organic,Cyanide ion,6
BD163,Organic,Merphalan,6
BD163,Organic,Mitoxantrone,6
BD163,Organic,Naphthalene,6
BD163,Organic,Parathion,6
BD163,Organic,Phenacetin,6
BD163,Organic,Zalcitabine,6
BD163,Organic,"trans-1,3-Dichloropropene",6
BD163,Organic,Ethanol,5
BD163,Organic,Lead,5
BD163,Organic,"1,1,2-Trichloroethane",4
BD163,Organic,"1,2-Dibromo-3-chloropropane",4
BD163,Organic,"1,4-Dioxane",4
BD163,Organic,"2,2',4,4',6,6'-Hexachlorobiphenyl",4
BD163,Organic,"2,2',4,4'-Tetrachlorobiphenyl",4
BD163,Organic,"2,2',5,5'-Tetrachlorobiphenyl",4
BD163,Organic,2-Naphthylamine,4
BD163,Organic,"3,4,3',4'-Tetrachlorobiphenyl",4
BD163,Organic,"3,4,5,3',4',5'-Hexachlorobiphenyl",4
BD163,Organic,Arylmercury,4
BD163,Organic,Chloramine,4
BD163,Organic,Chloraminophenamide,4
BD163,Organic,Cobaltous sulfate,4
BD163,Organic,Danthron,4
BD163,Organic,Dibutyl phthalate,4
BD163,Organic,Epichlorohydrin,4
BD163,Organic,Fluoranthene,4
BD163,Organic,Methyl bromide,4
BD163,Organic,Methyl chloride,4
BD163,Organic,Microcystin LR,4
BD163,Organic,N-Methyl-N'-nitro-N-nitrosoguanidine,4
BD163,Organic,Nitrate,4
BD163,Organic,Nitromethane,4
BD163,Organic,Phenylmercury acetate,4
BD163,Organic,Phenylmethanesulfonyl fluoride,4
BD163,Organic,Simazine,4
BD163,Organic,Tetranitromethane,4
BD163,Organic,Toluene,4
BD163,Organic,alpha-Hexachlorocyclohexane,4
BD163,Organic,"cis-1,3-Dichloropropene",4
BD163,Organic,para-Aminoazobenzene,4
BD163,Organic,CO,3
BD163,Organic,Caffeate,3
BD163,Organic,Captafol,3
BD163,Organic,Dimethoate,3
BD163,Organic,Methyl isobutyl ketone,3
BD163,Organic,Naled,3
BD163,Organic,Nitrofen,3
BD163,Organic,Ochratoxin A,3
BD163,Organic,Styrene,3
BD163,Organic,Sulfasalazine,3
BD163,Organic,Vinyl acetate,3
BD163,Organic,"1,2,3-Trichloropropane",2
BD163,Organic,"1,3-Dichloro-2-propanol",2
BD163,Organic,"2,6-Dimethylaniline",2
BD163,Organic,2-(4-Chlorophenoxy)propionic acid,2
BD163,Organic,2-Ethoxyethanol,2
BD163,Organic,2-Nitropropane,2
BD163,Organic,"3,3'-Dimethylbenzidine",2
BD163,Organic,3-Chloro-2-methylpropene,2
BD163,Organic,4-(N-Nitrosomethylamino)-1-(3-pyridyl)-1-butanone,2
BD163,Organic,4-Cresol,2
BD163,Organic,Acetamide,2
BD163,Organic,Acrylamide,2
BD163,Organic,Aflatoxin M1,2
BD163,Organic,Aziridine,2
BD163,Organic,Chloral,2
BD163,Organic,Ethyl methanesulfonate,2
BD163,Organic,Etoposide,2
BD163,Organic,Glu-P-1,2
BD163,Organic,Hydrazine,2
BD163,Organic,Methylnitrosourea,2
BD163,Organic,Mitomycin,2
BD163,Organic,"N,N'-Diacetylbenzidine",2
BD163,Organic,Nickel(2+),2
BD163,Organic,Nitrogen mustard,2
BD163,Organic,Tamoxifen,2
BD163,Organic,Thiocyanate,2
BD163,Organic,Trinitrotoluene,2
BD163,Organic,ortho-Toluidine,2
BD163,Organic,para-(Dimethylamino)azobenzene,2
BD163,Organic,3-Cresol,1
BD163,Organic,Aflatoxin B1,1
BD163,Organic,"Aflatoxin B1-endo-8,9-epoxide",1
BD163,Organic,"Aflatoxin B1-exo-8,9-epoxide",1
BD163,Organic,Aflatoxin Q1,1
BD163,Organic,"Aflatoxin-M1-8,9-epoxide",1
BD163,Organic,Benzofuran,1
BD163,Organic,Benzyl alcohol,1
BD163,Organic,Bromide,1
BD163,Organic,Cobalt,1
BD163,Organic,Cyclosporin A,1
BD163,Organic,Diethyl phthalate,1
BD163,Organic,Digoxin,1
BD163,Organic,Ethyl acrylate,1
BD163,Organic,Glycidaldehyde,1
BD163,Organic,Methyl tert-butyl ether,1
BD163,Organic,Phenolphthalein,1
BD163,Organic,Sodium fluoride,1
BD163,Organic,Strontium cation,1
BD163,Stress Response,Diuron,45
BD163,Stress Response,Acetaldehyde,42
BD163,Stress Response,Benzidine,40
BD163,Stress Response,Chlorpyrifos,24
BD163,Stress Response,Methylmercury chloride,24
BD163,Stress Response,Amsacrine,18
BD163,Stress Response,Catechol,15
BD163,Stress Response,4-Nitrophenol,12
BD163,Stress Response,Dichlorvos,12
BD163,Stress Response,"3,3'-Dimethoxybenzidine",8
BD163,Stress Response,Chlorpyrifos-methyl,8
BD163,Stress Response,Endosulfan,8
BD163,Stress Response,Tributyltin chloride,8
BD163,Stress Response,Benzo[a]pyrene,7
BD163,Stress Response,"2,2',4,4',6,6'-Hexachlorobiphenyl",4
BD163,Stress Response,Danthron,4
BD163,Stress Response,Fluoranthene,4
BD163,Stress Response,N-Methyl-N'-nitro-N-nitrosoguanidine,4
BD163,Stress Response,Nitromethane,4
BD163,Stress Response,Phenylmercury acetate,4
BD163,Stress Response,para-Aminoazobenzene,4
BD163,Stress Response,Captafol,3
BD163,Stress Response,Naled,3
BD163,Stress Response,Nitrofen,3
BD163,Stress Response,Etoposide,2
BD163,Stress Response,Methylnitrosourea,2
BD163,Stress Response,"N,N'-Diacetylbenzidine",2
BD163,Stress Response,para-(Dimethylamino)azobenzene,2
BD163,Stress Response,Cyclosporin A,1
BD163,Stress Response,Digoxin,1
BD163,Stress Response,Phenolphthalein,1
BD48,Environmental,Ammonia,138
BD48,Environmental,Catechol,65
BD48,Environmental,Benzene,42
BD48,Environmental,Methylmercury chloride,42
BD48,Environmental,Acetaldehyde,39
BD48,Environmental,Carbon tetrachloride,30
BD48,Environmental,Phenol,30
BD48,Environmental,Formaldehyde,27
BD48,Environmental,Thioacetamide,27
BD48,Environmental,"1,1,2,2-Tetrachloroethane",24
BD48,Environmental,"3,4-Dihydroxybenzoate",24
BD48,Environmental,Chlorpyrifos,24
BD48,Environmental,Toluene,24
BD48,Environmental,Trichloroethene,24
BD48,Environmental,Sulfasalazine,18
BD48,Environmental,Mercuric chloride,16
BD48,Environmental,Amsacrine,15
BD48,Environmental,Chloroform,14
BD48,Environmental,"3-Carboxy-cis,cis-muconate",12
BD48,Environmental,Hydrochlorothiazide,12
BD48,Environmental,Lead nitrate,12
BD48,Environmental,Salicylate,12
BD48,Environmental,Tributyltin chloride,12
BD48,Environmental,o-Cresol,12
BD48,Environmental,Streptozocin,10
BD48,Environmental,Cypermethrin,9
BD48,Environmental,Diuron,9
BD48,Environmental,Nickel chloride,9
BD48,Environmental,"1,1,1-Trichloroethane",8
BD48,Environmental,Endosulfan,8
BD48,Environmental,Nitrite,8
BD48,Environmental,Nitromethane,8
BD48,Environmental,Benzo[a]pyrene,7
BD48,Environmental,"2,4-Dinitrotoluene",6
BD48,Environmental,2-Chlorophenol,6
BD48,Environmental,Alachlor,6
BD48,Environmental,Chloral hydrate,6
BD48,Environmental,Cyanide ion,6
BD48,Environmental,Dichlorvos,6
BD48,Environmental,Naphthalene,6
BD48,Environmental,Anthracene,5
BD48,Environmental,Danthron,5
BD48,Environmental,Ethanol,5
BD48,Environmental,Fluorene,5
BD48,Environmental,Lead,5
BD48,Environmental,"(+)-(3S,4R)-cis-3,4-Dihydroxy-3,4-dihydrofluorene",4
BD48,Environmental,"1,1-Dimethylhydrazine",4
BD48,Environmental,"2,2',4,4',6,6'-Hexachlorobiphenyl",4
BD48,Environmental,"2,2',4,4'-Tetrachlorobiphenyl",4
BD48,Environmental,"2,2',5,5'-Tetrachlorobiphenyl",4
BD48,Environmental,"2,3,3',4,5-Pentachlorobiphenyl",4
BD48,Environmental,"3,4,3',4'-Tetrachlorobiphenyl",4
BD48,Environmental,"3,4,5,3',4',5'-Hexachlorobiphenyl",4
BD48,Environmental,4-Nitrophenol,4
BD48,Environmental,"Anthracene-cis-1,2-dihydrodiol",4
BD48,Environmental,Arsenic,4
BD48,Environmental,"Benzo[a]pyrene-cis-9,10-dihydrodiol",4
BD48,Environmental,Chloramine,4
BD48,Environmental,Chloraminophenamide,4
BD48,Environmental,Ethylbenzene,4
BD48,Environmental,Fluoranthene,4
BD48,Environmental,Fluoren-9-ol,4
BD48,Environmental,Methyl bromide,4
BD48,Environmental,Methyl chloride,4
BD48,Environmental,Nitrate,4
BD48,Environmental,Nitrobenzene,4
BD48,Environmental,Phenylmercury acetate,4
BD48,Environmental,Phenylmethanesulfonyl fluoride,4
BD48,Environmental,Simazine,4
BD48,Environmental,Terephthalate,4
BD48,Environmental,Tributyltin oxide,4
BD48,Environmental,Trinitrotoluene,4
BD48,Environmental,Zinc cation,4
BD48,Environmental,alpha-Chlorohydrin,4
BD48,Environmental,"Aflatoxin B1exo-8,9-epoxide-GSH",3
BD48,Environmental,Captafol,3
BD48,Environmental,Chloramphenicol,3
BD48,Environmental,Copper,3
BD48,Environmental,Styrene,3
BD48,Environmental,"1,2-Dibromoethane",2
BD48,Environmental,"1,4-Dioxane",2
BD48,Environmental,1-Organyl-2-lyso-sn-glycero-3-phosphocholine,2
BD48,Environmental,2-(4-Chlorophenoxy)propionic acid,2
BD48,Environmental,"2-Amino-1-methyl-6-phenylimidazo[4,5-b]pyridine",2
BD48,Environmental,2-Naphthylamine,2
BD48,Environmental,2-Nitropropane,2
BD48,Environmental,"4,4'-Methylenebis(N,N-dimethylaniline)",2
BD48,Environmental,Acenaphthene,2
BD48,Environmental,Acetamide,2
BD48,Environmental,Acrylamide,2
BD48,Environmental,Aristolochic acid,2
BD48,Environmental,Aziridine,2
BD48,Environmental,CO,2
BD48,Environmental,Microcystin LR,2
BD48,Environmental,Mitomycin,2
BD48,Environmental,Mitoxantrone,2
BD48,Environmental,"N,N'-Diacetylbenzidine",2
BD48,Environmental,N-Methyl-N'-nitro-N-nitrosoguanidine,2
BD48,Environmental,Nitrogen mustard,2
BD48,Environmental,Phenacetin,2
BD48,Environmental,Strontium cation,2
BD48,Environmental,Tetranitromethane,2
BD48,Environmental,Thiocyanate,2
BD48,Environmental,Vinyl acetate,2
BD48,Environmental,Zalcitabine,2
BD48,Environmental,para-Aminoazobenzene,2
BD48,Environmental,"1,2-Epoxybutane",1
BD48,Environmental,2-Ethoxyethanol,1
BD48,Environmental,2-Methylnaphthalene,1
BD48,Environmental,"Aflatoxin B1-exo-8,9-epoxide",1
BD48,Environmental,Cobalt,1
BD48,Environmental,Diethyl phthalate,1
BD48,Environmental,Ethyl acrylate,1
BD48,Environmental,Ethylene glycol,1
BD48,Environmental,Etoposide,1
BD48,Environmental,Glycidaldehyde,1
BD48,Environmental,Hydrogen cyanide,1
BD48,Environmental,Methane,1
BD48,Environmental,Methyl isobutyl ketone,1
BD48,Environmental,Sodium fluoride,1
BD48,Genomic,Formaldehyde,27
BD48,Genomic,Chlorpyrifos,24
BD48,Genomic,Sulfasalazine,18
BD48,Genomic,Amsacrine,15
BD48,Genomic,Hydrochlorothiazide,12
BD48,Genomic,Lead nitrate,12
BD48,Genomic,Epichlorohydrin,10
BD48,Genomic,Streptozocin,10
BD48,Genomic,Cypermethrin,9
BD48,Genomic,Diuron,9
BD48,Genomic,"1,1,1-Trichloroethane",8
BD48,Genomic,Cobaltous sulfate,8
BD48,Genomic,Endosulfan,8
BD48,Genomic,Nitrite,8
BD48,Genomic,Benzo[a]pyrene,7
BD48,Genomic,"2,4-Dinitrotoluene",6
BD48,Genomic,Alachlor,6
BD48,Genomic,Chloral hydrate,6
BD48,Genomic,Dichlorvos,6
BD48,Genomic,Anthracene,5
BD48,Genomic,Danthron,5
BD48,Genomic,"(+)-(3S,4R)-cis-3,4-Dihydroxy-3,4-dihydrofluorene",4
BD48,Genomic,"1,1-Dimethylhydrazine",4
BD48,Genomic,"Anthracene-cis-1,2-dihydrodiol",4
BD48,Genomic,"Benzo[a]pyrene-cis-9,10-dihydrodiol",4
BD48,Genomic,Chloraminophenamide,4
BD48,Genomic,Fluoranthene,4
BD48,Genomic,Fluoren-9-ol,4
BD48,Genomic,Methyl bromide,4
BD48,Genomic,Methyl chloride,4
BD48,Genomic,Simazine,4
BD48,Genomic,Trinitrotoluene,4
BD48,Genomic,alpha-Chlorohydrin,4
BD48,Genomic,"Aflatoxin B1exo-8,9-epoxide-GSH",3
BD48,Genomic,Captafol,3
BD48,Genomic,Chloramphenicol,3
BD48,Genomic,Styrene,3
BD48,Genomic,"1,2-Dibromoethane",2
BD48,Genomic,"2-Amino-1-methyl-6-phenylimidazo[4,5-b]pyridine",2
BD48,Genomic,2-Naphthylamine,2
BD48,Genomic,2-Nitropropane,2
BD48,Genomic,"4,4'-Methylenebis(N,N-dimethylaniline)",2
BD48,Genomic,Aristolochic acid,2
BD48,Genomic,Aziridine,2
BD48,Genomic,Ethyl methanesulfonate,2
BD48,Genomic,Methylnitrosourea,2
BD48,Genomic,Microcystin LR,2
BD48,Genomic,Mitomycin,2
BD48,Genomic,Mitoxantrone,2
BD48,Genomic,"N,N'-Diacetylbenzidine",2
BD48,Genomic,N-Methyl-N'-nitro-N-nitrosoguanidine,2
BD48,Genomic,Nitrogen mustard,2
BD48,Genomic,Phenacetin,2
BD48,Genomic,Tetranitromethane,2
BD48,Genomic,Zalcitabine,2
BD48,Genomic,para-Aminoazobenzene,2
BD48,Genomic,"1,2-Epoxybutane",1
BD48,Genomic,"Aflatoxin B1-exo-8,9-epoxide",1
BD48,Genomic,Etoposide,1
BD48,Genomic,Glycidaldehyde,1
BD48,Nuclear Response,Catechol,65
BD48,Nuclear Response,Acetaldehyde,39
BD48,Nuclear Response,Chlorpyrifos,24
BD48,Nuclear Response,Tributyltin chloride,12
BD48,Nuclear Response,Diuron,9
BD48,Nuclear Response,Benzo[a]pyrene,7
BD48,Nuclear Response,Anthracene,5
BD48,Nuclear Response,Danthron,5
BD48,Nuclear Response,"2,3,3',4,5-Pentachlorobiphenyl",4
BD48,Nuclear Response,"Anthracene-cis-1,2-dihydrodiol",4
BD48,Nuclear Response,Fluoranthene,4
BD48,Nuclear Response,Phenylmercury acetate,4
BD48,Nuclear Response,Tributyltin oxide,4
BD48,Nuclear Response,"2-Amino-1-methyl-6-phenylimidazo[4,5-b]pyridine",2
BD48,Nuclear Response,2-Naphthylamine,2
BD48,Nuclear Response,"4,4'-Methylenebis(N,N-dimethylaniline)",2
BD48,Nuclear Response,Mitomycin,2
BD48,Nuclear Response,"N,N'-Diacetylbenzidine",2
BD48,Nuclear Response,N-Methyl-N'-nitro-N-nitrosoguanidine,2
BD48,Nuclear Response,Nitrogen mustard,2
BD48,Nuclear Response,Thiocyanate,2
BD48,Nuclear Response,para-Aminoazobenzene,2
BD48,Nuclear Response,Etoposide,1
BD48,Organic,Ammonia,138
BD48,Organic,Catechol,65
BD48,Organic,Benzene,42
BD48,Organic,Methylmercury chloride,42
BD48,Organic,Acetaldehyde,39
BD48,Organic,Carbon tetrachloride,30
BD48,Organic,Phenol,30
BD48,Organic,Formaldehyde,27
BD48,Organic,Thioacetamide,27
BD48,Organic,"1,1,2,2-Tetrachloroethane",24
BD48,Organic,"3,4-Dihydroxybenzoate",24
BD48,Organic,Chlorpyrifos,24
BD48,Organic,Toluene,24
BD48,Organic,Trichloroethene,24
BD48,Organic,Sulfasalazine,18
BD48,Organic,Mercuric chloride,16
BD48,Organic,Amsacrine,15
BD48,Organic,Chloroform,14
BD48,Organic,"3-Carboxy-cis,cis-muconate",12
BD48,Organic,Cacodylate,12
BD48,Organic,Hydrochlorothiazide,12
BD48,Organic,Lead nitrate,12
BD48,Organic,Salicylate,12
BD48,Organic,Tributyltin chloride,12
BD48,Organic,o-Cresol,12
BD48,Organic,Epichlorohydrin,10
BD48,Organic,Streptozocin,10
BD48,Organic,Diuron,9
BD48,Organic,Nickel chloride,9
BD48,Organic,"1,1,1-Trichloroethane",8
BD48,Organic,Cobaltous sulfate,8
BD48,Organic,Endosulfan,8
BD48,Organic,Nitrite,8
BD48,Organic,Nitromethane,8
BD48,Organic,Sodium arsenite,8
BD48,Organic,Benzo[a]pyrene,7
BD48,Organic,"2,4-Dinitrotoluene",6
BD48,Organic,2-Chlorophenol,6
BD48,Organic,Alachlor,6
BD48,Organic,Chloral hydrate,6
BD48,Organic,Cyanide ion,6
BD48,Organic,Dichlorvos,6
BD48,Organic,Naphthalene,6
BD48,Organic,Anthracene,5
BD48,Organic,Danthron,5
BD48,Organic,Ethanol,5
BD48,Organic,Fluorene,5
BD48,Organic,Lead,5
BD48,Organic,"(+)-(3S,4R)-cis-3,4-Dihydroxy-3,4-dihydrofluorene",4
BD48,Organic,"1,1-Dimethylhydrazine",4
BD48,Organic,"2,2',4,4',6,6'-Hexachlorobiphenyl",4
BD48,Organic,"2,2',4,4'-Tetrachlorobiphenyl",4
BD48,Organic,"2,2',5,5'-Tetrachlorobiphenyl",4
BD48,Organic,"2,3,3',4,5-Pentachlorobiphenyl",4
BD48,Organic,"3,4,3',4'-Tetrachlorobiphenyl",4
BD48,Organic,"3,4,5,3',4',5'-Hexachlorobiphenyl",4
BD48,Organic,4-Nitrophenol,4
BD48,Organic,"Anthracene-cis-1,2-dihydrodiol",4
BD48,Organic,Arsenic,4
BD48,Organic,"Benzo[a]pyrene-cis-9,10-dihydrodiol",4
BD48,Organic,Chloramine,4
BD48,Organic,Chloraminophenamide,4
BD48,Organic,Ethylbenzene,4
BD48,Organic,Fluoranthene,4
BD48,Organic,Fluoren-9-ol,4
BD48,Organic,Methyl bromide,4
BD48,Organic,Methyl chloride,4
BD48,Organic,Nitrate,4
BD48,Organic,Nitrobenzene,4
BD48,Organic,Phenylmercury acetate,4
BD48,Organic,Phenylmethanesulfonyl fluoride,4
BD48,Organic,Simazine,4
BD48,Organic,Terephthalate,4
BD48,Organic,Tributyltin oxide,4
BD48,Organic,Trinitrotoluene,4
BD48,Organic,Zinc cation,4
BD48,Organic,alpha-Chlorohydrin,4
BD48,Organic,"Aflatoxin B1exo-8,9-epoxide-GSH",3
BD48,Organic,Captafol,3
BD48,Organic,Chloramphenicol,3
BD48,Organic,Copper,3
BD48,Organic,Styrene,3
BD48,Organic,"1,2-Dibromoethane",2
BD48,Organic,"1,4-Dioxane",2
BD48,Organic,1-Organyl-2-lyso-sn-glycero-3-phosphocholine,2
BD48,Organic,2-(4-Chlorophenoxy)propionic acid,2
BD48,Organic,"2-Amino-1-methyl-6-phenylimidazo[4,5-b]pyridine",2
BD48,Organic,2-Naphthylamine,2
BD48,Organic,2-Nitropropane,2
BD48,Organic,"4,4'-Methylenebis(N,N-dimethylaniline)",2
BD48,Organic,Acenaphthene,2
BD48,Organic,Acetamide,2
BD48,Organic,Acrylamide,2
BD48,Organic,Aristolochic acid,2
BD48,Organic,Aziridine,2
BD48,Organic,CO,2
BD48,Organic,Ethyl methanesulfonate,2
BD48,Organic,Methyl tert-butyl ether,2
BD48,Organic,Methylnitrosourea,2
BD48,Organic,Microcystin LR,2
BD48,Organic,Mitomycin,2
BD48,Organic,Mitoxantrone,2
BD48,Organic,"N,N'-Diacetylbenzidine",2
BD48,Organic,N-Methyl-N'-nitro-N-nitrosoguanidine,2
BD48,Organic,Nitrogen mustard,2
BD48,Organic,Phenacetin,2
BD48,Organic,Strontium cation,2
BD48,Organic,Tetranitromethane,2
BD48,Organic,Thiocyanate,2
BD48,Organic,Vinyl acetate,2
BD48,Organic,Zalcitabine,2
BD48,Organic,para-Aminoazobenzene,2
BD48,Organic,"1,2-Epoxybutane",1
BD48,Organic,2-Ethoxyethanol,1
BD48,Organic,2-Methylnaphthalene,1
BD48,Organic,"Aflatoxin B1-exo-8,9-epoxide",1
BD48,Organic,Cobalt,1
BD48,Organic,Diethyl phthalate,1
BD48,Organic,Ethyl acrylate,1
BD48,Organic,Ethylene glycol,1
BD48,Organic,Etoposide,1
BD48,Organic,Glycidaldehyde,1
BD48,Organic,Hydrogen cyanide,1
BD48,Organic,Methane,1
BD48,Organic,Methyl isobutyl ketone,1
BD48,Organic,Sodium fluoride,1
BD48,Stress Response,Catechol,65
BD48,Stress Response,Methylmercury chloride,42
BD48,Stress Response,Acetaldehyde,39
BD48,Stress Response,Chlorpyrifos,24
BD48,Stress Response,Amsacrine,15
BD48,Stress Response,Tributyltin chloride,12
BD48,Stress Response,Diuron,9
BD48,Stress Response,Endosulfan,8
BD48,Stress Response,Nitromethane,8
BD48,Stress Response,Benzo[a]pyrene,7
BD48,Stress Response,Alachlor,6
BD48,Stress Response,Dichlorvos,6
BD48,Stress Response,Anthracene,5
BD48,Stress Response,Danthron,5
BD48,Stress Response,"2,2',4,4',6,6'-Hexachlorobiphenyl",4
BD48,Stress Response,"2,3,3',4,5-Pentachlorobiphenyl",4
BD48,Stress Response,4-Nitrophenol,4
BD48,Stress Response,"Benzo[a]pyrene-cis-9,10-dihydrodiol",4
BD48,Stress Response,Fluoranthene,4
BD48,Stress Response,Phenylmercury acetate,4
BD48,Stress Response,Tributyltin oxide,4
BD48,Stress Response,Captafol,3
BD48,Stress Response,Methylnitrosourea,2
BD48,Stress Response,"N,N'-Diacetylbenzidine",2
BD48,Stress Response,N-Methyl-N'-nitro-N-nitrosoguanidine,2
BD48,Stress Response,para-Aminoazobenzene,2
BD48,Stress Response,Etoposide,1
BD50,Environmental,Ammonia,120
BD50,Environmental,Diuron,45
BD50,Environmental,Benzidine,32
BD50,Environmental,Carbon tetrachloride,30
BD50,Environmental,Acetaldehyde,24
BD50,Environmental,Formaldehyde,24
BD50,Environmental,Lead nitrate,24
BD50,Environmental,Amsacrine,18
BD50,Environmental,Chlorpyrifos,18
BD50,Environmental,Methylmercury chloride,18
BD50,Environmental,Thioacetamide,18
BD50,Environmental,Copper,15
BD50,Environmental,Cypermethrin,15
BD50,Environmental,"1,2-Dichloroethane",14
BD50,Environmental,Chloroform,14
BD50,Environmental,4-Nitrophenol,12
BD50,Environmental,Dichlorvos,12
BD50,Environmental,Mercuric chloride,12
BD50,Environmental,Trichloroethene,12
BD50,Environmental,Cadmium chloride,9
BD50,Environmental,Nickel chloride,9
BD50,Environmental,Sulfasalazine,9
BD50,Environmental,"1,1,2,2-Tetrachloroethane",8
BD50,Environmental,"1,2-Dichlorobenzene",8
BD50,Environmental,"3,3'-Dimethoxybenzidine",8
BD50,Environmental,Arsenic,8
BD50,Environmental,Arylmercury,8
BD50,Environmental,Chlorpyrifos-methyl,8
BD50,Environmental,Hydrochlorothiazide,8
BD50,Environmental,Streptozocin,8
BD50,Environmental,Tributyltin chloride,8
BD50,Environmental,Zinc cation,8
BD50,Environmental,"beta-1,2,3,4,5,6-Hexachlorocyclohexane",8
BD50,Environmental,Benzo[a]pyrene,7
BD50,Environmental,2-Chlorophenol,6
BD50,Environmental,Bis(2-chloroethyl)ether,6
BD50,Environmental,Chloral hydrate,6
BD50,Environmental,Chlorfenvinphos,6
BD50,Environmental,Danthron,6
BD50,Environmental,Methyl bromide,6
BD50,Environmental,Naphthalene,6
BD50,Environmental,Parathion,6
BD50,Environmental,Phenacetin,6
BD50,Environmental,alpha-Chlorohydrin,6
BD50,Environmental,"trans-1,3-Dichloropropene",6
BD50,Environmental,Catechol,5
BD50,Environmental,Lead,5
BD50,Environmental,"1,1,2-Trichloroethane",4
BD50,Environmental,"1,2-Dibromo-3-chloropropane",4
BD50,Environmental,"2,2',4,4',6,6'-Hexachlorobiphenyl",4
BD50,Environmental,"2,2',4,4'-Tetrachlorobiphenyl",4
BD50,Environmental,"2,2',5,5'-Tetrachlorobiphenyl",4
BD50,Environmental,"3,4,3',4'-Tetrachlorobiphenyl",4
BD50,Environmental,"3,4,5,3',4',5'-Hexachlorobiphenyl",4
BD50,Environmental,Chloramine,4
BD50,Environmental,Chloraminophenamide,4
BD50,Environmental,Dibutyl phthalate,4
BD50,Environmental,Ethanol,4
BD50,Environmental,Methyl chloride,4
BD50,Environmental,Mitomycin,4
BD50,Environmental,Mitoxantrone,4
BD50,Environmental,Phenylmercury acetate,4
BD50,Environmental,Phenylmethanesulfonyl fluoride,4
BD50,Environmental,Simazine,4
BD50,Environmental,Tetranitromethane,4
BD50,Environmental,Toluene,4
BD50,Environmental,Zalcitabine,4
BD50,Environmental,alpha-Hexachlorocyclohexane,4
BD50,Environmental,"cis-1,3-Dichloropropene",4
BD50,Environmental,CO,3
BD50,Environmental,Chloramphenicol,3
BD50,Environmental,Dimethoate,3
BD50,Environmental,Merphalan,3
BD50,Environmental,Methyl isobutyl ketone,3
BD50,Environmental,Naled,3
BD50,Environmental,Nitrofen,3
BD50,Environmental,Styrene,3
BD50,Environmental,Vinyl acetate,3
BD50,Environmental,"1,2,3-Trichloropropane",2
BD50,Environmental,"1,4-Dioxane",2
BD50,Environmental,"2,6-Dimethylaniline",2
BD50,Environmental,2-(4-Chlorophenoxy)propionic acid,2
BD50,Environmental,"2-Amino-1-methyl-6-phenylimidazo[4,5-b]pyridine",2
BD50,Environmental,2-Ethoxyethanol,2
BD50,Environmental,2-Naphthylamine,2
BD50,Environmental,2-Nitropropane,2
BD50,Environmental,3-Chloro-2-methylpropene,2
BD50,Environmental,4-(N-Nitrosomethylamino)-1-(3-pyridyl)-1-butanone,2
BD50,Environmental,4-Cresol,2
BD50,Environmental,Acenaphthene,2
BD50,Environmental,Acetamide,2
BD50,Environmental,Acrylamide,2
BD50,Environmental,Aflatoxin M1,2
BD50,Environmental,Aziridine,2
BD50,Environmental,Chloral,2
BD50,Environmental,Glu-P-1,2
BD50,Environmental,Hydrazine,2
BD50,Environmental,Microcystin LR,2
BD50,Environmental,Nitrate,2
BD50,Environmental,Nitrite,2
BD50,Environmental,Nitrogen mustard,2
BD50,Environmental,Nitromethane,2
BD50,Environmental,Tamoxifen,2
BD50,Environmental,ortho-Toluidine,2
BD50,Environmental,para-Aminoazobenzene,2
BD50,Environmental,3-Cresol,1
BD50,Environmental,Aflatoxin B1,1
BD50,Environmental,"Aflatoxin B1-endo-8,9-epoxide",1
BD50,Environmental,"Aflatoxin B1-exo-8,9-epoxide",1
BD50,Environmental,Aflatoxin Q1,1
BD50,Environmental,"Aflatoxin-M1-8,9-epoxide",1
BD50,Environmental,Benzophenone,1
BD50,Environmental,Benzyl alcohol,1
BD50,Environmental,Bromide,1
BD50,Environmental,Caffeate,1
BD50,Environmental,Cobalt,1
BD50,Environmental,Diethyl phthalate,1
BD50,Environmental,Ethyl acrylate,1
BD50,Environmental,Etoposide,1
BD50,Environmental,Glycidaldehyde,1
BD50,Environmental,Hydrogen cyanide,1
BD50,Environmental,Manganese(2+),1
BD50,Environmental,Phenolphthalein,1
BD50,Environmental,Sodium fluoride,1
BD50,Environmental,Strontium cation,1
BD50,Genomic,Diuron,45
BD50,Genomic,Benzidine,32
BD50,Genomic,Formaldehyde,24
BD50,Genomic,Lead nitrate,24
BD50,Genomic,Amsacrine,18
BD50,Genomic,Chlorpyrifos,18
BD50,Genomic,Cypermethrin,15
BD50,Genomic,"1,2-Dichloroethane",14
BD50,Genomic,Dichlorvos,12
BD50,Genomic,Sulfasalazine,9
BD50,Genomic,"3,3'-Dimethoxybenzidine",8
BD50,Genomic,Chlorpyrifos-methyl,8
BD50,Genomic,Hydrochlorothiazide,8
BD50,Genomic,Streptozocin,8
BD50,Genomic,Benzo[a]pyrene,7
BD50,Genomic,Bis(2-chloroethyl)ether,6
BD50,Genomic,Chloral hydrate,6
BD50,Genomic,Chlorfenvinphos,6
BD50,Genomic,Cobaltous sulfate,6
BD50,Genomic,Danthron,6
BD50,Genomic,Epichlorohydrin,6
BD50,Genomic,Methyl bromide,6
BD50,Genomic,Parathion,6
BD50,Genomic,Phenacetin,6
BD50,Genomic,alpha-Chlorohydrin,6
BD50,Genomic,"trans-1,3-Dichloropropene",6
BD50,Genomic,"1,2-Dibromo-3-chloropropane",4
BD50,Genomic,Chloraminophenamide,4
BD50,Genomic,Methyl chloride,4
BD50,Genomic,Mitomycin,4
BD50,Genomic,Mitoxantrone,4
BD50,Genomic,Simazine,4
BD50,Genomic,Tetranitromethane,4
BD50,Genomic,Zalcitabine,4
BD50,Genomic,"cis-1,3-Dichloropropene",4
BD50,Genomic,Chloramphenicol,3
BD50,Genomic,Dimethoate,3
BD50,Genomic,Merphalan,3
BD50,Genomic,Nitrofen,3
BD50,Genomic,Styrene,3
BD50,Genomic,"1,2,3-Trichloropropane",2
BD50,Genomic,"2,6-Dimethylaniline",2
BD50,Genomic,"2-Amino-1-methyl-6-phenylimidazo[4,5-b]pyridine",2
BD50,Genomic,2-Naphthylamine,2
BD50,Genomic,2-Nitropropane,2
BD50,Genomic,3-Chloro-2-methylpropene,2
BD50,Genomic,4-(N-Nitrosomethylamino)-1-(3-pyridyl)-1-butanone,2
BD50,Genomic,Aflatoxin M1,2
BD50,Genomic,Aziridine,2
BD50,Genomic,Chloral,2
BD50,Genomic,Ethyl methanesulfonate,2
BD50,Genomic,Glu-P-1,2
BD50,Genomic,Hydrazine,2
BD50,Genomic,Methylnitrosourea,2
BD50,Genomic,Microcystin LR,2
BD50,Genomic,Nitrite,2
BD50,Genomic,Nitrogen mustard,2
BD50,Genomic,ortho-Toluidine,2
BD50,Genomic,para-Aminoazobenzene,2
BD50,Genomic,Aflatoxin B1,1
BD50,Genomic,"Aflatoxin B1-endo-8,9-epoxide",1
BD50,Genomic,"Aflatoxin B1-exo-8,9-epoxide",1
BD50,Genomic,Aflatoxin Q1,1
BD50,Genomic,"Aflatoxin-M1-8,9-epoxide",1
BD50,Genomic,Etoposide,1
BD50,Genomic,Glycidaldehyde,1
BD50,Nuclear Response,Diuron,45
BD50,Nuclear Response,Benzidine,32
BD50,Nuclear Response,Acetaldehyde,24
BD50,Nuclear Response,Chlorpyrifos,18
BD50,Nuclear Response,Chlorpyrifos-methyl,8
BD50,Nuclear Response,Tributyltin chloride,8
BD50,Nuclear Response,Benzo[a]pyrene,7
BD50,Nuclear Response,Chlorfenvinphos,6
BD50,Nuclear Response,Danthron,6
BD50,Nuclear Response,Parathion,6
BD50,Nuclear Response,Catechol,5
BD50,Nuclear Response,Mitomycin,4
BD50,Nuclear Response,Phenylmercury acetate,4
BD50,Nuclear Response,Naled,3
BD50,Nuclear Response,"2-Amino-1-methyl-6-phenylimidazo[4,5-b]pyridine",2
BD50,Nuclear Response,2-Naphthylamine,2
BD50,Nuclear Response,Glu-P-1,2
BD50,Nuclear Response,Hydrazine,2
BD50,Nuclear Response,Nitrogen mustard,2
BD50,Nuclear Response,Tamoxifen,2
BD50,Nuclear Response,para-Aminoazobenzene,2
BD50,Nuclear Response,Caffeate,1
BD50,Nuclear Response,Etoposide,1
BD50,Nuclear Response,Phenolphthalein,1
BD50,Organic,Ammonia,120
BD50,Organic,Diuron,45
BD50,Organic,Benzidine,32
BD50,Organic,Carbon tetrachloride,30
BD50,Organic,Acetaldehyde,24
BD50,Organic,Formaldehyde,24
BD50,Organic,Lead nitrate,24
BD50,Organic,Amsacrine,18
BD50,Organic,Chlorpyrifos,18
BD50,Organic,Methylmercury chloride,18
BD50,Organic,Thioacetamide,18
BD50,Organic,Copper,15
BD50,Organic,"1,2-Dichloroethane",14
BD50,Organic,Chloroform,14
BD50,Organic,4-Nitrophenol,12
BD50,Organic,Dichlorvos,12
BD50,Organic,Mercuric chloride,12
BD50,Organic,Trichloroethene,12
BD50,Organic,Cadmium chloride,9
BD50,Organic,Nickel chloride,9
BD50,Organic,Sulfasalazine,9
BD50,Organic,"1,1,2,2-Tetrachloroethane",8
BD50,Organic,"1,2-Dichlorobenzene",8
BD50,Organic,"3,3'-Dimethoxybenzidine",8
BD50,Organic,Arsenic,8
BD50,Organic,Arylmercury,8
BD50,Organic,Chlorpyrifos-methyl,8
BD50,Organic,Hydrochlorothiazide,8
BD50,Organic,Streptozocin,8
BD50,Organic,Tributyltin chloride,8
BD50,Organic,Zinc cation,8
BD50,Organic,"beta-1,2,3,4,5,6-Hexachlorocyclohexane",8
BD50,Organic,Benzo[a]pyrene,7
BD50,Organic,2-Chlorophenol,6
BD50,Organic,Bis(2-chloroethyl)ether,6
BD50,Organic,Chloral hydrate,6
BD50,Organic,Chlorfenvinphos,6
BD50,Organic,Cobaltous sulfate,6
BD50,Organic,Danthron,6
BD50,Organic,Epichlorohydrin,6
BD50,Organic,Methyl bromide,6
BD50,Organic,Naphthalene,6
BD50,Organic,Parathion,6
BD50,Organic,Phenacetin,6
BD50,Organic,Sodium arsenite,6
BD50,Organic,alpha-Chlorohydrin,6
BD50,Organic,"trans-1,3-Dichloropropene",6
BD50,Organic,Catechol,5
BD50,Organic,Lead,5
BD50,Organic,"1,1,2-Trichloroethane",4
BD50,Organic,"1,2-Dibromo-3-chloropropane",4
BD50,Organic,"2,2',4,4',6,6'-Hexachlorobiphenyl",4
BD50,Organic,"2,2',4,4'-Tetrachlorobiphenyl",4
BD50,Organic,"2,2',5,5'-Tetrachlorobiphenyl",4
BD50,Organic,"3,4,3',4'-Tetrachlorobiphenyl",4
BD50,Organic,"3,4,5,3',4',5'-Hexachlorobiphenyl",4
BD50,Organic,Cacodylate,4
BD50,Organic,Chloramine,4
BD50,Organic,Chloraminophenamide,4
BD50,Organic,Dibutyl phthalate,4
BD50,Organic,Ethanol,4
BD50,Organic,Methyl chloride,4
BD50,Organic,Mitomycin,4
BD50,Organic,Mitoxantrone,4
BD50,Organic,Phenylmercury acetate,4
BD50,Organic,Phenylmethanesulfonyl fluoride,4
BD50,Organic,Simazine,4
BD50,Organic,Tetranitromethane,4
BD50,Organic,Toluene,4
BD50,Organic,Zalcitabine,4
BD50,Organic,alpha-Hexachlorocyclohexane,4
BD50,Organic,"cis-1,3-Dichloropropene",4
BD50,Organic,CO,3
BD50,Organic,Chloramphenicol,3
BD50,Organic,Dimethoate,3
BD50,Organic,Merphalan,3
BD50,Organic,Methyl isobutyl ketone,3
BD50,Organic,Naled,3
BD50,Organic,Nitrofen,3
BD50,Organic,Styrene,3
BD50,Organic,Vinyl acetate,3
BD50,Organic,"1,2,3-Trichloropropane",2
BD50,Organic,"1,4-Dioxane",2
BD50,Organic,"2,6-Dimethylaniline",2
BD50,Organic,2-(4-Chlorophenoxy)propionic acid,2
BD50,Organic,"2-Amino-1-methyl-6-phenylimidazo[4,5-b]pyridine",2
BD50,Organic,2-Ethoxyethanol,2
BD50,Organic,2-Naphthylamine,2
BD50,Organic,2-Nitropropane,2
BD50,Organic,3-Chloro-2-methylpropene,2
BD50,Organic,4-(N-Nitrosomethylamino)-1-(3-pyridyl)-1-butanone,2
BD50,Organic,4-Cresol,2
BD50,Organic,Acenaphthene,2
BD50,Organic,Acetamide,2
BD50,Organic,Acrylamide,2
BD50,Organic,Aflatoxin M1,2
BD50,Organic,Aziridine,2
BD50,Organic,Chloral,2
BD50,Organic,Ethyl methanesulfonate,2
BD50,Organic,Glu-P-1,2
BD50,Organic,Hydrazine,2
BD50,Organic,Methylnitrosourea,2
BD50,Organic,Microcystin LR,2
BD50,Organic,Nitrate,2
BD50,Organic,Nitrite,2
BD50,Organic,Nitrogen mustard,2
BD50,Organic,Nitromethane,2
BD50,Organic,Tamoxifen,2
BD50,Organic,ortho-Toluidine,2
BD50,Organic,para-Aminoazobenzene,2
BD50,Organic,3-Cresol,1
BD50,Organic,Aflatoxin B1,1
BD50,Organic,"Aflatoxin B1-endo-8,9-epoxide",1
BD50,Organic,"Aflatoxin B1-exo-8,9-epoxide",1
BD50,Organic,Aflatoxin Q1,1
BD50,Organic,"Aflatoxin-M1-8,9-epoxide",1
BD50,Organic,Benzophenone,1
BD50,Organic,Benzyl alcohol,1
BD50,Organic,Bromide,1
BD50,Organic,Caffeate,1
BD50,Organic,Cobalt,1
BD50,Organic,Diethyl phthalate,1
BD50,Organic,Ethyl acrylate,1
BD50,Organic,Etoposide,1
BD50,Organic,Glycidaldehyde,1
BD50,Organic,Hydrogen cyanide,1
BD50,Organic,Manganese(2+),1
BD50,Organic,Methyl tert-butyl ether,1
BD50,Organic,Phenolphthalein,1
BD50,Organic,Sodium fluoride,1
BD50,Organic,Strontium cation,1
BD50,Stress Response,Diuron,45
BD50,Stress Response,Benzidine,32
BD50,Stress Response,Acetaldehyde,24
BD50,Stress Response,Amsacrine,18
BD50,Stress Response,Chlorpyrifos,18
BD50,Stress Response,Methylmercury chloride,18
BD50,Stress Response,4-Nitrophenol,12
BD50,Stress Response,Dichlorvos,12
BD50,Stress Response,"3,3'-Dimethoxybenzidine",8
BD50,Stress Response,Chlorpyrifos-methyl,8
BD50,Stress Response,Tributyltin chloride,8
BD50,Stress Response,Benzo[a]pyrene,7
BD50,Stress Response,Danthron,6
BD50,Stress Response,Catechol,5
BD50,Stress Response,"2,2',4,4',6,6'-Hexachlorobiphenyl",4
BD50,Stress Response,Phenylmercury acetate,4
BD50,Stress Response,Naled,3
BD50,Stress Response,Nitrofen,3
BD50,Stress Response,Methylnitrosourea,2
BD50,Stress Response,Nitromethane,2
BD50,Stress Response,para-Aminoazobenzene,2
BD50,Stress Response,Etoposide,1
BD50,Stress Response,Phenolphthalein,1
BD54,Environmental,Ammonia,138
BD54,Environmental,Catechol,65
BD54,Environmental,Benzene,42
BD54,Environmental,Methylmercury chloride,42
BD54,Environmental,Acetaldehyde,39
BD54,Environmental,Carbon tetrachloride,30
BD54,Environmental,Phenol,30
BD54,Environmental,Formaldehyde,27
BD54,Environmental,Thioacetamide,27
BD54,Environmental,"1,1,2,2-Tetrachloroethane",24
BD54,Environmental,"3,4-Dihydroxybenzoate",24
BD54,Environmental,Chlorpyrifos,24
BD54,Environmental,Toluene,24
BD54,Environmental,Trichloroethene,24
BD54,Environmental,Sulfasalazine,18
BD54,Environmental,Mercuric chloride,16
BD54,Environmental,Amsacrine,15
BD54,Environmental,Chloroform,14
BD54,Environmental,"3-Carboxy-cis,cis-muconate",12
BD54,Environmental,Hydrochlorothiazide,12
BD54,Environmental,Lead nitrate,12
BD54,Environmental,Salicylate,12
BD54,Environmental,Tributyltin chloride,12
BD54,Environmental,o-Cresol,12
BD54,Environmental,Streptozocin,10
BD54,Environmental,Cypermethrin,9
BD54,Environmental,Diuron,9
BD54,Environmental,Nickel chloride,9
BD54,Environmental,"1,1,1-Trichloroethane",8
BD54,Environmental,Endosulfan,8
BD54,Environmental,Nitrite,8
BD54,Environmental,Nitromethane,8
BD54,Environmental,Benzo[a]pyrene,7
BD54,Environmental,"2,4-Dinitrotoluene",6
BD54,Environmental,2-Chlorophenol,6
BD54,Environmental,Alachlor,6
BD54,Environmental,Chloral hydrate,6
BD54,Environmental,Cyanide ion,6
BD54,Environmental,Dichlorvos,6
BD54,Environmental,Naphthalene,6
BD54,Environmental,Anthracene,5
BD54,Environmental,Danthron,5
BD54,Environmental,Ethanol,5
BD54,Environmental,Fluorene,5
BD54,Environmental,Lead,5
BD54,Environmental,"(+)-(3S,4R)-cis-3,4-Dihydroxy-3,4-dihydrofluorene",4
BD54,Environmental,"1,1-Dimethylhydrazine",4
BD54,Environmental,"2,2',4,4',6,6'-Hexachlorobiphenyl",4
BD54,Environmental,"2,2',4,4'-Tetrachlorobiphenyl",4
BD54,Environmental,"2,2',5,5'-Tetrachlorobiphenyl",4
BD54,Environmental,"2,3,3',4,5-Pentachlorobiphenyl",4
BD54,Environmental,"3,4,3',4'-Tetrachlorobiphenyl",4
BD54,Environmental,"3,4,5,3',4',5'-Hexachlorobiphenyl",4
BD54,Environmental,4-Nitrophenol,4
BD54,Environmental,"Anthracene-cis-1,2-dihydrodiol",4
BD54,Environmental,Arsenic,4
BD54,Environmental,"Benzo[a]pyrene-cis-9,10-dihydrodiol",4
BD54,Environmental,Chloramine,4
BD54,Environmental,Chloraminophenamide,4
BD54,Environmental,Ethylbenzene,4
BD54,Environmental,Fluoranthene,4
BD54,Environmental,Fluoren-9-ol,4
BD54,Environmental,Methyl bromide,4
BD54,Environmental,Methyl chloride,4
BD54,Environmental,Nitrate,4
BD54,Environmental,Nitrobenzene,4
BD54,Environmental,Phenylmercury acetate,4
BD54,Environmental,Phenylmethanesulfonyl fluoride,4
BD54,Environmental,Simazine,4
BD54,Environmental,Terephthalate,4
BD54,Environmental,Tributyltin oxide,4
BD54,Environmental,Trinitrotoluene,4
BD54,Environmental,Zinc cation,4
BD54,Environmental,alpha-Chlorohydrin,4
BD54,Environmental,"Aflatoxin B1exo-8,9-epoxide-GSH",3
BD54,Environmental,Captafol,3
BD54,Environmental,Chloramphenicol,3
BD54,Environmental,Copper,3
BD54,Environmental,Styrene,3
BD54,Environmental,"1,2-Dibromoethane",2
BD54,Environmental,"1,4-Dioxane",2
BD54,Environmental,1-Organyl-2-lyso-sn-glycero-3-phosphocholine,2
BD54,Environmental,2-(4-Chlorophenoxy)propionic acid,2
BD54,Environmental,"2-Amino-1-methyl-6-phenylimidazo[4,5-b]pyridine",2
BD54,Environmental,2-Naphthylamine,2
BD54,Environmental,2-Nitropropane,2
BD54,Environmental,"4,4'-Methylenebis(N,N-dimethylaniline)",2
BD54,Environmental,Acenaphthene,2
BD54,Environmental,Acetamide,2
BD54,Environmental,Acrylamide,2
BD54,Environmental,Aristolochic acid,2
BD54,Environmental,Aziridine,2
BD54,Environmental,CO,2
BD54,Environmental,Microcystin LR,2
BD54,Environmental,Mitomycin,2
BD54,Environmental,Mitoxantrone,2
BD54,Environmental,"N,N'-Diacetylbenzidine",2
BD54,Environmental,N-Methyl-N'-nitro-N-nitrosoguanidine,2
BD54,Environmental,Nitrogen mustard,2
BD54,Environmental,Phenacetin,2
BD54,Environmental,Strontium cation,2
BD54,Environmental,Tetranitromethane,2
BD54,Environmental,Thiocyanate,2
BD54,Environmental,Vinyl acetate,2
BD54,Environmental,Zalcitabine,2
BD54,Environmental,para-Aminoazobenzene,2
BD54,Environmental,"1,2-Epoxybutane",1
BD54,Environmental,2-Ethoxyethanol,1
BD54,Environmental,2-Methylnaphthalene,1
BD54,Environmental,"Aflatoxin B1-exo-8,9-epoxide",1
BD54,Environmental,Cobalt,1
BD54,Environmental,Diethyl phthalate,1
BD54,Environmental,Ethyl acrylate,1
BD54,Environmental,Ethylene glycol,1
BD54,Environmental,Etoposide,1
BD54,Environmental,Glycidaldehyde,1
BD54,Environmental,Hydrogen cyanide,1
BD54,Environmental,Methane,1
BD54,Environmental,Methyl isobutyl ketone,1
BD54,Environmental,Sodium fluoride,1
BD54,Genomic,Formaldehyde,27
BD54,Genomic,Chlorpyrifos,24
BD54,Genomic,Sulfasalazine,18
BD54,Genomic,Amsacrine,15
BD54,Genomic,Hydrochlorothiazide,12
BD54,Genomic,Lead nitrate,12
BD54,Genomic,Epichlorohydrin,10
BD54,Genomic,Streptozocin,10
BD54,Genomic,Cypermethrin,9
BD54,Genomic,Diuron,9
BD54,Genomic,"1,1,1-Trichloroethane",8
BD54,Genomic,Cobaltous sulfate,8
BD54,Genomic,Endosulfan,8
BD54,Genomic,Nitrite,8
BD54,Genomic,Benzo[a]pyrene,7
BD54,Genomic,"2,4-Dinitrotoluene",6
BD54,Genomic,Alachlor,6
BD54,Genomic,Chloral hydrate,6
BD54,Genomic,Dichlorvos,6
BD54,Genomic,Anthracene,5
BD54,Genomic,Danthron,5
BD54,Genomic,"(+)-(3S,4R)-cis-3,4-Dihydroxy-3,4-dihydrofluorene",4
BD54,Genomic,"1,1-Dimethylhydrazine",4
BD54,Genomic,"Anthracene-cis-1,2-dihydrodiol",4
BD54,Genomic,"Benzo[a]pyrene-cis-9,10-dihydrodiol",4
BD54,Genomic,Chloraminophenamide,4
BD54,Genomic,Fluoranthene,4
BD54,Genomic,Fluoren-9-ol,4
BD54,Genomic,Methyl bromide,4
BD54,Genomic,Methyl chloride,4
BD54,Genomic,Simazine,4
BD54,Genomic,Trinitrotoluene,4
BD54,Genomic,alpha-Chlorohydrin,4
BD54,Genomic,"Aflatoxin B1exo-8,9-epoxide-GSH",3
BD54,Genomic,Captafol,3
BD54,Genomic,Chloramphenicol,3
BD54,Genomic,Styrene,3
BD54,Genomic,"1,2-Dibromoethane",2
BD54,Genomic,"2-Amino-1-methyl-6-phenylimidazo[4,5-b]pyridine",2
BD54,Genomic,2-Naphthylamine,2
BD54,Genomic,2-Nitropropane,2
BD54,Genomic,"4,4'-Methylenebis(N,N-dimethylaniline)",2
BD54,Genomic,Aristolochic acid,2
BD54,Genomic,Aziridine,2
BD54,Genomic,Ethyl methanesulfonate,2
BD54,Genomic,Methylnitrosourea,2
BD54,Genomic,Microcystin LR,2
BD54,Genomic,Mitomycin,2
BD54,Genomic,Mitoxantrone,2
BD54,Genomic,"N,N'-Diacetylbenzidine",2
BD54,Genomic,N-Methyl-N'-nitro-N-nitrosoguanidine,2
BD54,Genomic,Nitrogen mustard,2
BD54,Genomic,Phenacetin,2
BD54,Genomic,Tetranitromethane,2
BD54,Genomic,Zalcitabine,2
BD54,Genomic,para-Aminoazobenzene,2
BD54,Genomic,"1,2-Epoxybutane",1
BD54,Genomic,"Aflatoxin B1-exo-8,9-epoxide",1
BD54,Genomic,Etoposide,1
BD54,Genomic,Glycidaldehyde,1
BD54,Nuclear Response,Catechol,65
BD54,Nuclear Response,Acetaldehyde,39
BD54,Nuclear Response,Chlorpyrifos,24
BD54,Nuclear Response,Tributyltin chloride,12
BD54,Nuclear Response,Diuron,9
BD54,Nuclear Response,Benzo[a]pyrene,7
BD54,Nuclear Response,Anthracene,5
BD54,Nuclear Response,Danthron,5
BD54,Nuclear Response,"2,3,3',4,5-Pentachlorobiphenyl",4
BD54,Nuclear Response,"Anthracene-cis-1,2-dihydrodiol",4
BD54,Nuclear Response,Fluoranthene,4
BD54,Nuclear Response,Phenylmercury acetate,4
BD54,Nuclear Response,Tributyltin oxide,4
BD54,Nuclear Response,"2-Amino-1-methyl-6-phenylimidazo[4,5-b]pyridine",2
BD54,Nuclear Response,2-Naphthylamine,2
BD54,Nuclear Response,"4,4'-Methylenebis(N,N-dimethylaniline)",2
BD54,Nuclear Response,Mitomycin,2
BD54,Nuclear Response,"N,N'-Diacetylbenzidine",2
BD54,Nuclear Response,N-Methyl-N'-nitro-N-nitrosoguanidine,2
BD54,Nuclear Response,Nitrogen mustard,2
BD54,Nuclear Response,Thiocyanate,2
BD54,Nuclear Response,para-Aminoazobenzene,2
BD54,Nuclear Response,Etoposide,1
BD54,Organic,Ammonia,138
BD54,Organic,Catechol,65
BD54,Organic,Benzene,42
BD54,Organic,Methylmercury chloride,42
BD54,Organic,Acetaldehyde,39
BD54,Organic,Carbon tetrachloride,30
BD54,Organic,Phenol,30
BD54,Organic,Formaldehyde,27
BD54,Organic,Thioacetamide,27
BD54,Organic,"1,1,2,2-Tetrachloroethane",24
BD54,Organic,"3,4-Dihydroxybenzoate",24
BD54,Organic,Chlorpyrifos,24
BD54,Organic,Toluene,24
BD54,Organic,Trichloroethene,24
BD54,Organic,Sulfasalazine,18
BD54,Organic,Mercuric chloride,16
BD54,Organic,Amsacrine,15
BD54,Organic,Chloroform,14
BD54,Organic,"3-Carboxy-cis,cis-muconate",12
BD54,Organic,Cacodylate,12
BD54,Organic,Hydrochlorothiazide,12
BD54,Organic,Lead nitrate,12
BD54,Organic,Salicylate,12
BD54,Organic,Tributyltin chloride,12
BD54,Organic,o-Cresol,12
BD54,Organic,Epichlorohydrin,10
BD54,Organic,Streptozocin,10
BD54,Organic,Diuron,9
BD54,Organic,Nickel chloride,9
BD54,Organic,"1,1,1-Trichloroethane",8
BD54,Organic,Cobaltous sulfate,8
BD54,Organic,Endosulfan,8
BD54,Organic,Nitrite,8
BD54,Organic,Nitromethane,8
BD54,Organic,Sodium arsenite,8
BD54,Organic,Benzo[a]pyrene,7
BD54,Organic,"2,4-Dinitrotoluene",6
BD54,Organic,2-Chlorophenol,6
BD54,Organic,Alachlor,6
BD54,Organic,Chloral hydrate,6
BD54,Organic,Cyanide ion,6
BD54,Organic,Dichlorvos,6
BD54,Organic,Naphthalene,6
BD54,Organic,Anthracene,5
BD54,Organic,Danthron,5
BD54,Organic,Ethanol,5
BD54,Organic,Fluorene,5
BD54,Organic,Lead,5
BD54,Organic,"(+)-(3S,4R)-cis-3,4-Dihydroxy-3,4-dihydrofluorene",4
BD54,Organic,"1,1-Dimethylhydrazine",4
BD54,Organic,"2,2',4,4',6,6'-Hexachlorobiphenyl",4
BD54,Organic,"2,2',4,4'-Tetrachlorobiphenyl",4
BD54,Organic,"2,2',5,5'-Tetrachlorobiphenyl",4
BD54,Organic,"2,3,3',4,5-Pentachlorobiphenyl",4
BD54,Organic,"3,4,3',4'-Tetrachlorobiphenyl",4
BD54,Organic,"3,4,5,3',4',5'-Hexachlorobiphenyl",4
BD54,Organic,4-Nitrophenol,4
BD54,Organic,"Anthracene-cis-1,2-dihydrodiol",4
BD54,Organic,Arsenic,4
BD54,Organic,"Benzo[a]pyrene-cis-9,10-dihydrodiol",4
BD54,Organic,Chloramine,4
BD54,Organic,Chloraminophenamide,4
BD54,Organic,Ethylbenzene,4
BD54,Organic,Fluoranthene,4
BD54,Organic,Fluoren-9-ol,4
BD54,Organic,Methyl bromide,4
BD54,Organic,Methyl chloride,4
BD54,Organic,Nitrate,4
BD54,Organic,Nitrobenzene,4
BD54,Organic,Phenylmercury acetate,4
BD54,Organic,Phenylmethanesulfonyl fluoride,4
BD54,Organic,Simazine,4
BD54,Organic,Terephthalate,4
BD54,Organic,Tributyltin oxide,4
BD54,Organic,Trinitrotoluene,4
BD54,Organic,Zinc cation,4
BD54,Organic,alpha-Chlorohydrin,4
BD54,Organic,"Aflatoxin B1exo-8,9-epoxide-GSH",3
BD54,Organic,Captafol,3
BD54,Organic,Chloramphenicol,3
BD54,Organic,Copper,3
BD54,Organic,Styrene,3
BD54,Organic,"1,2-Dibromoethane",2
BD54,Organic,"1,4-Dioxane",2
BD54,Organic,1-Organyl-2-lyso-sn-glycero-3-phosphocholine,2
BD54,Organic,2-(4-Chlorophenoxy)propionic acid,2
BD54,Organic,"2-Amino-1-methyl-6-phenylimidazo[4,5-b]pyridine",2
BD54,Organic,2-Naphthylamine,2
BD54,Organic,2-Nitropropane,2
BD54,Organic,"4,4'-Methylenebis(N,N-dimethylaniline)",2
BD54,Organic,Acenaphthene,2
BD54,Organic,Acetamide,2
BD54,Organic,Acrylamide,2
BD54,Organic,Aristolochic acid,2
BD54,Organic,Aziridine,2
BD54,Organic,CO,2
BD54,Organic,Ethyl methanesulfonate,2
BD54,Organic,Methyl tert-butyl ether,2
BD54,Organic,Methylnitrosourea,2
BD54,Organic,Microcystin LR,2
BD54,Organic,Mitomycin,2
BD54,Organic,Mitoxantrone,2
BD54,Organic,"N,N'-Diacetylbenzidine",2
BD54,Organic,N-Methyl-N'-nitro-N-nitrosoguanidine,2
BD54,Organic,Nitrogen mustard,2
BD54,Organic,Phenacetin,2
BD54,Organic,Strontium cation,2
BD54,Organic,Tetranitromethane,2
BD54,Organic,Thiocyanate,2
BD54,Organic,Vinyl acetate,2
BD54,Organic,Zalcitabine,2
BD54,Organic,para-Aminoazobenzene,2
BD54,Organic,"1,2-Epoxybutane",1
BD54,Organic,2-Ethoxyethanol,1
BD54,Organic,2-Methylnaphthalene,1
BD54,Organic,"Aflatoxin B1-exo-8,9-epoxide",1
BD54,Organic,Cobalt,1
BD54,Organic,Diethyl phthalate,1
BD54,Organic,Ethyl acrylate,1
BD54,Organic,Ethylene glycol,1
BD54,Organic,Etoposide,1
BD54,Organic,Glycidaldehyde,1
BD54,Organic,Hydrogen cyanide,1
BD54,Organic,Methane,1
BD54,Organic,Methyl isobutyl ketone,1
BD54,Organic,Sodium fluoride,1
BD54,Stress Response,Catechol,65
BD54,Stress Response,Methylmercury chloride,42
BD54,Stress Response,Acetaldehyde,39
BD54,Stress Response,Chlorpyrifos,24
BD54,Stress Response,Amsacrine,15
BD54,Stress Response,Tributyltin chloride,12
BD54,Stress Response,Diuron,9
BD54,Stress Response,Endosulfan,8
BD54,Stress Response,Nitromethane,8
BD54,Stress Response,Benzo[a]pyrene,7
BD54,Stress Response,Alachlor,6
BD54,Stress Response,Dichlorvos,6
BD54,Stress Response,Anthracene,5
BD54,Stress Response,Danthron,5
BD54,Stress Response,"2,2',4,4',6,6'-Hexachlorobiphenyl",4
BD54,Stress Response,"2,3,3',4,5-Pentachlorobiphenyl",4
BD54,Stress Response,4-Nitrophenol,4
BD54,Stress Response,"Benzo[a]pyrene-cis-9,10-dihydrodiol",4
BD54,Stress Response,Fluoranthene,4
BD54,Stress Response,Phenylmercury acetate,4
BD54,Stress Response,Tributyltin oxide,4
BD54,Stress Response,Captafol,3
BD54,Stress Response,Methylnitrosourea,2
BD54,Stress Response,"N,N'-Diacetylbenzidine",2
BD54,Stress Response,N-Methyl-N'-nitro-N-nitrosoguanidine,2
BD54,Stress Response,para-Aminoazobenzene,2
BD54,Stress Response,Etoposide,1
BD61,Environmental,Ammonia,138
BD61,Environmental,Acetaldehyde,39
BD61,Environmental,Formaldehyde,36
BD61,Environmental,Benzidine,32
BD61,Environmental,Lead nitrate,30
BD61,Environmental,Methylmercury chloride,30
BD61,Environmental,Carbon tetrachloride,20
BD61,Environmental,Cadmium chloride,18
BD61,Environmental,Chlorpyrifos,18
BD61,Environmental,Copper,18
BD61,Environmental,Thioacetamide,18
BD61,Environmental,Amsacrine,15
BD61,Environmental,Catechol,15
BD61,Environmental,"3,3'-Dimethoxybenzidine",14
BD61,Environmental,"3,4-Dihydroxybenzoate",12
BD61,Environmental,"3-Carboxy-cis,cis-muconate",12
BD61,Environmental,Dichlorvos,12
BD61,Environmental,Mercuric chloride,12
BD61,Environmental,Nitrite,12
BD61,Environmental,Trichloroethene,12
BD61,Environmental,Cypermethrin,9
BD61,Environmental,Diuron,9
BD61,Environmental,Nickel chloride,9
BD61,Environmental,Phenol,9
BD61,Environmental,Sulfasalazine,9
BD61,Environmental,"1,1,2,2-Tetrachloroethane",8
BD61,Environmental,4-Nitrophenol,8
BD61,Environmental,BHC,8
BD61,Environmental,Endosulfan,8
BD61,Environmental,Hydrochlorothiazide,8
BD61,Environmental,Phenylmercury acetate,8
BD61,Environmental,Salicylate,8
BD61,Environmental,Tributyltin chloride,8
BD61,Environmental,Zinc cation,8
BD61,Environmental,Benzo[a]pyrene,7
BD61,Environmental,"2,4-Dinitrotoluene",6
BD61,Environmental,2-Chlorophenol,6
BD61,Environmental,Alachlor,6
BD61,Environmental,Chloral hydrate,6
BD61,Environmental,Cyanide ion,6
BD61,Environmental,Merphalan,6
BD61,Environmental,Naphthalene,6
BD61,Environmental,Nitrate,6
BD61,Environmental,Pioglitazone,6
BD61,Environmental,Anthracene,5
BD61,Environmental,Danthron,5
BD61,Environmental,Ethanol,5
BD61,Environmental,Fluorene,5
BD61,Environmental,Lead,5
BD61,Environmental,"(+)-(3S,4R)-cis-3,4-Dihydroxy-3,4-dihydrofluorene",4
BD61,Environmental,1-Hydroxy-2-naphthoate,4
BD61,Environmental,"2,2',4,4',6,6'-Hexachlorobiphenyl",4
BD61,Environmental,"2,2',4,4'-Tetrachlorobiphenyl",4
BD61,Environmental,"2,2',5,5'-Tetrachlorobiphenyl",4
BD61,Environmental,"3,4,3',4'-Tetrachlorobiphenyl",4
BD61,Environmental,"3,4,5,3',4',5'-Hexachlorobiphenyl",4
BD61,Environmental,3-Hydroxybenzoate,4
BD61,Environmental,"Anthracene-cis-1,2-dihydrodiol",4
BD61,Environmental,Arsenic,4
BD61,Environmental,Arylmercury,4
BD61,Environmental,Aziridine,4
BD61,Environmental,"Benzo[a]pyrene-cis-9,10-dihydrodiol",4
BD61,Environmental,Chloramine,4
BD61,Environmental,Chloraminophenamide,4
BD61,Environmental,Ethylbenzene,4
BD61,Environmental,Fluoranthene,4
BD61,Environmental,Fluoren-9-ol,4
BD61,Environmental,Methyl bromide,4
BD61,Environmental,Mitomycin,4
BD61,Environmental,Mitoxantrone,4
BD61,Environmental,"Naphthalene-1,2-diol",4
BD61,Environmental,Nitrobenzene,4
BD61,Environmental,Nitrogen mustard,4
BD61,Environmental,Nitromethane,4
BD61,Environmental,Phenacetin,4
BD61,Environmental,Phenylmethanesulfonyl fluoride,4
BD61,Environmental,Simazine,4
BD61,Environmental,Tetranitromethane,4
BD61,Environmental,Vinyl fluoride,4
BD61,Environmental,alpha-Chlorohydrin,4
BD61,Environmental,para-Aminoazobenzene,4
BD61,Environmental,"Aflatoxin B1exo-8,9-epoxide-GSH",3
BD61,Environmental,Bifenox,3
BD61,Environmental,Captafol,3
BD61,Environmental,Chloramphenicol,3
BD61,Environmental,Methyl isobutyl ketone,3
BD61,Environmental,Styrene,3
BD61,Environmental,Zalcitabine,3
BD61,Environmental,"1,1-Dimethylhydrazine",2
BD61,Environmental,"1,2-Dibromoethane",2
BD61,Environmental,"1,4-Dioxane",2
BD61,Environmental,"2,4-Dimethylphenol",2
BD61,Environmental,2-Naphthylamine,2
BD61,Environmental,2-Nitropropane,2
BD61,Environmental,4-Cresol,2
BD61,Environmental,Acenaphthene,2
BD61,Environmental,Acetamide,2
BD61,Environmental,Acrylamide,2
BD61,Environmental,CO,2
BD61,Environmental,Digoxin,2
BD61,Environmental,Hg,2
BD61,Environmental,Mercury(2+),2
BD61,Environmental,Microcystin LR,2
BD61,Environmental,"N,N'-Diacetylbenzidine",2
BD61,Environmental,N-Methyl-N'-nitro-N-nitrosoguanidine,2
BD61,Environmental,Streptozocin,2
BD61,Environmental,Thiocyanate,2
BD61,Environmental,Trinitrotoluene,2
BD61,Environmental,2-Ethoxyethanol,1
BD61,Environmental,2-Methylnaphthalene,1
BD61,Environmental,"Aflatoxin B1-exo-8,9-epoxide",1
BD61,Environmental,Benzofuran,1
BD61,Environmental,Caffeate,1
BD61,Environmental,Cobalt,1
BD61,Environmental,Ethyl acrylate,1
BD61,Environmental,Etoposide,1
BD61,Environmental,Glycidaldehyde,1
BD61,Environmental,Hydrogen cyanide,1
BD61,Environmental,Methane,1
BD61,Environmental,Sodium fluoride,1
BD61,Environmental,Strontium cation,1
BD61,Environmental,beta-Butyrolactone,1
BD61,Genomic,Formaldehyde,36
BD61,Genomic,Benzidine,32
BD61,Genomic,Lead nitrate,30
BD61,Genomic,Chlorpyrifos,18
BD61,Genomic,Amsacrine,15
BD61,Genomic,"3,3'-Dimethoxybenzidine",14
BD61,Genomic,Dichlorvos,12
BD61,Genomic,Nitrite,12
BD61,Genomic,Cypermethrin,9
BD61,Genomic,Diuron,9
BD61,Genomic,Sulfasalazine,9
BD61,Genomic,Endosulfan,8
BD61,Genomic,Epichlorohydrin,8
BD61,Genomic,Hydrochlorothiazide,8
BD61,Genomic,Benzo[a]pyrene,7
BD61,Genomic,"2,4-Dinitrotoluene",6
BD61,Genomic,Alachlor,6
BD61,Genomic,Chloral hydrate,6
BD61,Genomic,Cobaltous sulfate,6
BD61,Genomic,Merphalan,6
BD61,Genomic,Pioglitazone,6
BD61,Genomic,Anthracene,5
BD61,Genomic,Danthron,5
BD61,Genomic,"(+)-(3S,4R)-cis-3,4-Dihydroxy-3,4-dihydrofluorene",4
BD61,Genomic,1-Hydroxy-2-naphthoate,4
BD61,Genomic,"Anthracene-cis-1,2-dihydrodiol",4
BD61,Genomic,Aziridine,4
BD61,Genomic,"Benzo[a]pyrene-cis-9,10-dihydrodiol",4
BD61,Genomic,Chloraminophenamide,4
BD61,Genomic,Ethyl methanesulfonate,4
BD61,Genomic,Fluoranthene,4
BD61,Genomic,Fluoren-9-ol,4
BD61,Genomic,Methyl bromide,4
BD61,Genomic,Mitomycin,4
BD61,Genomic,Mitoxantrone,4
BD61,Genomic,"Naphthalene-1,2-diol",4
BD61,Genomic,Nitrogen mustard,4
BD61,Genomic,Phenacetin,4
BD61,Genomic,Simazine,4
BD61,Genomic,Tetranitromethane,4
BD61,Genomic,alpha-Chlorohydrin,4
BD61,Genomic,para-Aminoazobenzene,4
BD61,Genomic,"Aflatoxin B1exo-8,9-epoxide-GSH",3
BD61,Genomic,Bifenox,3
BD61,Genomic,Captafol,3
BD61,Genomic,Chloramphenicol,3
BD61,Genomic,Styrene,3
BD61,Genomic,Zalcitabine,3
BD61,Genomic,"1,1-Dimethylhydrazine",2
BD61,Genomic,"1,2-Dibromoethane",2
BD61,Genomic,"2,4-Dimethylphenol",2
BD61,Genomic,2-Naphthylamine,2
BD61,Genomic,2-Nitropropane,2
BD61,Genomic,Microcystin LR,2
BD61,Genomic,"N,N'-Diacetylbenzidine",2
BD61,Genomic,N-Methyl-N'-nitro-N-nitrosoguanidine,2
BD61,Genomic,Streptozocin,2
BD61,Genomic,Trinitrotoluene,2
BD61,Genomic,"Aflatoxin B1-exo-8,9-epoxide",1
BD61,Genomic,Benzofuran,1
BD61,Genomic,Etoposide,1
BD61,Genomic,Glycidaldehyde,1
BD61,Genomic,beta-Butyrolactone,1
BD61,Nuclear Response,Acetaldehyde,39
BD61,Nuclear Response,Benzidine,32
BD61,Nuclear Response,Chlorpyrifos,18
BD61,Nuclear Response,Catechol,15
BD61,Nuclear Response,Diuron,9
BD61,Nuclear Response,Phenylmercury acetate,8
BD61,Nuclear Response,Tributyltin chloride,8
BD61,Nuclear Response,Benzo[a]pyrene,7
BD61,Nuclear Response,Pioglitazone,6
BD61,Nuclear Response,Anthracene,5
BD61,Nuclear Response,Danthron,5
BD61,Nuclear Response,1-Hydroxy-2-naphthoate,4
BD61,Nuclear Response,"Anthracene-cis-1,2-dihydrodiol",4
BD61,Nuclear Response,Fluoranthene,4
BD61,Nuclear Response,Mitomycin,4
BD61,Nuclear Response,"Naphthalene-1,2-diol",4
BD61,Nuclear Response,Nitrogen mustard,4
BD61,Nuclear Response,Vinyl fluoride,4
BD61,Nuclear Response,para-Aminoazobenzene,4
BD61,Nuclear Response,2-Naphthylamine,2
BD61,Nuclear Response,Digoxin,2
BD61,Nuclear Response,Hg,2
BD61,Nuclear Response,Mercury(2+),2
BD61,Nuclear Response,"N,N'-Diacetylbenzidine",2
BD61,Nuclear Response,N-Methyl-N'-nitro-N-nitrosoguanidine,2
BD61,Nuclear Response,Thiocyanate,2
BD61,Nuclear Response,Benzofuran,1
BD61,Nuclear Response,Caffeate,1
BD61,Nuclear Response,Etoposide,1
BD61,Organic,Ammonia,138
BD61,Organic,Acetaldehyde,39
BD61,Organic,Formaldehyde,36
BD61,Organic,Benzidine,32
BD61,Organic,Lead nitrate,30
BD61,Organic,Methylmercury chloride,30
BD61,Organic,Carbon tetrachloride,20
BD61,Organic,Cadmium chloride,18
BD61,Organic,Chlorpyrifos,18
BD61,Organic,Copper,18
BD61,Organic,Thioacetamide,18
BD61,Organic,Cacodylate,16
BD61,Organic,Amsacrine,15
BD61,Organic,Catechol,15
BD61,Organic,"3,3'-Dimethoxybenzidine",14
BD61,Organic,"3,4-Dihydroxybenzoate",12
BD61,Organic,"3-Carboxy-cis,cis-muconate",12
BD61,Organic,Dichlorvos,12
BD61,Organic,Mercuric chloride,12
BD61,Organic,Nitrite,12
BD61,Organic,Trichloroethene,12
BD61,Organic,Diuron,9
BD61,Organic,Nickel chloride,9
BD61,Organic,Phenol,9
BD61,Organic,Sulfasalazine,9
BD61,Organic,"1,1,2,2-Tetrachloroethane",8
BD61,Organic,4-Nitrophenol,8
BD61,Organic,BHC,8
BD61,Organic,Endosulfan,8
BD61,Organic,Epichlorohydrin,8
BD61,Organic,Hydrochlorothiazide,8
BD61,Organic,Phenylmercury acetate,8
BD61,Organic,Salicylate,8
BD61,Organic,Sodium arsenite,8
BD61,Organic,Tributyltin chloride,8
BD61,Organic,Zinc cation,8
BD61,Organic,Benzo[a]pyrene,7
BD61,Organic,"2,4-Dinitrotoluene",6
BD61,Organic,2-Chlorophenol,6
BD61,Organic,Alachlor,6
BD61,Organic,Chloral hydrate,6
BD61,Organic,Cobaltous sulfate,6
BD61,Organic,Cyanide ion,6
BD61,Organic,Merphalan,6
BD61,Organic,Naphthalene,6
BD61,Organic,Nitrate,6
BD61,Organic,Pioglitazone,6
BD61,Organic,Anthracene,5
BD61,Organic,Danthron,5
BD61,Organic,Ethanol,5
BD61,Organic,Fluorene,5
BD61,Organic,Lead,5
BD61,Organic,"(+)-(3S,4R)-cis-3,4-Dihydroxy-3,4-dihydrofluorene",4
BD61,Organic,1-Hydroxy-2-naphthoate,4
BD61,Organic,"2,2',4,4',6,6'-Hexachlorobiphenyl",4
BD61,Organic,"2,2',4,4'-Tetrachlorobiphenyl",4
BD61,Organic,"2,2',5,5'-Tetrachlorobiphenyl",4
BD61,Organic,"3,4,3',4'-Tetrachlorobiphenyl",4
BD61,Organic,"3,4,5,3',4',5'-Hexachlorobiphenyl",4
BD61,Organic,3-Hydroxybenzoate,4
BD61,Organic,"Anthracene-cis-1,2-dihydrodiol",4
BD61,Organic,Arsenic,4
BD61,Organic,Arylmercury,4
BD61,Organic,Aziridine,4
BD61,Organic,"Benzo[a]pyrene-cis-9,10-dihydrodiol",4
BD61,Organic,Chloramine,4
BD61,Organic,Chloraminophenamide,4
BD61,Organic,Ethyl methanesulfonate,4
BD61,Organic,Ethylbenzene,4
BD61,Organic,Fluoranthene,4
BD61,Organic,Fluoren-9-ol,4
BD61,Organic,Methyl bromide,4
BD61,Organic,Mitomycin,4
BD61,Organic,Mitoxantrone,4
BD61,Organic,"Naphthalene-1,2-diol",4
BD61,Organic,Nitrobenzene,4
BD61,Organic,Nitrogen mustard,4
BD61,Organic,Nitromethane,4
BD61,Organic,Phenacetin,4
BD61,Organic,Phenylmethanesulfonyl fluoride,4
BD61,Organic,Simazine,4
BD61,Organic,Tetranitromethane,4
BD61,Organic,Vinyl fluoride,4
BD61,Organic,alpha-Chlorohydrin,4
BD61,Organic,para-Aminoazobenzene,4
BD61,Organic,"Aflatoxin B1exo-8,9-epoxide-GSH",3
BD61,Organic,Captafol,3
BD61,Organic,Chloramphenicol,3
BD61,Organic,Methyl isobutyl ketone,3
BD61,Organic,Styrene,3
BD61,Organic,Zalcitabine,3
BD61,Organic,"1,1-Dimethylhydrazine",2
BD61,Organic,"1,2-Dibromoethane",2
BD61,Organic,"1,4-Dioxane",2
BD61,Organic,"2,4-Dimethylphenol",2
BD61,Organic,2-Naphthylamine,2
BD61,Organic,2-Nitropropane,2
BD61,Organic,4-Cresol,2
BD61,Organic,Acenaphthene,2
BD61,Organic,Acetamide,2
BD61,Organic,Acrylamide,2
BD61,Organic,CO,2
BD61,Organic,Digoxin,2
BD61,Organic,Hg,2
BD61,Organic,Mercury(2+),2
BD61,Organic,Microcystin LR,2
BD61,Organic,"N,N'-Diacetylbenzidine",2
BD61,Organic,N-Methyl-N'-nitro-N-nitrosoguanidine,2
BD61,Organic,Streptozocin,2
BD61,Organic,Thiocyanate,2
BD61,Organic,Trinitrotoluene,2
BD61,Organic,2-Ethoxyethanol,1
BD61,Organic,2-Methylnaphthalene,1
BD61,Organic,"Aflatoxin B1-exo-8,9-epoxide",1
BD61,Organic,Benzofuran,1
BD61,Organic,Caffeate,1
BD61,Organic,Cobalt,1
BD61,Organic,Ethyl acrylate,1
BD61,Organic,Etoposide,1
BD61,Organic,Glycidaldehyde,1
BD61,Organic,Hydrogen cyanide,1
BD61,Organic,Methane,1
BD61,Organic,Methyl tert-butyl ether,1
BD61,Organic,Sodium fluoride,1
BD61,Organic,Strontium cation,1
BD61,Organic,beta-Butyrolactone,1
BD61,Stress Response,Acetaldehyde,39
BD61,Stress Response,Benzidine,32
BD61,Stress Response,Methylmercury chloride,30
BD61,Stress Response,Chlorpyrifos,18
BD61,Stress Response,Amsacrine,15
BD61,Stress Response,Catechol,15
BD61,Stress Response,"3,3'-Dimethoxybenzidine",14
BD61,Stress Response,Dichlorvos,12
BD61,Stress Response,Diuron,9
BD61,Stress Response,4-Nitrophenol,8
BD61,Stress Response,Endosulfan,8
BD61,Stress Response,Phenylmercury acetate,8
BD61,Stress Response,Tributyltin chloride,8
BD61,Stress Response,Benzo[a]pyrene,7
BD61,Stress Response,Alachlor,6
BD61,Stress Response,Anthracene,5
BD61,Stress Response,Danthron,5
BD61,Stress Response,"2,2',4,4',6,6'-Hexachlorobiphenyl",4
BD61,Stress Response,"Benzo[a]pyrene-cis-9,10-dihydrodiol",4
BD61,Stress Response,Fluoranthene,4
BD61,Stress Response,"Naphthalene-1,2-diol",4
BD61,Stress Response,Nitromethane,4
BD61,Stress Response,para-Aminoazobenzene,4
BD61,Stress Response,Captafol,3
BD61,Stress Response,Digoxin,2
BD61,Stress Response,Hg,2
BD61,Stress Response,Mercury(2+),2
BD61,Stress Response,"N,N'-Diacetylbenzidine",2
BD61,Stress Response,N-Methyl-N'-nitro-N-nitrosoguanidine,2
BD61,Stress Response,Etoposide,1
BD9,Environmental,Ammonia,136
BD9,Environmental,Diuron,45
BD9,Environmental,Benzidine,40
BD9,Environmental,Acetaldehyde,27
BD9,Environmental,Carbon tetrachloride,25
BD9,Environmental,Formaldehyde,24
BD9,Environmental,Lead nitrate,24
BD9,Environmental,2-Chlorophenol,18
BD9,Environmental,Amsacrine,18
BD9,Environmental,Cadmium chloride,18
BD9,Environmental,Chlorpyrifos,18
BD9,Environmental,Cypermethrin,18
BD9,Environmental,Methylmercury chloride,18
BD9,Environmental,Mercuric chloride,16
BD9,Environmental,Copper,15
BD9,Environmental,Thioacetamide,15
BD9,Environmental,Nitrite,14
BD9,Environmental,4-Nitrophenol,12
BD9,Environmental,Dichlorvos,12
BD9,Environmental,Hydrochlorothiazide,12
BD9,Environmental,Phenol,12
BD9,Environmental,Trichloroethene,12
BD9,Environmental,Nitrate,10
BD9,Environmental,Streptozocin,10
BD9,Environmental,Zinc cation,10
BD9,Environmental,Nickel chloride,9
BD9,Environmental,"1,1,2,2-Tetrachloroethane",8
BD9,Environmental,"1,2-Dichlorobenzene",8
BD9,Environmental,"2-Amino-1-methyl-6-phenylimidazo[4,5-b]pyridine",8
BD9,Environmental,"3,3'-Dimethoxybenzidine",8
BD9,Environmental,Arsenic,8
BD9,Environmental,Arylmercury,8
BD9,Environmental,Chloral hydrate,8
BD9,Environmental,Chlorpyrifos-methyl,8
BD9,Environmental,Endosulfan,8
BD9,Environmental,Tributyltin chloride,8
BD9,Environmental,Benzo[a]pyrene,7
BD9,Environmental,Chloramine,6
BD9,Environmental,Chlorfenvinphos,6
BD9,Environmental,Merphalan,6
BD9,Environmental,Methyl bromide,6
BD9,Environmental,Mitoxantrone,6
BD9,Environmental,Naphthalene,6
BD9,Environmental,Parathion,6
BD9,Environmental,Sulfasalazine,6
BD9,Environmental,alpha-Chlorohydrin,6
BD9,Environmental,Catechol,5
BD9,Environmental,Danthron,5
BD9,Environmental,Ethanol,5
BD9,Environmental,Lead,5
BD9,Environmental,Zalcitabine,5
BD9,Environmental,"1,4-Dioxane",4
BD9,Environmental,"2,2',4,4',6,6'-Hexachlorobiphenyl",4
BD9,Environmental,"2,2',4,4'-Tetrachlorobiphenyl",4
BD9,Environmental,"2,2',5,5'-Tetrachlorobiphenyl",4
BD9,Environmental,"3,4,3',4'-Tetrachlorobiphenyl",4
BD9,Environmental,"3,4,5,3',4',5'-Hexachlorobiphenyl",4
BD9,Environmental,"3,4-Dihydroxybenzoate",4
BD9,Environmental,Acenaphthene,4
BD9,Environmental,Chloraminophenamide,4
BD9,Environmental,Dibutyl phthalate,4
BD9,Environmental,Methyl isobutyl ketone,4
BD9,Environmental,Mitomycin,4
BD9,Environmental,Nitromethane,4
BD9,Environmental,Phenacetin,4
BD9,Environmental,Phenylmercury acetate,4
BD9,Environmental,Phenylmethanesulfonyl fluoride,4
BD9,Environmental,Simazine,4
BD9,Environmental,Tetranitromethane,4
BD9,Environmental,Toluene,4
BD9,Environmental,para-Aminoazobenzene,4
BD9,Environmental,CO,3
BD9,Environmental,Captafol,3
BD9,Environmental,Chlorothalonil,3
BD9,Environmental,Dimethoate,3
BD9,Environmental,Naled,3
BD9,Environmental,Nitrofen,3
BD9,Environmental,Ochratoxin A,3
BD9,Environmental,Pioglitazone,3
BD9,Environmental,Styrene,3
BD9,Environmental,Vinyl acetate,3
BD9,Environmental,"1,3-Dichloro-2-propanol",2
BD9,Environmental,"2,6-Dimethylaniline",2
BD9,Environmental,2-(4-Chlorophenoxy)propionic acid,2
BD9,Environmental,2-Ethoxyethanol,2
BD9,Environmental,2-Naphthylamine,2
BD9,Environmental,2-Nitropropane,2
BD9,Environmental,"3,3'-Dimethylbenzidine",2
BD9,Environmental,4-(N-Nitrosomethylamino)-1-(3-pyridyl)-1-butanone,2
BD9,Environmental,4-Cresol,2
BD9,Environmental,Aflatoxin M1,2
BD9,Environmental,Aziridine,2
BD9,Environmental,Caffeate,2
BD9,Environmental,Chloral,2
BD9,Environmental,Etoposide,2
BD9,Environmental,Glu-P-1,2
BD9,Environmental,Hydrazine,2
BD9,Environmental,Microcystin LR,2
BD9,Environmental,N-Methyl-N'-nitro-N-nitrosoguanidine,2
BD9,Environmental,Nitrogen mustard,2
BD9,Environmental,Tamoxifen,2
BD9,Environmental,Trinitrotoluene,2
BD9,Environmental,ortho-Toluidine,2
BD9,Environmental,para-(Dimethylamino)azobenzene,2
BD9,Environmental,3-Cresol,1
BD9,Environmental,Acetone,1
BD9,Environmental,Aflatoxin B1,1
BD9,Environmental,"Aflatoxin B1-endo-8,9-epoxide",1
BD9,Environmental,"Aflatoxin B1-exo-8,9-epoxide",1
BD9,Environmental,Aflatoxin Q1,1
BD9,Environmental,"Aflatoxin-M1-8,9-epoxide",1
BD9,Environmental,Benzophenone,1
BD9,Environmental,Benzyl alcohol,1
BD9,Environmental,Cobalt,1
BD9,Environmental,Cyclosporin A,1
BD9,Environmental,Diethyl phthalate,1
BD9,Environmental,Digoxin,1
BD9,Environmental,Glycidaldehyde,1
BD9,Environmental,Manganese(2+),1
BD9,Environmental,Phenolphthalein,1
BD9,Environmental,Sodium fluoride,1
BD9,Environmental,Strontium cation,1
BD9,Genomic,Diuron,45
BD9,Genomic,Benzidine,40
BD9,Genomic,Formaldehyde,24
BD9,Genomic,Lead nitrate,24
BD9,Genomic,Amsacrine,18
BD9,Genomic,Chlorpyrifos,18
BD9,Genomic,Cypermethrin,18
BD9,Genomic,Nitrite,14
BD9,Genomic,Dichlorvos,12
BD9,Genomic,Hydrochlorothiazide,12
BD9,Genomic,Streptozocin,10
BD9,Genomic,"2-Amino-1-methyl-6-phenylimidazo[4,5-b]pyridine",8
BD9,Genomic,"3,3'-Dimethoxybenzidine",8
BD9,Genomic,Chloral hydrate,8
BD9,Genomic,Chlorpyrifos-methyl,8
BD9,Genomic,Endosulfan,8
BD9,Genomic,Benzo[a]pyrene,7
BD9,Genomic,Chlorfenvinphos,6
BD9,Genomic,Cobaltous sulfate,6
BD9,Genomic,Merphalan,6
BD9,Genomic,Methyl bromide,6
BD9,Genomic,Mitoxantrone,6
BD9,Genomic,Parathion,6
BD9,Genomic,Sulfasalazine,6
BD9,Genomic,alpha-Chlorohydrin,6
BD9,Genomic,Danthron,5
BD9,Genomic,Zalcitabine,5
BD9,Genomic,Chloraminophenamide,4
BD9,Genomic,Epichlorohydrin,4
BD9,Genomic,Mitomycin,4
BD9,Genomic,Phenacetin,4
BD9,Genomic,Simazine,4
BD9,Genomic,Tetranitromethane,4
BD9,Genomic,para-Aminoazobenzene,4
BD9,Genomic,Captafol,3
BD9,Genomic,Dimethoate,3
BD9,Genomic,Nitrofen,3
BD9,Genomic,Pioglitazone,3
BD9,Genomic,Styrene,3
BD9,Genomic,"1,3-Dichloro-2-propanol",2
BD9,Genomic,"2,6-Dimethylaniline",2
BD9,Genomic,2-Naphthylamine,2
BD9,Genomic,2-Nitropropane,2
BD9,Genomic,"3,3'-Dimethylbenzidine",2
BD9,Genomic,4-(N-Nitrosomethylamino)-1-(3-pyridyl)-1-butanone,2
BD9,Genomic,Aflatoxin M1,2
BD9,Genomic,Aziridine,2
BD9,Genomic,Chloral,2
BD9,Genomic,Ethyl methanesulfonate,2
BD9,Genomic,Etoposide,2
BD9,Genomic,Glu-P-1,2
BD9,Genomic,Hydrazine,2
BD9,Genomic,Methylnitrosourea,2
BD9,Genomic,Microcystin LR,2
BD9,Genomic,N-Methyl-N'-nitro-N-nitrosoguanidine,2
BD9,Genomic,Nitrogen mustard,2
BD9,Genomic,Trinitrotoluene,2
BD9,Genomic,ortho-Toluidine,2
BD9,Genomic,para-(Dimethylamino)azobenzene,2
BD9,Genomic,Aflatoxin B1,1
BD9,Genomic,"Aflatoxin B1-endo-8,9-epoxide",1
BD9,Genomic,"Aflatoxin B1-exo-8,9-epoxide",1
BD9,Genomic,Aflatoxin Q1,1
BD9,Genomic,"Aflatoxin-M1-8,9-epoxide",1
BD9,Genomic,Cyclosporin A,1
BD9,Genomic,Glycidaldehyde,1
BD9,Nuclear Response,Diuron,45
BD9,Nuclear Response,Benzidine,40
BD9,Nuclear Response,Acetaldehyde,27
BD9,Nuclear Response,Chlorpyrifos,18
BD9,Nuclear Response,"2-Amino-1-methyl-6-phenylimidazo[4,5-b]pyridine",8
BD9,Nuclear Response,Chlorpyrifos-methyl,8
BD9,Nuclear Response,Tributyltin chloride,8
BD9,Nuclear Response,Benzo[a]pyrene,7
BD9,Nuclear Response,Chlorfenvinphos,6
BD9,Nuclear Response,Parathion,6
BD9,Nuclear Response,Catechol,5
BD9,Nuclear Response,Danthron,5
BD9,Nuclear Response,Mitomycin,4
BD9,Nuclear Response,Phenylmercury acetate,4
BD9,Nuclear Response,para-Aminoazobenzene,4
BD9,Nuclear Response,Chlorothalonil,3
BD9,Nuclear Response,Naled,3
BD9,Nuclear Response,Pioglitazone,3
BD9,Nuclear Response,2-Naphthylamine,2
BD9,Nuclear Response,"3,3'-Dimethylbenzidine",2
BD9,Nuclear Response,Caffeate,2
BD9,Nuclear Response,Etoposide,2
BD9,Nuclear Response,Glu-P-1,2
BD9,Nuclear Response,Hydrazine,2
BD9,Nuclear Response,N-Methyl-N'-nitro-N-nitrosoguanidine,2
BD9,Nuclear Response,Nitrogen mustard,2
BD9,Nuclear Response,Tamoxifen,2
BD9,Nuclear Response,para-(Dimethylamino)azobenzene,2
BD9,Nuclear Response,Digoxin,1
BD9,Nuclear Response,Phenolphthalein,1
BD9,Organic,Ammonia,136
BD9,Organic,Diuron,45
BD9,Organic,Benzidine,40
BD9,Organic,Acetaldehyde,27
BD9,Organic,Carbon tetrachloride,25
BD9,Organic,Formaldehyde,24
BD9,Organic,Lead nitrate,24
BD9,Organic,2-Chlorophenol,18
BD9,Organic,Amsacrine,18
BD9,Organic,Cadmium chloride,18
BD9,Organic,Chlorpyrifos,18
BD9,Organic,Methylmercury chloride,18
BD9,Organic,Mercuric chloride,16
BD9,Organic,Copper,15
BD9,Organic,Thioacetamide,15
BD9,Organic,Nitrite,14
BD9,Organic,4-Nitrophenol,12
BD9,Organic,Dichlorvos,12
BD9,Organic,Hydrochlorothiazide,12
BD9,Organic,Phenol,12
BD9,Organic,Trichloroethene,12
BD9,Organic,Nitrate,10
BD9,Organic,Streptozocin,10
BD9,Organic,Zinc cation,10
BD9,Organic,Nickel chloride,9
BD9,Organic,"1,1,2,2-Tetrachloroethane",8
BD9,Organic,"1,2-Dichlorobenzene",8
BD9,Organic,"2-Amino-1-methyl-6-phenylimidazo[4,5-b]pyridine",8
BD9,Organic,"3,3'-Dimethoxybenzidine",8
BD9,Organic,Arsenic,8
BD9,Organic,Arylmercury,8
BD9,Organic,Cacodylate,8
BD9,Organic,Chloral hydrate,8
BD9,Organic,Chlorpyrifos-methyl,8
BD9,Organic,Endosulfan,8
BD9,Organic,Tributyltin chloride,8
BD9,Organic,Benzo[a]pyrene,7
BD9,Organic,Chloramine,6
BD9,Organic,Chlorfenvinphos,6
BD9,Organic,Cobaltous sulfate,6
BD9,Organic,Merphalan,6
BD9,Organic,Methyl bromide,6
BD9,Organic,Mitoxantrone,6
BD9,Organic,Naphthalene,6
BD9,Organic,Parathion,6
BD9,Organic,Sodium arsenite,6
BD9,Organic,Sulfasalazine,6
BD9,Organic,alpha-Chlorohydrin,6
BD9,Organic,Catechol,5
BD9,Organic,Danthron,5
BD9,Organic,Ethanol,5
BD9,Organic,Lead,5
BD9,Organic,Zalcitabine,5
BD9,Organic,"1,4-Dioxane",4
BD9,Organic,"2,2',4,4',6,6'-Hexachlorobiphenyl",4
BD9,Organic,"2,2',4,4'-Tetrachlorobiphenyl",4
BD9,Organic,"2,2',5,5'-Tetrachlorobiphenyl",4
BD9,Organic,"3,4,3',4'-Tetrachlorobiphenyl",4
BD9,Organic,"3,4,5,3',4',5'-Hexachlorobiphenyl",4
BD9,Organic,"3,4-Dihydroxybenzoate",4
BD9,Organic,Acenaphthene,4
BD9,Organic,Chloraminophenamide,4
BD9,Organic,Dibutyl phthalate,4
BD9,Organic,Epichlorohydrin,4
BD9,Organic,Methyl isobutyl ketone,4
BD9,Organic,Mitomycin,4
BD9,Organic,Nitromethane,4
BD9,Organic,Phenacetin,4
BD9,Organic,Phenylmercury acetate,4
BD9,Organic,Phenylmethanesulfonyl fluoride,4
BD9,Organic,Simazine,4
BD9,Organic,Tetranitromethane,4
BD9,Organic,Toluene,4
BD9,Organic,para-Aminoazobenzene,4
BD9,Organic,CO,3
BD9,Organic,Captafol,3
BD9,Organic,Chlorothalonil,3
BD9,Organic,Dimethoate,3
BD9,Organic,Naled,3
BD9,Organic,Nitrofen,3
BD9,Organic,Ochratoxin A,3
BD9,Organic,Pioglitazone,3
BD9,Organic,Styrene,3
BD9,Organic,Vinyl acetate,3
BD9,Organic,"1,3-Dichloro-2-propanol",2
BD9,Organic,"2,6-Dimethylaniline",2
BD9,Organic,2-(4-Chlorophenoxy)propionic acid,2
BD9,Organic,2-Ethoxyethanol,2
BD9,Organic,2-Naphthylamine,2
BD9,Organic,2-Nitropropane,2
BD9,Organic,"3,3'-Dimethylbenzidine",2
BD9,Organic,4-(N-Nitrosomethylamino)-1-(3-pyridyl)-1-butanone,2
BD9,Organic,4-Cresol,2
BD9,Organic,Aflatoxin M1,2
BD9,Organic,Aziridine,2
BD9,Organic,Caffeate,2
BD9,Organic,Chloral,2
BD9,Organic,Ethyl methanesulfonate,2
BD9,Organic,Etoposide,2
BD9,Organic,Glu-P-1,2
BD9,Organic,Hydrazine,2
BD9,Organic,Methylnitrosourea,2
BD9,Organic,Microcystin LR,2
BD9,Organic,N-Methyl-N'-nitro-N-nitrosoguanidine,2
BD9,Organic,Nitrogen mustard,2
BD9,Organic,Tamoxifen,2
BD9,Organic,Trinitrotoluene,2
BD9,Organic,ortho-Toluidine,2
BD9,Organic,para-(Dimethylamino)azobenzene,2
BD9,Organic,3-Cresol,1
BD9,Organic,Acetone,1
BD9,Organic,Aflatoxin B1,1
BD9,Organic,"Aflatoxin B1-endo-8,9-epoxide",1
BD9,Organic,"Aflatoxin B1-exo-8,9-epoxide",1
BD9,Organic,Aflatoxin Q1,1
BD9,Organic,"Aflatoxin-M1-8,9-epoxide",1
BD9,Organic,Benzophenone,1
BD9,Organic,Benzyl alcohol,1
BD9,Organic,Cobalt,1
BD9,Organic,Cyclosporin A,1
BD9,Organic,Diethyl phthalate,1
BD9,Organic,Digoxin,1
BD9,Organic,Glycidaldehyde,1
BD9,Organic,Manganese(2+),1
BD9,Organic,Methyl tert-butyl ether,1
BD9,Organic,Phenolphthalein,1
BD9,Organic,Sodium fluoride,1
BD9,Organic,Strontium cation,1
BD9,Stress Response,Diuron,45
BD9,Stress Response,Benzidine,40
BD9,Stress Response,Acetaldehyde,27
BD9,Stress Response,Amsacrine,18
BD9,Stress Response,Chlorpyrifos,18
BD9,Stress Response,Methylmercury chloride,18
BD9,Stress Response,4-Nitrophenol,12
BD9,Stress Response,Dichlorvos,12
BD9,Stress Response,"3,3'-Dimethoxybenzidine",8
BD9,Stress Response,Chlorpyrifos-methyl,8
BD9,Stress Response,Endosulfan,8
BD9,Stress Response,Tributyltin chloride,8
BD9,Stress Response,Benzo[a]pyrene,7
BD9,Stress Response,Catechol,5
BD9,Stress Response,Danthron,5
BD9,Stress Response,"2,2',4,4',6,6'-Hexachlorobiphenyl",4
BD9,Stress Response,Nitromethane,4
BD9,Stress Response,Phenylmercury acetate,4
BD9,Stress Response,para-Aminoazobenzene,4
BD9,Stress Response,Captafol,3
BD9,Stress Response,Chlorothalonil,3
BD9,Stress Response,Naled,3
BD9,Stress Response,Nitrofen,3
BD9,Stress Response,Etoposide,2
BD9,Stress Response,Methylnitrosourea,2
BD9,Stress Response,N-Methyl-N'-nitro-N-nitrosoguanidine,2
BD9,Stress Response,para-(Dimethylamino)azobenzene,2
BD9,Stress Response,Cyclosporin A,1
BD9,Stress Response,Digoxin,1
BD9,Stress Response,Phenolphthalein,1
BG1,Environmental,Ammonia,136
BG1,Environmental,Diuron,45
BG1,Environmental,Benzidine,40
BG1,Environmental,Acetaldehyde,27
BG1,Environmental,Carbon tetrachloride,25
BG1,Environmental,Formaldehyde,24
BG1,Environmental,Lead nitrate,24
BG1,Environmental,2-Chlorophenol,18
BG1,Environmental,Amsacrine,18
BG1,Environmental,Cadmium chloride,18
BG1,Environmental,Chlorpyrifos,18
BG1,Environmental,Cypermethrin,18
BG1,Environmental,Methylmercury chloride,18
BG1,Environmental,Mercuric chloride,16
BG1,Environmental,Copper,15
BG1,Environmental,Thioacetamide,15
BG1,Environmental,Nitrite,14
BG1,Environmental,4-Nitrophenol,12
BG1,Environmental,Dichlorvos,12
BG1,Environmental,Hydrochlorothiazide,12
BG1,Environmental,Phenol,12
BG1,Environmental,Trichloroethene,12
BG1,Environmental,Nitrate,10
BG1,Environmental,Streptozocin,10
BG1,Environmental,Zinc cation,10
BG1,Environmental,Nickel chloride,9
BG1,Environmental,"1,1,2,2-Tetrachloroethane",8
BG1,Environmental,"1,2-Dichlorobenzene",8
BG1,Environmental,"2-Amino-1-methyl-6-phenylimidazo[4,5-b]pyridine",8
BG1,Environmental,"3,3'-Dimethoxybenzidine",8
BG1,Environmental,Arsenic,8
BG1,Environmental,Arylmercury,8
BG1,Environmental,Chloral hydrate,8
BG1,Environmental,Chlorpyrifos-methyl,8
BG1,Environmental,Endosulfan,8
BG1,Environmental,Tributyltin chloride,8
BG1,Environmental,Benzo[a]pyrene,7
BG1,Environmental,Chloramine,6
BG1,Environmental,Chlorfenvinphos,6
BG1,Environmental,Merphalan,6
BG1,Environmental,Methyl bromide,6
BG1,Environmental,Mitoxantrone,6
BG1,Environmental,Naphthalene,6
BG1,Environmental,Parathion,6
BG1,Environmental,Sulfasalazine,6
BG1,Environmental,alpha-Chlorohydrin,6
BG1,Environmental,Catechol,5
BG1,Environmental,Danthron,5
BG1,Environmental,Ethanol,5
BG1,Environmental,Lead,5
BG1,Environmental,Zalcitabine,5
BG1,Environmental,"1,4-Dioxane",4
BG1,Environmental,"2,2',4,4',6,6'-Hexachlorobiphenyl",4
BG1,Environmental,"2,2',4,4'-Tetrachlorobiphenyl",4
BG1,Environmental,"2,2',5,5'-Tetrachlorobiphenyl",4
BG1,Environmental,"3,4,3',4'-Tetrachlorobiphenyl",4
BG1,Environmental,"3,4,5,3',4',5'-Hexachlorobiphenyl",4
BG1,Environmental,"3,4-Dihydroxybenzoate",4
BG1,Environmental,Acenaphthene,4
BG1,Environmental,Chloraminophenamide,4
BG1,Environmental,Dibutyl phthalate,4
BG1,Environmental,Methyl isobutyl ketone,4
BG1,Environmental,Mitomycin,4
BG1,Environmental,Nitromethane,4
BG1,Environmental,Phenacetin,4
BG1,Environmental,Phenylmercury acetate,4
BG1,Environmental,Phenylmethanesulfonyl fluoride,4
BG1,Environmental,Simazine,4
BG1,Environmental,Tetranitromethane,4
BG1,Environmental,Toluene,4
BG1,Environmental,para-Aminoazobenzene,4
BG1,Environmental,CO,3
BG1,Environmental,Captafol,3
BG1,Environmental,Chlorothalonil,3
BG1,Environmental,Dimethoate,3
BG1,Environmental,Naled,3
BG1,Environmental,Nitrofen,3
BG1,Environmental,Ochratoxin A,3
BG1,Environmental,Pioglitazone,3
BG1,Environmental,Styrene,3
BG1,Environmental,Vinyl acetate,3
BG1,Environmental,"1,3-Dichloro-2-propanol",2
BG1,Environmental,"2,6-Dimethylaniline",2
BG1,Environmental,2-(4-Chlorophenoxy)propionic acid,2
BG1,Environmental,2-Ethoxyethanol,2
BG1,Environmental,2-Naphthylamine,2
BG1,Environmental,2-Nitropropane,2
BG1,Environmental,"3,3'-Dimethylbenzidine",2
BG1,Environmental,4-(N-Nitrosomethylamino)-1-(3-pyridyl)-1-butanone,2
BG1,Environmental,4-Cresol,2
BG1,Environmental,Aflatoxin M1,2
BG1,Environmental,Aziridine,2
BG1,Environmental,Caffeate,2
BG1,Environmental,Chloral,2
BG1,Environmental,Etoposide,2
BG1,Environmental,Glu-P-1,2
BG1,Environmental,Hydrazine,2
BG1,Environmental,Microcystin LR,2
BG1,Environmental,N-Methyl-N'-nitro-N-nitrosoguanidine,2
BG1,Environmental,Nitrogen mustard,2
BG1,Environmental,Tamoxifen,2
BG1,Environmental,Trinitrotoluene,2
BG1,Environmental,ortho-Toluidine,2
BG1,Environmental,para-(Dimethylamino)azobenzene,2
BG1,Environmental,3-Cresol,1
BG1,Environmental,Acetone,1
BG1,Environmental,Aflatoxin B1,1
BG1,Environmental,"Aflatoxin B1-endo-8,9-epoxide",1
BG1,Environmental,"Aflatoxin B1-exo-8,9-epoxide",1
BG1,Environmental,Aflatoxin Q1,1
BG1,Environmental,"Aflatoxin-M1-8,9-epoxide",1
BG1,Environmental,Benzophenone,1
BG1,Environmental,Benzyl alcohol,1
BG1,Environmental,Cobalt,1
BG1,Environmental,Cyclosporin A,1
BG1,Environmental,Diethyl phthalate,1
BG1,Environmental,Digoxin,1
BG1,Environmental,Glycidaldehyde,1
BG1,Environmental,Manganese(2+),1
BG1,Environmental,Phenolphthalein,1
BG1,Environmental,Sodium fluoride,1
BG1,Environmental,Strontium cation,1
BG1,Genomic,Diuron,45
BG1,Genomic,Benzidine,40
BG1,Genomic,Formaldehyde,24
BG1,Genomic,Lead nitrate,24
BG1,Genomic,Amsacrine,18
BG1,Genomic,Chlorpyrifos,18
BG1,Genomic,Cypermethrin,18
BG1,Genomic,Nitrite,14
BG1,Genomic,Dichlorvos,12
BG1,Genomic,Hydrochlorothiazide,12
BG1,Genomic,Streptozocin,10
BG1,Genomic,"2-Amino-1-methyl-6-phenylimidazo[4,5-b]pyridine",8
BG1,Genomic,"3,3'-Dimethoxybenzidine",8
BG1,Genomic,Chloral hydrate,8
BG1,Genomic,Chlorpyrifos-methyl,8
BG1,Genomic,Endosulfan,8
BG1,Genomic,Benzo[a]pyrene,7
BG1,Genomic,Chlorfenvinphos,6
BG1,Genomic,Cobaltous sulfate,6
BG1,Genomic,Merphalan,6
BG1,Genomic,Methyl bromide,6
BG1,Genomic,Mitoxantrone,6
BG1,Genomic,Parathion,6
BG1,Genomic,Sulfasalazine,6
BG1,Genomic,alpha-Chlorohydrin,6
BG1,Genomic,Danthron,5
BG1,Genomic,Zalcitabine,5
BG1,Genomic,Chloraminophenamide,4
BG1,Genomic,Epichlorohydrin,4
BG1,Genomic,Mitomycin,4
BG1,Genomic,Phenacetin,4
BG1,Genomic,Simazine,4
BG1,Genomic,Tetranitromethane,4
BG1,Genomic,para-Aminoazobenzene,4
BG1,Genomic,Captafol,3
BG1,Genomic,Dimethoate,3
BG1,Genomic,Nitrofen,3
BG1,Genomic,Pioglitazone,3
BG1,Genomic,Styrene,3
BG1,Genomic,"1,3-Dichloro-2-propanol",2
BG1,Genomic,"2,6-Dimethylaniline",2
BG1,Genomic,2-Naphthylamine,2
BG1,Genomic,2-Nitropropane,2
BG1,Genomic,"3,3'-Dimethylbenzidine",2
BG1,Genomic,4-(N-Nitrosomethylamino)-1-(3-pyridyl)-1-butanone,2
BG1,Genomic,Aflatoxin M1,2
BG1,Genomic,Aziridine,2
BG1,Genomic,Chloral,2
BG1,Genomic,Ethyl methanesulfonate,2
BG1,Genomic,Etoposide,2
BG1,Genomic,Glu-P-1,2
BG1,Genomic,Hydrazine,2
BG1,Genomic,Methylnitrosourea,2
BG1,Genomic,Microcystin LR,2
BG1,Genomic,N-Methyl-N'-nitro-N-nitrosoguanidine,2
BG1,Genomic,Nitrogen mustard,2
BG1,Genomic,Trinitrotoluene,2
BG1,Genomic,ortho-Toluidine,2
BG1,Genomic,para-(Dimethylamino)azobenzene,2
BG1,Genomic,Aflatoxin B1,1
BG1,Genomic,"Aflatoxin B1-endo-8,9-epoxide",1
BG1,Genomic,"Aflatoxin B1-exo-8,9-epoxide",1
BG1,Genomic,Aflatoxin Q1,1
BG1,Genomic,"Aflatoxin-M1-8,9-epoxide",1
BG1,Genomic,Cyclosporin A,1
BG1,Genomic,Glycidaldehyde,1
BG1,Nuclear Response,Diuron,45
BG1,Nuclear Response,Benzidine,40
BG1,Nuclear Response,Acetaldehyde,27
BG1,Nuclear Response,Chlorpyrifos,18
BG1,Nuclear Response,"2-Amino-1-methyl-6-phenylimidazo[4,5-b]pyridine",8
BG1,Nuclear Response,Chlorpyrifos-methyl,8
BG1,Nuclear Response,Tributyltin chloride,8
BG1,Nuclear Response,Benzo[a]pyrene,7
BG1,Nuclear Response,Chlorfenvinphos,6
BG1,Nuclear Response,Parathion,6
BG1,Nuclear Response,Catechol,5
BG1,Nuclear Response,Danthron,5
BG1,Nuclear Response,Mitomycin,4
BG1,Nuclear Response,Phenylmercury acetate,4
BG1,Nuclear Response,para-Aminoazobenzene,4
BG1,Nuclear Response,Chlorothalonil,3
BG1,Nuclear Response,Naled,3
BG1,Nuclear Response,Pioglitazone,3
BG1,Nuclear Response,2-Naphthylamine,2
BG1,Nuclear Response,"3,3'-Dimethylbenzidine",2
BG1,Nuclear Response,Caffeate,2
BG1,Nuclear Response,Etoposide,2
BG1,Nuclear Response,Glu-P-1,2
BG1,Nuclear Response,Hydrazine,2
BG1,Nuclear Response,N-Methyl-N'-nitro-N-nitrosoguanidine,2
BG1,Nuclear Response,Nitrogen mustard,2
BG1,Nuclear Response,Tamoxifen,2
BG1,Nuclear Response,para-(Dimethylamino)azobenzene,2
BG1,Nuclear Response,Digoxin,1
BG1,Nuclear Response,Phenolphthalein,1
BG1,Organic,Ammonia,136
BG1,Organic,Diuron,45
BG1,Organic,Benzidine,40
BG1,Organic,Acetaldehyde,27
BG1,Organic,Carbon tetrachloride,25
BG1,Organic,Formaldehyde,24
BG1,Organic,Lead nitrate,24
BG1,Organic,2-Chlorophenol,18
BG1,Organic,Amsacrine,18
BG1,Organic,Cadmium chloride,18
BG1,Organic,Chlorpyrifos,18
BG1,Organic,Methylmercury chloride,18
BG1,Organic,Mercuric chloride,16
BG1,Organic,Copper,15
BG1,Organic,Thioacetamide,15
BG1,Organic,Nitrite,14
BG1,Organic,4-Nitrophenol,12
BG1,Organic,Dichlorvos,12
BG1,Organic,Hydrochlorothiazide,12
BG1,Organic,Phenol,12
BG1,Organic,Trichloroethene,12
BG1,Organic,Nitrate,10
BG1,Organic,Streptozocin,10
BG1,Organic,Zinc cation,10
BG1,Organic,Nickel chloride,9
BG1,Organic,"1,1,2,2-Tetrachloroethane",8
BG1,Organic,"1,2-Dichlorobenzene",8
BG1,Organic,"2-Amino-1-methyl-6-phenylimidazo[4,5-b]pyridine",8
BG1,Organic,"3,3'-Dimethoxybenzidine",8
BG1,Organic,Arsenic,8
BG1,Organic,Arylmercury,8
BG1,Organic,Cacodylate,8
BG1,Organic,Chloral hydrate,8
BG1,Organic,Chlorpyrifos-methyl,8
BG1,Organic,Endosulfan,8
BG1,Organic,Tributyltin chloride,8
BG1,Organic,Benzo[a]pyrene,7
BG1,Organic,Chloramine,6
BG1,Organic,Chlorfenvinphos,6
BG1,Organic,Cobaltous sulfate,6
BG1,Organic,Merphalan,6
BG1,Organic,Methyl bromide,6
BG1,Organic,Mitoxantrone,6
BG1,Organic,Naphthalene,6
BG1,Organic,Parathion,6
BG1,Organic,Sodium arsenite,6
BG1,Organic,Sulfasalazine,6
BG1,Organic,alpha-Chlorohydrin,6
BG1,Organic,Catechol,5
BG1,Organic,Danthron,5
BG1,Organic,Ethanol,5
BG1,Organic,Lead,5
BG1,Organic,Zalcitabine,5
BG1,Organic,"1,4-Dioxane",4
BG1,Organic,"2,2',4,4',6,6'-Hexachlorobiphenyl",4
BG1,Organic,"2,2',4,4'-Tetrachlorobiphenyl",4
BG1,Organic,"2,2',5,5'-Tetrachlorobiphenyl",4
BG1,Organic,"3,4,3',4'-Tetrachlorobiphenyl",4
BG1,Organic,"3,4,5,3',4',5'-Hexachlorobiphenyl",4
BG1,Organic,"3,4-Dihydroxybenzoate",4
BG1,Organic,Acenaphthene,4
BG1,Organic,Chloraminophenamide,4
BG1,Organic,Dibutyl phthalate,4
BG1,Organic,Epichlorohydrin,4
BG1,Organic,Methyl isobutyl ketone,4
BG1,Organic,Mitomycin,4
BG1,Organic,Nitromethane,4
BG1,Organic,Phenacetin,4
BG1,Organic,Phenylmercury acetate,4
BG1,Organic,Phenylmethanesulfonyl fluoride,4
BG1,Organic,Simazine,4
BG1,Organic,Tetranitromethane,4
BG1,Organic,Toluene,4
BG1,Organic,para-Aminoazobenzene,4
BG1,Organic,CO,3
BG1,Organic,Captafol,3
BG1,Organic,Chlorothalonil,3
BG1,Organic,Dimethoate,3
BG1,Organic,Naled,3
BG1,Organic,Nitrofen,3
BG1,Organic,Ochratoxin A,3
BG1,Organic,Pioglitazone,3
BG1,Organic,Styrene,3
BG1,Organic,Vinyl acetate,3
BG1,Organic,"1,3-Dichloro-2-propanol",2
BG1,Organic,"2,6-Dimethylaniline",2
BG1,Organic,2-(4-Chlorophenoxy)propionic acid,2
BG1,Organic,2-Ethoxyethanol,2
BG1,Organic,2-Naphthylamine,2
BG1,Organic,2-Nitropropane,2
BG1,Organic,"3,3'-Dimethylbenzidine",2
BG1,Organic,4-(N-Nitrosomethylamino)-1-(3-pyridyl)-1-butanone,2
BG1,Organic,4-Cresol,2
BG1,Organic,Aflatoxin M1,2
BG1,Organic,Aziridine,2
BG1,Organic,Caffeate,2
BG1,Organic,Chloral,2
BG1,Organic,Ethyl methanesulfonate,2
BG1,Organic,Etoposide,2
BG1,Organic,Glu-P-1,2
BG1,Organic,Hydrazine,2
BG1,Organic,Methylnitrosourea,2
BG1,Organic,Microcystin LR,2
BG1,Organic,N-Methyl-N'-nitro-N-nitrosoguanidine,2
BG1,Organic,Nitrogen mustard,2
BG1,Organic,Tamoxifen,2
BG1,Organic,Trinitrotoluene,2
BG1,Organic,ortho-Toluidine,2
BG1,Organic,para-(Dimethylamino)azobenzene,2
BG1,Organic,3-Cresol,1
BG1,Organic,Acetone,1
BG1,Organic,Aflatoxin B1,1
BG1,Organic,"Aflatoxin B1-endo-8,9-epoxide",1
BG1,Organic,"Aflatoxin B1-exo-8,9-epoxide",1
BG1,Organic,Aflatoxin Q1,1
BG1,Organic,"Aflatoxin-M1-8,9-epoxide",1
BG1,Organic,Benzophenone,1
BG1,Organic,Benzyl alcohol,1
BG1,Organic,Cobalt,1
BG1,Organic,Cyclosporin A,1
BG1,Organic,Diethyl phthalate,1
BG1,Organic,Digoxin,1
BG1,Organic,Glycidaldehyde,1
BG1,Organic,Manganese(2+),1
BG1,Organic,Methyl tert-butyl ether,1
BG1,Organic,Phenolphthalein,1
BG1,Organic,Sodium fluoride,1
BG1,Organic,Strontium cation,1
BG1,Stress Response,Diuron,45
BG1,Stress Response,Benzidine,40
BG1,Stress Response,Acetaldehyde,27
BG1,Stress Response,Amsacrine,18
BG1,Stress Response,Chlorpyrifos,18
BG1,Stress Response,Methylmercury chloride,18
BG1,Stress Response,4-Nitrophenol,12
BG1,Stress Response,Dichlorvos,12
BG1,Stress Response,"3,3'-Dimethoxybenzidine",8
BG1,Stress Response,Chlorpyrifos-methyl,8
BG1,Stress Response,Endosulfan,8
BG1,Stress Response,Tributyltin chloride,8
BG1,Stress Response,Benzo[a]pyrene,7
BG1,Stress Response,Catechol,5
BG1,Stress Response,Danthron,5
BG1,Stress Response,"2,2',4,4',6,6'-Hexachlorobiphenyl",4
BG1,Stress Response,Nitromethane,4
BG1,Stress Response,Phenylmercury acetate,4
BG1,Stress Response,para-Aminoazobenzene,4
BG1,Stress Response,Captafol,3
BG1,Stress Response,Chlorothalonil,3
BG1,Stress Response,Naled,3
BG1,Stress Response,Nitrofen,3
BG1,Stress Response,Etoposide,2
BG1,Stress Response,Methylnitrosourea,2
BG1,Stress Response,N-Methyl-N'-nitro-N-nitrosoguanidine,2
BG1,Stress Response,para-(Dimethylamino)azobenzene,2
BG1,Stress Response,Cyclosporin A,1
BG1,Stress Response,Digoxin,1
BG1,Stress Response,Phenolphthalein,1
E7,Environmental,Ammonia,138
E7,Environmental,Catechol,65
E7,Environmental,Benzene,42
E7,Environmental,Methylmercury chloride,42
E7,Environmental,Acetaldehyde,39
E7,Environmental,Carbon tetrachloride,30
E7,Environmental,Phenol,30
E7,Environmental,Formaldehyde,27
E7,Environmental,Thioacetamide,27
E7,Environmental,"1,1,2,2-Tetrachloroethane",24
E7,Environmental,"3,4-Dihydroxybenzoate",24
E7,Environmental,Chlorpyrifos,24
E7,Environmental,Toluene,24
E7,Environmental,Trichloroethene,24
E7,Environmental,Sulfasalazine,18
E7,Environmental,Mercuric chloride,16
E7,Environmental,Amsacrine,15
E7,Environmental,Chloroform,14
E7,Environmental,"3-Carboxy-cis,cis-muconate",12
E7,Environmental,Hydrochlorothiazide,12
E7,Environmental,Lead nitrate,12
E7,Environmental,Salicylate,12
E7,Environmental,Tributyltin chloride,12
E7,Environmental,o-Cresol,12
E7,Environmental,Streptozocin,10
E7,Environmental,Cypermethrin,9
E7,Environmental,Diuron,9
E7,Environmental,Nickel chloride,9
E7,Environmental,"1,1,1-Trichloroethane",8
E7,Environmental,Endosulfan,8
E7,Environmental,Nitrite,8
E7,Environmental,Nitromethane,8
E7,Environmental,Benzo[a]pyrene,7
E7,Environmental,"2,4-Dinitrotoluene",6
E7,Environmental,2-Chlorophenol,6
E7,Environmental,Alachlor,6
E7,Environmental,Chloral hydrate,6
E7,Environmental,Cyanide ion,6
E7,Environmental,Dichlorvos,6
E7,Environmental,Naphthalene,6
E7,Environmental,Anthracene,5
E7,Environmental,Danthron,5
E7,Environmental,Ethanol,5
E7,Environmental,Fluorene,5
E7,Environmental,Lead,5
E7,Environmental,"(+)-(3S,4R)-cis-3,4-Dihydroxy-3,4-dihydrofluorene",4
E7,Environmental,"1,1-Dimethylhydrazine",4
E7,Environmental,"2,2',4,4',6,6'-Hexachlorobiphenyl",4
E7,Environmental,"2,2',4,4'-Tetrachlorobiphenyl",4
E7,Environmental,"2,2',5,5'-Tetrachlorobiphenyl",4
E7,Environmental,"2,3,3',4,5-Pentachlorobiphenyl",4
E7,Environmental,"3,4,3',4'-Tetrachlorobiphenyl",4
E7,Environmental,"3,4,5,3',4',5'-Hexachlorobiphenyl",4
E7,Environmental,4-Nitrophenol,4
E7,Environmental,"Anthracene-cis-1,2-dihydrodiol",4
E7,Environmental,Arsenic,4
E7,Environmental,"Benzo[a]pyrene-cis-9,10-dihydrodiol",4
E7,Environmental,Chloramine,4
E7,Environmental,Chloraminophenamide,4
E7,Environmental,Ethylbenzene,4
E7,Environmental,Fluoranthene,4
E7,Environmental,Fluoren-9-ol,4
E7,Environmental,Methyl bromide,4
E7,Environmental,Methyl chloride,4
E7,Environmental,Nitrate,4
E7,Environmental,Nitrobenzene,4
E7,Environmental,Phenylmercury acetate,4
E7,Environmental,Phenylmethanesulfonyl fluoride,4
E7,Environmental,Simazine,4
E7,Environmental,Terephthalate,4
E7,Environmental,Tributyltin oxide,4
E7,Environmental,Trinitrotoluene,4
E7,Environmental,Zinc cation,4
E7,Environmental,alpha-Chlorohydrin,4
E7,Environmental,"Aflatoxin B1exo-8,9-epoxide-GSH",3
E7,Environmental,Captafol,3
E7,Environmental,Chloramphenicol,3
E7,Environmental,Copper,3
E7,Environmental,Styrene,3
E7,Environmental,"1,2-Dibromoethane",2
E7,Environmental,"1,4-Dioxane",2
E7,Environmental,1-Organyl-2-lyso-sn-glycero-3-phosphocholine,2
E7,Environmental,2-(4-Chlorophenoxy)propionic acid,2
E7,Environmental,"2-Amino-1-methyl-6-phenylimidazo[4,5-b]pyridine",2
E7,Environmental,2-Naphthylamine,2
E7,Environmental,2-Nitropropane,2
E7,Environmental,"4,4'-Methylenebis(N,N-dimethylaniline)",2
E7,Environmental,Acenaphthene,2
E7,Environmental,Acetamide,2
E7,Environmental,Acrylamide,2
E7,Environmental,Aristolochic acid,2
E7,Environmental,Aziridine,2
E7,Environmental,CO,2
E7,Environmental,Microcystin LR,2
E7,Environmental,Mitomycin,2
E7,Environmental,Mitoxantrone,2
E7,Environmental,"N,N'-Diacetylbenzidine",2
E7,Environmental,N-Methyl-N'-nitro-N-nitrosoguanidine,2
E7,Environmental,Nitrogen mustard,2
E7,Environmental,Phenacetin,2
E7,Environmental,Strontium cation,2
E7,Environmental,Tetranitromethane,2
E7,Environmental,Thiocyanate,2
E7,Environmental,Vinyl acetate,2
E7,Environmental,Zalcitabine,2
E7,Environmental,para-Aminoazobenzene,2
E7,Environmental,"1,2-Epoxybutane",1
E7,Environmental,2-Ethoxyethanol,1
E7,Environmental,2-Methylnaphthalene,1
E7,Environmental,"Aflatoxin B1-exo-8,9-epoxide",1
E7,Environmental,Cobalt,1
E7,Environmental,Diethyl phthalate,1
E7,Environmental,Ethyl acrylate,1
E7,Environmental,Ethylene glycol,1
E7,Environmental,Etoposide,1
E7,Environmental,Glycidaldehyde,1
E7,Environmental,Hydrogen cyanide,1
E7,Environmental,Methane,1
E7,Environmental,Methyl isobutyl ketone,1
E7,Environmental,Sodium fluoride,1
E7,Genomic,Formaldehyde,27
E7,Genomic,Chlorpyrifos,24
E7,Genomic,Sulfasalazine,18
E7,Genomic,Amsacrine,15
E7,Genomic,Hydrochlorothiazide,12
E7,Genomic,Lead nitrate,12
E7,Genomic,Epichlorohydrin,10
E7,Genomic,Streptozocin,10
E7,Genomic,Cypermethrin,9
E7,Genomic,Diuron,9
E7,Genomic,"1,1,1-Trichloroethane",8
E7,Genomic,Cobaltous sulfate,8
E7,Genomic,Endosulfan,8
E7,Genomic,Nitrite,8
E7,Genomic,Benzo[a]pyrene,7
E7,Genomic,"2,4-Dinitrotoluene",6
E7,Genomic,Alachlor,6
E7,Genomic,Chloral hydrate,6
E7,Genomic,Dichlorvos,6
E7,Genomic,Anthracene,5
E7,Genomic,Danthron,5
E7,Genomic,"(+)-(3S,4R)-cis-3,4-Dihydroxy-3,4-dihydrofluorene",4
E7,Genomic,"1,1-Dimethylhydrazine",4
E7,Genomic,"Anthracene-cis-1,2-dihydrodiol",4
E7,Genomic,"Benzo[a]pyrene-cis-9,10-dihydrodiol",4
E7,Genomic,Chloraminophenamide,4
E7,Genomic,Fluoranthene,4
E7,Genomic,Fluoren-9-ol,4
E7,Genomic,Methyl bromide,4
E7,Genomic,Methyl chloride,4
E7,Genomic,Simazine,4
E7,Genomic,Trinitrotoluene,4
E7,Genomic,alpha-Chlorohydrin,4
E7,Genomic,"Aflatoxin B1exo-8,9-epoxide-GSH",3
E7,Genomic,Captafol,3
E7,Genomic,Chloramphenicol,3
E7,Genomic,Styrene,3
E7,Genomic,"1,2-Dibromoethane",2
E7,Genomic,"2-Amino-1-methyl-6-phenylimidazo[4,5-b]pyridine",2
E7,Genomic,2-Naphthylamine,2
E7,Genomic,2-Nitropropane,2
E7,Genomic,"4,4'-Methylenebis(N,N-dimethylaniline)",2
E7,Genomic,Aristolochic acid,2
E7,Genomic,Aziridine,2
E7,Genomic,Ethyl methanesulfonate,2
E7,Genomic,Methylnitrosourea,2
E7,Genomic,Microcystin LR,2
E7,Genomic,Mitomycin,2
E7,Genomic,Mitoxantrone,2
E7,Genomic,"N,N'-Diacetylbenzidine",2
E7,Genomic,N-Methyl-N'-nitro-N-nitrosoguanidine,2
E7,Genomic,Nitrogen mustard,2
E7,Genomic,Phenacetin,2
E7,Genomic,Tetranitromethane,2
E7,Genomic,Zalcitabine,2
E7,Genomic,para-Aminoazobenzene,2
E7,Genomic,"1,2-Epoxybutane",1
E7,Genomic,"Aflatoxin B1-exo-8,9-epoxide",1
E7,Genomic,Etoposide,1
E7,Genomic,Glycidaldehyde,1
E7,Nuclear Response,Catechol,65
E7,Nuclear Response,Acetaldehyde,39
E7,Nuclear Response,Chlorpyrifos,24
E7,Nuclear Response,Tributyltin chloride,12
E7,Nuclear Response,Diuron,9
E7,Nuclear Response,Benzo[a]pyrene,7
E7,Nuclear Response,Anthracene,5
E7,Nuclear Response,Danthron,5
E7,Nuclear Response,"2,3,3',4,5-Pentachlorobiphenyl",4
E7,Nuclear Response,"Anthracene-cis-1,2-dihydrodiol",4
E7,Nuclear Response,Fluoranthene,4
E7,Nuclear Response,Phenylmercury acetate,4
E7,Nuclear Response,Tributyltin oxide,4
E7,Nuclear Response,"2-Amino-1-methyl-6-phenylimidazo[4,5-b]pyridine",2
E7,Nuclear Response,2-Naphthylamine,2
E7,Nuclear Response,"4,4'-Methylenebis(N,N-dimethylaniline)",2
E7,Nuclear Response,Mitomycin,2
E7,Nuclear Response,"N,N'-Diacetylbenzidine",2
E7,Nuclear Response,N-Methyl-N'-nitro-N-nitrosoguanidine,2
E7,Nuclear Response,Nitrogen mustard,2
E7,Nuclear Response,Thiocyanate,2
E7,Nuclear Response,para-Aminoazobenzene,2
E7,Nuclear Response,Etoposide,1
E7,Organic,Ammonia,138
E7,Organic,Catechol,65
E7,Organic,Benzene,42
E7,Organic,Methylmercury chloride,42
E7,Organic,Acetaldehyde,39
E7,Organic,Carbon tetrachloride,30
E7,Organic,Phenol,30
E7,Organic,Formaldehyde,27
E7,Organic,Thioacetamide,27
E7,Organic,"1,1,2,2-Tetrachloroethane",24
E7,Organic,"3,4-Dihydroxybenzoate",24
E7,Organic,Chlorpyrifos,24
E7,Organic,Toluene,24
E7,Organic,Trichloroethene,24
E7,Organic,Sulfasalazine,18
E7,Organic,Mercuric chloride,16
E7,Organic,Amsacrine,15
E7,Organic,Chloroform,14
E7,Organic,"3-Carboxy-cis,cis-muconate",12
E7,Organic,Cacodylate,12
E7,Organic,Hydrochlorothiazide,12
E7,Organic,Lead nitrate,12
E7,Organic,Salicylate,12
E7,Organic,Tributyltin chloride,12
E7,Organic,o-Cresol,12
E7,Organic,Epichlorohydrin,10
E7,Organic,Streptozocin,10
E7,Organic,Diuron,9
E7,Organic,Nickel chloride,9
E7,Organic,"1,1,1-Trichloroethane",8
E7,Organic,Cobaltous sulfate,8
E7,Organic,Endosulfan,8
E7,Organic,Nitrite,8
E7,Organic,Nitromethane,8
E7,Organic,Sodium arsenite,8
E7,Organic,Benzo[a]pyrene,7
E7,Organic,"2,4-Dinitrotoluene",6
E7,Organic,2-Chlorophenol,6
E7,Organic,Alachlor,6
E7,Organic,Chloral hydrate,6
E7,Organic,Cyanide ion,6
E7,Organic,Dichlorvos,6
E7,Organic,Naphthalene,6
E7,Organic,Anthracene,5
E7,Organic,Danthron,5
E7,Organic,Ethanol,5
E7,Organic,Fluorene,5
E7,Organic,Lead,5
E7,Organic,"(+)-(3S,4R)-cis-3,4-Dihydroxy-3,4-dihydrofluorene",4
E7,Organic,"1,1-Dimethylhydrazine",4
E7,Organic,"2,2',4,4',6,6'-Hexachlorobiphenyl",4
E7,Organic,"2,2',4,4'-Tetrachlorobiphenyl",4
E7,Organic,"2,2',5,5'-Tetrachlorobiphenyl",4
E7,Organic,"2,3,3',4,5-Pentachlorobiphenyl",4
E7,Organic,"3,4,3',4'-Tetrachlorobiphenyl",4
E7,Organic,"3,4,5,3',4',5'-Hexachlorobiphenyl",4
E7,Organic,4-Nitrophenol,4
E7,Organic,"Anthracene-cis-1,2-dihydrodiol",4
E7,Organic,Arsenic,4
E7,Organic,"Benzo[a]pyrene-cis-9,10-dihydrodiol",4
E7,Organic,Chloramine,4
E7,Organic,Chloraminophenamide,4
E7,Organic,Ethylbenzene,4
E7,Organic,Fluoranthene,4
E7,Organic,Fluoren-9-ol,4
E7,Organic,Methyl bromide,4
E7,Organic,Methyl chloride,4
E7,Organic,Nitrate,4
E7,Organic,Nitrobenzene,4
E7,Organic,Phenylmercury acetate,4
E7,Organic,Phenylmethanesulfonyl fluoride,4
E7,Organic,Simazine,4
E7,Organic,Terephthalate,4
E7,Organic,Tributyltin oxide,4
E7,Organic,Trinitrotoluene,4
E7,Organic,Zinc cation,4
E7,Organic,alpha-Chlorohydrin,4
E7,Organic,"Aflatoxin B1exo-8,9-epoxide-GSH",3
E7,Organic,Captafol,3
E7,Organic,Chloramphenicol,3
E7,Organic,Copper,3
E7,Organic,Styrene,3
E7,Organic,"1,2-Dibromoethane",2
E7,Organic,"1,4-Dioxane",2
E7,Organic,1-Organyl-2-lyso-sn-glycero-3-phosphocholine,2
E7,Organic,2-(4-Chlorophenoxy)propionic acid,2
E7,Organic,"2-Amino-1-methyl-6-phenylimidazo[4,5-b]pyridine",2
E7,Organic,2-Naphthylamine,2
E7,Organic,2-Nitropropane,2
E7,Organic,"4,4'-Methylenebis(N,N-dimethylaniline)",2
E7,Organic,Acenaphthene,2
E7,Organic,Acetamide,2
E7,Organic,Acrylamide,2
E7,Organic,Aristolochic acid,2
E7,Organic,Aziridine,2
E7,Organic,CO,2
E7,Organic,Ethyl methanesulfonate,2
E7,Organic,Methyl tert-butyl ether,2
E7,Organic,Methylnitrosourea,2
E7,Organic,Microcystin LR,2
E7,Organic,Mitomycin,2
E7,Organic,Mitoxantrone,2
E7,Organic,"N,N'-Diacetylbenzidine",2
E7,Organic,N-Methyl-N'-nitro-N-nitrosoguanidine,2
E7,Organic,Nitrogen mustard,2
E7,Organic,Phenacetin,2
E7,Organic,Strontium cation,2
E7,Organic,Tetranitromethane,2
E7,Organic,Thiocyanate,2
E7,Organic,Vinyl acetate,2
E7,Organic,Zalcitabine,2
E7,Organic,para-Aminoazobenzene,2
E7,Organic,"1,2-Epoxybutane",1
E7,Organic,2-Ethoxyethanol,1
E7,Organic,2-Methylnaphthalene,1
E7,Organic,"Aflatoxin B1-exo-8,9-epoxide",1
E7,Organic,Cobalt,1
E7,Organic,Diethyl phthalate,1
E7,Organic,Ethyl acrylate,1
E7,Organic,Ethylene glycol,1
E7,Organic,Etoposide,1
E7,Organic,Glycidaldehyde,1
E7,Organic,Hydrogen cyanide,1
E7,Organic,Methane,1
E7,Organic,Methyl isobutyl ketone,1
E7,Organic,Sodium fluoride,1
E7,Stress Response,Catechol,65
E7,Stress Response,Methylmercury chloride,42
E7,Stress Response,Acetaldehyde,39
E7,Stress Response,Chlorpyrifos,24
E7,Stress Response,Amsacrine,15
E7,Stress Response,Tributyltin chloride,12
E7,Stress Response,Diuron,9
E7,Stress Response,Endosulfan,8
E7,Stress Response,Nitromethane,8
E7,Stress Response,Benzo[a]pyrene,7
E7,Stress Response,Alachlor,6
E7,Stress Response,Dichlorvos,6
E7,Stress Response,Anthracene,5
E7,Stress Response,Danthron,5
E7,Stress Response,"2,2',4,4',6,6'-Hexachlorobiphenyl",4
E7,Stress Response,"2,3,3',4,5-Pentachlorobiphenyl",4
E7,Stress Response,4-Nitrophenol,4
E7,Stress Response,"Benzo[a]pyrene-cis-9,10-dihydrodiol",4
E7,Stress Response,Fluoranthene,4
E7,Stress Response,Phenylmercury acetate,4
E7,Stress Response,Tributyltin oxide,4
E7,Stress Response,Captafol,3
E7,Stress Response,Methylnitrosourea,2
E7,Stress Response,"N,N'-Diacetylbenzidine",2
E7,Stress Response,N-Methyl-N'-nitro-N-nitrosoguanidine,2
E7,Stress Response,para-Aminoazobenzene,2
E7,Stress Response,Etoposide,1
