Sample,ko,Gene,Pathway,compound_pathway
E7,K00128,alkH_ald,A_Auxiliar_alkane_gene,Alkanes
E7,K00128,mpdC,B_2-methylpropene_degradation,Alkenes
E7,K00128,dpgC,C_Toluene_degradation,Aromatics
E7,K00128,mdlD,C_Toluene_degradation,Aromatics
E7,K00128,pchA,C_Toluene_degradation,Aromatics
E7,K00128,phdK,C_Phenanthrene_degradation,Aromatics
E7,K00128,praB,C_Protocatechuate_degradation,Aromatics
E7,K00128,pegC,D_PEG,Polymers
E7,K00362,alkT_rubB_rdxR,A_Terminal/biterminal_oxidation,Alkanes
E7,K00362,andAa,C_Anthranilate_degradation,Aromatics
E7,K00362,padAd1,C_Phthalate_degradation,Aromatics
E7,K01027,pcaI,C_Protocatechuate_degradation,Aromatics
E7,K01028,pcaI,C_Protocatechuate_degradation,Aromatics
E7,K01465,benC,C_Benzoate_degradation,Aromatics
E7,K01800,nagL,C_Gentisate_degradation,Aromatics
E7,K00481,pobA,C_Toluene_degradation,Aromatics
E7,K00799,isoI,B_Isoprene_degradation,Alkenes
E7,K05297,alkG_rubA_rdx,A_Terminal/biterminal_oxidation,Alkanes
E7,K05297,alkG_rubA1_rdx,A_Terminal/biterminal_oxidation,Alkanes
E7,K05297,alkG_rubA2_rdx,A_Terminal/biterminal_oxidation,Alkanes
E7,K05297,alkT_rubB_rdxR,A_Terminal/biterminal_oxidation,Alkanes
E7,K05784,prmB,A_Subterminal_oxidation,Alkanes
E7,K05784,isoF,B_Isoprene_degradation,Alkenes
E7,K05784,xamoF,B_Propene_degradation,Alkenes
E7,K05784,antC,C_Anthranilate_degradation,Aromatics
E7,K05784,benC,C_Benzoate_degradation,Aromatics
E7,K05784,xylZ,C_Benzoate_degradation,Aromatics
E7,K07782,rhlR,E_Rhamnolipids,Biosurfactant
E7,K00351,dmpP,C_Phenol_degradation,Aromatics
E7,K00351,tmoF,C_Toluene_degradation,Aromatics
E7,K00351,tomA5,C_Toluene_degradation,Aromatics
E7,K05710,isoC,B_Isoprene_degradation,Alkenes
E7,K05710,xamoC,B_Propene_degradation,Alkenes
E7,K05710,andAb,C_Anthranilate_degradation,Aromatics
E7,K05710,bedB,C_Benzene_degradation,Aromatics
E7,K05710,bphAc,C_Biphenyl_degradation,Aromatics
E7,K05710,doxA,C_Naphthalene_degradation,Aromatics
E7,K05710,doxA,C_Dibenzothiophene_degradation,Aromatics
E7,K05710,nagAb,C_1-Methylnaphthalene/2-Methylnaphthalene_degradation,Aromatics
E7,K05710,tmoC,C_Toluene_degradation,Aromatics
E7,K05710,todB,C_Toluene_degradation,Aromatics
E7,K01104,wzb,E_Emulsan,Biosurfactant
E7,K05599,antA,C_Anthranilate_degradation,Aromatics
E7,K05599,benA,C_Benzoate_degradation,Aromatics
E7,K00019,hbd,D_PHBV,Polymers
E7,K00019,hbd,D_PHA,Polymers
E7,K00019,hbd,D_P3HV,Polymers
E7,K00097,tphB,C_Terephthalate_degradation,Aromatics
E7,K00104,pchF,C_Toluene_degradation,Aromatics
E7,K00108,alkJ_adh,A_Auxiliar_alkane_gene,Alkanes
E7,K00108,pegA,D_PEG,Polymers
E7,K00154,alkH_ald,A_Auxiliar_alkane_gene,Alkanes
E7,K00154,dpgC,C_Toluene_degradation,Aromatics
E7,K00154,mdlD,C_Toluene_degradation,Aromatics
E7,K00219,abmA,C_Anthranilate_degradation,Aromatics
E7,K00382,xecC,B_Propene_degradation,Alkenes
E7,K00448,pcaG,C_Protocatechuate_degradation,Aromatics
E7,K00449,pcaH,C_Protocatechuate_degradation,Aromatics
E7,K00496,alkB,A_Terminal/biterminal_oxidation,Alkanes
E7,K00496,alkF_rubA_rdx,A_Terminal/biterminal_oxidation,Alkanes
E7,K00496,alkG_rubA3_rdx,A_Terminal/biterminal_oxidation,Alkanes
E7,K00496,alkMa,A_Finnerty_pathway,Alkanes
E7,K00496,alkMb,A_Finnerty_pathway,Alkanes
E7,K00496,xylM,C_Toluene_degradation,Aromatics
E7,K00496,xylM,C_Dimethylbenzene,Aromatics
E7,K00528,xamoF,B_Propene_degradation,Alkenes
E7,K00528,nagAa,C_1-Methylnaphthalene/2-Methylnaphthalene_degradation,Aromatics
E7,K00528,tphA1I,C_Terephthalate_degradation,Aromatics
E7,K00529,alkT_rubB_rdxR,A_Terminal/biterminal_oxidation,Alkanes
E7,K00529,prmB,A_Subterminal_oxidation,Alkanes
E7,K00529,bedA,C_Benzene_degradation,Aromatics
E7,K00529,bphAd,C_Biphenyl_degradation,Aromatics
E7,K00529,todA,C_Toluene_degradation,Aromatics
E7,K00549,etnE,B_Ethene_and_chloroethene_degradation,Alkenes
E7,K00549,xecA,B_Propene_degradation,Alkenes
E7,K00627,bphD,C_Biphenyl_degradation,Aromatics
E7,K00632,pcaF,C_Catechol_degradation,Aromatics
E7,K00632,pcaF,C_Protocatechuate_degradation,Aromatics
E7,K00645,ituD,E_Iturin,Biosurfactant
E7,K01032,pcaJ,C_Protocatechuate_degradation,Aromatics
E7,K01032,pcaJ,C_Catechol_degradation,Aromatics
E7,K01046,estA,D_PBAT,Polymers
E7,K01046,FB4_0780,D_PBAT,Polymers
E7,K01046,lip,D_PU,Polymers
E7,K01046,lip,D_PET,Polymers
E7,K01046,lipA,D_PET,Polymers
E7,K01046,lipA,D_PCL,Polymers
E7,K01046,lipA,D_PBSA,Polymers
E7,K01046,plaA,D_PLA,Polymers
E7,K01046,plaM4,D_PBS,Polymers
E7,K01046,plaM4,D_PES,Polymers
E7,K01046,plaM4,D_PHA,Polymers
E7,K01046,plaM4,D_PBSA,Polymers
E7,K01046,plaM4,D_PCL,Polymers
E7,K01046,plaM4,D_PHB,Polymers
E7,K01046,plaM4,D_PLA,Polymers
E7,K01046,plaM5,D_PLA,Polymers
E7,K01055,pcaD,C_Catechol_degradation,Aromatics
E7,K01055,pcaD,C_Protocatechuate_degradation,Aromatics
E7,K01061,phaZ,D_P4HB,Polymers
E7,K01061,phaZ,D_PEA,Polymers
E7,K01061,phaZ,D_P3HP,Polymers
E7,K01061,phaZ,D_PHBV,Polymers
E7,K01061,phaZ,D_PHO,Polymers
E7,K01061,phaZ,D_PPL,Polymers
E7,K01061,phaZ,D_PHB,Polymers
E7,K01061,phaZ,D_PHA,Polymers
E7,K01061,phaZ,D_PHPV,Polymers
E7,K01061,phaZ,D_PCL,Polymers
E7,K01061,phaZ,D_PES,Polymers
E7,K01426,NFA_28320,D_Nylon,Polymers
E7,K01426,nylA,D_Nylon,Polymers
E7,K01628,padC2,C_Phthalate_degradation,Aromatics
E7,K01649,xylK,C_Catechol_degradation,Aromatics
E7,K01856,catB,C_Catechol_degradation,Aromatics
E7,K01857,pcaB,C_Protocatechuate_degradation,Aromatics
E7,K01895,pqsA,C_Anthranilate_degradation,Aromatics
E7,K01912,paaK,C_Phenylacetate_degradation,Aromatics
E7,K02609,paaA,C_Phenylacetate_degradation,Aromatics
E7,K02610,paaB,C_Phenylacetate_degradation,Aromatics
E7,K02611,paaC,C_Phenylacetate_degradation,Aromatics
E7,K02612,paaD,C_Phenylacetate_degradation,Aromatics
E7,K02613,paaE,C_Phenylacetate_degradation,Aromatics
E7,K02660,alkN_mcp,A_Hydrocarbon_uptake,Alkanes
E7,K03098,blc,A_Hydrocarbon_uptake,Alkanes
E7,K03379,almA,A_Terminal/biterminal_oxidation,Alkanes
E7,K03379,BVMO,A_Subterminal_oxidation,Alkanes
E7,K03379,CHMO,A_Terminal/biterminal_oxidation,Alkanes
E7,K03381,catA,C_Catechol_degradation,Aromatics
E7,K03386,ahpC,A_Finnerty_pathway,Alkanes
E7,K03387,ahpF,A_Finnerty_pathway,Alkanes
E7,K03464,catC,C_Catechol_degradation,Aromatics
E7,K03599,nagL,C_Gentisate_degradation,Aromatics
E7,K03644,lipA,D_PET,Polymers
E7,K03644,lipA,D_PCL,Polymers
E7,K03644,lipA,D_PBSA,Polymers
E7,K03801,lipB,D_PET,Polymers
E7,K04091,ssuD,A_Auxiliar_alkane_gene,Alkanes
E7,K04755,benC,C_Benzoate_degradation,Aromatics
E7,K04755,nagAa,C_1-Methylnaphthalene/2-Methylnaphthalene_degradation,Aromatics
E7,K04755,xylZ,C_Benzoate_degradation,Aromatics
E7,K05549,antA,C_Anthranilate_degradation,Aromatics
E7,K05549,benA,C_Benzoate_degradation,Aromatics
E7,K05549,xylX,C_Benzoate_degradation,Aromatics
E7,K05550,antB,C_Anthranilate_degradation,Aromatics
E7,K05550,benB,C_Benzoate_degradation,Aromatics
E7,K05550,xylY,C_Benzoate_degradation,Aromatics
E7,K05600,antB,C_Anthranilate_degradation,Aromatics
E7,K05600,benB,C_Benzoate_degradation,Aromatics
E7,K05783,xylL,C_Benzoate_degradation,Aromatics
E7,K06133,ffp,E_Fengacyn,Biosurfactant
E7,K06133,sfp,E_Surfactin,Biosurfactant
E7,K07071,blc,A_Hydrocarbon_uptake,Alkanes
E7,K07275,alkL,A_Hydrocarbon_uptake,Alkanes
E7,K09024,hpaC,C_4-Hydroxyphenylacetate_degradation,Aromatics
E7,K09024,styB,C_Styrene_degradation,Aromatics
E7,K10804,est,D_PU,Polymers
E7,K10804,est,D_PET,Polymers
E7,K10804,est,D_PBSA,Polymers
E7,K10804,est,D_PCL,Polymers
E7,K10804,est,D_PBAT,Polymers
E7,K10804,est,D_PLA,Polymers
E7,K11311,antC,C_Anthranilate_degradation,Aromatics
E7,K11311,benC,C_Benzoate_degradation,Aromatics
E7,K14731,est,D_PU,Polymers
E7,K14731,est,D_PET,Polymers
E7,K14731,est,D_PBSA,Polymers
E7,K14731,est,D_PCL,Polymers
E7,K14731,est,D_PBAT,Polymers
E7,K14731,est,D_PLA,Polymers
E7,K14731,GEN0105,D_PCL,Polymers
E7,K14731,GEN0105,D_3PET,Polymers
E7,K14731,GEN0105,D_PLA,Polymers
E7,K16242,isoA,B_Isoprene_degradation,Alkenes
E7,K16242,dmpN,C_Phenol_degradation,Aromatics
E7,K16242,tomA3,C_Toluene_degradation,Aromatics
E7,K16243,dmpL,C_Phenol_degradation,Aromatics
E7,K16243,tomA1,C_Toluene_degradation,Aromatics
E7,K16244,dmpM,C_Phenol_degradation,Aromatics
E7,K16244,tomA2,C_Toluene_degradation,Aromatics
E7,K16245,dmpO,C_Phenol_degradation,Aromatics
E7,K16245,tomA4,C_Toluene_degradation,Aromatics
E7,K16249,dmpK,C_Phenol_degradation,Aromatics
E7,K16692,wzc,E_Emulsan,Biosurfactant
E7,K18242,nagG,C_Salicylate_degradation,Aromatics
E7,K19707,pcaD,C_Catechol_degradation,Aromatics
E7,K19707,pcaD,C_Protocatechuate_degradation,Aromatics
E7,K20938,LadA,A_Terminal/biterminal_oxidation,Alkanes
E7,K20938,ssuD,A_Auxiliar_alkane_gene,Alkanes
E7,K21105,ISF6_0224,D_PET,Polymers
E7,K21802,ntnC,C_Toluene_degradation,Aromatics
E7,K21802,pchA,C_Toluene_degradation,Aromatics
E7,K21802,xylC,C_Toluene_degradation,Aromatics
E7,K21802,xylC,C_Dimethylbenzene,Aromatics
E7,K01031,pcaI,C_Protocatechuate_degradation,Aromatics
E7,K02615,pcaF,C_Catechol_degradation,Aromatics
E7,K02615,pcaF,C_Protocatechuate_degradation,Aromatics
E7,K07823,pcaF,C_Catechol_degradation,Aromatics
E7,K07823,pcaF,C_Protocatechuate_degradation,Aromatics
E7,K16161,benC,C_Benzoate_degradation,Aromatics
E7,K16161,xylZ,C_Benzoate_degradation,Aromatics
E7,K19734,rhlR,E_Rhamnolipids,Biosurfactant
E7,K01801,nagL,C_Gentisate_degradation,Aromatics
E7,K05712,pobA,C_Toluene_degradation,Aromatics
E7,K12265,alkT_rubB_rdxR,A_Terminal/biterminal_oxidation,Alkanes
E7,K14581,benC,C_Benzoate_degradation,Aromatics
E7,K14581,nagAa,C_1-Methylnaphthalene/2-Methylnaphthalene_degradation,Aromatics
E7,K14581,xylZ,C_Benzoate_degradation,Aromatics
E7,K15852,rhlR,E_Rhamnolipids,Biosurfactant
E7,K16246,dmpP,C_Phenol_degradation,Aromatics
E7,K16246,tomA5,C_Toluene_degradation,Aromatics
E7,K18248,andAb,C_Anthranilate_degradation,Aromatics
E7,K20945,wzb,E_Emulsan,Biosurfactant
E7,K22443,antA,C_Anthranilate_degradation,Aromatics
AP1BH01-1,K00128,alkH_ald,A_Auxiliar_alkane_gene,Alkanes
AP1BH01-1,K00128,mpdC,B_2-methylpropene_degradation,Alkenes
AP1BH01-1,K00128,dpgC,C_Toluene_degradation,Aromatics
AP1BH01-1,K00128,mdlD,C_Toluene_degradation,Aromatics
AP1BH01-1,K00128,pchA,C_Toluene_degradation,Aromatics
AP1BH01-1,K00128,phdK,C_Phenanthrene_degradation,Aromatics
AP1BH01-1,K00128,praB,C_Protocatechuate_degradation,Aromatics
AP1BH01-1,K00128,pegC,D_PEG,Polymers
AP1BH01-1,K01426,NFA_28320,D_Nylon,Polymers
AP1BH01-1,K01426,nylA,D_Nylon,Polymers
AP1BH01-1,K01895,pqsA,C_Anthranilate_degradation,Aromatics
AP1BH01-1,K01104,wzb,E_Emulsan,Biosurfactant
AP1BH01-1,K04755,benC,C_Benzoate_degradation,Aromatics
AP1BH01-1,K04755,nagAa,C_1-Methylnaphthalene/2-Methylnaphthalene_degradation,Aromatics
AP1BH01-1,K04755,xylZ,C_Benzoate_degradation,Aromatics
AP1BH01-1,K00523,antC,C_Anthranilate_degradation,Aromatics
AP1BH01-1,K00523,benC,C_Benzoate_degradation,Aromatics
AP1BH01-1,K00523,nagAa,C_1-Methylnaphthalene/2-Methylnaphthalene_degradation,Aromatics
AP1BH01-1,K00523,tphA1I,C_Terephthalate_degradation,Aromatics
AP1BH01-1,K00523,xylZ,C_Benzoate_degradation,Aromatics
AP1BH01-1,K01055,pcaD,C_Catechol_degradation,Aromatics
AP1BH01-1,K01055,pcaD,C_Protocatechuate_degradation,Aromatics
AP1BH01-1,K00141,ntnC,C_Toluene_degradation,Aromatics
AP1BH01-1,K00141,pchA,C_Toluene_degradation,Aromatics
AP1BH01-1,K00141,xylC,C_Toluene_degradation,Aromatics
AP1BH01-1,K00141,xylC,C_Dimethylbenzene,Aromatics
AP1BH01-1,K00097,tphB,C_Terephthalate_degradation,Aromatics
AP1BH01-1,K00019,hbd,D_PHBV,Polymers
AP1BH01-1,K00019,hbd,D_PHA,Polymers
AP1BH01-1,K00019,hbd,D_P3HV,Polymers
AP1BH01-1,K00104,pchF,C_Toluene_degradation,Aromatics
AP1BH01-1,K00108,alkJ_adh,A_Auxiliar_alkane_gene,Alkanes
AP1BH01-1,K00108,pegA,D_PEG,Polymers
AP1BH01-1,K00382,xecC,B_Propene_degradation,Alkenes
AP1BH01-1,K00406,pchC,C_Toluene_degradation,Aromatics
AP1BH01-1,K00428,latA,D_NR,Polymers
AP1BH01-1,K00448,pcaG,C_Protocatechuate_degradation,Aromatics
AP1BH01-1,K00449,pcaH,C_Protocatechuate_degradation,Aromatics
AP1BH01-1,K00480,nahG,C_Salicylate_degradation,Aromatics
AP1BH01-1,K00480,nahW,C_Salicylate_degradation,Aromatics
AP1BH01-1,K00480,salA,C_Salicylate_degradation,Aromatics
AP1BH01-1,K00481,pobA,C_Toluene_degradation,Aromatics
AP1BH01-1,K00528,xamoF,B_Propene_degradation,Alkenes
AP1BH01-1,K00528,nagAa,C_1-Methylnaphthalene/2-Methylnaphthalene_degradation,Aromatics
AP1BH01-1,K00528,tphA1I,C_Terephthalate_degradation,Aromatics
AP1BH01-1,K00529,alkT_rubB_rdxR,A_Terminal/biterminal_oxidation,Alkanes
AP1BH01-1,K00529,prmB,A_Subterminal_oxidation,Alkanes
AP1BH01-1,K00529,bedA,C_Benzene_degradation,Aromatics
AP1BH01-1,K00529,bphAd,C_Biphenyl_degradation,Aromatics
AP1BH01-1,K00529,todA,C_Toluene_degradation,Aromatics
AP1BH01-1,K00627,bphD,C_Biphenyl_degradation,Aromatics
AP1BH01-1,K00645,ituD,E_Iturin,Biosurfactant
AP1BH01-1,K00799,isoI,B_Isoprene_degradation,Alkenes
AP1BH01-1,K01031,pcaI,C_Protocatechuate_degradation,Aromatics
AP1BH01-1,K01032,pcaJ,C_Protocatechuate_degradation,Aromatics
AP1BH01-1,K01032,pcaJ,C_Catechol_degradation,Aromatics
AP1BH01-1,K01061,phaZ,D_P4HB,Polymers
AP1BH01-1,K01061,phaZ,D_PEA,Polymers
AP1BH01-1,K01061,phaZ,D_P3HP,Polymers
AP1BH01-1,K01061,phaZ,D_PHBV,Polymers
AP1BH01-1,K01061,phaZ,D_PHO,Polymers
AP1BH01-1,K01061,phaZ,D_PPL,Polymers
AP1BH01-1,K01061,phaZ,D_PHB,Polymers
AP1BH01-1,K01061,phaZ,D_PHA,Polymers
AP1BH01-1,K01061,phaZ,D_PHPV,Polymers
AP1BH01-1,K01061,phaZ,D_PCL,Polymers
AP1BH01-1,K01061,phaZ,D_PES,Polymers
AP1BH01-1,K01259,pcaD,C_Catechol_degradation,Aromatics
AP1BH01-1,K01259,pcaD,C_Protocatechuate_degradation,Aromatics
AP1BH01-1,K01465,benC,C_Benzoate_degradation,Aromatics
AP1BH01-1,K01649,xylK,C_Catechol_degradation,Aromatics
AP1BH01-1,K01857,pcaB,C_Protocatechuate_degradation,Aromatics
AP1BH01-1,K01912,paaK,C_Phenylacetate_degradation,Aromatics
AP1BH01-1,K03098,blc,A_Hydrocarbon_uptake,Alkanes
AP1BH01-1,K03386,ahpC,A_Finnerty_pathway,Alkanes
AP1BH01-1,K03644,lipA,D_PET,Polymers
AP1BH01-1,K03644,lipA,D_PCL,Polymers
AP1BH01-1,K03644,lipA,D_PBSA,Polymers
AP1BH01-1,K03801,lipB,D_PET,Polymers
AP1BH01-1,K04091,ssuD,A_Auxiliar_alkane_gene,Alkanes
AP1BH01-1,K05797,pchF,C_Toluene_degradation,Aromatics
AP1BH01-1,K06151,mpdB,B_2-methylpropene_degradation,Alkenes
AP1BH01-1,K06999,est,D_PU,Polymers
AP1BH01-1,K06999,est,D_PET,Polymers
AP1BH01-1,K06999,est,D_PBSA,Polymers
AP1BH01-1,K06999,est,D_PCL,Polymers
AP1BH01-1,K06999,est,D_PBAT,Polymers
AP1BH01-1,K06999,est,D_PLA,Polymers
AP1BH01-1,K07275,alkL,A_Hydrocarbon_uptake,Alkanes
AP1BH01-1,K07782,rhlR,E_Rhamnolipids,Biosurfactant
AP1BH01-1,K10804,est,D_PU,Polymers
AP1BH01-1,K10804,est,D_PET,Polymers
AP1BH01-1,K10804,est,D_PBSA,Polymers
AP1BH01-1,K10804,est,D_PCL,Polymers
AP1BH01-1,K10804,est,D_PBAT,Polymers
AP1BH01-1,K10804,est,D_PLA,Polymers
AP1BH01-1,K16048,styB,C_Styrene_degradation,Aromatics
AP1BH01-1,K16165,hbzF,C_Gentisate_degradation,Aromatics
AP1BH01-1,K16165,nagK,C_Gentisate_degradation,Aromatics
AP1BH01-1,K21702,xecE1,B_Propene_degradation,Alkenes
AP1BH01-1,K07823,pcaF,C_Catechol_degradation,Aromatics
AP1BH01-1,K07823,pcaF,C_Protocatechuate_degradation,Aromatics
AP1BH01-1,K18225,prmB,A_Subterminal_oxidation,Alkanes
AP1BH01-1,K22445,alkH_ald,A_Auxiliar_alkane_gene,Alkanes
AP1BH01-1,K22445,dpgC,C_Toluene_degradation,Aromatics
AP1BH01-1,K22445,mdlD,C_Toluene_degradation,Aromatics
AP1BH01-1,K00154,alkH_ald,A_Auxiliar_alkane_gene,Alkanes
AP1BH01-1,K00154,dpgC,C_Toluene_degradation,Aromatics
AP1BH01-1,K00154,mdlD,C_Toluene_degradation,Aromatics
AP1BH01-1,K00632,pcaF,C_Catechol_degradation,Aromatics
AP1BH01-1,K00632,pcaF,C_Protocatechuate_degradation,Aromatics
AP1BH01-1,K14581,benC,C_Benzoate_degradation,Aromatics
AP1BH01-1,K14581,nagAa,C_1-Methylnaphthalene/2-Methylnaphthalene_degradation,Aromatics
AP1BH01-1,K14581,xylZ,C_Benzoate_degradation,Aromatics
AP1BH01-1,K14727,pcaD,C_Catechol_degradation,Aromatics
AP1BH01-1,K14727,pcaD,C_Protocatechuate_degradation,Aromatics
AP1BH01-1,K21802,ntnC,C_Toluene_degradation,Aromatics
AP1BH01-1,K21802,pchA,C_Toluene_degradation,Aromatics
AP1BH01-1,K21802,xylC,C_Toluene_degradation,Aromatics
AP1BH01-1,K21802,xylC,C_Dimethylbenzene,Aromatics
AP1BH01-1,K22024,tphB,C_Terephthalate_degradation,Aromatics
BD1,K00019,hbd,D_PHBV,Polymers
BD1,K00019,hbd,D_PHA,Polymers
BD1,K00019,hbd,D_P3HV,Polymers
BD1,K01183,chi25,D_PCL,Polymers
BD1,K00104,pchF,C_Toluene_degradation,Aromatics
BD1,K00108,alkJ_adh,A_Auxiliar_alkane_gene,Alkanes
BD1,K00108,pegA,D_PEG,Polymers
BD1,K00219,abmA,C_Anthranilate_degradation,Aromatics
BD1,K00362,alkT_rubB_rdxR,A_Terminal/biterminal_oxidation,Alkanes
BD1,K00362,andAa,C_Anthranilate_degradation,Aromatics
BD1,K00362,padAd1,C_Phthalate_degradation,Aromatics
BD1,K00363,andAb,C_Anthranilate_degradation,Aromatics
BD1,K00363,bedB,C_Benzene_degradation,Aromatics
BD1,K00363,bphAc,C_Biphenyl_degradation,Aromatics
BD1,K00363,nagAb,C_1-Methylnaphthalene/2-Methylnaphthalene_degradation,Aromatics
BD1,K00363,todB,C_Toluene_degradation,Aromatics
BD1,K00382,xecC,B_Propene_degradation,Alkenes
BD1,K00446,xylE,C_Catechol_degradation,Aromatics
BD1,K00528,xamoF,B_Propene_degradation,Alkenes
BD1,K00528,nagAa,C_1-Methylnaphthalene/2-Methylnaphthalene_degradation,Aromatics
BD1,K00528,tphA1I,C_Terephthalate_degradation,Aromatics
BD1,K00627,bphD,C_Biphenyl_degradation,Aromatics
BD1,K00645,ituD,E_Iturin,Biosurfactant
BD1,K01028,pcaI,C_Protocatechuate_degradation,Aromatics
BD1,K01104,wzb,E_Emulsan,Biosurfactant
BD1,K01426,NFA_28320,D_Nylon,Polymers
BD1,K01426,nylA,D_Nylon,Polymers
BD1,K01465,benC,C_Benzoate_degradation,Aromatics
BD1,K01649,xylK,C_Catechol_degradation,Aromatics
BD1,K01895,pqsA,C_Anthranilate_degradation,Aromatics
BD1,K02823,prmB,A_Subterminal_oxidation,Alkanes
BD1,K02823,isoF,B_Isoprene_degradation,Alkenes
BD1,K02823,xamoF,B_Propene_degradation,Alkenes
BD1,K02823,antC,C_Anthranilate_degradation,Aromatics
BD1,K02823,benC,C_Benzoate_degradation,Aromatics
BD1,K02823,nagAa,C_1-Methylnaphthalene/2-Methylnaphthalene_degradation,Aromatics
BD1,K02823,tphA1I,C_Terephthalate_degradation,Aromatics
BD1,K02823,xylZ,C_Benzoate_degradation,Aromatics
BD1,K03386,ahpC,A_Finnerty_pathway,Alkanes
BD1,K03387,ahpF,A_Finnerty_pathway,Alkanes
BD1,K03644,lipA,D_PET,Polymers
BD1,K03644,lipA,D_PCL,Polymers
BD1,K03644,lipA,D_PBSA,Polymers
BD1,K03801,lipB,D_PET,Polymers
BD1,K04091,ssuD,A_Auxiliar_alkane_gene,Alkanes
BD1,K05710,isoC,B_Isoprene_degradation,Alkenes
BD1,K05710,xamoC,B_Propene_degradation,Alkenes
BD1,K05710,andAb,C_Anthranilate_degradation,Aromatics
BD1,K05710,bedB,C_Benzene_degradation,Aromatics
BD1,K05710,bphAc,C_Biphenyl_degradation,Aromatics
BD1,K05710,doxA,C_Naphthalene_degradation,Aromatics
BD1,K05710,doxA,C_Dibenzothiophene_degradation,Aromatics
BD1,K05710,nagAb,C_1-Methylnaphthalene/2-Methylnaphthalene_degradation,Aromatics
BD1,K05710,tmoC,C_Toluene_degradation,Aromatics
BD1,K05710,todB,C_Toluene_degradation,Aromatics
BD1,K07071,blc,A_Hydrocarbon_uptake,Alkanes
BD1,K10215,almA,A_Terminal/biterminal_oxidation,Alkanes
BD1,K10215,BVMO,A_Subterminal_oxidation,Alkanes
BD1,K10804,est,D_PU,Polymers
BD1,K10804,est,D_PET,Polymers
BD1,K10804,est,D_PBSA,Polymers
BD1,K10804,est,D_PCL,Polymers
BD1,K10804,est,D_PBAT,Polymers
BD1,K10804,est,D_PLA,Polymers
BD1,K22250,phaY2,D_PHB,Polymers
BD1,K22250,phaY2,D_PHA,Polymers
BD1,K22250,phaZ,D_P4HB,Polymers
BD1,K22250,phaZ,D_PEA,Polymers
BD1,K22250,phaZ,D_P3HP,Polymers
BD1,K22250,phaZ,D_PHBV,Polymers
BD1,K22250,phaZ,D_PHO,Polymers
BD1,K22250,phaZ,D_PPL,Polymers
BD1,K22250,phaZ,D_PHB,Polymers
BD1,K22250,phaZ,D_PHA,Polymers
BD1,K22250,phaZ,D_PHPV,Polymers
BD1,K22250,phaZ,D_PCL,Polymers
BD1,K22250,phaZ,D_PES,Polymers
BD1,K22250,phaZ1,D_PHA,Polymers
BD1,K22250,phaZ1,D_PHB,Polymers
BD1,K22250,phaZ2,D_PHB,Polymers
BD1,K22250,phaZ2,D_PHA,Polymers
BD1,K22250,phaZ3,D_PHB,Polymers
BD1,K22250,phaZ3,D_PHA,Polymers
BD1,K00151,praB,C_Protocatechuate_degradation,Aromatics
BD1,K00632,pcaF,C_Catechol_degradation,Aromatics
BD1,K00632,pcaF,C_Protocatechuate_degradation,Aromatics
BD1,K03406,alkN_mcp,A_Hydrocarbon_uptake,Alkanes
BD1,K06133,ffp,E_Fengacyn,Biosurfactant
BD1,K06133,sfp,E_Surfactin,Biosurfactant
BD5,K00019,hbd,D_PHBV,Polymers
BD5,K00019,hbd,D_PHA,Polymers
BD5,K00019,hbd,D_P3HV,Polymers
BD5,K01183,chi25,D_PCL,Polymers
BD5,K00104,pchF,C_Toluene_degradation,Aromatics
BD5,K00108,alkJ_adh,A_Auxiliar_alkane_gene,Alkanes
BD5,K00108,pegA,D_PEG,Polymers
BD5,K00219,abmA,C_Anthranilate_degradation,Aromatics
BD5,K00362,alkT_rubB_rdxR,A_Terminal/biterminal_oxidation,Alkanes
BD5,K00362,andAa,C_Anthranilate_degradation,Aromatics
BD5,K00362,padAd1,C_Phthalate_degradation,Aromatics
BD5,K00363,andAb,C_Anthranilate_degradation,Aromatics
BD5,K00363,bedB,C_Benzene_degradation,Aromatics
BD5,K00363,bphAc,C_Biphenyl_degradation,Aromatics
BD5,K00363,nagAb,C_1-Methylnaphthalene/2-Methylnaphthalene_degradation,Aromatics
BD5,K00363,todB,C_Toluene_degradation,Aromatics
BD5,K00382,xecC,B_Propene_degradation,Alkenes
BD5,K00446,xylE,C_Catechol_degradation,Aromatics
BD5,K00528,xamoF,B_Propene_degradation,Alkenes
BD5,K00528,nagAa,C_1-Methylnaphthalene/2-Methylnaphthalene_degradation,Aromatics
BD5,K00528,tphA1I,C_Terephthalate_degradation,Aromatics
BD5,K00627,bphD,C_Biphenyl_degradation,Aromatics
BD5,K00645,ituD,E_Iturin,Biosurfactant
BD5,K01028,pcaI,C_Protocatechuate_degradation,Aromatics
BD5,K01104,wzb,E_Emulsan,Biosurfactant
BD5,K01426,NFA_28320,D_Nylon,Polymers
BD5,K01426,nylA,D_Nylon,Polymers
BD5,K01465,benC,C_Benzoate_degradation,Aromatics
BD5,K01649,xylK,C_Catechol_degradation,Aromatics
BD5,K01895,pqsA,C_Anthranilate_degradation,Aromatics
BD5,K02823,prmB,A_Subterminal_oxidation,Alkanes
BD5,K02823,isoF,B_Isoprene_degradation,Alkenes
BD5,K02823,xamoF,B_Propene_degradation,Alkenes
BD5,K02823,antC,C_Anthranilate_degradation,Aromatics
BD5,K02823,benC,C_Benzoate_degradation,Aromatics
BD5,K02823,nagAa,C_1-Methylnaphthalene/2-Methylnaphthalene_degradation,Aromatics
BD5,K02823,tphA1I,C_Terephthalate_degradation,Aromatics
BD5,K02823,xylZ,C_Benzoate_degradation,Aromatics
BD5,K03386,ahpC,A_Finnerty_pathway,Alkanes
BD5,K03387,ahpF,A_Finnerty_pathway,Alkanes
BD5,K03644,lipA,D_PET,Polymers
BD5,K03644,lipA,D_PCL,Polymers
BD5,K03644,lipA,D_PBSA,Polymers
BD5,K03801,lipB,D_PET,Polymers
BD5,K04091,ssuD,A_Auxiliar_alkane_gene,Alkanes
BD5,K05710,isoC,B_Isoprene_degradation,Alkenes
BD5,K05710,xamoC,B_Propene_degradation,Alkenes
BD5,K05710,andAb,C_Anthranilate_degradation,Aromatics
BD5,K05710,bedB,C_Benzene_degradation,Aromatics
BD5,K05710,bphAc,C_Biphenyl_degradation,Aromatics
BD5,K05710,doxA,C_Naphthalene_degradation,Aromatics
BD5,K05710,doxA,C_Dibenzothiophene_degradation,Aromatics
BD5,K05710,nagAb,C_1-Methylnaphthalene/2-Methylnaphthalene_degradation,Aromatics
BD5,K05710,tmoC,C_Toluene_degradation,Aromatics
BD5,K05710,todB,C_Toluene_degradation,Aromatics
BD5,K07071,blc,A_Hydrocarbon_uptake,Alkanes
BD5,K10215,almA,A_Terminal/biterminal_oxidation,Alkanes
BD5,K10215,BVMO,A_Subterminal_oxidation,Alkanes
BD5,K10804,est,D_PU,Polymers
BD5,K10804,est,D_PET,Polymers
BD5,K10804,est,D_PBSA,Polymers
BD5,K10804,est,D_PCL,Polymers
BD5,K10804,est,D_PBAT,Polymers
BD5,K10804,est,D_PLA,Polymers
BD5,K22250,phaY2,D_PHB,Polymers
BD5,K22250,phaY2,D_PHA,Polymers
BD5,K22250,phaZ,D_P4HB,Polymers
BD5,K22250,phaZ,D_PEA,Polymers
BD5,K22250,phaZ,D_P3HP,Polymers
BD5,K22250,phaZ,D_PHBV,Polymers
BD5,K22250,phaZ,D_PHO,Polymers
BD5,K22250,phaZ,D_PPL,Polymers
BD5,K22250,phaZ,D_PHB,Polymers
BD5,K22250,phaZ,D_PHA,Polymers
BD5,K22250,phaZ,D_PHPV,Polymers
BD5,K22250,phaZ,D_PCL,Polymers
BD5,K22250,phaZ,D_PES,Polymers
BD5,K22250,phaZ1,D_PHA,Polymers
BD5,K22250,phaZ1,D_PHB,Polymers
BD5,K22250,phaZ2,D_PHB,Polymers
BD5,K22250,phaZ2,D_PHA,Polymers
BD5,K22250,phaZ3,D_PHB,Polymers
BD5,K22250,phaZ3,D_PHA,Polymers
BD5,K00151,praB,C_Protocatechuate_degradation,Aromatics
BD5,K00632,pcaF,C_Catechol_degradation,Aromatics
BD5,K00632,pcaF,C_Protocatechuate_degradation,Aromatics
BD5,K03406,alkN_mcp,A_Hydrocarbon_uptake,Alkanes
BD5,K06133,ffp,E_Fengacyn,Biosurfactant
BD5,K06133,sfp,E_Surfactin,Biosurfactant
BD8,K00108,alkJ_adh,A_Auxiliar_alkane_gene,Alkanes
BD8,K00108,pegA,D_PEG,Polymers
BD8,K00151,praB,C_Protocatechuate_degradation,Aromatics
BD8,K00382,xecC,B_Propene_degradation,Alkenes
BD8,K00448,pcaG,C_Protocatechuate_degradation,Aromatics
BD8,K00449,pcaH,C_Protocatechuate_degradation,Aromatics
BD8,K00528,xamoF,B_Propene_degradation,Alkenes
BD8,K00528,nagAa,C_1-Methylnaphthalene/2-Methylnaphthalene_degradation,Aromatics
BD8,K00528,tphA1I,C_Terephthalate_degradation,Aromatics
BD8,K00549,etnE,B_Ethene_and_chloroethene_degradation,Alkenes
BD8,K00549,xecA,B_Propene_degradation,Alkenes
BD8,K00627,bphD,C_Biphenyl_degradation,Aromatics
BD8,K00645,ituD,E_Iturin,Biosurfactant
BD8,K00661,at,E_Sophorolipids,Biosurfactant
BD8,K01031,pcaI,C_Protocatechuate_degradation,Aromatics
BD8,K01046,estA,D_PBAT,Polymers
BD8,K01046,FB4_0780,D_PBAT,Polymers
BD8,K01046,lip,D_PU,Polymers
BD8,K01046,lip,D_PET,Polymers
BD8,K01046,lipA,D_PET,Polymers
BD8,K01046,lipA,D_PCL,Polymers
BD8,K01046,lipA,D_PBSA,Polymers
BD8,K01046,plaA,D_PLA,Polymers
BD8,K01046,plaM4,D_PBS,Polymers
BD8,K01046,plaM4,D_PES,Polymers
BD8,K01046,plaM4,D_PHA,Polymers
BD8,K01046,plaM4,D_PBSA,Polymers
BD8,K01046,plaM4,D_PCL,Polymers
BD8,K01046,plaM4,D_PHB,Polymers
BD8,K01046,plaM4,D_PLA,Polymers
BD8,K01046,plaM5,D_PLA,Polymers
BD8,K01104,wzb,E_Emulsan,Biosurfactant
BD8,K01426,NFA_28320,D_Nylon,Polymers
BD8,K01426,nylA,D_Nylon,Polymers
BD8,K01465,benC,C_Benzoate_degradation,Aromatics
BD8,K01649,xylK,C_Catechol_degradation,Aromatics
BD8,K01857,pcaB,C_Protocatechuate_degradation,Aromatics
BD8,K01895,pqsA,C_Anthranilate_degradation,Aromatics
BD8,K02364,ppsE,E_Plipastatin,Biosurfactant
BD8,K03644,lipA,D_PET,Polymers
BD8,K03644,lipA,D_PCL,Polymers
BD8,K03644,lipA,D_PBSA,Polymers
BD8,K03801,lipB,D_PET,Polymers
BD8,K03929,CLOSTHATH_07193,D_PBAT,Polymers
BD8,K03929,estC,D_PLA,Polymers
BD8,K03929,estC,D_PBSA,Polymers
BD8,K03929,pnbA,D_PET,Polymers
BD8,K03929,pudA,D_PU,Polymers
BD8,K04091,ssuD,A_Auxiliar_alkane_gene,Alkanes
BD8,K06999,est,D_PU,Polymers
BD8,K06999,est,D_PET,Polymers
BD8,K06999,est,D_PBSA,Polymers
BD8,K06999,est,D_PCL,Polymers
BD8,K06999,est,D_PBAT,Polymers
BD8,K06999,est,D_PLA,Polymers
BD8,K07071,blc,A_Hydrocarbon_uptake,Alkanes
BD8,K20423,sdgA,C_Salicylate_degradation,Aromatics
BD8,K00632,pcaF,C_Catechol_degradation,Aromatics
BD8,K00632,pcaF,C_Protocatechuate_degradation,Aromatics
BD8,K01032,pcaJ,C_Protocatechuate_degradation,Aromatics
BD8,K01032,pcaJ,C_Catechol_degradation,Aromatics
BD8,K14727,pcaD,C_Catechol_degradation,Aromatics
BD8,K14727,pcaD,C_Protocatechuate_degradation,Aromatics
BD120,K00019,hbd,D_PHBV,Polymers
BD120,K00019,hbd,D_PHA,Polymers
BD120,K00019,hbd,D_P3HV,Polymers
BD120,K00104,pchF,C_Toluene_degradation,Aromatics
BD120,K00128,alkH_ald,A_Auxiliar_alkane_gene,Alkanes
BD120,K00128,mpdC,B_2-methylpropene_degradation,Alkenes
BD120,K00128,dpgC,C_Toluene_degradation,Aromatics
BD120,K00128,mdlD,C_Toluene_degradation,Aromatics
BD120,K00128,pchA,C_Toluene_degradation,Aromatics
BD120,K00128,phdK,C_Phenanthrene_degradation,Aromatics
BD120,K00128,praB,C_Protocatechuate_degradation,Aromatics
BD120,K00128,pegC,D_PEG,Polymers
BD120,K21802,ntnC,C_Toluene_degradation,Aromatics
BD120,K21802,pchA,C_Toluene_degradation,Aromatics
BD120,K21802,xylC,C_Toluene_degradation,Aromatics
BD120,K21802,xylC,C_Dimethylbenzene,Aromatics
BD120,K00219,abmA,C_Anthranilate_degradation,Aromatics
BD120,K00354,abmA,C_Anthranilate_degradation,Aromatics
BD120,K00362,alkT_rubB_rdxR,A_Terminal/biterminal_oxidation,Alkanes
BD120,K00362,andAa,C_Anthranilate_degradation,Aromatics
BD120,K00362,padAd1,C_Phthalate_degradation,Aromatics
BD120,K00363,andAb,C_Anthranilate_degradation,Aromatics
BD120,K00363,bedB,C_Benzene_degradation,Aromatics
BD120,K00363,bphAc,C_Biphenyl_degradation,Aromatics
BD120,K00363,nagAb,C_1-Methylnaphthalene/2-Methylnaphthalene_degradation,Aromatics
BD120,K00363,todB,C_Toluene_degradation,Aromatics
BD120,K00382,xecC,B_Propene_degradation,Alkenes
BD120,K00483,hpaB,C_4-Hydroxyphenylacetate_degradation,Aromatics
BD120,K00483,hpaH,C_Anthranilate_degradation,Aromatics
BD120,K00549,etnE,B_Ethene_and_chloroethene_degradation,Alkenes
BD120,K00549,xecA,B_Propene_degradation,Alkenes
BD120,K00627,bphD,C_Biphenyl_degradation,Aromatics
BD120,K00632,pcaF,C_Catechol_degradation,Aromatics
BD120,K00632,pcaF,C_Protocatechuate_degradation,Aromatics
BD120,K00661,at,E_Sophorolipids,Biosurfactant
BD120,K00645,ituD,E_Iturin,Biosurfactant
BD120,K15327,ituD,E_Iturin,Biosurfactant
BD120,K15329,ituD,E_Iturin,Biosurfactant
BD120,K01028,pcaI,C_Protocatechuate_degradation,Aromatics
BD120,K01046,estA,D_PBAT,Polymers
BD120,K01046,FB4_0780,D_PBAT,Polymers
BD120,K01046,lip,D_PU,Polymers
BD120,K01046,lip,D_PET,Polymers
BD120,K01046,lipA,D_PET,Polymers
BD120,K01046,lipA,D_PCL,Polymers
BD120,K01046,lipA,D_PBSA,Polymers
BD120,K01046,plaA,D_PLA,Polymers
BD120,K01046,plaM4,D_PBS,Polymers
BD120,K01046,plaM4,D_PES,Polymers
BD120,K01046,plaM4,D_PHA,Polymers
BD120,K01046,plaM4,D_PBSA,Polymers
BD120,K01046,plaM4,D_PCL,Polymers
BD120,K01046,plaM4,D_PHB,Polymers
BD120,K01046,plaM4,D_PLA,Polymers
BD120,K01046,plaM5,D_PLA,Polymers
BD120,K01104,wzb,E_Emulsan,Biosurfactant
BD120,K01200,pulA,D_PU,Polymers
BD120,K01259,pcaD,C_Catechol_degradation,Aromatics
BD120,K01259,pcaD,C_Protocatechuate_degradation,Aromatics
BD120,K01342,SUBB_LEDLE,D_PLA,Polymers
BD120,K01342,subC,D_PLA,Polymers
BD120,K01342,SUBS_LEDLE,D_PLA,Polymers
BD120,K13277,subC,D_PLA,Polymers
BD120,K01465,benC,C_Benzoate_degradation,Aromatics
BD120,K01649,xylK,C_Catechol_degradation,Aromatics
BD120,K01821,praC,C_Protocatechuate_degradation,Aromatics
BD120,K01821,xylH,C_Catechol_degradation,Aromatics
BD120,K01895,pqsA,C_Anthranilate_degradation,Aromatics
BD120,K02364,ppsE,E_Plipastatin,Biosurfactant
BD120,K15656,ppsE,E_Plipastatin,Biosurfactant
BD120,K15668,ppsE,E_Plipastatin,Biosurfactant
BD120,K02823,prmB,A_Subterminal_oxidation,Alkanes
BD120,K02823,isoF,B_Isoprene_degradation,Alkenes
BD120,K02823,xamoF,B_Propene_degradation,Alkenes
BD120,K02823,antC,C_Anthranilate_degradation,Aromatics
BD120,K02823,benC,C_Benzoate_degradation,Aromatics
BD120,K02823,nagAa,C_1-Methylnaphthalene/2-Methylnaphthalene_degradation,Aromatics
BD120,K02823,tphA1I,C_Terephthalate_degradation,Aromatics
BD120,K02823,xylZ,C_Benzoate_degradation,Aromatics
BD120,K03386,ahpC,A_Finnerty_pathway,Alkanes
BD120,K03387,ahpF,A_Finnerty_pathway,Alkanes
BD120,K03406,alkN_mcp,A_Hydrocarbon_uptake,Alkanes
BD120,K03644,lipA,D_PET,Polymers
BD120,K03644,lipA,D_PCL,Polymers
BD120,K03644,lipA,D_PBSA,Polymers
BD120,K03929,CLOSTHATH_07193,D_PBAT,Polymers
BD120,K03929,estC,D_PLA,Polymers
BD120,K03929,estC,D_PBSA,Polymers
BD120,K03929,pnbA,D_PET,Polymers
BD120,K03929,pudA,D_PU,Polymers
BD120,K04091,ssuD,A_Auxiliar_alkane_gene,Alkanes
BD120,K20938,LadA,A_Terminal/biterminal_oxidation,Alkanes
BD120,K20938,ssuD,A_Auxiliar_alkane_gene,Alkanes
BD120,K05337,padAc1,C_Phthalate_degradation,Aromatics
BD120,K15765,isoF,B_Isoprene_degradation,Alkenes
BD120,K15765,xamoF,B_Propene_degradation,Alkenes
BD120,K06133,ffp,E_Fengacyn,Biosurfactant
BD120,K06133,sfp,E_Surfactin,Biosurfactant
BD120,K06999,est,D_PU,Polymers
BD120,K06999,est,D_PET,Polymers
BD120,K06999,est,D_PBSA,Polymers
BD120,K06999,est,D_PCL,Polymers
BD120,K06999,est,D_PBAT,Polymers
BD120,K06999,est,D_PLA,Polymers
BD120,K07071,blc,A_Hydrocarbon_uptake,Alkanes
BD120,K15654,srfAA,E_Surfactin,Biosurfactant
BD120,K15654,srfAB,E_Surfactin,Biosurfactant
BD120,K15655,srfAA,E_Surfactin,Biosurfactant
BD120,K15655,srfAB,E_Surfactin,Biosurfactant
BD120,K16119,srfAA,E_Surfactin,Biosurfactant
BD120,K16120,srfAB,E_Surfactin,Biosurfactant
BD120,K15661,ituA,E_Iturin,Biosurfactant
BD120,K15661,mycA,E_Mycosubtilin,Biosurfactant
BD120,K15664,ppsA,E_Plipastatin,Biosurfactant
BD120,K15664,ppsC,E_Plipastatin,Biosurfactant
BD120,K15664,ppsD,E_Plipastatin,Biosurfactant
BD120,K15666,ppsA,E_Plipastatin,Biosurfactant
BD120,K15666,ppsC,E_Plipastatin,Biosurfactant
BD120,K15666,ppsD,E_Plipastatin,Biosurfactant
BD120,K15667,ppsA,E_Plipastatin,Biosurfactant
BD120,K15667,ppsC,E_Plipastatin,Biosurfactant
BD120,K15667,ppsD,E_Plipastatin,Biosurfactant
BD120,K15665,ppsB,E_Plipastatin,Biosurfactant
BD120,K17763,BAY15_3292,D_PVA,Polymers
BD120,K17828,benC,C_Benzoate_degradation,Aromatics
BD120,K19707,pcaD,C_Catechol_degradation,Aromatics
BD120,K19707,pcaD,C_Protocatechuate_degradation,Aromatics
BD121,K00104,pchF,C_Toluene_degradation,Aromatics
BD121,K00128,alkH_ald,A_Auxiliar_alkane_gene,Alkanes
BD121,K00128,mpdC,B_2-methylpropene_degradation,Alkenes
BD121,K00128,dpgC,C_Toluene_degradation,Aromatics
BD121,K00128,mdlD,C_Toluene_degradation,Aromatics
BD121,K00128,pchA,C_Toluene_degradation,Aromatics
BD121,K00128,phdK,C_Phenanthrene_degradation,Aromatics
BD121,K00128,praB,C_Protocatechuate_degradation,Aromatics
BD121,K00128,pegC,D_PEG,Polymers
BD121,K21802,ntnC,C_Toluene_degradation,Aromatics
BD121,K21802,pchA,C_Toluene_degradation,Aromatics
BD121,K21802,xylC,C_Toluene_degradation,Aromatics
BD121,K21802,xylC,C_Dimethylbenzene,Aromatics
BD121,K00219,abmA,C_Anthranilate_degradation,Aromatics
BD121,K00354,abmA,C_Anthranilate_degradation,Aromatics
BD121,K00362,alkT_rubB_rdxR,A_Terminal/biterminal_oxidation,Alkanes
BD121,K00362,andAa,C_Anthranilate_degradation,Aromatics
BD121,K00362,padAd1,C_Phthalate_degradation,Aromatics
BD121,K00363,andAb,C_Anthranilate_degradation,Aromatics
BD121,K00363,bedB,C_Benzene_degradation,Aromatics
BD121,K00363,bphAc,C_Biphenyl_degradation,Aromatics
BD121,K00363,nagAb,C_1-Methylnaphthalene/2-Methylnaphthalene_degradation,Aromatics
BD121,K00363,todB,C_Toluene_degradation,Aromatics
BD121,K00382,xecC,B_Propene_degradation,Alkenes
BD121,K00455,praA,C_Protocatechuate_degradation,Aromatics
BD121,K00481,pobA,C_Toluene_degradation,Aromatics
BD121,K00549,etnE,B_Ethene_and_chloroethene_degradation,Alkenes
BD121,K00549,xecA,B_Propene_degradation,Alkenes
BD121,K00627,bphD,C_Biphenyl_degradation,Aromatics
BD121,K00632,pcaF,C_Catechol_degradation,Aromatics
BD121,K00632,pcaF,C_Protocatechuate_degradation,Aromatics
BD121,K00645,ituD,E_Iturin,Biosurfactant
BD121,K00661,at,E_Sophorolipids,Biosurfactant
BD121,K01046,estA,D_PBAT,Polymers
BD121,K01046,FB4_0780,D_PBAT,Polymers
BD121,K01046,lip,D_PU,Polymers
BD121,K01046,lip,D_PET,Polymers
BD121,K01046,lipA,D_PET,Polymers
BD121,K01046,lipA,D_PCL,Polymers
BD121,K01046,lipA,D_PBSA,Polymers
BD121,K01046,plaA,D_PLA,Polymers
BD121,K01046,plaM4,D_PBS,Polymers
BD121,K01046,plaM4,D_PES,Polymers
BD121,K01046,plaM4,D_PHA,Polymers
BD121,K01046,plaM4,D_PBSA,Polymers
BD121,K01046,plaM4,D_PCL,Polymers
BD121,K01046,plaM4,D_PHB,Polymers
BD121,K01046,plaM4,D_PLA,Polymers
BD121,K01046,plaM5,D_PLA,Polymers
BD121,K01104,wzb,E_Emulsan,Biosurfactant
BD121,K01183,chi25,D_PCL,Polymers
BD121,K01200,pulA,D_PU,Polymers
BD121,K01342,SUBB_LEDLE,D_PLA,Polymers
BD121,K01342,subC,D_PLA,Polymers
BD121,K01342,SUBS_LEDLE,D_PLA,Polymers
BD121,K13277,subC,D_PLA,Polymers
BD121,K01426,NFA_28320,D_Nylon,Polymers
BD121,K01426,nylA,D_Nylon,Polymers
BD121,K01465,benC,C_Benzoate_degradation,Aromatics
BD121,K01617,praD,C_Protocatechuate_degradation,Aromatics
BD121,K01617,xylI,C_Catechol_degradation,Aromatics
BD121,K01617,xylJ,C_Catechol_degradation,Aromatics
BD121,K01649,xylK,C_Catechol_degradation,Aromatics
BD121,K01821,praC,C_Protocatechuate_degradation,Aromatics
BD121,K01821,xylH,C_Catechol_degradation,Aromatics
BD121,K01895,pqsA,C_Anthranilate_degradation,Aromatics
BD121,K02823,prmB,A_Subterminal_oxidation,Alkanes
BD121,K02823,isoF,B_Isoprene_degradation,Alkenes
BD121,K02823,xamoF,B_Propene_degradation,Alkenes
BD121,K02823,antC,C_Anthranilate_degradation,Aromatics
BD121,K02823,benC,C_Benzoate_degradation,Aromatics
BD121,K02823,nagAa,C_1-Methylnaphthalene/2-Methylnaphthalene_degradation,Aromatics
BD121,K02823,tphA1I,C_Terephthalate_degradation,Aromatics
BD121,K02823,xylZ,C_Benzoate_degradation,Aromatics
BD121,K03386,ahpC,A_Finnerty_pathway,Alkanes
BD121,K03387,ahpF,A_Finnerty_pathway,Alkanes
BD121,K03392,praH,C_Protocatechuate_degradation,Aromatics
BD121,K03392,proH,C_Protocatechuate_degradation,Aromatics
BD121,K03406,alkN_mcp,A_Hydrocarbon_uptake,Alkanes
BD121,K03644,lipA,D_PET,Polymers
BD121,K03644,lipA,D_PCL,Polymers
BD121,K03644,lipA,D_PBSA,Polymers
BD121,K03929,CLOSTHATH_07193,D_PBAT,Polymers
BD121,K03929,estC,D_PLA,Polymers
BD121,K03929,estC,D_PBSA,Polymers
BD121,K03929,pnbA,D_PET,Polymers
BD121,K03929,pudA,D_PU,Polymers
BD121,K04091,ssuD,A_Auxiliar_alkane_gene,Alkanes
BD121,K20938,LadA,A_Terminal/biterminal_oxidation,Alkanes
BD121,K20938,ssuD,A_Auxiliar_alkane_gene,Alkanes
BD121,K05337,padAc1,C_Phthalate_degradation,Aromatics
BD121,K15765,isoF,B_Isoprene_degradation,Alkenes
BD121,K15765,xamoF,B_Propene_degradation,Alkenes
BD121,K06133,ffp,E_Fengacyn,Biosurfactant
BD121,K06133,sfp,E_Surfactin,Biosurfactant
BD121,K06999,est,D_PU,Polymers
BD121,K06999,est,D_PET,Polymers
BD121,K06999,est,D_PBSA,Polymers
BD121,K06999,est,D_PCL,Polymers
BD121,K06999,est,D_PBAT,Polymers
BD121,K06999,est,D_PLA,Polymers
BD121,K07071,blc,A_Hydrocarbon_uptake,Alkanes
BD121,K10217,praB,C_Protocatechuate_degradation,Aromatics
BD121,K10217,xylG,C_Catechol_degradation,Aromatics
BD121,K10218,proA,C_Protocatechuate_degradation,Aromatics
BD121,K15654,srfAA,E_Surfactin,Biosurfactant
BD121,K15654,srfAB,E_Surfactin,Biosurfactant
BD121,K15655,srfAA,E_Surfactin,Biosurfactant
BD121,K15655,srfAB,E_Surfactin,Biosurfactant
BD121,K16119,srfAA,E_Surfactin,Biosurfactant
BD121,K16120,srfAB,E_Surfactin,Biosurfactant
BD121,K15656,ppsE,E_Plipastatin,Biosurfactant
BD121,K15668,ppsE,E_Plipastatin,Biosurfactant
BD121,K15664,ppsA,E_Plipastatin,Biosurfactant
BD121,K15664,ppsC,E_Plipastatin,Biosurfactant
BD121,K15664,ppsD,E_Plipastatin,Biosurfactant
BD121,K15666,ppsA,E_Plipastatin,Biosurfactant
BD121,K15666,ppsC,E_Plipastatin,Biosurfactant
BD121,K15666,ppsD,E_Plipastatin,Biosurfactant
BD121,K15667,ppsA,E_Plipastatin,Biosurfactant
BD121,K15667,ppsC,E_Plipastatin,Biosurfactant
BD121,K15667,ppsD,E_Plipastatin,Biosurfactant
BD121,K15665,ppsB,E_Plipastatin,Biosurfactant
BD121,K17763,BAY15_3292,D_PVA,Polymers
BD121,K17828,benC,C_Benzoate_degradation,Aromatics
BD121,K22024,tphB,C_Terephthalate_degradation,Aromatics
BD126,K00019,hbd,D_PHBV,Polymers
BD126,K00019,hbd,D_PHA,Polymers
BD126,K00019,hbd,D_P3HV,Polymers
BD126,K00104,pchF,C_Toluene_degradation,Aromatics
BD126,K00128,alkH_ald,A_Auxiliar_alkane_gene,Alkanes
BD126,K00128,mpdC,B_2-methylpropene_degradation,Alkenes
BD126,K00128,dpgC,C_Toluene_degradation,Aromatics
BD126,K00128,mdlD,C_Toluene_degradation,Aromatics
BD126,K00128,pchA,C_Toluene_degradation,Aromatics
BD126,K00128,phdK,C_Phenanthrene_degradation,Aromatics
BD126,K00128,praB,C_Protocatechuate_degradation,Aromatics
BD126,K00128,pegC,D_PEG,Polymers
BD126,K21802,ntnC,C_Toluene_degradation,Aromatics
BD126,K21802,pchA,C_Toluene_degradation,Aromatics
BD126,K21802,xylC,C_Toluene_degradation,Aromatics
BD126,K21802,xylC,C_Dimethylbenzene,Aromatics
BD126,K00219,abmA,C_Anthranilate_degradation,Aromatics
BD126,K00354,abmA,C_Anthranilate_degradation,Aromatics
BD126,K00362,alkT_rubB_rdxR,A_Terminal/biterminal_oxidation,Alkanes
BD126,K00362,andAa,C_Anthranilate_degradation,Aromatics
BD126,K00362,padAd1,C_Phthalate_degradation,Aromatics
BD126,K00363,andAb,C_Anthranilate_degradation,Aromatics
BD126,K00363,bedB,C_Benzene_degradation,Aromatics
BD126,K00363,bphAc,C_Biphenyl_degradation,Aromatics
BD126,K00363,nagAb,C_1-Methylnaphthalene/2-Methylnaphthalene_degradation,Aromatics
BD126,K00363,todB,C_Toluene_degradation,Aromatics
BD126,K00382,xecC,B_Propene_degradation,Alkenes
BD126,K00483,hpaB,C_4-Hydroxyphenylacetate_degradation,Aromatics
BD126,K00483,hpaH,C_Anthranilate_degradation,Aromatics
BD126,K00549,etnE,B_Ethene_and_chloroethene_degradation,Alkenes
BD126,K00549,xecA,B_Propene_degradation,Alkenes
BD126,K00627,bphD,C_Biphenyl_degradation,Aromatics
BD126,K00632,pcaF,C_Catechol_degradation,Aromatics
BD126,K00632,pcaF,C_Protocatechuate_degradation,Aromatics
BD126,K00661,at,E_Sophorolipids,Biosurfactant
BD126,K00645,ituD,E_Iturin,Biosurfactant
BD126,K15327,ituD,E_Iturin,Biosurfactant
BD126,K15329,ituD,E_Iturin,Biosurfactant
BD126,K01028,pcaI,C_Protocatechuate_degradation,Aromatics
BD126,K01046,estA,D_PBAT,Polymers
BD126,K01046,FB4_0780,D_PBAT,Polymers
BD126,K01046,lip,D_PU,Polymers
BD126,K01046,lip,D_PET,Polymers
BD126,K01046,lipA,D_PET,Polymers
BD126,K01046,lipA,D_PCL,Polymers
BD126,K01046,lipA,D_PBSA,Polymers
BD126,K01046,plaA,D_PLA,Polymers
BD126,K01046,plaM4,D_PBS,Polymers
BD126,K01046,plaM4,D_PES,Polymers
BD126,K01046,plaM4,D_PHA,Polymers
BD126,K01046,plaM4,D_PBSA,Polymers
BD126,K01046,plaM4,D_PCL,Polymers
BD126,K01046,plaM4,D_PHB,Polymers
BD126,K01046,plaM4,D_PLA,Polymers
BD126,K01046,plaM5,D_PLA,Polymers
BD126,K01104,wzb,E_Emulsan,Biosurfactant
BD126,K01200,pulA,D_PU,Polymers
BD126,K01259,pcaD,C_Catechol_degradation,Aromatics
BD126,K01259,pcaD,C_Protocatechuate_degradation,Aromatics
BD126,K01342,SUBB_LEDLE,D_PLA,Polymers
BD126,K01342,subC,D_PLA,Polymers
BD126,K01342,SUBS_LEDLE,D_PLA,Polymers
BD126,K13277,subC,D_PLA,Polymers
BD126,K01465,benC,C_Benzoate_degradation,Aromatics
BD126,K01649,xylK,C_Catechol_degradation,Aromatics
BD126,K01821,praC,C_Protocatechuate_degradation,Aromatics
BD126,K01821,xylH,C_Catechol_degradation,Aromatics
BD126,K01895,pqsA,C_Anthranilate_degradation,Aromatics
BD126,K02364,ppsE,E_Plipastatin,Biosurfactant
BD126,K15656,ppsE,E_Plipastatin,Biosurfactant
BD126,K15668,ppsE,E_Plipastatin,Biosurfactant
BD126,K02823,prmB,A_Subterminal_oxidation,Alkanes
BD126,K02823,isoF,B_Isoprene_degradation,Alkenes
BD126,K02823,xamoF,B_Propene_degradation,Alkenes
BD126,K02823,antC,C_Anthranilate_degradation,Aromatics
BD126,K02823,benC,C_Benzoate_degradation,Aromatics
BD126,K02823,nagAa,C_1-Methylnaphthalene/2-Methylnaphthalene_degradation,Aromatics
BD126,K02823,tphA1I,C_Terephthalate_degradation,Aromatics
BD126,K02823,xylZ,C_Benzoate_degradation,Aromatics
BD126,K03386,ahpC,A_Finnerty_pathway,Alkanes
BD126,K03387,ahpF,A_Finnerty_pathway,Alkanes
BD126,K03406,alkN_mcp,A_Hydrocarbon_uptake,Alkanes
BD126,K03644,lipA,D_PET,Polymers
BD126,K03644,lipA,D_PCL,Polymers
BD126,K03644,lipA,D_PBSA,Polymers
BD126,K03929,CLOSTHATH_07193,D_PBAT,Polymers
BD126,K03929,estC,D_PLA,Polymers
BD126,K03929,estC,D_PBSA,Polymers
BD126,K03929,pnbA,D_PET,Polymers
BD126,K03929,pudA,D_PU,Polymers
BD126,K04091,ssuD,A_Auxiliar_alkane_gene,Alkanes
BD126,K20938,LadA,A_Terminal/biterminal_oxidation,Alkanes
BD126,K20938,ssuD,A_Auxiliar_alkane_gene,Alkanes
BD126,K05337,padAc1,C_Phthalate_degradation,Aromatics
BD126,K15765,isoF,B_Isoprene_degradation,Alkenes
BD126,K15765,xamoF,B_Propene_degradation,Alkenes
BD126,K06133,ffp,E_Fengacyn,Biosurfactant
BD126,K06133,sfp,E_Surfactin,Biosurfactant
BD126,K06999,est,D_PU,Polymers
BD126,K06999,est,D_PET,Polymers
BD126,K06999,est,D_PBSA,Polymers
BD126,K06999,est,D_PCL,Polymers
BD126,K06999,est,D_PBAT,Polymers
BD126,K06999,est,D_PLA,Polymers
BD126,K07071,blc,A_Hydrocarbon_uptake,Alkanes
BD126,K15654,srfAA,E_Surfactin,Biosurfactant
BD126,K15654,srfAB,E_Surfactin,Biosurfactant
BD126,K15655,srfAA,E_Surfactin,Biosurfactant
BD126,K15655,srfAB,E_Surfactin,Biosurfactant
BD126,K16119,srfAA,E_Surfactin,Biosurfactant
BD126,K16120,srfAB,E_Surfactin,Biosurfactant
BD126,K15661,ituA,E_Iturin,Biosurfactant
BD126,K15661,mycA,E_Mycosubtilin,Biosurfactant
BD126,K15664,ppsA,E_Plipastatin,Biosurfactant
BD126,K15664,ppsC,E_Plipastatin,Biosurfactant
BD126,K15664,ppsD,E_Plipastatin,Biosurfactant
BD126,K15666,ppsA,E_Plipastatin,Biosurfactant
BD126,K15666,ppsC,E_Plipastatin,Biosurfactant
BD126,K15666,ppsD,E_Plipastatin,Biosurfactant
BD126,K15667,ppsA,E_Plipastatin,Biosurfactant
BD126,K15667,ppsC,E_Plipastatin,Biosurfactant
BD126,K15667,ppsD,E_Plipastatin,Biosurfactant
BD126,K15665,ppsB,E_Plipastatin,Biosurfactant
BD126,K17763,BAY15_3292,D_PVA,Polymers
BD126,K17828,benC,C_Benzoate_degradation,Aromatics
BD126,K19707,pcaD,C_Catechol_degradation,Aromatics
BD126,K19707,pcaD,C_Protocatechuate_degradation,Aromatics
BD127,K00019,hbd,D_PHBV,Polymers
BD127,K00019,hbd,D_PHA,Polymers
BD127,K00019,hbd,D_P3HV,Polymers
BD127,K00097,tphB,C_Terephthalate_degradation,Aromatics
BD127,K22024,tphB,C_Terephthalate_degradation,Aromatics
BD127,K00104,pchF,C_Toluene_degradation,Aromatics
BD127,K00108,alkJ_adh,A_Auxiliar_alkane_gene,Alkanes
BD127,K00108,pegA,D_PEG,Polymers
BD127,K00128,alkH_ald,A_Auxiliar_alkane_gene,Alkanes
BD127,K00128,mpdC,B_2-methylpropene_degradation,Alkenes
BD127,K00128,dpgC,C_Toluene_degradation,Aromatics
BD127,K00128,mdlD,C_Toluene_degradation,Aromatics
BD127,K00128,pchA,C_Toluene_degradation,Aromatics
BD127,K00128,phdK,C_Phenanthrene_degradation,Aromatics
BD127,K00128,praB,C_Protocatechuate_degradation,Aromatics
BD127,K00128,pegC,D_PEG,Polymers
BD127,K00151,praB,C_Protocatechuate_degradation,Aromatics
BD127,K00219,abmA,C_Anthranilate_degradation,Aromatics
BD127,K09461,abmA,C_Anthranilate_degradation,Aromatics
BD127,K09461,sdgC,C_Salicylate_degradation,Aromatics
BD127,K00362,alkT_rubB_rdxR,A_Terminal/biterminal_oxidation,Alkanes
BD127,K00362,andAa,C_Anthranilate_degradation,Aromatics
BD127,K00362,padAd1,C_Phthalate_degradation,Aromatics
BD127,K00363,andAb,C_Anthranilate_degradation,Aromatics
BD127,K00363,bedB,C_Benzene_degradation,Aromatics
BD127,K00363,bphAc,C_Biphenyl_degradation,Aromatics
BD127,K00363,nagAb,C_1-Methylnaphthalene/2-Methylnaphthalene_degradation,Aromatics
BD127,K00363,todB,C_Toluene_degradation,Aromatics
BD127,K00382,xecC,B_Propene_degradation,Alkenes
BD127,K00406,pchC,C_Toluene_degradation,Aromatics
BD127,K00428,latA,D_NR,Polymers
BD127,K00450,hbzE,C_Gentisate_degradation,Aromatics
BD127,K00450,nagI,C_Gentisate_degradation,Aromatics
BD127,K00450,phdI,C_Phenanthrene_degradation,Aromatics
BD127,K00450,sdgD,C_Salicylate_degradation,Aromatics
BD127,K00450,xlnE,C_Gentisate_degradation,Aromatics
BD127,K00455,praA,C_Protocatechuate_degradation,Aromatics
BD127,K00480,nahG,C_Salicylate_degradation,Aromatics
BD127,K00480,nahW,C_Salicylate_degradation,Aromatics
BD127,K00480,salA,C_Salicylate_degradation,Aromatics
BD127,K22270,nahW,C_Salicylate_degradation,Aromatics
BD127,K00523,antC,C_Anthranilate_degradation,Aromatics
BD127,K00523,benC,C_Benzoate_degradation,Aromatics
BD127,K00523,nagAa,C_1-Methylnaphthalene/2-Methylnaphthalene_degradation,Aromatics
BD127,K00523,tphA1I,C_Terephthalate_degradation,Aromatics
BD127,K00523,xylZ,C_Benzoate_degradation,Aromatics
BD127,K00528,xamoF,B_Propene_degradation,Alkenes
BD127,K00528,nagAa,C_1-Methylnaphthalene/2-Methylnaphthalene_degradation,Aromatics
BD127,K00528,tphA1I,C_Terephthalate_degradation,Aromatics
BD127,K00529,alkT_rubB_rdxR,A_Terminal/biterminal_oxidation,Alkanes
BD127,K00529,prmB,A_Subterminal_oxidation,Alkanes
BD127,K00529,bedA,C_Benzene_degradation,Aromatics
BD127,K00529,bphAd,C_Biphenyl_degradation,Aromatics
BD127,K00529,todA,C_Toluene_degradation,Aromatics
BD127,K00549,etnE,B_Ethene_and_chloroethene_degradation,Alkenes
BD127,K00549,xecA,B_Propene_degradation,Alkenes
BD127,K00632,pcaF,C_Catechol_degradation,Aromatics
BD127,K00632,pcaF,C_Protocatechuate_degradation,Aromatics
BD127,K00627,bphD,C_Biphenyl_degradation,Aromatics
BD127,K00645,ituD,E_Iturin,Biosurfactant
BD127,K00799,isoI,B_Isoprene_degradation,Alkenes
BD127,K01028,pcaI,C_Protocatechuate_degradation,Aromatics
BD127,K01031,pcaI,C_Protocatechuate_degradation,Aromatics
BD127,K01032,pcaJ,C_Protocatechuate_degradation,Aromatics
BD127,K01032,pcaJ,C_Catechol_degradation,Aromatics
BD127,K01055,pcaD,C_Catechol_degradation,Aromatics
BD127,K01055,pcaD,C_Protocatechuate_degradation,Aromatics
BD127,K01061,phaZ,D_P4HB,Polymers
BD127,K01061,phaZ,D_PEA,Polymers
BD127,K01061,phaZ,D_P3HP,Polymers
BD127,K01061,phaZ,D_PHBV,Polymers
BD127,K01061,phaZ,D_PHO,Polymers
BD127,K01061,phaZ,D_PPL,Polymers
BD127,K01061,phaZ,D_PHB,Polymers
BD127,K01061,phaZ,D_PHA,Polymers
BD127,K01061,phaZ,D_PHPV,Polymers
BD127,K01061,phaZ,D_PCL,Polymers
BD127,K01061,phaZ,D_PES,Polymers
BD127,K01104,wzb,E_Emulsan,Biosurfactant
BD127,K06049,RPA1511,D_PCL,Polymers
BD127,K06049,RPA1511,D_PBSA,Polymers
BD127,K06049,RPA1511,D_PLA,Polymers
BD127,K01259,pcaD,C_Catechol_degradation,Aromatics
BD127,K01259,pcaD,C_Protocatechuate_degradation,Aromatics
BD127,K01426,NFA_28320,D_Nylon,Polymers
BD127,K01426,nylA,D_Nylon,Polymers
BD127,K01465,benC,C_Benzoate_degradation,Aromatics
BD127,K01628,padC2,C_Phthalate_degradation,Aromatics
BD127,K01649,xylK,C_Catechol_degradation,Aromatics
BD127,K01857,pcaB,C_Protocatechuate_degradation,Aromatics
BD127,K01800,nagL,C_Gentisate_degradation,Aromatics
BD127,K01801,nagL,C_Gentisate_degradation,Aromatics
BD127,K01821,praC,C_Protocatechuate_degradation,Aromatics
BD127,K01821,xylH,C_Catechol_degradation,Aromatics
BD127,K01856,catB,C_Catechol_degradation,Aromatics
BD127,K01895,pqsA,C_Anthranilate_degradation,Aromatics
BD127,K01912,paaK,C_Phenylacetate_degradation,Aromatics
BD127,K02609,paaA,C_Phenylacetate_degradation,Aromatics
BD127,K02610,paaB,C_Phenylacetate_degradation,Aromatics
BD127,K02611,paaC,C_Phenylacetate_degradation,Aromatics
BD127,K02612,paaD,C_Phenylacetate_degradation,Aromatics
BD127,K02613,paaE,C_Phenylacetate_degradation,Aromatics
BD127,K03098,blc,A_Hydrocarbon_uptake,Alkanes
BD127,K03386,ahpC,A_Finnerty_pathway,Alkanes
BD127,K03406,alkN_mcp,A_Hydrocarbon_uptake,Alkanes
BD127,K03464,catC,C_Catechol_degradation,Aromatics
BD127,K03599,nagL,C_Gentisate_degradation,Aromatics
BD127,K03644,lipA,D_PET,Polymers
BD127,K03644,lipA,D_PCL,Polymers
BD127,K03644,lipA,D_PBSA,Polymers
BD127,K03801,lipB,D_PET,Polymers
BD127,K04110,GI:23664434,C_Benzoate_degradation,Aromatics
BD127,K04110,pqsA,C_Anthranilate_degradation,Aromatics
BD127,K04755,benC,C_Benzoate_degradation,Aromatics
BD127,K04755,nagAa,C_1-Methylnaphthalene/2-Methylnaphthalene_degradation,Aromatics
BD127,K04755,xylZ,C_Benzoate_degradation,Aromatics
BD127,K05712,pobA,C_Toluene_degradation,Aromatics
BD127,K05973,AvCA6_03910,D_PHB,Polymers
BD127,K05973,AvCA6_03910,D_PHA,Polymers
BD127,K05973,pDS-PS,D_PHB,Polymers
BD127,K05973,pDS-PS,D_PHA,Polymers
BD127,K05973,phaY2,D_PHB,Polymers
BD127,K05973,phaY2,D_PHA,Polymers
BD127,K05973,phaZ,D_P4HB,Polymers
BD127,K05973,phaZ,D_PEA,Polymers
BD127,K05973,phaZ,D_P3HP,Polymers
BD127,K05973,phaZ,D_PHBV,Polymers
BD127,K05973,phaZ,D_PHO,Polymers
BD127,K05973,phaZ,D_PPL,Polymers
BD127,K05973,phaZ,D_PHB,Polymers
BD127,K05973,phaZ,D_PHA,Polymers
BD127,K05973,phaZ,D_PHPV,Polymers
BD127,K05973,phaZ,D_PCL,Polymers
BD127,K05973,phaZ,D_PES,Polymers
BD127,K05973,phaZ1,D_PHA,Polymers
BD127,K05973,phaZ1,D_PHB,Polymers
BD127,K05973,phaZ2,D_PHB,Polymers
BD127,K05973,phaZ2,D_PHA,Polymers
BD127,K05973,phaZ3,D_PHB,Polymers
BD127,K05973,phaZ3,D_PHA,Polymers
BD127,K05973,phaZ4,D_PHA,Polymers
BD127,K05973,phaZ4,D_PHB,Polymers
BD127,K05973,phaZ5,D_PHA,Polymers
BD127,K05973,phaZ5,D_PHB,Polymers
BD127,K05973,phaZ6,D_PHA,Polymers
BD127,K05973,phaZ6,D_PHB,Polymers
BD127,K05973,phaZ7,D_PHB,Polymers
BD127,K05973,phaZ7,D_PHA,Polymers
BD127,K05973,phaZCac,D_PHA,Polymers
BD127,K05973,phaZCac,D_PHB,Polymers
BD127,K05973,phaZCac,D_PES,Polymers
BD127,K05973,phaZCac,D_PEA,Polymers
BD127,K05973,phaZCac,D_P4HB,Polymers
BD127,K05973,phaZCac,D_P3HP,Polymers
BD127,K05973,phaZd,D_PHB,Polymers
BD127,K05973,phaZd,D_PHA,Polymers
BD127,K05973,phaZd,D_PHBV,Polymers
BD127,K06133,ffp,E_Fengacyn,Biosurfactant
BD127,K06133,sfp,E_Surfactin,Biosurfactant
BD127,K06151,mpdB,B_2-methylpropene_degradation,Alkenes
BD127,K06999,est,D_PU,Polymers
BD127,K06999,est,D_PET,Polymers
BD127,K06999,est,D_PBSA,Polymers
BD127,K06999,est,D_PCL,Polymers
BD127,K06999,est,D_PBAT,Polymers
BD127,K06999,est,D_PLA,Polymers
BD127,K07275,alkL,A_Hydrocarbon_uptake,Alkanes
BD127,K08295,abmG1,C_Anthranilate_degradation,Aromatics
BD127,K08295,abmG2,C_Anthranilate_degradation,Aromatics
BD127,K09181,sdgB,C_Salicylate_degradation,Aromatics
BD127,K10218,proA,C_Protocatechuate_degradation,Aromatics
BD127,K10221,proL,C_Protocatechuate_degradation,Aromatics
BD127,K10804,est,D_PU,Polymers
BD127,K10804,est,D_PET,Polymers
BD127,K10804,est,D_PBSA,Polymers
BD127,K10804,est,D_PCL,Polymers
BD127,K10804,est,D_PBAT,Polymers
BD127,K10804,est,D_PLA,Polymers
BD127,K14578,doxA,C_Naphthalene_degradation,Aromatics
BD127,K14578,doxA,C_Dibenzothiophene_degradation,Aromatics
BD127,K14578,nagAb,C_1-Methylnaphthalene/2-Methylnaphthalene_degradation,Aromatics
BD127,K14748,nagAc,C_1-Methylnaphthalene/2-Methylnaphthalene_degradation,Aromatics
BD127,K14974,nahW,C_Salicylate_degradation,Aromatics
BD127,K16165,hbzF,C_Gentisate_degradation,Aromatics
BD127,K16165,nagK,C_Gentisate_degradation,Aromatics
BD127,K16303,andAd,C_Anthranilate_degradation,Aromatics
BD127,K16303,nagH,C_2-Methylnaphthalene_degradation,Aromatics
BD127,K16303,nagH,C_Salicylate_degradation,Aromatics
BD127,K16303,tphA3I,C_Terephthalate_degradation,Aromatics
BD127,K16319,andAc,C_Anthranilate_degradation,Aromatics
BD127,K16319,nagG,C_Salicylate_degradation,Aromatics
BD127,K16319,tphA2I,C_Terephthalate_degradation,Aromatics
BD127,K18242,nagG,C_Salicylate_degradation,Aromatics
BD127,K16320,andAd,C_Anthranilate_degradation,Aromatics
BD127,K16320,nagH,C_2-Methylnaphthalene_degradation,Aromatics
BD127,K16320,nagH,C_Salicylate_degradation,Aromatics
BD127,K16320,tphA3I,C_Terephthalate_degradation,Aromatics
BD127,K18243,nagH,C_2-Methylnaphthalene_degradation,Aromatics
BD127,K18243,nagH,C_Salicylate_degradation,Aromatics
BD127,K16692,wzc,E_Emulsan,Biosurfactant
BD127,K18248,andAb,C_Anthranilate_degradation,Aromatics
BD129,K00104,pchF,C_Toluene_degradation,Aromatics
BD129,K00128,alkH_ald,A_Auxiliar_alkane_gene,Alkanes
BD129,K00128,mpdC,B_2-methylpropene_degradation,Alkenes
BD129,K00128,dpgC,C_Toluene_degradation,Aromatics
BD129,K00128,mdlD,C_Toluene_degradation,Aromatics
BD129,K00128,pchA,C_Toluene_degradation,Aromatics
BD129,K00128,phdK,C_Phenanthrene_degradation,Aromatics
BD129,K00128,praB,C_Protocatechuate_degradation,Aromatics
BD129,K00128,pegC,D_PEG,Polymers
BD129,K21802,ntnC,C_Toluene_degradation,Aromatics
BD129,K21802,pchA,C_Toluene_degradation,Aromatics
BD129,K21802,xylC,C_Toluene_degradation,Aromatics
BD129,K21802,xylC,C_Dimethylbenzene,Aromatics
BD129,K00219,abmA,C_Anthranilate_degradation,Aromatics
BD129,K00354,abmA,C_Anthranilate_degradation,Aromatics
BD129,K00362,alkT_rubB_rdxR,A_Terminal/biterminal_oxidation,Alkanes
BD129,K00362,andAa,C_Anthranilate_degradation,Aromatics
BD129,K00362,padAd1,C_Phthalate_degradation,Aromatics
BD129,K00363,andAb,C_Anthranilate_degradation,Aromatics
BD129,K00363,bedB,C_Benzene_degradation,Aromatics
BD129,K00363,bphAc,C_Biphenyl_degradation,Aromatics
BD129,K00363,nagAb,C_1-Methylnaphthalene/2-Methylnaphthalene_degradation,Aromatics
BD129,K00363,todB,C_Toluene_degradation,Aromatics
BD129,K00382,xecC,B_Propene_degradation,Alkenes
BD129,K00455,praA,C_Protocatechuate_degradation,Aromatics
BD129,K00481,pobA,C_Toluene_degradation,Aromatics
BD129,K00549,etnE,B_Ethene_and_chloroethene_degradation,Alkenes
BD129,K00549,xecA,B_Propene_degradation,Alkenes
BD129,K00627,bphD,C_Biphenyl_degradation,Aromatics
BD129,K00632,pcaF,C_Catechol_degradation,Aromatics
BD129,K00632,pcaF,C_Protocatechuate_degradation,Aromatics
BD129,K00645,ituD,E_Iturin,Biosurfactant
BD129,K00661,at,E_Sophorolipids,Biosurfactant
BD129,K01046,estA,D_PBAT,Polymers
BD129,K01046,FB4_0780,D_PBAT,Polymers
BD129,K01046,lip,D_PU,Polymers
BD129,K01046,lip,D_PET,Polymers
BD129,K01046,lipA,D_PET,Polymers
BD129,K01046,lipA,D_PCL,Polymers
BD129,K01046,lipA,D_PBSA,Polymers
BD129,K01046,plaA,D_PLA,Polymers
BD129,K01046,plaM4,D_PBS,Polymers
BD129,K01046,plaM4,D_PES,Polymers
BD129,K01046,plaM4,D_PHA,Polymers
BD129,K01046,plaM4,D_PBSA,Polymers
BD129,K01046,plaM4,D_PCL,Polymers
BD129,K01046,plaM4,D_PHB,Polymers
BD129,K01046,plaM4,D_PLA,Polymers
BD129,K01046,plaM5,D_PLA,Polymers
BD129,K01104,wzb,E_Emulsan,Biosurfactant
BD129,K01183,chi25,D_PCL,Polymers
BD129,K01200,pulA,D_PU,Polymers
BD129,K01342,SUBB_LEDLE,D_PLA,Polymers
BD129,K01342,subC,D_PLA,Polymers
BD129,K01342,SUBS_LEDLE,D_PLA,Polymers
BD129,K13277,subC,D_PLA,Polymers
BD129,K01426,NFA_28320,D_Nylon,Polymers
BD129,K01426,nylA,D_Nylon,Polymers
BD129,K01465,benC,C_Benzoate_degradation,Aromatics
BD129,K01617,praD,C_Protocatechuate_degradation,Aromatics
BD129,K01617,xylI,C_Catechol_degradation,Aromatics
BD129,K01617,xylJ,C_Catechol_degradation,Aromatics
BD129,K01649,xylK,C_Catechol_degradation,Aromatics
BD129,K01821,praC,C_Protocatechuate_degradation,Aromatics
BD129,K01821,xylH,C_Catechol_degradation,Aromatics
BD129,K01895,pqsA,C_Anthranilate_degradation,Aromatics
BD129,K02823,prmB,A_Subterminal_oxidation,Alkanes
BD129,K02823,isoF,B_Isoprene_degradation,Alkenes
BD129,K02823,xamoF,B_Propene_degradation,Alkenes
BD129,K02823,antC,C_Anthranilate_degradation,Aromatics
BD129,K02823,benC,C_Benzoate_degradation,Aromatics
BD129,K02823,nagAa,C_1-Methylnaphthalene/2-Methylnaphthalene_degradation,Aromatics
BD129,K02823,tphA1I,C_Terephthalate_degradation,Aromatics
BD129,K02823,xylZ,C_Benzoate_degradation,Aromatics
BD129,K03386,ahpC,A_Finnerty_pathway,Alkanes
BD129,K03387,ahpF,A_Finnerty_pathway,Alkanes
BD129,K03392,praH,C_Protocatechuate_degradation,Aromatics
BD129,K03392,proH,C_Protocatechuate_degradation,Aromatics
BD129,K03406,alkN_mcp,A_Hydrocarbon_uptake,Alkanes
BD129,K03644,lipA,D_PET,Polymers
BD129,K03644,lipA,D_PCL,Polymers
BD129,K03644,lipA,D_PBSA,Polymers
BD129,K03929,CLOSTHATH_07193,D_PBAT,Polymers
BD129,K03929,estC,D_PLA,Polymers
BD129,K03929,estC,D_PBSA,Polymers
BD129,K03929,pnbA,D_PET,Polymers
BD129,K03929,pudA,D_PU,Polymers
BD129,K04091,ssuD,A_Auxiliar_alkane_gene,Alkanes
BD129,K20938,LadA,A_Terminal/biterminal_oxidation,Alkanes
BD129,K20938,ssuD,A_Auxiliar_alkane_gene,Alkanes
BD129,K05337,padAc1,C_Phthalate_degradation,Aromatics
BD129,K15765,isoF,B_Isoprene_degradation,Alkenes
BD129,K15765,xamoF,B_Propene_degradation,Alkenes
BD129,K06133,ffp,E_Fengacyn,Biosurfactant
BD129,K06133,sfp,E_Surfactin,Biosurfactant
BD129,K06999,est,D_PU,Polymers
BD129,K06999,est,D_PET,Polymers
BD129,K06999,est,D_PBSA,Polymers
BD129,K06999,est,D_PCL,Polymers
BD129,K06999,est,D_PBAT,Polymers
BD129,K06999,est,D_PLA,Polymers
BD129,K07071,blc,A_Hydrocarbon_uptake,Alkanes
BD129,K10217,praB,C_Protocatechuate_degradation,Aromatics
BD129,K10217,xylG,C_Catechol_degradation,Aromatics
BD129,K10218,proA,C_Protocatechuate_degradation,Aromatics
BD129,K15654,srfAA,E_Surfactin,Biosurfactant
BD129,K15654,srfAB,E_Surfactin,Biosurfactant
BD129,K15655,srfAA,E_Surfactin,Biosurfactant
BD129,K15655,srfAB,E_Surfactin,Biosurfactant
BD129,K16119,srfAA,E_Surfactin,Biosurfactant
BD129,K16120,srfAB,E_Surfactin,Biosurfactant
BD129,K15656,ppsE,E_Plipastatin,Biosurfactant
BD129,K15668,ppsE,E_Plipastatin,Biosurfactant
BD129,K15664,ppsA,E_Plipastatin,Biosurfactant
BD129,K15664,ppsC,E_Plipastatin,Biosurfactant
BD129,K15664,ppsD,E_Plipastatin,Biosurfactant
BD129,K15666,ppsA,E_Plipastatin,Biosurfactant
BD129,K15666,ppsC,E_Plipastatin,Biosurfactant
BD129,K15666,ppsD,E_Plipastatin,Biosurfactant
BD129,K15667,ppsA,E_Plipastatin,Biosurfactant
BD129,K15667,ppsC,E_Plipastatin,Biosurfactant
BD129,K15667,ppsD,E_Plipastatin,Biosurfactant
BD129,K15665,ppsB,E_Plipastatin,Biosurfactant
BD129,K17763,BAY15_3292,D_PVA,Polymers
BD129,K17828,benC,C_Benzoate_degradation,Aromatics
BD129,K22024,tphB,C_Terephthalate_degradation,Aromatics
BD132,K00104,pchF,C_Toluene_degradation,Aromatics
BD132,K00128,alkH_ald,A_Auxiliar_alkane_gene,Alkanes
BD132,K00128,mpdC,B_2-methylpropene_degradation,Alkenes
BD132,K00128,dpgC,C_Toluene_degradation,Aromatics
BD132,K00128,mdlD,C_Toluene_degradation,Aromatics
BD132,K00128,pchA,C_Toluene_degradation,Aromatics
BD132,K00128,phdK,C_Phenanthrene_degradation,Aromatics
BD132,K00128,praB,C_Protocatechuate_degradation,Aromatics
BD132,K00128,pegC,D_PEG,Polymers
BD132,K00219,abmA,C_Anthranilate_degradation,Aromatics
BD132,K00354,abmA,C_Anthranilate_degradation,Aromatics
BD132,K00382,xecC,B_Propene_degradation,Alkenes
BD132,K00549,etnE,B_Ethene_and_chloroethene_degradation,Alkenes
BD132,K00549,xecA,B_Propene_degradation,Alkenes
BD132,K00627,bphD,C_Biphenyl_degradation,Aromatics
BD132,K00632,pcaF,C_Catechol_degradation,Aromatics
BD132,K00632,pcaF,C_Protocatechuate_degradation,Aromatics
BD132,K00645,ituD,E_Iturin,Biosurfactant
BD132,K00661,at,E_Sophorolipids,Biosurfactant
BD132,K01046,estA,D_PBAT,Polymers
BD132,K01046,FB4_0780,D_PBAT,Polymers
BD132,K01046,lip,D_PU,Polymers
BD132,K01046,lip,D_PET,Polymers
BD132,K01046,lipA,D_PET,Polymers
BD132,K01046,lipA,D_PCL,Polymers
BD132,K01046,lipA,D_PBSA,Polymers
BD132,K01046,plaA,D_PLA,Polymers
BD132,K01046,plaM4,D_PBS,Polymers
BD132,K01046,plaM4,D_PES,Polymers
BD132,K01046,plaM4,D_PHA,Polymers
BD132,K01046,plaM4,D_PBSA,Polymers
BD132,K01046,plaM4,D_PCL,Polymers
BD132,K01046,plaM4,D_PHB,Polymers
BD132,K01046,plaM4,D_PLA,Polymers
BD132,K01046,plaM5,D_PLA,Polymers
BD132,K01104,wzb,E_Emulsan,Biosurfactant
BD132,K01342,SUBB_LEDLE,D_PLA,Polymers
BD132,K01342,subC,D_PLA,Polymers
BD132,K01342,SUBS_LEDLE,D_PLA,Polymers
BD132,K01426,NFA_28320,D_Nylon,Polymers
BD132,K01426,nylA,D_Nylon,Polymers
BD132,K01465,benC,C_Benzoate_degradation,Aromatics
BD132,K01649,xylK,C_Catechol_degradation,Aromatics
BD132,K01821,praC,C_Protocatechuate_degradation,Aromatics
BD132,K01821,xylH,C_Catechol_degradation,Aromatics
BD132,K01895,pqsA,C_Anthranilate_degradation,Aromatics
BD132,K02823,prmB,A_Subterminal_oxidation,Alkanes
BD132,K02823,isoF,B_Isoprene_degradation,Alkenes
BD132,K02823,xamoF,B_Propene_degradation,Alkenes
BD132,K02823,antC,C_Anthranilate_degradation,Aromatics
BD132,K02823,benC,C_Benzoate_degradation,Aromatics
BD132,K02823,nagAa,C_1-Methylnaphthalene/2-Methylnaphthalene_degradation,Aromatics
BD132,K02823,tphA1I,C_Terephthalate_degradation,Aromatics
BD132,K02823,xylZ,C_Benzoate_degradation,Aromatics
BD132,K03406,alkN_mcp,A_Hydrocarbon_uptake,Alkanes
BD132,K03644,lipA,D_PET,Polymers
BD132,K03644,lipA,D_PCL,Polymers
BD132,K03644,lipA,D_PBSA,Polymers
BD132,K04091,ssuD,A_Auxiliar_alkane_gene,Alkanes
BD132,K20938,LadA,A_Terminal/biterminal_oxidation,Alkanes
BD132,K20938,ssuD,A_Auxiliar_alkane_gene,Alkanes
BD132,K05337,padAc1,C_Phthalate_degradation,Aromatics
BD132,K15765,isoF,B_Isoprene_degradation,Alkenes
BD132,K15765,xamoF,B_Propene_degradation,Alkenes
BD132,K06133,ffp,E_Fengacyn,Biosurfactant
BD132,K06133,sfp,E_Surfactin,Biosurfactant
BD132,K06999,est,D_PU,Polymers
BD132,K06999,est,D_PET,Polymers
BD132,K06999,est,D_PBSA,Polymers
BD132,K06999,est,D_PCL,Polymers
BD132,K06999,est,D_PBAT,Polymers
BD132,K06999,est,D_PLA,Polymers
BD132,K07071,blc,A_Hydrocarbon_uptake,Alkanes
BD132,K10218,proA,C_Protocatechuate_degradation,Aromatics
BD132,K13277,subC,D_PLA,Polymers
BD132,K15654,srfAA,E_Surfactin,Biosurfactant
BD132,K15654,srfAB,E_Surfactin,Biosurfactant
BD132,K15655,srfAA,E_Surfactin,Biosurfactant
BD132,K15655,srfAB,E_Surfactin,Biosurfactant
BD132,K16119,srfAA,E_Surfactin,Biosurfactant
BD132,K16120,srfAB,E_Surfactin,Biosurfactant
BD132,K15656,ppsE,E_Plipastatin,Biosurfactant
BD132,K17763,BAY15_3292,D_PVA,Polymers
BD132,K17828,benC,C_Benzoate_degradation,Aromatics
BD132,K22024,tphB,C_Terephthalate_degradation,Aromatics
BD166,K00019,hbd,D_PHBV,Polymers
BD166,K00019,hbd,D_PHA,Polymers
BD166,K00019,hbd,D_P3HV,Polymers
BD166,K00104,pchF,C_Toluene_degradation,Aromatics
BD166,K00128,alkH_ald,A_Auxiliar_alkane_gene,Alkanes
BD166,K00128,mpdC,B_2-methylpropene_degradation,Alkenes
BD166,K00128,dpgC,C_Toluene_degradation,Aromatics
BD166,K00128,mdlD,C_Toluene_degradation,Aromatics
BD166,K00128,pchA,C_Toluene_degradation,Aromatics
BD166,K00128,phdK,C_Phenanthrene_degradation,Aromatics
BD166,K00128,praB,C_Protocatechuate_degradation,Aromatics
BD166,K00128,pegC,D_PEG,Polymers
BD166,K00219,abmA,C_Anthranilate_degradation,Aromatics
BD166,K00354,abmA,C_Anthranilate_degradation,Aromatics
BD166,K00362,alkT_rubB_rdxR,A_Terminal/biterminal_oxidation,Alkanes
BD166,K00362,andAa,C_Anthranilate_degradation,Aromatics
BD166,K00362,padAd1,C_Phthalate_degradation,Aromatics
BD166,K00363,andAb,C_Anthranilate_degradation,Aromatics
BD166,K00363,bedB,C_Benzene_degradation,Aromatics
BD166,K00363,bphAc,C_Biphenyl_degradation,Aromatics
BD166,K00363,nagAb,C_1-Methylnaphthalene/2-Methylnaphthalene_degradation,Aromatics
BD166,K00363,todB,C_Toluene_degradation,Aromatics
BD166,K00382,xecC,B_Propene_degradation,Alkenes
BD166,K00483,hpaB,C_4-Hydroxyphenylacetate_degradation,Aromatics
BD166,K00483,hpaH,C_Anthranilate_degradation,Aromatics
BD166,K00549,etnE,B_Ethene_and_chloroethene_degradation,Alkenes
BD166,K00549,xecA,B_Propene_degradation,Alkenes
BD166,K00627,bphD,C_Biphenyl_degradation,Aromatics
BD166,K00632,pcaF,C_Catechol_degradation,Aromatics
BD166,K00632,pcaF,C_Protocatechuate_degradation,Aromatics
BD166,K00645,ituD,E_Iturin,Biosurfactant
BD166,K00661,at,E_Sophorolipids,Biosurfactant
BD166,K01027,pcaI,C_Protocatechuate_degradation,Aromatics
BD166,K01028,pcaI,C_Protocatechuate_degradation,Aromatics
BD166,K01046,estA,D_PBAT,Polymers
BD166,K01046,FB4_0780,D_PBAT,Polymers
BD166,K01046,lip,D_PU,Polymers
BD166,K01046,lip,D_PET,Polymers
BD166,K01046,lipA,D_PET,Polymers
BD166,K01046,lipA,D_PCL,Polymers
BD166,K01046,lipA,D_PBSA,Polymers
BD166,K01046,plaA,D_PLA,Polymers
BD166,K01046,plaM4,D_PBS,Polymers
BD166,K01046,plaM4,D_PES,Polymers
BD166,K01046,plaM4,D_PHA,Polymers
BD166,K01046,plaM4,D_PBSA,Polymers
BD166,K01046,plaM4,D_PCL,Polymers
BD166,K01046,plaM4,D_PHB,Polymers
BD166,K01046,plaM4,D_PLA,Polymers
BD166,K01046,plaM5,D_PLA,Polymers
BD166,K01104,wzb,E_Emulsan,Biosurfactant
BD166,K01200,pulA,D_PU,Polymers
BD166,K01426,NFA_28320,D_Nylon,Polymers
BD166,K01426,nylA,D_Nylon,Polymers
BD166,K01465,benC,C_Benzoate_degradation,Aromatics
BD166,K01649,xylK,C_Catechol_degradation,Aromatics
BD166,K01666,xylK,C_Catechol_degradation,Aromatics
BD166,K01821,praC,C_Protocatechuate_degradation,Aromatics
BD166,K01821,xylH,C_Catechol_degradation,Aromatics
BD166,K01895,pqsA,C_Anthranilate_degradation,Aromatics
BD166,K02823,prmB,A_Subterminal_oxidation,Alkanes
BD166,K02823,isoF,B_Isoprene_degradation,Alkenes
BD166,K02823,xamoF,B_Propene_degradation,Alkenes
BD166,K02823,antC,C_Anthranilate_degradation,Aromatics
BD166,K02823,benC,C_Benzoate_degradation,Aromatics
BD166,K02823,nagAa,C_1-Methylnaphthalene/2-Methylnaphthalene_degradation,Aromatics
BD166,K02823,tphA1I,C_Terephthalate_degradation,Aromatics
BD166,K02823,xylZ,C_Benzoate_degradation,Aromatics
BD166,K03406,alkN_mcp,A_Hydrocarbon_uptake,Alkanes
BD166,K03644,lipA,D_PET,Polymers
BD166,K03644,lipA,D_PCL,Polymers
BD166,K03644,lipA,D_PBSA,Polymers
BD166,K04091,ssuD,A_Auxiliar_alkane_gene,Alkanes
BD166,K20938,LadA,A_Terminal/biterminal_oxidation,Alkanes
BD166,K20938,ssuD,A_Auxiliar_alkane_gene,Alkanes
BD166,K05337,padAc1,C_Phthalate_degradation,Aromatics
BD166,K05841,emt1,E_Mannosylerythritol_lipids_MEL,Biosurfactant
BD166,K15765,isoF,B_Isoprene_degradation,Alkenes
BD166,K15765,xamoF,B_Propene_degradation,Alkenes
BD166,K06999,est,D_PU,Polymers
BD166,K06999,est,D_PET,Polymers
BD166,K06999,est,D_PBSA,Polymers
BD166,K06999,est,D_PCL,Polymers
BD166,K06999,est,D_PBAT,Polymers
BD166,K06999,est,D_PLA,Polymers
BD166,K07071,blc,A_Hydrocarbon_uptake,Alkanes
BD166,K10218,proA,C_Protocatechuate_degradation,Aromatics
BD166,K17763,BAY15_3292,D_PVA,Polymers
BD166,K17828,benC,C_Benzoate_degradation,Aromatics
BD48,K00019,hbd,D_PHBV,Polymers
BD48,K00019,hbd,D_PHA,Polymers
BD48,K00019,hbd,D_P3HV,Polymers
BD48,K00097,tphB,C_Terephthalate_degradation,Aromatics
BD48,K00104,pchF,C_Toluene_degradation,Aromatics
BD48,K00108,alkJ_adh,A_Auxiliar_alkane_gene,Alkanes
BD48,K00108,pegA,D_PEG,Polymers
BD48,K00128,alkH_ald,A_Auxiliar_alkane_gene,Alkanes
BD48,K00128,mpdC,B_2-methylpropene_degradation,Alkenes
BD48,K00128,dpgC,C_Toluene_degradation,Aromatics
BD48,K00128,mdlD,C_Toluene_degradation,Aromatics
BD48,K00128,pchA,C_Toluene_degradation,Aromatics
BD48,K00128,phdK,C_Phenanthrene_degradation,Aromatics
BD48,K00128,praB,C_Protocatechuate_degradation,Aromatics
BD48,K00128,pegC,D_PEG,Polymers
BD48,K00154,alkH_ald,A_Auxiliar_alkane_gene,Alkanes
BD48,K00154,dpgC,C_Toluene_degradation,Aromatics
BD48,K00154,mdlD,C_Toluene_degradation,Aromatics
BD48,K00219,abmA,C_Anthranilate_degradation,Aromatics
BD48,K00351,dmpP,C_Phenol_degradation,Aromatics
BD48,K00351,tmoF,C_Toluene_degradation,Aromatics
BD48,K00351,tomA5,C_Toluene_degradation,Aromatics
BD48,K16246,dmpP,C_Phenol_degradation,Aromatics
BD48,K16246,tomA5,C_Toluene_degradation,Aromatics
BD48,K00362,alkT_rubB_rdxR,A_Terminal/biterminal_oxidation,Alkanes
BD48,K00362,andAa,C_Anthranilate_degradation,Aromatics
BD48,K00362,padAd1,C_Phthalate_degradation,Aromatics
BD48,K00529,alkT_rubB_rdxR,A_Terminal/biterminal_oxidation,Alkanes
BD48,K00529,prmB,A_Subterminal_oxidation,Alkanes
BD48,K00529,bedA,C_Benzene_degradation,Aromatics
BD48,K00529,bphAd,C_Biphenyl_degradation,Aromatics
BD48,K00529,todA,C_Toluene_degradation,Aromatics
BD48,K05297,alkG_rubA_rdx,A_Terminal/biterminal_oxidation,Alkanes
BD48,K05297,alkG_rubA1_rdx,A_Terminal/biterminal_oxidation,Alkanes
BD48,K05297,alkG_rubA2_rdx,A_Terminal/biterminal_oxidation,Alkanes
BD48,K05297,alkT_rubB_rdxR,A_Terminal/biterminal_oxidation,Alkanes
BD48,K00382,xecC,B_Propene_degradation,Alkenes
BD48,K00448,pcaG,C_Protocatechuate_degradation,Aromatics
BD48,K00449,pcaH,C_Protocatechuate_degradation,Aromatics
BD48,K00481,pobA,C_Toluene_degradation,Aromatics
BD48,K05712,pobA,C_Toluene_degradation,Aromatics
BD48,K00496,alkB,A_Terminal/biterminal_oxidation,Alkanes
BD48,K00496,alkF_rubA_rdx,A_Terminal/biterminal_oxidation,Alkanes
BD48,K00496,alkG_rubA3_rdx,A_Terminal/biterminal_oxidation,Alkanes
BD48,K00496,alkMa,A_Finnerty_pathway,Alkanes
BD48,K00496,alkMb,A_Finnerty_pathway,Alkanes
BD48,K00496,xylM,C_Toluene_degradation,Aromatics
BD48,K00496,xylM,C_Dimethylbenzene,Aromatics
BD48,K22443,antA,C_Anthranilate_degradation,Aromatics
BD48,K00528,xamoF,B_Propene_degradation,Alkenes
BD48,K00528,nagAa,C_1-Methylnaphthalene/2-Methylnaphthalene_degradation,Aromatics
BD48,K00528,tphA1I,C_Terephthalate_degradation,Aromatics
BD48,K00549,etnE,B_Ethene_and_chloroethene_degradation,Alkenes
BD48,K00549,xecA,B_Propene_degradation,Alkenes
BD48,K00632,pcaF,C_Catechol_degradation,Aromatics
BD48,K00632,pcaF,C_Protocatechuate_degradation,Aromatics
BD48,K02615,pcaF,C_Catechol_degradation,Aromatics
BD48,K02615,pcaF,C_Protocatechuate_degradation,Aromatics
BD48,K07823,pcaF,C_Catechol_degradation,Aromatics
BD48,K07823,pcaF,C_Protocatechuate_degradation,Aromatics
BD48,K00627,bphD,C_Biphenyl_degradation,Aromatics
BD48,K00645,ituD,E_Iturin,Biosurfactant
BD48,K00799,isoI,B_Isoprene_degradation,Alkenes
BD48,K01027,pcaI,C_Protocatechuate_degradation,Aromatics
BD48,K01028,pcaI,C_Protocatechuate_degradation,Aromatics
BD48,K01031,pcaI,C_Protocatechuate_degradation,Aromatics
BD48,K01032,pcaJ,C_Protocatechuate_degradation,Aromatics
BD48,K01032,pcaJ,C_Catechol_degradation,Aromatics
BD48,K01046,estA,D_PBAT,Polymers
BD48,K01046,FB4_0780,D_PBAT,Polymers
BD48,K01046,lip,D_PU,Polymers
BD48,K01046,lip,D_PET,Polymers
BD48,K01046,lipA,D_PET,Polymers
BD48,K01046,lipA,D_PCL,Polymers
BD48,K01046,lipA,D_PBSA,Polymers
BD48,K01046,plaA,D_PLA,Polymers
BD48,K01046,plaM4,D_PBS,Polymers
BD48,K01046,plaM4,D_PES,Polymers
BD48,K01046,plaM4,D_PHA,Polymers
BD48,K01046,plaM4,D_PBSA,Polymers
BD48,K01046,plaM4,D_PCL,Polymers
BD48,K01046,plaM4,D_PHB,Polymers
BD48,K01046,plaM4,D_PLA,Polymers
BD48,K01046,plaM5,D_PLA,Polymers
BD48,K01055,pcaD,C_Catechol_degradation,Aromatics
BD48,K01055,pcaD,C_Protocatechuate_degradation,Aromatics
BD48,K01061,phaZ,D_P4HB,Polymers
BD48,K01061,phaZ,D_PEA,Polymers
BD48,K01061,phaZ,D_P3HP,Polymers
BD48,K01061,phaZ,D_PHBV,Polymers
BD48,K01061,phaZ,D_PHO,Polymers
BD48,K01061,phaZ,D_PPL,Polymers
BD48,K01061,phaZ,D_PHB,Polymers
BD48,K01061,phaZ,D_PHA,Polymers
BD48,K01061,phaZ,D_PHPV,Polymers
BD48,K01061,phaZ,D_PCL,Polymers
BD48,K01061,phaZ,D_PES,Polymers
BD48,K01104,wzb,E_Emulsan,Biosurfactant
BD48,K20945,wzb,E_Emulsan,Biosurfactant
BD48,K01426,NFA_28320,D_Nylon,Polymers
BD48,K01426,nylA,D_Nylon,Polymers
BD48,K01465,benC,C_Benzoate_degradation,Aromatics
BD48,K01628,padC2,C_Phthalate_degradation,Aromatics
BD48,K01649,xylK,C_Catechol_degradation,Aromatics
BD48,K01800,nagL,C_Gentisate_degradation,Aromatics
BD48,K01801,nagL,C_Gentisate_degradation,Aromatics
BD48,K01856,catB,C_Catechol_degradation,Aromatics
BD48,K01857,pcaB,C_Protocatechuate_degradation,Aromatics
BD48,K01895,pqsA,C_Anthranilate_degradation,Aromatics
BD48,K01912,paaK,C_Phenylacetate_degradation,Aromatics
BD48,K02609,paaA,C_Phenylacetate_degradation,Aromatics
BD48,K02610,paaB,C_Phenylacetate_degradation,Aromatics
BD48,K02611,paaC,C_Phenylacetate_degradation,Aromatics
BD48,K02612,paaD,C_Phenylacetate_degradation,Aromatics
BD48,K02613,paaE,C_Phenylacetate_degradation,Aromatics
BD48,K02660,alkN_mcp,A_Hydrocarbon_uptake,Alkanes
BD48,K03098,blc,A_Hydrocarbon_uptake,Alkanes
BD48,K03379,almA,A_Terminal/biterminal_oxidation,Alkanes
BD48,K03379,BVMO,A_Subterminal_oxidation,Alkanes
BD48,K03379,CHMO,A_Terminal/biterminal_oxidation,Alkanes
BD48,K03381,catA,C_Catechol_degradation,Aromatics
BD48,K03386,ahpC,A_Finnerty_pathway,Alkanes
BD48,K03387,ahpF,A_Finnerty_pathway,Alkanes
BD48,K03464,catC,C_Catechol_degradation,Aromatics
BD48,K03599,nagL,C_Gentisate_degradation,Aromatics
BD48,K03644,lipA,D_PET,Polymers
BD48,K03644,lipA,D_PCL,Polymers
BD48,K03644,lipA,D_PBSA,Polymers
BD48,K03801,lipB,D_PET,Polymers
BD48,K04091,ssuD,A_Auxiliar_alkane_gene,Alkanes
BD48,K04755,benC,C_Benzoate_degradation,Aromatics
BD48,K04755,nagAa,C_1-Methylnaphthalene/2-Methylnaphthalene_degradation,Aromatics
BD48,K04755,xylZ,C_Benzoate_degradation,Aromatics
BD48,K12265,alkT_rubB_rdxR,A_Terminal/biterminal_oxidation,Alkanes
BD48,K05549,antA,C_Anthranilate_degradation,Aromatics
BD48,K05549,benA,C_Benzoate_degradation,Aromatics
BD48,K05549,xylX,C_Benzoate_degradation,Aromatics
BD48,K05550,antB,C_Anthranilate_degradation,Aromatics
BD48,K05550,benB,C_Benzoate_degradation,Aromatics
BD48,K05550,xylY,C_Benzoate_degradation,Aromatics
BD48,K05599,antA,C_Anthranilate_degradation,Aromatics
BD48,K05599,benA,C_Benzoate_degradation,Aromatics
BD48,K05600,antB,C_Anthranilate_degradation,Aromatics
BD48,K05600,benB,C_Benzoate_degradation,Aromatics
BD48,K05710,isoC,B_Isoprene_degradation,Alkenes
BD48,K05710,xamoC,B_Propene_degradation,Alkenes
BD48,K05710,andAb,C_Anthranilate_degradation,Aromatics
BD48,K05710,bedB,C_Benzene_degradation,Aromatics
BD48,K05710,bphAc,C_Biphenyl_degradation,Aromatics
BD48,K05710,doxA,C_Naphthalene_degradation,Aromatics
BD48,K05710,doxA,C_Dibenzothiophene_degradation,Aromatics
BD48,K05710,nagAb,C_1-Methylnaphthalene/2-Methylnaphthalene_degradation,Aromatics
BD48,K05710,tmoC,C_Toluene_degradation,Aromatics
BD48,K05710,todB,C_Toluene_degradation,Aromatics
BD48,K18248,andAb,C_Anthranilate_degradation,Aromatics
BD48,K05783,xylL,C_Benzoate_degradation,Aromatics
BD48,K05784,prmB,A_Subterminal_oxidation,Alkanes
BD48,K05784,isoF,B_Isoprene_degradation,Alkenes
BD48,K05784,xamoF,B_Propene_degradation,Alkenes
BD48,K05784,antC,C_Anthranilate_degradation,Aromatics
BD48,K05784,benC,C_Benzoate_degradation,Aromatics
BD48,K05784,xylZ,C_Benzoate_degradation,Aromatics
BD48,K14581,benC,C_Benzoate_degradation,Aromatics
BD48,K14581,nagAa,C_1-Methylnaphthalene/2-Methylnaphthalene_degradation,Aromatics
BD48,K14581,xylZ,C_Benzoate_degradation,Aromatics
BD48,K16161,benC,C_Benzoate_degradation,Aromatics
BD48,K16161,xylZ,C_Benzoate_degradation,Aromatics
BD48,K06133,ffp,E_Fengacyn,Biosurfactant
BD48,K06133,sfp,E_Surfactin,Biosurfactant
BD48,K07071,blc,A_Hydrocarbon_uptake,Alkanes
BD48,K07275,alkL,A_Hydrocarbon_uptake,Alkanes
BD48,K07782,rhlR,E_Rhamnolipids,Biosurfactant
BD48,K15852,rhlR,E_Rhamnolipids,Biosurfactant
BD48,K19734,rhlR,E_Rhamnolipids,Biosurfactant
BD48,K09024,hpaC,C_4-Hydroxyphenylacetate_degradation,Aromatics
BD48,K09024,styB,C_Styrene_degradation,Aromatics
BD48,K10804,est,D_PU,Polymers
BD48,K10804,est,D_PET,Polymers
BD48,K10804,est,D_PBSA,Polymers
BD48,K10804,est,D_PCL,Polymers
BD48,K10804,est,D_PBAT,Polymers
BD48,K10804,est,D_PLA,Polymers
BD48,K11311,antC,C_Anthranilate_degradation,Aromatics
BD48,K11311,benC,C_Benzoate_degradation,Aromatics
BD48,K14731,est,D_PU,Polymers
BD48,K14731,est,D_PET,Polymers
BD48,K14731,est,D_PBSA,Polymers
BD48,K14731,est,D_PCL,Polymers
BD48,K14731,est,D_PBAT,Polymers
BD48,K14731,est,D_PLA,Polymers
BD48,K14731,GEN0105,D_PCL,Polymers
BD48,K14731,GEN0105,D_3PET,Polymers
BD48,K14731,GEN0105,D_PLA,Polymers
BD48,K16242,isoA,B_Isoprene_degradation,Alkenes
BD48,K16242,dmpN,C_Phenol_degradation,Aromatics
BD48,K16242,tomA3,C_Toluene_degradation,Aromatics
BD48,K16243,dmpL,C_Phenol_degradation,Aromatics
BD48,K16243,tomA1,C_Toluene_degradation,Aromatics
BD48,K16244,dmpM,C_Phenol_degradation,Aromatics
BD48,K16244,tomA2,C_Toluene_degradation,Aromatics
BD48,K16245,dmpO,C_Phenol_degradation,Aromatics
BD48,K16245,tomA4,C_Toluene_degradation,Aromatics
BD48,K16249,dmpK,C_Phenol_degradation,Aromatics
BD48,K16692,wzc,E_Emulsan,Biosurfactant
BD48,K18242,nagG,C_Salicylate_degradation,Aromatics
BD48,K19707,pcaD,C_Catechol_degradation,Aromatics
BD48,K19707,pcaD,C_Protocatechuate_degradation,Aromatics
BD48,K20938,LadA,A_Terminal/biterminal_oxidation,Alkanes
BD48,K20938,ssuD,A_Auxiliar_alkane_gene,Alkanes
BD48,K21105,ISF6_0224,D_PET,Polymers
BD48,K21802,ntnC,C_Toluene_degradation,Aromatics
BD48,K21802,pchA,C_Toluene_degradation,Aromatics
BD48,K21802,xylC,C_Toluene_degradation,Aromatics
BD48,K21802,xylC,C_Dimethylbenzene,Aromatics
BD50,K00104,pchF,C_Toluene_degradation,Aromatics
BD50,K00128,alkH_ald,A_Auxiliar_alkane_gene,Alkanes
BD50,K00128,mpdC,B_2-methylpropene_degradation,Alkenes
BD50,K00128,dpgC,C_Toluene_degradation,Aromatics
BD50,K00128,mdlD,C_Toluene_degradation,Aromatics
BD50,K00128,pchA,C_Toluene_degradation,Aromatics
BD50,K00128,phdK,C_Phenanthrene_degradation,Aromatics
BD50,K00128,praB,C_Protocatechuate_degradation,Aromatics
BD50,K00128,pegC,D_PEG,Polymers
BD50,K00219,abmA,C_Anthranilate_degradation,Aromatics
BD50,K00354,abmA,C_Anthranilate_degradation,Aromatics
BD50,K00382,xecC,B_Propene_degradation,Alkenes
BD50,K00549,etnE,B_Ethene_and_chloroethene_degradation,Alkenes
BD50,K00549,xecA,B_Propene_degradation,Alkenes
BD50,K00627,bphD,C_Biphenyl_degradation,Aromatics
BD50,K00632,pcaF,C_Catechol_degradation,Aromatics
BD50,K00632,pcaF,C_Protocatechuate_degradation,Aromatics
BD50,K00645,ituD,E_Iturin,Biosurfactant
BD50,K00661,at,E_Sophorolipids,Biosurfactant
BD50,K01046,estA,D_PBAT,Polymers
BD50,K01046,FB4_0780,D_PBAT,Polymers
BD50,K01046,lip,D_PU,Polymers
BD50,K01046,lip,D_PET,Polymers
BD50,K01046,lipA,D_PET,Polymers
BD50,K01046,lipA,D_PCL,Polymers
BD50,K01046,lipA,D_PBSA,Polymers
BD50,K01046,plaA,D_PLA,Polymers
BD50,K01046,plaM4,D_PBS,Polymers
BD50,K01046,plaM4,D_PES,Polymers
BD50,K01046,plaM4,D_PHA,Polymers
BD50,K01046,plaM4,D_PBSA,Polymers
BD50,K01046,plaM4,D_PCL,Polymers
BD50,K01046,plaM4,D_PHB,Polymers
BD50,K01046,plaM4,D_PLA,Polymers
BD50,K01046,plaM5,D_PLA,Polymers
BD50,K01104,wzb,E_Emulsan,Biosurfactant
BD50,K01342,SUBB_LEDLE,D_PLA,Polymers
BD50,K01342,subC,D_PLA,Polymers
BD50,K01342,SUBS_LEDLE,D_PLA,Polymers
BD50,K01426,NFA_28320,D_Nylon,Polymers
BD50,K01426,nylA,D_Nylon,Polymers
BD50,K01465,benC,C_Benzoate_degradation,Aromatics
BD50,K01649,xylK,C_Catechol_degradation,Aromatics
BD50,K01821,praC,C_Protocatechuate_degradation,Aromatics
BD50,K01821,xylH,C_Catechol_degradation,Aromatics
BD50,K01895,pqsA,C_Anthranilate_degradation,Aromatics
BD50,K02823,prmB,A_Subterminal_oxidation,Alkanes
BD50,K02823,isoF,B_Isoprene_degradation,Alkenes
BD50,K02823,xamoF,B_Propene_degradation,Alkenes
BD50,K02823,antC,C_Anthranilate_degradation,Aromatics
BD50,K02823,benC,C_Benzoate_degradation,Aromatics
BD50,K02823,nagAa,C_1-Methylnaphthalene/2-Methylnaphthalene_degradation,Aromatics
BD50,K02823,tphA1I,C_Terephthalate_degradation,Aromatics
BD50,K02823,xylZ,C_Benzoate_degradation,Aromatics
BD50,K03406,alkN_mcp,A_Hydrocarbon_uptake,Alkanes
BD50,K03644,lipA,D_PET,Polymers
BD50,K03644,lipA,D_PCL,Polymers
BD50,K03644,lipA,D_PBSA,Polymers
BD50,K04091,ssuD,A_Auxiliar_alkane_gene,Alkanes
BD50,K20938,LadA,A_Terminal/biterminal_oxidation,Alkanes
BD50,K20938,ssuD,A_Auxiliar_alkane_gene,Alkanes
BD50,K05337,padAc1,C_Phthalate_degradation,Aromatics
BD50,K15765,isoF,B_Isoprene_degradation,Alkenes
BD50,K15765,xamoF,B_Propene_degradation,Alkenes
BD50,K06133,ffp,E_Fengacyn,Biosurfactant
BD50,K06133,sfp,E_Surfactin,Biosurfactant
BD50,K06999,est,D_PU,Polymers
BD50,K06999,est,D_PET,Polymers
BD50,K06999,est,D_PBSA,Polymers
BD50,K06999,est,D_PCL,Polymers
BD50,K06999,est,D_PBAT,Polymers
BD50,K06999,est,D_PLA,Polymers
BD50,K07071,blc,A_Hydrocarbon_uptake,Alkanes
BD50,K10218,proA,C_Protocatechuate_degradation,Aromatics
BD50,K13277,subC,D_PLA,Polymers
BD50,K15654,srfAA,E_Surfactin,Biosurfactant
BD50,K15654,srfAB,E_Surfactin,Biosurfactant
BD50,K15655,srfAA,E_Surfactin,Biosurfactant
BD50,K15655,srfAB,E_Surfactin,Biosurfactant
BD50,K16119,srfAA,E_Surfactin,Biosurfactant
BD50,K16120,srfAB,E_Surfactin,Biosurfactant
BD50,K15656,ppsE,E_Plipastatin,Biosurfactant
BD50,K15667,ppsA,E_Plipastatin,Biosurfactant
BD50,K15667,ppsC,E_Plipastatin,Biosurfactant
BD50,K15667,ppsD,E_Plipastatin,Biosurfactant
BD50,K17763,BAY15_3292,D_PVA,Polymers
BD50,K17828,benC,C_Benzoate_degradation,Aromatics
BD50,K22024,tphB,C_Terephthalate_degradation,Aromatics
BD54,K00019,hbd,D_PHBV,Polymers
BD54,K00019,hbd,D_PHA,Polymers
BD54,K00019,hbd,D_P3HV,Polymers
BD54,K00097,tphB,C_Terephthalate_degradation,Aromatics
BD54,K00104,pchF,C_Toluene_degradation,Aromatics
BD54,K00108,alkJ_adh,A_Auxiliar_alkane_gene,Alkanes
BD54,K00108,pegA,D_PEG,Polymers
BD54,K00128,alkH_ald,A_Auxiliar_alkane_gene,Alkanes
BD54,K00128,mpdC,B_2-methylpropene_degradation,Alkenes
BD54,K00128,dpgC,C_Toluene_degradation,Aromatics
BD54,K00128,mdlD,C_Toluene_degradation,Aromatics
BD54,K00128,pchA,C_Toluene_degradation,Aromatics
BD54,K00128,phdK,C_Phenanthrene_degradation,Aromatics
BD54,K00128,praB,C_Protocatechuate_degradation,Aromatics
BD54,K00128,pegC,D_PEG,Polymers
BD54,K00154,alkH_ald,A_Auxiliar_alkane_gene,Alkanes
BD54,K00154,dpgC,C_Toluene_degradation,Aromatics
BD54,K00154,mdlD,C_Toluene_degradation,Aromatics
BD54,K00219,abmA,C_Anthranilate_degradation,Aromatics
BD54,K00351,dmpP,C_Phenol_degradation,Aromatics
BD54,K00351,tmoF,C_Toluene_degradation,Aromatics
BD54,K00351,tomA5,C_Toluene_degradation,Aromatics
BD54,K16246,dmpP,C_Phenol_degradation,Aromatics
BD54,K16246,tomA5,C_Toluene_degradation,Aromatics
BD54,K00362,alkT_rubB_rdxR,A_Terminal/biterminal_oxidation,Alkanes
BD54,K00362,andAa,C_Anthranilate_degradation,Aromatics
BD54,K00362,padAd1,C_Phthalate_degradation,Aromatics
BD54,K00529,alkT_rubB_rdxR,A_Terminal/biterminal_oxidation,Alkanes
BD54,K00529,prmB,A_Subterminal_oxidation,Alkanes
BD54,K00529,bedA,C_Benzene_degradation,Aromatics
BD54,K00529,bphAd,C_Biphenyl_degradation,Aromatics
BD54,K00529,todA,C_Toluene_degradation,Aromatics
BD54,K05297,alkG_rubA_rdx,A_Terminal/biterminal_oxidation,Alkanes
BD54,K05297,alkG_rubA1_rdx,A_Terminal/biterminal_oxidation,Alkanes
BD54,K05297,alkG_rubA2_rdx,A_Terminal/biterminal_oxidation,Alkanes
BD54,K05297,alkT_rubB_rdxR,A_Terminal/biterminal_oxidation,Alkanes
BD54,K00382,xecC,B_Propene_degradation,Alkenes
BD54,K00448,pcaG,C_Protocatechuate_degradation,Aromatics
BD54,K00449,pcaH,C_Protocatechuate_degradation,Aromatics
BD54,K00481,pobA,C_Toluene_degradation,Aromatics
BD54,K05712,pobA,C_Toluene_degradation,Aromatics
BD54,K00496,alkB,A_Terminal/biterminal_oxidation,Alkanes
BD54,K00496,alkF_rubA_rdx,A_Terminal/biterminal_oxidation,Alkanes
BD54,K00496,alkG_rubA3_rdx,A_Terminal/biterminal_oxidation,Alkanes
BD54,K00496,alkMa,A_Finnerty_pathway,Alkanes
BD54,K00496,alkMb,A_Finnerty_pathway,Alkanes
BD54,K00496,xylM,C_Toluene_degradation,Aromatics
BD54,K00496,xylM,C_Dimethylbenzene,Aromatics
BD54,K22443,antA,C_Anthranilate_degradation,Aromatics
BD54,K00528,xamoF,B_Propene_degradation,Alkenes
BD54,K00528,nagAa,C_1-Methylnaphthalene/2-Methylnaphthalene_degradation,Aromatics
BD54,K00528,tphA1I,C_Terephthalate_degradation,Aromatics
BD54,K00549,etnE,B_Ethene_and_chloroethene_degradation,Alkenes
BD54,K00549,xecA,B_Propene_degradation,Alkenes
BD54,K00632,pcaF,C_Catechol_degradation,Aromatics
BD54,K00632,pcaF,C_Protocatechuate_degradation,Aromatics
BD54,K02615,pcaF,C_Catechol_degradation,Aromatics
BD54,K02615,pcaF,C_Protocatechuate_degradation,Aromatics
BD54,K07823,pcaF,C_Catechol_degradation,Aromatics
BD54,K07823,pcaF,C_Protocatechuate_degradation,Aromatics
BD54,K00627,bphD,C_Biphenyl_degradation,Aromatics
BD54,K00645,ituD,E_Iturin,Biosurfactant
BD54,K00799,isoI,B_Isoprene_degradation,Alkenes
BD54,K01027,pcaI,C_Protocatechuate_degradation,Aromatics
BD54,K01028,pcaI,C_Protocatechuate_degradation,Aromatics
BD54,K01031,pcaI,C_Protocatechuate_degradation,Aromatics
BD54,K01032,pcaJ,C_Protocatechuate_degradation,Aromatics
BD54,K01032,pcaJ,C_Catechol_degradation,Aromatics
BD54,K01046,estA,D_PBAT,Polymers
BD54,K01046,FB4_0780,D_PBAT,Polymers
BD54,K01046,lip,D_PU,Polymers
BD54,K01046,lip,D_PET,Polymers
BD54,K01046,lipA,D_PET,Polymers
BD54,K01046,lipA,D_PCL,Polymers
BD54,K01046,lipA,D_PBSA,Polymers
BD54,K01046,plaA,D_PLA,Polymers
BD54,K01046,plaM4,D_PBS,Polymers
BD54,K01046,plaM4,D_PES,Polymers
BD54,K01046,plaM4,D_PHA,Polymers
BD54,K01046,plaM4,D_PBSA,Polymers
BD54,K01046,plaM4,D_PCL,Polymers
BD54,K01046,plaM4,D_PHB,Polymers
BD54,K01046,plaM4,D_PLA,Polymers
BD54,K01046,plaM5,D_PLA,Polymers
BD54,K01055,pcaD,C_Catechol_degradation,Aromatics
BD54,K01055,pcaD,C_Protocatechuate_degradation,Aromatics
BD54,K01061,phaZ,D_P4HB,Polymers
BD54,K01061,phaZ,D_PEA,Polymers
BD54,K01061,phaZ,D_P3HP,Polymers
BD54,K01061,phaZ,D_PHBV,Polymers
BD54,K01061,phaZ,D_PHO,Polymers
BD54,K01061,phaZ,D_PPL,Polymers
BD54,K01061,phaZ,D_PHB,Polymers
BD54,K01061,phaZ,D_PHA,Polymers
BD54,K01061,phaZ,D_PHPV,Polymers
BD54,K01061,phaZ,D_PCL,Polymers
BD54,K01061,phaZ,D_PES,Polymers
BD54,K01104,wzb,E_Emulsan,Biosurfactant
BD54,K20945,wzb,E_Emulsan,Biosurfactant
BD54,K01426,NFA_28320,D_Nylon,Polymers
BD54,K01426,nylA,D_Nylon,Polymers
BD54,K01465,benC,C_Benzoate_degradation,Aromatics
BD54,K01628,padC2,C_Phthalate_degradation,Aromatics
BD54,K01649,xylK,C_Catechol_degradation,Aromatics
BD54,K01800,nagL,C_Gentisate_degradation,Aromatics
BD54,K01801,nagL,C_Gentisate_degradation,Aromatics
BD54,K01856,catB,C_Catechol_degradation,Aromatics
BD54,K01857,pcaB,C_Protocatechuate_degradation,Aromatics
BD54,K01895,pqsA,C_Anthranilate_degradation,Aromatics
BD54,K01912,paaK,C_Phenylacetate_degradation,Aromatics
BD54,K02609,paaA,C_Phenylacetate_degradation,Aromatics
BD54,K02610,paaB,C_Phenylacetate_degradation,Aromatics
BD54,K02611,paaC,C_Phenylacetate_degradation,Aromatics
BD54,K02612,paaD,C_Phenylacetate_degradation,Aromatics
BD54,K02613,paaE,C_Phenylacetate_degradation,Aromatics
BD54,K02660,alkN_mcp,A_Hydrocarbon_uptake,Alkanes
BD54,K03098,blc,A_Hydrocarbon_uptake,Alkanes
BD54,K03379,almA,A_Terminal/biterminal_oxidation,Alkanes
BD54,K03379,BVMO,A_Subterminal_oxidation,Alkanes
BD54,K03379,CHMO,A_Terminal/biterminal_oxidation,Alkanes
BD54,K03381,catA,C_Catechol_degradation,Aromatics
BD54,K03386,ahpC,A_Finnerty_pathway,Alkanes
BD54,K03387,ahpF,A_Finnerty_pathway,Alkanes
BD54,K03464,catC,C_Catechol_degradation,Aromatics
BD54,K03599,nagL,C_Gentisate_degradation,Aromatics
BD54,K03644,lipA,D_PET,Polymers
BD54,K03644,lipA,D_PCL,Polymers
BD54,K03644,lipA,D_PBSA,Polymers
BD54,K03801,lipB,D_PET,Polymers
BD54,K04091,ssuD,A_Auxiliar_alkane_gene,Alkanes
BD54,K04755,benC,C_Benzoate_degradation,Aromatics
BD54,K04755,nagAa,C_1-Methylnaphthalene/2-Methylnaphthalene_degradation,Aromatics
BD54,K04755,xylZ,C_Benzoate_degradation,Aromatics
BD54,K12265,alkT_rubB_rdxR,A_Terminal/biterminal_oxidation,Alkanes
BD54,K05549,antA,C_Anthranilate_degradation,Aromatics
BD54,K05549,benA,C_Benzoate_degradation,Aromatics
BD54,K05549,xylX,C_Benzoate_degradation,Aromatics
BD54,K05550,antB,C_Anthranilate_degradation,Aromatics
BD54,K05550,benB,C_Benzoate_degradation,Aromatics
BD54,K05550,xylY,C_Benzoate_degradation,Aromatics
BD54,K05599,antA,C_Anthranilate_degradation,Aromatics
BD54,K05599,benA,C_Benzoate_degradation,Aromatics
BD54,K05600,antB,C_Anthranilate_degradation,Aromatics
BD54,K05600,benB,C_Benzoate_degradation,Aromatics
BD54,K05710,isoC,B_Isoprene_degradation,Alkenes
BD54,K05710,xamoC,B_Propene_degradation,Alkenes
BD54,K05710,andAb,C_Anthranilate_degradation,Aromatics
BD54,K05710,bedB,C_Benzene_degradation,Aromatics
BD54,K05710,bphAc,C_Biphenyl_degradation,Aromatics
BD54,K05710,doxA,C_Naphthalene_degradation,Aromatics
BD54,K05710,doxA,C_Dibenzothiophene_degradation,Aromatics
BD54,K05710,nagAb,C_1-Methylnaphthalene/2-Methylnaphthalene_degradation,Aromatics
BD54,K05710,tmoC,C_Toluene_degradation,Aromatics
BD54,K05710,todB,C_Toluene_degradation,Aromatics
BD54,K18248,andAb,C_Anthranilate_degradation,Aromatics
BD54,K05783,xylL,C_Benzoate_degradation,Aromatics
BD54,K05784,prmB,A_Subterminal_oxidation,Alkanes
BD54,K05784,isoF,B_Isoprene_degradation,Alkenes
BD54,K05784,xamoF,B_Propene_degradation,Alkenes
BD54,K05784,antC,C_Anthranilate_degradation,Aromatics
BD54,K05784,benC,C_Benzoate_degradation,Aromatics
BD54,K05784,xylZ,C_Benzoate_degradation,Aromatics
BD54,K14581,benC,C_Benzoate_degradation,Aromatics
BD54,K14581,nagAa,C_1-Methylnaphthalene/2-Methylnaphthalene_degradation,Aromatics
BD54,K14581,xylZ,C_Benzoate_degradation,Aromatics
BD54,K16161,benC,C_Benzoate_degradation,Aromatics
BD54,K16161,xylZ,C_Benzoate_degradation,Aromatics
BD54,K06133,ffp,E_Fengacyn,Biosurfactant
BD54,K06133,sfp,E_Surfactin,Biosurfactant
BD54,K07071,blc,A_Hydrocarbon_uptake,Alkanes
BD54,K07275,alkL,A_Hydrocarbon_uptake,Alkanes
BD54,K07782,rhlR,E_Rhamnolipids,Biosurfactant
BD54,K15852,rhlR,E_Rhamnolipids,Biosurfactant
BD54,K19734,rhlR,E_Rhamnolipids,Biosurfactant
BD54,K09024,hpaC,C_4-Hydroxyphenylacetate_degradation,Aromatics
BD54,K09024,styB,C_Styrene_degradation,Aromatics
BD54,K10804,est,D_PU,Polymers
BD54,K10804,est,D_PET,Polymers
BD54,K10804,est,D_PBSA,Polymers
BD54,K10804,est,D_PCL,Polymers
BD54,K10804,est,D_PBAT,Polymers
BD54,K10804,est,D_PLA,Polymers
BD54,K11311,antC,C_Anthranilate_degradation,Aromatics
BD54,K11311,benC,C_Benzoate_degradation,Aromatics
BD54,K14731,est,D_PU,Polymers
BD54,K14731,est,D_PET,Polymers
BD54,K14731,est,D_PBSA,Polymers
BD54,K14731,est,D_PCL,Polymers
BD54,K14731,est,D_PBAT,Polymers
BD54,K14731,est,D_PLA,Polymers
BD54,K14731,GEN0105,D_PCL,Polymers
BD54,K14731,GEN0105,D_3PET,Polymers
BD54,K14731,GEN0105,D_PLA,Polymers
BD54,K16242,isoA,B_Isoprene_degradation,Alkenes
BD54,K16242,dmpN,C_Phenol_degradation,Aromatics
BD54,K16242,tomA3,C_Toluene_degradation,Aromatics
BD54,K16243,dmpL,C_Phenol_degradation,Aromatics
BD54,K16243,tomA1,C_Toluene_degradation,Aromatics
BD54,K16244,dmpM,C_Phenol_degradation,Aromatics
BD54,K16244,tomA2,C_Toluene_degradation,Aromatics
BD54,K16245,dmpO,C_Phenol_degradation,Aromatics
BD54,K16245,tomA4,C_Toluene_degradation,Aromatics
BD54,K16249,dmpK,C_Phenol_degradation,Aromatics
BD54,K16692,wzc,E_Emulsan,Biosurfactant
BD54,K18242,nagG,C_Salicylate_degradation,Aromatics
BD54,K19707,pcaD,C_Catechol_degradation,Aromatics
BD54,K19707,pcaD,C_Protocatechuate_degradation,Aromatics
BD54,K20938,LadA,A_Terminal/biterminal_oxidation,Alkanes
BD54,K20938,ssuD,A_Auxiliar_alkane_gene,Alkanes
BD54,K21105,ISF6_0224,D_PET,Polymers
BD54,K21802,ntnC,C_Toluene_degradation,Aromatics
BD54,K21802,pchA,C_Toluene_degradation,Aromatics
BD54,K21802,xylC,C_Toluene_degradation,Aromatics
BD54,K21802,xylC,C_Dimethylbenzene,Aromatics
BD61,K00019,hbd,D_PHBV,Polymers
BD61,K00019,hbd,D_PHA,Polymers
BD61,K00019,hbd,D_P3HV,Polymers
BD61,K00097,tphB,C_Terephthalate_degradation,Aromatics
BD61,K22024,tphB,C_Terephthalate_degradation,Aromatics
BD61,K00104,pchF,C_Toluene_degradation,Aromatics
BD61,K00108,alkJ_adh,A_Auxiliar_alkane_gene,Alkanes
BD61,K00108,pegA,D_PEG,Polymers
BD61,K00128,alkH_ald,A_Auxiliar_alkane_gene,Alkanes
BD61,K00128,mpdC,B_2-methylpropene_degradation,Alkenes
BD61,K00128,dpgC,C_Toluene_degradation,Aromatics
BD61,K00128,mdlD,C_Toluene_degradation,Aromatics
BD61,K00128,pchA,C_Toluene_degradation,Aromatics
BD61,K00128,phdK,C_Phenanthrene_degradation,Aromatics
BD61,K00128,praB,C_Protocatechuate_degradation,Aromatics
BD61,K00128,pegC,D_PEG,Polymers
BD61,K00154,alkH_ald,A_Auxiliar_alkane_gene,Alkanes
BD61,K00154,dpgC,C_Toluene_degradation,Aromatics
BD61,K00154,mdlD,C_Toluene_degradation,Aromatics
BD61,K22445,alkH_ald,A_Auxiliar_alkane_gene,Alkanes
BD61,K22445,dpgC,C_Toluene_degradation,Aromatics
BD61,K22445,mdlD,C_Toluene_degradation,Aromatics
BD61,K00141,ntnC,C_Toluene_degradation,Aromatics
BD61,K00141,pchA,C_Toluene_degradation,Aromatics
BD61,K00141,xylC,C_Toluene_degradation,Aromatics
BD61,K00141,xylC,C_Dimethylbenzene,Aromatics
BD61,K21802,ntnC,C_Toluene_degradation,Aromatics
BD61,K21802,pchA,C_Toluene_degradation,Aromatics
BD61,K21802,xylC,C_Toluene_degradation,Aromatics
BD61,K21802,xylC,C_Dimethylbenzene,Aromatics
BD61,K00627,bphD,C_Biphenyl_degradation,Aromatics
BD61,K00382,xecC,B_Propene_degradation,Alkenes
BD61,K00406,pchC,C_Toluene_degradation,Aromatics
BD61,K00428,latA,D_NR,Polymers
BD61,K00448,pcaG,C_Protocatechuate_degradation,Aromatics
BD61,K00449,pcaH,C_Protocatechuate_degradation,Aromatics
BD61,K00480,nahG,C_Salicylate_degradation,Aromatics
BD61,K00480,nahW,C_Salicylate_degradation,Aromatics
BD61,K00480,salA,C_Salicylate_degradation,Aromatics
BD61,K00481,pobA,C_Toluene_degradation,Aromatics
BD61,K00523,antC,C_Anthranilate_degradation,Aromatics
BD61,K00523,benC,C_Benzoate_degradation,Aromatics
BD61,K00523,nagAa,C_1-Methylnaphthalene/2-Methylnaphthalene_degradation,Aromatics
BD61,K00523,tphA1I,C_Terephthalate_degradation,Aromatics
BD61,K00523,xylZ,C_Benzoate_degradation,Aromatics
BD61,K14581,benC,C_Benzoate_degradation,Aromatics
BD61,K14581,nagAa,C_1-Methylnaphthalene/2-Methylnaphthalene_degradation,Aromatics
BD61,K14581,xylZ,C_Benzoate_degradation,Aromatics
BD61,K18225,prmB,A_Subterminal_oxidation,Alkanes
BD61,K00528,xamoF,B_Propene_degradation,Alkenes
BD61,K00528,nagAa,C_1-Methylnaphthalene/2-Methylnaphthalene_degradation,Aromatics
BD61,K00528,tphA1I,C_Terephthalate_degradation,Aromatics
BD61,K00529,alkT_rubB_rdxR,A_Terminal/biterminal_oxidation,Alkanes
BD61,K00529,prmB,A_Subterminal_oxidation,Alkanes
BD61,K00529,bedA,C_Benzene_degradation,Aromatics
BD61,K00529,bphAd,C_Biphenyl_degradation,Aromatics
BD61,K00529,todA,C_Toluene_degradation,Aromatics
BD61,K00632,pcaF,C_Catechol_degradation,Aromatics
BD61,K00632,pcaF,C_Protocatechuate_degradation,Aromatics
BD61,K07823,pcaF,C_Catechol_degradation,Aromatics
BD61,K07823,pcaF,C_Protocatechuate_degradation,Aromatics
BD61,K00645,ituD,E_Iturin,Biosurfactant
BD61,K00799,isoI,B_Isoprene_degradation,Alkenes
BD61,K01031,pcaI,C_Protocatechuate_degradation,Aromatics
BD61,K01032,pcaJ,C_Protocatechuate_degradation,Aromatics
BD61,K01032,pcaJ,C_Catechol_degradation,Aromatics
BD61,K01055,pcaD,C_Catechol_degradation,Aromatics
BD61,K01055,pcaD,C_Protocatechuate_degradation,Aromatics
BD61,K14727,pcaD,C_Catechol_degradation,Aromatics
BD61,K14727,pcaD,C_Protocatechuate_degradation,Aromatics
BD61,K01061,phaZ,D_P4HB,Polymers
BD61,K01061,phaZ,D_PEA,Polymers
BD61,K01061,phaZ,D_P3HP,Polymers
BD61,K01061,phaZ,D_PHBV,Polymers
BD61,K01061,phaZ,D_PHO,Polymers
BD61,K01061,phaZ,D_PPL,Polymers
BD61,K01061,phaZ,D_PHB,Polymers
BD61,K01061,phaZ,D_PHA,Polymers
BD61,K01061,phaZ,D_PHPV,Polymers
BD61,K01061,phaZ,D_PCL,Polymers
BD61,K01061,phaZ,D_PES,Polymers
BD61,K01104,wzb,E_Emulsan,Biosurfactant
BD61,K01259,pcaD,C_Catechol_degradation,Aromatics
BD61,K01259,pcaD,C_Protocatechuate_degradation,Aromatics
BD61,K01426,NFA_28320,D_Nylon,Polymers
BD61,K01426,nylA,D_Nylon,Polymers
BD61,K01465,benC,C_Benzoate_degradation,Aromatics
BD61,K01649,xylK,C_Catechol_degradation,Aromatics
BD61,K01857,pcaB,C_Protocatechuate_degradation,Aromatics
BD61,K01895,pqsA,C_Anthranilate_degradation,Aromatics
BD61,K01912,paaK,C_Phenylacetate_degradation,Aromatics
BD61,K03098,blc,A_Hydrocarbon_uptake,Alkanes
BD61,K03386,ahpC,A_Finnerty_pathway,Alkanes
BD61,K03644,lipA,D_PET,Polymers
BD61,K03644,lipA,D_PCL,Polymers
BD61,K03644,lipA,D_PBSA,Polymers
BD61,K03801,lipB,D_PET,Polymers
BD61,K04091,ssuD,A_Auxiliar_alkane_gene,Alkanes
BD61,K04755,benC,C_Benzoate_degradation,Aromatics
BD61,K04755,nagAa,C_1-Methylnaphthalene/2-Methylnaphthalene_degradation,Aromatics
BD61,K04755,xylZ,C_Benzoate_degradation,Aromatics
BD61,K05797,pchF,C_Toluene_degradation,Aromatics
BD61,K06151,mpdB,B_2-methylpropene_degradation,Alkenes
BD61,K06999,est,D_PU,Polymers
BD61,K06999,est,D_PET,Polymers
BD61,K06999,est,D_PBSA,Polymers
BD61,K06999,est,D_PCL,Polymers
BD61,K06999,est,D_PBAT,Polymers
BD61,K06999,est,D_PLA,Polymers
BD61,K07275,alkL,A_Hydrocarbon_uptake,Alkanes
BD61,K07782,rhlR,E_Rhamnolipids,Biosurfactant
BD61,K10804,est,D_PU,Polymers
BD61,K10804,est,D_PET,Polymers
BD61,K10804,est,D_PBSA,Polymers
BD61,K10804,est,D_PCL,Polymers
BD61,K10804,est,D_PBAT,Polymers
BD61,K10804,est,D_PLA,Polymers
BD61,K16048,styB,C_Styrene_degradation,Aromatics
BD61,K16165,hbzF,C_Gentisate_degradation,Aromatics
BD61,K16165,nagK,C_Gentisate_degradation,Aromatics
BD61,K21702,xecE1,B_Propene_degradation,Alkenes
BD67,K00019,hbd,D_PHBV,Polymers
BD67,K00019,hbd,D_PHA,Polymers
BD67,K00019,hbd,D_P3HV,Polymers
BD67,K00097,tphB,C_Terephthalate_degradation,Aromatics
BD67,K00104,pchF,C_Toluene_degradation,Aromatics
BD67,K00108,alkJ_adh,A_Auxiliar_alkane_gene,Alkanes
BD67,K00108,pegA,D_PEG,Polymers
BD67,K00128,alkH_ald,A_Auxiliar_alkane_gene,Alkanes
BD67,K00128,mpdC,B_2-methylpropene_degradation,Alkenes
BD67,K00128,dpgC,C_Toluene_degradation,Aromatics
BD67,K00128,mdlD,C_Toluene_degradation,Aromatics
BD67,K00128,pchA,C_Toluene_degradation,Aromatics
BD67,K00128,phdK,C_Phenanthrene_degradation,Aromatics
BD67,K00128,praB,C_Protocatechuate_degradation,Aromatics
BD67,K00128,pegC,D_PEG,Polymers
BD67,K00154,alkH_ald,A_Auxiliar_alkane_gene,Alkanes
BD67,K00154,dpgC,C_Toluene_degradation,Aromatics
BD67,K00154,mdlD,C_Toluene_degradation,Aromatics
BD67,K22445,alkH_ald,A_Auxiliar_alkane_gene,Alkanes
BD67,K22445,dpgC,C_Toluene_degradation,Aromatics
BD67,K22445,mdlD,C_Toluene_degradation,Aromatics
BD67,K00627,bphD,C_Biphenyl_degradation,Aromatics
BD67,K00382,xecC,B_Propene_degradation,Alkenes
BD67,K00406,pchC,C_Toluene_degradation,Aromatics
BD67,K00480,nahG,C_Salicylate_degradation,Aromatics
BD67,K00480,nahW,C_Salicylate_degradation,Aromatics
BD67,K00480,salA,C_Salicylate_degradation,Aromatics
BD67,K00523,antC,C_Anthranilate_degradation,Aromatics
BD67,K00523,benC,C_Benzoate_degradation,Aromatics
BD67,K00523,nagAa,C_1-Methylnaphthalene/2-Methylnaphthalene_degradation,Aromatics
BD67,K00523,tphA1I,C_Terephthalate_degradation,Aromatics
BD67,K00523,xylZ,C_Benzoate_degradation,Aromatics
BD67,K14581,benC,C_Benzoate_degradation,Aromatics
BD67,K14581,nagAa,C_1-Methylnaphthalene/2-Methylnaphthalene_degradation,Aromatics
BD67,K14581,xylZ,C_Benzoate_degradation,Aromatics
BD67,K18225,prmB,A_Subterminal_oxidation,Alkanes
BD67,K00528,xamoF,B_Propene_degradation,Alkenes
BD67,K00528,nagAa,C_1-Methylnaphthalene/2-Methylnaphthalene_degradation,Aromatics
BD67,K00528,tphA1I,C_Terephthalate_degradation,Aromatics
BD67,K00529,alkT_rubB_rdxR,A_Terminal/biterminal_oxidation,Alkanes
BD67,K00529,prmB,A_Subterminal_oxidation,Alkanes
BD67,K00529,bedA,C_Benzene_degradation,Aromatics
BD67,K00529,bphAd,C_Biphenyl_degradation,Aromatics
BD67,K00529,todA,C_Toluene_degradation,Aromatics
BD67,K00645,ituD,E_Iturin,Biosurfactant
BD67,K00799,isoI,B_Isoprene_degradation,Alkenes
BD67,K01104,wzb,E_Emulsan,Biosurfactant
BD67,K01259,pcaD,C_Catechol_degradation,Aromatics
BD67,K01259,pcaD,C_Protocatechuate_degradation,Aromatics
BD67,K01426,NFA_28320,D_Nylon,Polymers
BD67,K01426,nylA,D_Nylon,Polymers
BD67,K01465,benC,C_Benzoate_degradation,Aromatics
BD67,K01649,xylK,C_Catechol_degradation,Aromatics
BD67,K01895,pqsA,C_Anthranilate_degradation,Aromatics
BD67,K03098,blc,A_Hydrocarbon_uptake,Alkanes
BD67,K03386,ahpC,A_Finnerty_pathway,Alkanes
BD67,K03644,lipA,D_PET,Polymers
BD67,K03644,lipA,D_PCL,Polymers
BD67,K03644,lipA,D_PBSA,Polymers
BD67,K03801,lipB,D_PET,Polymers
BD67,K04755,benC,C_Benzoate_degradation,Aromatics
BD67,K04755,nagAa,C_1-Methylnaphthalene/2-Methylnaphthalene_degradation,Aromatics
BD67,K04755,xylZ,C_Benzoate_degradation,Aromatics
BD67,K06151,mpdB,B_2-methylpropene_degradation,Alkenes
BD67,K06999,est,D_PU,Polymers
BD67,K06999,est,D_PET,Polymers
BD67,K06999,est,D_PBSA,Polymers
BD67,K06999,est,D_PCL,Polymers
BD67,K06999,est,D_PBAT,Polymers
BD67,K06999,est,D_PLA,Polymers
BD67,K07275,alkL,A_Hydrocarbon_uptake,Alkanes
BD67,K07782,rhlR,E_Rhamnolipids,Biosurfactant
BD67,K10804,est,D_PU,Polymers
BD67,K10804,est,D_PET,Polymers
BD67,K10804,est,D_PBSA,Polymers
BD67,K10804,est,D_PCL,Polymers
BD67,K10804,est,D_PBAT,Polymers
BD67,K10804,est,D_PLA,Polymers
BD67,K16048,styB,C_Styrene_degradation,Aromatics
BD67,K16165,hbzF,C_Gentisate_degradation,Aromatics
BD67,K16165,nagK,C_Gentisate_degradation,Aromatics
BD69,K00097,tphB,C_Terephthalate_degradation,Aromatics
BD69,K00108,alkJ_adh,A_Auxiliar_alkane_gene,Alkanes
BD69,K00108,pegA,D_PEG,Polymers
BD69,K00219,abmA,C_Anthranilate_degradation,Aromatics
BD69,K00362,alkT_rubB_rdxR,A_Terminal/biterminal_oxidation,Alkanes
BD69,K00362,andAa,C_Anthranilate_degradation,Aromatics
BD69,K00362,padAd1,C_Phthalate_degradation,Aromatics
BD69,K00363,andAb,C_Anthranilate_degradation,Aromatics
BD69,K00363,bedB,C_Benzene_degradation,Aromatics
BD69,K00363,bphAc,C_Biphenyl_degradation,Aromatics
BD69,K00363,nagAb,C_1-Methylnaphthalene/2-Methylnaphthalene_degradation,Aromatics
BD69,K00363,todB,C_Toluene_degradation,Aromatics
BD69,K00382,xecC,B_Propene_degradation,Alkenes
BD69,K00448,pcaG,C_Protocatechuate_degradation,Aromatics
BD69,K00449,pcaH,C_Protocatechuate_degradation,Aromatics
BD69,K00450,hbzE,C_Gentisate_degradation,Aromatics
BD69,K00450,nagI,C_Gentisate_degradation,Aromatics
BD69,K00450,phdI,C_Phenanthrene_degradation,Aromatics
BD69,K00450,sdgD,C_Salicylate_degradation,Aromatics
BD69,K00450,xlnE,C_Gentisate_degradation,Aromatics
BD69,K00480,nahG,C_Salicylate_degradation,Aromatics
BD69,K00480,nahW,C_Salicylate_degradation,Aromatics
BD69,K00480,salA,C_Salicylate_degradation,Aromatics
BD69,K20940,nahW,C_Salicylate_degradation,Aromatics
BD69,K22270,nahW,C_Salicylate_degradation,Aromatics
BD69,K00481,pobA,C_Toluene_degradation,Aromatics
BD69,K05712,pobA,C_Toluene_degradation,Aromatics
BD69,K00523,antC,C_Anthranilate_degradation,Aromatics
BD69,K00523,benC,C_Benzoate_degradation,Aromatics
BD69,K00523,nagAa,C_1-Methylnaphthalene/2-Methylnaphthalene_degradation,Aromatics
BD69,K00523,tphA1I,C_Terephthalate_degradation,Aromatics
BD69,K00523,xylZ,C_Benzoate_degradation,Aromatics
BD69,K00528,xamoF,B_Propene_degradation,Alkenes
BD69,K00528,nagAa,C_1-Methylnaphthalene/2-Methylnaphthalene_degradation,Aromatics
BD69,K00528,tphA1I,C_Terephthalate_degradation,Aromatics
BD69,K00549,etnE,B_Ethene_and_chloroethene_degradation,Alkenes
BD69,K00549,xecA,B_Propene_degradation,Alkenes
BD69,K00632,pcaF,C_Catechol_degradation,Aromatics
BD69,K00632,pcaF,C_Protocatechuate_degradation,Aromatics
BD69,K07823,pcaF,C_Catechol_degradation,Aromatics
BD69,K07823,pcaF,C_Protocatechuate_degradation,Aromatics
BD69,K00627,bphD,C_Biphenyl_degradation,Aromatics
BD69,K00645,ituD,E_Iturin,Biosurfactant
BD69,K00661,at,E_Sophorolipids,Biosurfactant
BD69,K00799,isoI,B_Isoprene_degradation,Alkenes
BD69,K01027,pcaI,C_Protocatechuate_degradation,Aromatics
BD69,K01031,pcaI,C_Protocatechuate_degradation,Aromatics
BD69,K01032,pcaJ,C_Protocatechuate_degradation,Aromatics
BD69,K01032,pcaJ,C_Catechol_degradation,Aromatics
BD69,K01055,pcaD,C_Catechol_degradation,Aromatics
BD69,K01055,pcaD,C_Protocatechuate_degradation,Aromatics
BD69,K01061,phaZ,D_P4HB,Polymers
BD69,K01061,phaZ,D_PEA,Polymers
BD69,K01061,phaZ,D_P3HP,Polymers
BD69,K01061,phaZ,D_PHBV,Polymers
BD69,K01061,phaZ,D_PHO,Polymers
BD69,K01061,phaZ,D_PPL,Polymers
BD69,K01061,phaZ,D_PHB,Polymers
BD69,K01061,phaZ,D_PHA,Polymers
BD69,K01061,phaZ,D_PHPV,Polymers
BD69,K01061,phaZ,D_PCL,Polymers
BD69,K01061,phaZ,D_PES,Polymers
BD69,K01104,wzb,E_Emulsan,Biosurfactant
BD69,K20945,wzb,E_Emulsan,Biosurfactant
BD69,K01183,chi25,D_PCL,Polymers
BD69,K01200,pulA,D_PU,Polymers
BD69,K01465,benC,C_Benzoate_degradation,Aromatics
BD69,K01628,padC2,C_Phthalate_degradation,Aromatics
BD69,K01649,xylK,C_Catechol_degradation,Aromatics
BD69,K01800,nagL,C_Gentisate_degradation,Aromatics
BD69,K01801,nagL,C_Gentisate_degradation,Aromatics
BD69,K01821,praC,C_Protocatechuate_degradation,Aromatics
BD69,K01821,xylH,C_Catechol_degradation,Aromatics
BD69,K01856,catB,C_Catechol_degradation,Aromatics
BD69,K01857,pcaB,C_Protocatechuate_degradation,Aromatics
BD69,K01895,pqsA,C_Anthranilate_degradation,Aromatics
BD69,K02364,ppsE,E_Plipastatin,Biosurfactant
BD69,K03098,blc,A_Hydrocarbon_uptake,Alkanes
BD69,K03381,catA,C_Catechol_degradation,Aromatics
BD69,K03386,ahpC,A_Finnerty_pathway,Alkanes
BD69,K03387,ahpF,A_Finnerty_pathway,Alkanes
BD69,K03406,alkN_mcp,A_Hydrocarbon_uptake,Alkanes
BD69,K03464,catC,C_Catechol_degradation,Aromatics
BD69,K03556,alkS,A_Auxiliar_alkane_gene,Alkanes
BD69,K03599,nagL,C_Gentisate_degradation,Aromatics
BD69,K03644,lipA,D_PET,Polymers
BD69,K03644,lipA,D_PCL,Polymers
BD69,K03644,lipA,D_PBSA,Polymers
BD69,K03801,lipB,D_PET,Polymers
BD69,K03929,CLOSTHATH_07193,D_PBAT,Polymers
BD69,K03929,estC,D_PLA,Polymers
BD69,K03929,estC,D_PBSA,Polymers
BD69,K03929,pnbA,D_PET,Polymers
BD69,K03929,pudA,D_PU,Polymers
BD69,K04091,ssuD,A_Auxiliar_alkane_gene,Alkanes
BD69,K04755,benC,C_Benzoate_degradation,Aromatics
BD69,K04755,nagAa,C_1-Methylnaphthalene/2-Methylnaphthalene_degradation,Aromatics
BD69,K04755,xylZ,C_Benzoate_degradation,Aromatics
BD69,K05549,antA,C_Anthranilate_degradation,Aromatics
BD69,K05549,benA,C_Benzoate_degradation,Aromatics
BD69,K05549,xylX,C_Benzoate_degradation,Aromatics
BD69,K05550,antB,C_Anthranilate_degradation,Aromatics
BD69,K05550,benB,C_Benzoate_degradation,Aromatics
BD69,K05550,xylY,C_Benzoate_degradation,Aromatics
BD69,K05783,xylL,C_Benzoate_degradation,Aromatics
BD69,K05784,prmB,A_Subterminal_oxidation,Alkanes
BD69,K05784,isoF,B_Isoprene_degradation,Alkenes
BD69,K05784,xamoF,B_Propene_degradation,Alkenes
BD69,K05784,antC,C_Anthranilate_degradation,Aromatics
BD69,K05784,benC,C_Benzoate_degradation,Aromatics
BD69,K05784,xylZ,C_Benzoate_degradation,Aromatics
BD69,K14581,benC,C_Benzoate_degradation,Aromatics
BD69,K14581,nagAa,C_1-Methylnaphthalene/2-Methylnaphthalene_degradation,Aromatics
BD69,K14581,xylZ,C_Benzoate_degradation,Aromatics
BD69,K16161,benC,C_Benzoate_degradation,Aromatics
BD69,K16161,xylZ,C_Benzoate_degradation,Aromatics
BD69,K06133,ffp,E_Fengacyn,Biosurfactant
BD69,K06133,sfp,E_Surfactin,Biosurfactant
BD69,K06866,isoD,B_Isoprene_degradation,Alkenes
BD69,K06866,xamoD,B_Propene_degradation,Alkenes
BD69,K06866,tmoD,C_Toluene_degradation,Aromatics
BD69,K06999,est,D_PU,Polymers
BD69,K06999,est,D_PET,Polymers
BD69,K06999,est,D_PBSA,Polymers
BD69,K06999,est,D_PCL,Polymers
BD69,K06999,est,D_PBAT,Polymers
BD69,K06999,est,D_PLA,Polymers
BD69,K07071,blc,A_Hydrocarbon_uptake,Alkanes
BD69,K07275,alkL,A_Hydrocarbon_uptake,Alkanes
BD69,K07782,rhlR,E_Rhamnolipids,Biosurfactant
BD69,K15852,rhlR,E_Rhamnolipids,Biosurfactant
BD69,K19734,rhlR,E_Rhamnolipids,Biosurfactant
BD69,K09181,sdgB,C_Salicylate_degradation,Aromatics
BD69,K10804,est,D_PU,Polymers
BD69,K10804,est,D_PET,Polymers
BD69,K10804,est,D_PBSA,Polymers
BD69,K10804,est,D_PCL,Polymers
BD69,K10804,est,D_PBAT,Polymers
BD69,K10804,est,D_PLA,Polymers
BD69,K12264,alkG_rubA4_rdx,A_Terminal/biterminal_oxidation,Alkanes
BD69,K12265,alkT_rubB_rdxR,A_Terminal/biterminal_oxidation,Alkanes
BD69,K14731,est,D_PU,Polymers
BD69,K14731,est,D_PET,Polymers
BD69,K14731,est,D_PBSA,Polymers
BD69,K14731,est,D_PCL,Polymers
BD69,K14731,est,D_PBAT,Polymers
BD69,K14731,est,D_PLA,Polymers
BD69,K14731,GEN0105,D_PCL,Polymers
BD69,K14731,GEN0105,D_3PET,Polymers
BD69,K14731,GEN0105,D_PLA,Polymers
BD69,K16165,hbzF,C_Gentisate_degradation,Aromatics
BD69,K16165,nagK,C_Gentisate_degradation,Aromatics
BD69,K16692,wzc,E_Emulsan,Biosurfactant
BD69,K19707,pcaD,C_Catechol_degradation,Aromatics
BD69,K19707,pcaD,C_Protocatechuate_degradation,Aromatics
BD69,K22024,tphB,C_Terephthalate_degradation,Aromatics
BD72,K00019,hbd,D_PHBV,Polymers
BD72,K00019,hbd,D_PHA,Polymers
BD72,K00019,hbd,D_P3HV,Polymers
BD72,K00104,pchF,C_Toluene_degradation,Aromatics
BD72,K00128,alkH_ald,A_Auxiliar_alkane_gene,Alkanes
BD72,K00128,mpdC,B_2-methylpropene_degradation,Alkenes
BD72,K00128,dpgC,C_Toluene_degradation,Aromatics
BD72,K00128,mdlD,C_Toluene_degradation,Aromatics
BD72,K00128,pchA,C_Toluene_degradation,Aromatics
BD72,K00128,phdK,C_Phenanthrene_degradation,Aromatics
BD72,K00128,praB,C_Protocatechuate_degradation,Aromatics
BD72,K00128,pegC,D_PEG,Polymers
BD72,K00219,abmA,C_Anthranilate_degradation,Aromatics
BD72,K00354,abmA,C_Anthranilate_degradation,Aromatics
BD72,K00362,alkT_rubB_rdxR,A_Terminal/biterminal_oxidation,Alkanes
BD72,K00362,andAa,C_Anthranilate_degradation,Aromatics
BD72,K00362,padAd1,C_Phthalate_degradation,Aromatics
BD72,K00363,andAb,C_Anthranilate_degradation,Aromatics
BD72,K00363,bedB,C_Benzene_degradation,Aromatics
BD72,K00363,bphAc,C_Biphenyl_degradation,Aromatics
BD72,K00363,nagAb,C_1-Methylnaphthalene/2-Methylnaphthalene_degradation,Aromatics
BD72,K00363,todB,C_Toluene_degradation,Aromatics
BD72,K00382,xecC,B_Propene_degradation,Alkenes
BD72,K00483,hpaB,C_4-Hydroxyphenylacetate_degradation,Aromatics
BD72,K00483,hpaH,C_Anthranilate_degradation,Aromatics
BD72,K16901,hpaH,C_Anthranilate_degradation,Aromatics
BD72,K00549,etnE,B_Ethene_and_chloroethene_degradation,Alkenes
BD72,K00549,xecA,B_Propene_degradation,Alkenes
BD72,K00627,bphD,C_Biphenyl_degradation,Aromatics
BD72,K00632,pcaF,C_Catechol_degradation,Aromatics
BD72,K00632,pcaF,C_Protocatechuate_degradation,Aromatics
BD72,K00645,ituD,E_Iturin,Biosurfactant
BD72,K00661,at,E_Sophorolipids,Biosurfactant
BD72,K01046,estA,D_PBAT,Polymers
BD72,K01046,FB4_0780,D_PBAT,Polymers
BD72,K01046,lip,D_PU,Polymers
BD72,K01046,lip,D_PET,Polymers
BD72,K01046,lipA,D_PET,Polymers
BD72,K01046,lipA,D_PCL,Polymers
BD72,K01046,lipA,D_PBSA,Polymers
BD72,K01046,plaA,D_PLA,Polymers
BD72,K01046,plaM4,D_PBS,Polymers
BD72,K01046,plaM4,D_PES,Polymers
BD72,K01046,plaM4,D_PHA,Polymers
BD72,K01046,plaM4,D_PBSA,Polymers
BD72,K01046,plaM4,D_PCL,Polymers
BD72,K01046,plaM4,D_PHB,Polymers
BD72,K01046,plaM4,D_PLA,Polymers
BD72,K01046,plaM5,D_PLA,Polymers
BD72,K01055,pcaD,C_Catechol_degradation,Aromatics
BD72,K01055,pcaD,C_Protocatechuate_degradation,Aromatics
BD72,K01104,wzb,E_Emulsan,Biosurfactant
BD72,K01183,chi25,D_PCL,Polymers
BD72,K01200,pulA,D_PU,Polymers
BD72,K01259,pcaD,C_Catechol_degradation,Aromatics
BD72,K01259,pcaD,C_Protocatechuate_degradation,Aromatics
BD72,K01426,NFA_28320,D_Nylon,Polymers
BD72,K01426,nylA,D_Nylon,Polymers
BD72,K01465,benC,C_Benzoate_degradation,Aromatics
BD72,K01617,praD,C_Protocatechuate_degradation,Aromatics
BD72,K01617,xylI,C_Catechol_degradation,Aromatics
BD72,K01617,xylJ,C_Catechol_degradation,Aromatics
BD72,K01628,padC2,C_Phthalate_degradation,Aromatics
BD72,K01649,xylK,C_Catechol_degradation,Aromatics
BD72,K01666,xylK,C_Catechol_degradation,Aromatics
BD72,K01821,praC,C_Protocatechuate_degradation,Aromatics
BD72,K01821,xylH,C_Catechol_degradation,Aromatics
BD72,K01895,pqsA,C_Anthranilate_degradation,Aromatics
BD72,K02554,xylJ,C_Catechol_degradation,Aromatics
BD72,K02823,prmB,A_Subterminal_oxidation,Alkanes
BD72,K02823,isoF,B_Isoprene_degradation,Alkenes
BD72,K02823,xamoF,B_Propene_degradation,Alkenes
BD72,K02823,antC,C_Anthranilate_degradation,Aromatics
BD72,K02823,benC,C_Benzoate_degradation,Aromatics
BD72,K02823,nagAa,C_1-Methylnaphthalene/2-Methylnaphthalene_degradation,Aromatics
BD72,K02823,tphA1I,C_Terephthalate_degradation,Aromatics
BD72,K02823,xylZ,C_Benzoate_degradation,Aromatics
BD72,K03386,ahpC,A_Finnerty_pathway,Alkanes
BD72,K03387,ahpF,A_Finnerty_pathway,Alkanes
BD72,K03392,praH,C_Protocatechuate_degradation,Aromatics
BD72,K03392,proH,C_Protocatechuate_degradation,Aromatics
BD72,K03406,alkN_mcp,A_Hydrocarbon_uptake,Alkanes
BD72,K03644,lipA,D_PET,Polymers
BD72,K03644,lipA,D_PCL,Polymers
BD72,K03644,lipA,D_PBSA,Polymers
BD72,K04091,ssuD,A_Auxiliar_alkane_gene,Alkanes
BD72,K20938,LadA,A_Terminal/biterminal_oxidation,Alkanes
BD72,K20938,ssuD,A_Auxiliar_alkane_gene,Alkanes
BD72,K05337,padAc1,C_Phthalate_degradation,Aromatics
BD72,K15765,isoF,B_Isoprene_degradation,Alkenes
BD72,K15765,xamoF,B_Propene_degradation,Alkenes
BD72,K06133,ffp,E_Fengacyn,Biosurfactant
BD72,K06133,sfp,E_Surfactin,Biosurfactant
BD72,K06999,est,D_PU,Polymers
BD72,K06999,est,D_PET,Polymers
BD72,K06999,est,D_PBSA,Polymers
BD72,K06999,est,D_PCL,Polymers
BD72,K06999,est,D_PBAT,Polymers
BD72,K06999,est,D_PLA,Polymers
BD72,K07071,blc,A_Hydrocarbon_uptake,Alkanes
BD72,K10217,praB,C_Protocatechuate_degradation,Aromatics
BD72,K10217,xylG,C_Catechol_degradation,Aromatics
BD72,K17828,benC,C_Benzoate_degradation,Aromatics
BD73,K00019,hbd,D_PHBV,Polymers
BD73,K00019,hbd,D_PHA,Polymers
BD73,K00019,hbd,D_P3HV,Polymers
BD73,K00104,pchF,C_Toluene_degradation,Aromatics
BD73,K00128,alkH_ald,A_Auxiliar_alkane_gene,Alkanes
BD73,K00128,mpdC,B_2-methylpropene_degradation,Alkenes
BD73,K00128,dpgC,C_Toluene_degradation,Aromatics
BD73,K00128,mdlD,C_Toluene_degradation,Aromatics
BD73,K00128,pchA,C_Toluene_degradation,Aromatics
BD73,K00128,phdK,C_Phenanthrene_degradation,Aromatics
BD73,K00128,praB,C_Protocatechuate_degradation,Aromatics
BD73,K00128,pegC,D_PEG,Polymers
BD73,K00219,abmA,C_Anthranilate_degradation,Aromatics
BD73,K00354,abmA,C_Anthranilate_degradation,Aromatics
BD73,K00362,alkT_rubB_rdxR,A_Terminal/biterminal_oxidation,Alkanes
BD73,K00362,andAa,C_Anthranilate_degradation,Aromatics
BD73,K00362,padAd1,C_Phthalate_degradation,Aromatics
BD73,K00363,andAb,C_Anthranilate_degradation,Aromatics
BD73,K00363,bedB,C_Benzene_degradation,Aromatics
BD73,K00363,bphAc,C_Biphenyl_degradation,Aromatics
BD73,K00363,nagAb,C_1-Methylnaphthalene/2-Methylnaphthalene_degradation,Aromatics
BD73,K00363,todB,C_Toluene_degradation,Aromatics
BD73,K00382,xecC,B_Propene_degradation,Alkenes
BD73,K00483,hpaB,C_4-Hydroxyphenylacetate_degradation,Aromatics
BD73,K00483,hpaH,C_Anthranilate_degradation,Aromatics
BD73,K16901,hpaH,C_Anthranilate_degradation,Aromatics
BD73,K00549,etnE,B_Ethene_and_chloroethene_degradation,Alkenes
BD73,K00549,xecA,B_Propene_degradation,Alkenes
BD73,K00627,bphD,C_Biphenyl_degradation,Aromatics
BD73,K00632,pcaF,C_Catechol_degradation,Aromatics
BD73,K00632,pcaF,C_Protocatechuate_degradation,Aromatics
BD73,K00645,ituD,E_Iturin,Biosurfactant
BD73,K00661,at,E_Sophorolipids,Biosurfactant
BD73,K01046,estA,D_PBAT,Polymers
BD73,K01046,FB4_0780,D_PBAT,Polymers
BD73,K01046,lip,D_PU,Polymers
BD73,K01046,lip,D_PET,Polymers
BD73,K01046,lipA,D_PET,Polymers
BD73,K01046,lipA,D_PCL,Polymers
BD73,K01046,lipA,D_PBSA,Polymers
BD73,K01046,plaA,D_PLA,Polymers
BD73,K01046,plaM4,D_PBS,Polymers
BD73,K01046,plaM4,D_PES,Polymers
BD73,K01046,plaM4,D_PHA,Polymers
BD73,K01046,plaM4,D_PBSA,Polymers
BD73,K01046,plaM4,D_PCL,Polymers
BD73,K01046,plaM4,D_PHB,Polymers
BD73,K01046,plaM4,D_PLA,Polymers
BD73,K01046,plaM5,D_PLA,Polymers
BD73,K01055,pcaD,C_Catechol_degradation,Aromatics
BD73,K01055,pcaD,C_Protocatechuate_degradation,Aromatics
BD73,K01104,wzb,E_Emulsan,Biosurfactant
BD73,K01183,chi25,D_PCL,Polymers
BD73,K01200,pulA,D_PU,Polymers
BD73,K01259,pcaD,C_Catechol_degradation,Aromatics
BD73,K01259,pcaD,C_Protocatechuate_degradation,Aromatics
BD73,K01426,NFA_28320,D_Nylon,Polymers
BD73,K01426,nylA,D_Nylon,Polymers
BD73,K01465,benC,C_Benzoate_degradation,Aromatics
BD73,K01617,praD,C_Protocatechuate_degradation,Aromatics
BD73,K01617,xylI,C_Catechol_degradation,Aromatics
BD73,K01617,xylJ,C_Catechol_degradation,Aromatics
BD73,K01628,padC2,C_Phthalate_degradation,Aromatics
BD73,K01649,xylK,C_Catechol_degradation,Aromatics
BD73,K01666,xylK,C_Catechol_degradation,Aromatics
BD73,K01821,praC,C_Protocatechuate_degradation,Aromatics
BD73,K01821,xylH,C_Catechol_degradation,Aromatics
BD73,K01895,pqsA,C_Anthranilate_degradation,Aromatics
BD73,K02554,xylJ,C_Catechol_degradation,Aromatics
BD73,K02823,prmB,A_Subterminal_oxidation,Alkanes
BD73,K02823,isoF,B_Isoprene_degradation,Alkenes
BD73,K02823,xamoF,B_Propene_degradation,Alkenes
BD73,K02823,antC,C_Anthranilate_degradation,Aromatics
BD73,K02823,benC,C_Benzoate_degradation,Aromatics
BD73,K02823,nagAa,C_1-Methylnaphthalene/2-Methylnaphthalene_degradation,Aromatics
BD73,K02823,tphA1I,C_Terephthalate_degradation,Aromatics
BD73,K02823,xylZ,C_Benzoate_degradation,Aromatics
BD73,K03386,ahpC,A_Finnerty_pathway,Alkanes
BD73,K03387,ahpF,A_Finnerty_pathway,Alkanes
BD73,K03392,praH,C_Protocatechuate_degradation,Aromatics
BD73,K03392,proH,C_Protocatechuate_degradation,Aromatics
BD73,K03406,alkN_mcp,A_Hydrocarbon_uptake,Alkanes
BD73,K03644,lipA,D_PET,Polymers
BD73,K03644,lipA,D_PCL,Polymers
BD73,K03644,lipA,D_PBSA,Polymers
BD73,K04091,ssuD,A_Auxiliar_alkane_gene,Alkanes
BD73,K20938,LadA,A_Terminal/biterminal_oxidation,Alkanes
BD73,K20938,ssuD,A_Auxiliar_alkane_gene,Alkanes
BD73,K05337,padAc1,C_Phthalate_degradation,Aromatics
BD73,K15765,isoF,B_Isoprene_degradation,Alkenes
BD73,K15765,xamoF,B_Propene_degradation,Alkenes
BD73,K06133,ffp,E_Fengacyn,Biosurfactant
BD73,K06133,sfp,E_Surfactin,Biosurfactant
BD73,K06999,est,D_PU,Polymers
BD73,K06999,est,D_PET,Polymers
BD73,K06999,est,D_PBSA,Polymers
BD73,K06999,est,D_PCL,Polymers
BD73,K06999,est,D_PBAT,Polymers
BD73,K06999,est,D_PLA,Polymers
BD73,K07071,blc,A_Hydrocarbon_uptake,Alkanes
BD73,K10217,praB,C_Protocatechuate_degradation,Aromatics
BD73,K10217,xylG,C_Catechol_degradation,Aromatics
BD73,K17828,benC,C_Benzoate_degradation,Aromatics
BD77,K00019,hbd,D_PHBV,Polymers
BD77,K00019,hbd,D_PHA,Polymers
BD77,K00019,hbd,D_P3HV,Polymers
BD77,K00097,tphB,C_Terephthalate_degradation,Aromatics
BD77,K00104,pchF,C_Toluene_degradation,Aromatics
BD77,K00108,alkJ_adh,A_Auxiliar_alkane_gene,Alkanes
BD77,K00108,pegA,D_PEG,Polymers
BD77,K00128,alkH_ald,A_Auxiliar_alkane_gene,Alkanes
BD77,K00128,mpdC,B_2-methylpropene_degradation,Alkenes
BD77,K00128,dpgC,C_Toluene_degradation,Aromatics
BD77,K00128,mdlD,C_Toluene_degradation,Aromatics
BD77,K00128,pchA,C_Toluene_degradation,Aromatics
BD77,K00128,phdK,C_Phenanthrene_degradation,Aromatics
BD77,K00128,praB,C_Protocatechuate_degradation,Aromatics
BD77,K00128,pegC,D_PEG,Polymers
BD77,K00151,praB,C_Protocatechuate_degradation,Aromatics
BD77,K10217,praB,C_Protocatechuate_degradation,Aromatics
BD77,K10217,xylG,C_Catechol_degradation,Aromatics
BD77,K00154,alkH_ald,A_Auxiliar_alkane_gene,Alkanes
BD77,K00154,dpgC,C_Toluene_degradation,Aromatics
BD77,K00154,mdlD,C_Toluene_degradation,Aromatics
BD77,K00219,abmA,C_Anthranilate_degradation,Aromatics
BD77,K00351,dmpP,C_Phenol_degradation,Aromatics
BD77,K00351,tmoF,C_Toluene_degradation,Aromatics
BD77,K00351,tomA5,C_Toluene_degradation,Aromatics
BD77,K00354,abmA,C_Anthranilate_degradation,Aromatics
BD77,K00362,alkT_rubB_rdxR,A_Terminal/biterminal_oxidation,Alkanes
BD77,K00362,andAa,C_Anthranilate_degradation,Aromatics
BD77,K00362,padAd1,C_Phthalate_degradation,Aromatics
BD77,K05297,alkG_rubA_rdx,A_Terminal/biterminal_oxidation,Alkanes
BD77,K05297,alkG_rubA1_rdx,A_Terminal/biterminal_oxidation,Alkanes
BD77,K05297,alkG_rubA2_rdx,A_Terminal/biterminal_oxidation,Alkanes
BD77,K05297,alkT_rubB_rdxR,A_Terminal/biterminal_oxidation,Alkanes
BD77,K00363,andAb,C_Anthranilate_degradation,Aromatics
BD77,K00363,bedB,C_Benzene_degradation,Aromatics
BD77,K00363,bphAc,C_Biphenyl_degradation,Aromatics
BD77,K00363,nagAb,C_1-Methylnaphthalene/2-Methylnaphthalene_degradation,Aromatics
BD77,K00363,todB,C_Toluene_degradation,Aromatics
BD77,K01061,phaZ,D_P4HB,Polymers
BD77,K01061,phaZ,D_PEA,Polymers
BD77,K01061,phaZ,D_P3HP,Polymers
BD77,K01061,phaZ,D_PHBV,Polymers
BD77,K01061,phaZ,D_PHO,Polymers
BD77,K01061,phaZ,D_PPL,Polymers
BD77,K01061,phaZ,D_PHB,Polymers
BD77,K01061,phaZ,D_PHA,Polymers
BD77,K01061,phaZ,D_PHPV,Polymers
BD77,K01061,phaZ,D_PCL,Polymers
BD77,K01061,phaZ,D_PES,Polymers
BD77,K00382,xecC,B_Propene_degradation,Alkenes
BD77,K00406,pchC,C_Toluene_degradation,Aromatics
BD77,K00428,latA,D_NR,Polymers
BD77,K00446,xylE,C_Catechol_degradation,Aromatics
BD77,K00523,antC,C_Anthranilate_degradation,Aromatics
BD77,K00523,benC,C_Benzoate_degradation,Aromatics
BD77,K00523,nagAa,C_1-Methylnaphthalene/2-Methylnaphthalene_degradation,Aromatics
BD77,K00523,tphA1I,C_Terephthalate_degradation,Aromatics
BD77,K00523,xylZ,C_Benzoate_degradation,Aromatics
BD77,K00528,xamoF,B_Propene_degradation,Alkenes
BD77,K00528,nagAa,C_1-Methylnaphthalene/2-Methylnaphthalene_degradation,Aromatics
BD77,K00528,tphA1I,C_Terephthalate_degradation,Aromatics
BD77,K00549,etnE,B_Ethene_and_chloroethene_degradation,Alkenes
BD77,K00549,xecA,B_Propene_degradation,Alkenes
BD77,K00627,bphD,C_Biphenyl_degradation,Aromatics
BD77,K00632,pcaF,C_Catechol_degradation,Aromatics
BD77,K00632,pcaF,C_Protocatechuate_degradation,Aromatics
BD77,K00633,at,E_Sophorolipids,Biosurfactant
BD77,K00661,at,E_Sophorolipids,Biosurfactant
BD77,K00645,ituD,E_Iturin,Biosurfactant
BD77,K00799,isoI,B_Isoprene_degradation,Alkenes
BD77,K01028,pcaI,C_Protocatechuate_degradation,Aromatics
BD77,K01046,estA,D_PBAT,Polymers
BD77,K01046,FB4_0780,D_PBAT,Polymers
BD77,K01046,lip,D_PU,Polymers
BD77,K01046,lip,D_PET,Polymers
BD77,K01046,lipA,D_PET,Polymers
BD77,K01046,lipA,D_PCL,Polymers
BD77,K01046,lipA,D_PBSA,Polymers
BD77,K01046,plaA,D_PLA,Polymers
BD77,K01046,plaM4,D_PBS,Polymers
BD77,K01046,plaM4,D_PES,Polymers
BD77,K01046,plaM4,D_PHA,Polymers
BD77,K01046,plaM4,D_PBSA,Polymers
BD77,K01046,plaM4,D_PCL,Polymers
BD77,K01046,plaM4,D_PHB,Polymers
BD77,K01046,plaM4,D_PLA,Polymers
BD77,K01046,plaM5,D_PLA,Polymers
BD77,K01055,pcaD,C_Catechol_degradation,Aromatics
BD77,K01055,pcaD,C_Protocatechuate_degradation,Aromatics
BD77,K14727,pcaD,C_Catechol_degradation,Aromatics
BD77,K14727,pcaD,C_Protocatechuate_degradation,Aromatics
BD77,K19707,pcaD,C_Catechol_degradation,Aromatics
BD77,K19707,pcaD,C_Protocatechuate_degradation,Aromatics
BD77,K01104,wzb,E_Emulsan,Biosurfactant
BD77,K20945,wzb,E_Emulsan,Biosurfactant
BD77,K01200,pulA,D_PU,Polymers
BD77,K01259,pcaD,C_Catechol_degradation,Aromatics
BD77,K01259,pcaD,C_Protocatechuate_degradation,Aromatics
BD77,K01426,NFA_28320,D_Nylon,Polymers
BD77,K01426,nylA,D_Nylon,Polymers
BD77,K01465,benC,C_Benzoate_degradation,Aromatics
BD77,K01617,praD,C_Protocatechuate_degradation,Aromatics
BD77,K01617,xylI,C_Catechol_degradation,Aromatics
BD77,K01617,xylJ,C_Catechol_degradation,Aromatics
BD77,K01628,padC2,C_Phthalate_degradation,Aromatics
BD77,K01649,xylK,C_Catechol_degradation,Aromatics
BD77,K01666,xylK,C_Catechol_degradation,Aromatics
BD77,K01800,nagL,C_Gentisate_degradation,Aromatics
BD77,K01801,nagL,C_Gentisate_degradation,Aromatics
BD77,K01821,praC,C_Protocatechuate_degradation,Aromatics
BD77,K01821,xylH,C_Catechol_degradation,Aromatics
BD77,K01856,catB,C_Catechol_degradation,Aromatics
BD77,K01895,pqsA,C_Anthranilate_degradation,Aromatics
BD77,K02613,paaE,C_Phenylacetate_degradation,Aromatics
BD77,K02660,alkN_mcp,A_Hydrocarbon_uptake,Alkanes
BD77,K03098,blc,A_Hydrocarbon_uptake,Alkanes
BD77,K03381,catA,C_Catechol_degradation,Aromatics
BD77,K03386,ahpC,A_Finnerty_pathway,Alkanes
BD77,K03387,ahpF,A_Finnerty_pathway,Alkanes
BD77,K03406,alkN_mcp,A_Hydrocarbon_uptake,Alkanes
BD77,K03464,catC,C_Catechol_degradation,Aromatics
BD77,K03556,alkS,A_Auxiliar_alkane_gene,Alkanes
BD77,K03599,nagL,C_Gentisate_degradation,Aromatics
BD77,K03644,lipA,D_PET,Polymers
BD77,K03644,lipA,D_PCL,Polymers
BD77,K03644,lipA,D_PBSA,Polymers
BD77,K03801,lipB,D_PET,Polymers
BD77,K04755,benC,C_Benzoate_degradation,Aromatics
BD77,K04755,nagAa,C_1-Methylnaphthalene/2-Methylnaphthalene_degradation,Aromatics
BD77,K04755,xylZ,C_Benzoate_degradation,Aromatics
BD77,K05549,antA,C_Anthranilate_degradation,Aromatics
BD77,K05549,benA,C_Benzoate_degradation,Aromatics
BD77,K05549,xylX,C_Benzoate_degradation,Aromatics
BD77,K05550,antB,C_Anthranilate_degradation,Aromatics
BD77,K05550,benB,C_Benzoate_degradation,Aromatics
BD77,K05550,xylY,C_Benzoate_degradation,Aromatics
BD77,K05783,xylL,C_Benzoate_degradation,Aromatics
BD77,K05784,prmB,A_Subterminal_oxidation,Alkanes
BD77,K05784,isoF,B_Isoprene_degradation,Alkenes
BD77,K05784,xamoF,B_Propene_degradation,Alkenes
BD77,K05784,antC,C_Anthranilate_degradation,Aromatics
BD77,K05784,benC,C_Benzoate_degradation,Aromatics
BD77,K05784,xylZ,C_Benzoate_degradation,Aromatics
BD77,K14581,benC,C_Benzoate_degradation,Aromatics
BD77,K14581,nagAa,C_1-Methylnaphthalene/2-Methylnaphthalene_degradation,Aromatics
BD77,K14581,xylZ,C_Benzoate_degradation,Aromatics
BD77,K16161,benC,C_Benzoate_degradation,Aromatics
BD77,K16161,xylZ,C_Benzoate_degradation,Aromatics
BD77,K06999,est,D_PU,Polymers
BD77,K06999,est,D_PET,Polymers
BD77,K06999,est,D_PBSA,Polymers
BD77,K06999,est,D_PCL,Polymers
BD77,K06999,est,D_PBAT,Polymers
BD77,K06999,est,D_PLA,Polymers
BD77,K07071,blc,A_Hydrocarbon_uptake,Alkanes
BD77,K07275,alkL,A_Hydrocarbon_uptake,Alkanes
BD77,K07823,pcaF,C_Catechol_degradation,Aromatics
BD77,K07823,pcaF,C_Protocatechuate_degradation,Aromatics
BD77,K10216,todF,C_Toluene_degradation,Aromatics
BD77,K10216,xylF,C_Catechol_degradation,Aromatics
BD77,K10804,est,D_PU,Polymers
BD77,K10804,est,D_PET,Polymers
BD77,K10804,est,D_PBSA,Polymers
BD77,K10804,est,D_PCL,Polymers
BD77,K10804,est,D_PBAT,Polymers
BD77,K10804,est,D_PLA,Polymers
BD77,K16048,styB,C_Styrene_degradation,Aromatics
BD77,K16050,bphD,C_Biphenyl_degradation,Aromatics
BD77,K16242,isoA,B_Isoprene_degradation,Alkenes
BD77,K16242,dmpN,C_Phenol_degradation,Aromatics
BD77,K16242,tomA3,C_Toluene_degradation,Aromatics
BD77,K16243,dmpL,C_Phenol_degradation,Aromatics
BD77,K16243,tomA1,C_Toluene_degradation,Aromatics
BD77,K16244,dmpM,C_Phenol_degradation,Aromatics
BD77,K16244,tomA2,C_Toluene_degradation,Aromatics
BD77,K16245,dmpO,C_Phenol_degradation,Aromatics
BD77,K16245,tomA4,C_Toluene_degradation,Aromatics
BD77,K16246,dmpP,C_Phenol_degradation,Aromatics
BD77,K16246,tomA5,C_Toluene_degradation,Aromatics
BD77,K16249,dmpK,C_Phenol_degradation,Aromatics
BD77,K16692,wzc,E_Emulsan,Biosurfactant
BD77,K17763,BAY15_3292,D_PVA,Polymers
BD77,K18364,xylJ,C_Catechol_degradation,Aromatics
BD81,K00019,hbd,D_PHBV,Polymers
BD81,K00019,hbd,D_PHA,Polymers
BD81,K00019,hbd,D_P3HV,Polymers
BD81,K00104,pchF,C_Toluene_degradation,Aromatics
BD81,K00128,alkH_ald,A_Auxiliar_alkane_gene,Alkanes
BD81,K00128,mpdC,B_2-methylpropene_degradation,Alkenes
BD81,K00128,dpgC,C_Toluene_degradation,Aromatics
BD81,K00128,mdlD,C_Toluene_degradation,Aromatics
BD81,K00128,pchA,C_Toluene_degradation,Aromatics
BD81,K00128,phdK,C_Phenanthrene_degradation,Aromatics
BD81,K00128,praB,C_Protocatechuate_degradation,Aromatics
BD81,K00128,pegC,D_PEG,Polymers
BD81,K21802,ntnC,C_Toluene_degradation,Aromatics
BD81,K21802,pchA,C_Toluene_degradation,Aromatics
BD81,K21802,xylC,C_Toluene_degradation,Aromatics
BD81,K21802,xylC,C_Dimethylbenzene,Aromatics
BD81,K00219,abmA,C_Anthranilate_degradation,Aromatics
BD81,K00354,abmA,C_Anthranilate_degradation,Aromatics
BD81,K00362,alkT_rubB_rdxR,A_Terminal/biterminal_oxidation,Alkanes
BD81,K00362,andAa,C_Anthranilate_degradation,Aromatics
BD81,K00362,padAd1,C_Phthalate_degradation,Aromatics
BD81,K00363,andAb,C_Anthranilate_degradation,Aromatics
BD81,K00363,bedB,C_Benzene_degradation,Aromatics
BD81,K00363,bphAc,C_Biphenyl_degradation,Aromatics
BD81,K00363,nagAb,C_1-Methylnaphthalene/2-Methylnaphthalene_degradation,Aromatics
BD81,K00363,todB,C_Toluene_degradation,Aromatics
BD81,K00382,xecC,B_Propene_degradation,Alkenes
BD81,K00483,hpaB,C_4-Hydroxyphenylacetate_degradation,Aromatics
BD81,K00483,hpaH,C_Anthranilate_degradation,Aromatics
BD81,K00549,etnE,B_Ethene_and_chloroethene_degradation,Alkenes
BD81,K00549,xecA,B_Propene_degradation,Alkenes
BD81,K00627,bphD,C_Biphenyl_degradation,Aromatics
BD81,K00632,pcaF,C_Catechol_degradation,Aromatics
BD81,K00632,pcaF,C_Protocatechuate_degradation,Aromatics
BD81,K00661,at,E_Sophorolipids,Biosurfactant
BD81,K00645,ituD,E_Iturin,Biosurfactant
BD81,K15327,ituD,E_Iturin,Biosurfactant
BD81,K15329,ituD,E_Iturin,Biosurfactant
BD81,K01028,pcaI,C_Protocatechuate_degradation,Aromatics
BD81,K01046,estA,D_PBAT,Polymers
BD81,K01046,FB4_0780,D_PBAT,Polymers
BD81,K01046,lip,D_PU,Polymers
BD81,K01046,lip,D_PET,Polymers
BD81,K01046,lipA,D_PET,Polymers
BD81,K01046,lipA,D_PCL,Polymers
BD81,K01046,lipA,D_PBSA,Polymers
BD81,K01046,plaA,D_PLA,Polymers
BD81,K01046,plaM4,D_PBS,Polymers
BD81,K01046,plaM4,D_PES,Polymers
BD81,K01046,plaM4,D_PHA,Polymers
BD81,K01046,plaM4,D_PBSA,Polymers
BD81,K01046,plaM4,D_PCL,Polymers
BD81,K01046,plaM4,D_PHB,Polymers
BD81,K01046,plaM4,D_PLA,Polymers
BD81,K01046,plaM5,D_PLA,Polymers
BD81,K01104,wzb,E_Emulsan,Biosurfactant
BD81,K01200,pulA,D_PU,Polymers
BD81,K01259,pcaD,C_Catechol_degradation,Aromatics
BD81,K01259,pcaD,C_Protocatechuate_degradation,Aromatics
BD81,K01342,SUBB_LEDLE,D_PLA,Polymers
BD81,K01342,subC,D_PLA,Polymers
BD81,K01342,SUBS_LEDLE,D_PLA,Polymers
BD81,K13277,subC,D_PLA,Polymers
BD81,K01465,benC,C_Benzoate_degradation,Aromatics
BD81,K01649,xylK,C_Catechol_degradation,Aromatics
BD81,K01821,praC,C_Protocatechuate_degradation,Aromatics
BD81,K01821,xylH,C_Catechol_degradation,Aromatics
BD81,K01895,pqsA,C_Anthranilate_degradation,Aromatics
BD81,K02364,ppsE,E_Plipastatin,Biosurfactant
BD81,K15656,ppsE,E_Plipastatin,Biosurfactant
BD81,K15668,ppsE,E_Plipastatin,Biosurfactant
BD81,K02823,prmB,A_Subterminal_oxidation,Alkanes
BD81,K02823,isoF,B_Isoprene_degradation,Alkenes
BD81,K02823,xamoF,B_Propene_degradation,Alkenes
BD81,K02823,antC,C_Anthranilate_degradation,Aromatics
BD81,K02823,benC,C_Benzoate_degradation,Aromatics
BD81,K02823,nagAa,C_1-Methylnaphthalene/2-Methylnaphthalene_degradation,Aromatics
BD81,K02823,tphA1I,C_Terephthalate_degradation,Aromatics
BD81,K02823,xylZ,C_Benzoate_degradation,Aromatics
BD81,K03386,ahpC,A_Finnerty_pathway,Alkanes
BD81,K03387,ahpF,A_Finnerty_pathway,Alkanes
BD81,K03406,alkN_mcp,A_Hydrocarbon_uptake,Alkanes
BD81,K03644,lipA,D_PET,Polymers
BD81,K03644,lipA,D_PCL,Polymers
BD81,K03644,lipA,D_PBSA,Polymers
BD81,K03929,CLOSTHATH_07193,D_PBAT,Polymers
BD81,K03929,estC,D_PLA,Polymers
BD81,K03929,estC,D_PBSA,Polymers
BD81,K03929,pnbA,D_PET,Polymers
BD81,K03929,pudA,D_PU,Polymers
BD81,K04091,ssuD,A_Auxiliar_alkane_gene,Alkanes
BD81,K20938,LadA,A_Terminal/biterminal_oxidation,Alkanes
BD81,K20938,ssuD,A_Auxiliar_alkane_gene,Alkanes
BD81,K05337,padAc1,C_Phthalate_degradation,Aromatics
BD81,K15765,isoF,B_Isoprene_degradation,Alkenes
BD81,K15765,xamoF,B_Propene_degradation,Alkenes
BD81,K06133,ffp,E_Fengacyn,Biosurfactant
BD81,K06133,sfp,E_Surfactin,Biosurfactant
BD81,K06999,est,D_PU,Polymers
BD81,K06999,est,D_PET,Polymers
BD81,K06999,est,D_PBSA,Polymers
BD81,K06999,est,D_PCL,Polymers
BD81,K06999,est,D_PBAT,Polymers
BD81,K06999,est,D_PLA,Polymers
BD81,K07071,blc,A_Hydrocarbon_uptake,Alkanes
BD81,K15654,srfAA,E_Surfactin,Biosurfactant
BD81,K15654,srfAB,E_Surfactin,Biosurfactant
BD81,K15655,srfAA,E_Surfactin,Biosurfactant
BD81,K15655,srfAB,E_Surfactin,Biosurfactant
BD81,K16119,srfAA,E_Surfactin,Biosurfactant
BD81,K16120,srfAB,E_Surfactin,Biosurfactant
BD81,K15661,ituA,E_Iturin,Biosurfactant
BD81,K15661,mycA,E_Mycosubtilin,Biosurfactant
BD81,K15664,ppsA,E_Plipastatin,Biosurfactant
BD81,K15664,ppsC,E_Plipastatin,Biosurfactant
BD81,K15664,ppsD,E_Plipastatin,Biosurfactant
BD81,K15666,ppsA,E_Plipastatin,Biosurfactant
BD81,K15666,ppsC,E_Plipastatin,Biosurfactant
BD81,K15666,ppsD,E_Plipastatin,Biosurfactant
BD81,K15667,ppsA,E_Plipastatin,Biosurfactant
BD81,K15667,ppsC,E_Plipastatin,Biosurfactant
BD81,K15667,ppsD,E_Plipastatin,Biosurfactant
BD81,K15665,ppsB,E_Plipastatin,Biosurfactant
BD81,K17763,BAY15_3292,D_PVA,Polymers
BD81,K17828,benC,C_Benzoate_degradation,Aromatics
BD81,K19707,pcaD,C_Catechol_degradation,Aromatics
BD81,K19707,pcaD,C_Protocatechuate_degradation,Aromatics
BD83,K00019,hbd,D_PHBV,Polymers
BD83,K00019,hbd,D_PHA,Polymers
BD83,K00019,hbd,D_P3HV,Polymers
BD83,K00097,tphB,C_Terephthalate_degradation,Aromatics
BD83,K00104,pchF,C_Toluene_degradation,Aromatics
BD83,K00108,alkJ_adh,A_Auxiliar_alkane_gene,Alkanes
BD83,K00108,pegA,D_PEG,Polymers
BD83,K00128,alkH_ald,A_Auxiliar_alkane_gene,Alkanes
BD83,K00128,mpdC,B_2-methylpropene_degradation,Alkenes
BD83,K00128,dpgC,C_Toluene_degradation,Aromatics
BD83,K00128,mdlD,C_Toluene_degradation,Aromatics
BD83,K00128,pchA,C_Toluene_degradation,Aromatics
BD83,K00128,phdK,C_Phenanthrene_degradation,Aromatics
BD83,K00128,praB,C_Protocatechuate_degradation,Aromatics
BD83,K00128,pegC,D_PEG,Polymers
BD83,K00151,praB,C_Protocatechuate_degradation,Aromatics
BD83,K10217,praB,C_Protocatechuate_degradation,Aromatics
BD83,K10217,xylG,C_Catechol_degradation,Aromatics
BD83,K00154,alkH_ald,A_Auxiliar_alkane_gene,Alkanes
BD83,K00154,dpgC,C_Toluene_degradation,Aromatics
BD83,K00154,mdlD,C_Toluene_degradation,Aromatics
BD83,K00219,abmA,C_Anthranilate_degradation,Aromatics
BD83,K00351,dmpP,C_Phenol_degradation,Aromatics
BD83,K00351,tmoF,C_Toluene_degradation,Aromatics
BD83,K00351,tomA5,C_Toluene_degradation,Aromatics
BD83,K00354,abmA,C_Anthranilate_degradation,Aromatics
BD83,K00362,alkT_rubB_rdxR,A_Terminal/biterminal_oxidation,Alkanes
BD83,K00362,andAa,C_Anthranilate_degradation,Aromatics
BD83,K00362,padAd1,C_Phthalate_degradation,Aromatics
BD83,K05297,alkG_rubA_rdx,A_Terminal/biterminal_oxidation,Alkanes
BD83,K05297,alkG_rubA1_rdx,A_Terminal/biterminal_oxidation,Alkanes
BD83,K05297,alkG_rubA2_rdx,A_Terminal/biterminal_oxidation,Alkanes
BD83,K05297,alkT_rubB_rdxR,A_Terminal/biterminal_oxidation,Alkanes
BD83,K00363,andAb,C_Anthranilate_degradation,Aromatics
BD83,K00363,bedB,C_Benzene_degradation,Aromatics
BD83,K00363,bphAc,C_Biphenyl_degradation,Aromatics
BD83,K00363,nagAb,C_1-Methylnaphthalene/2-Methylnaphthalene_degradation,Aromatics
BD83,K00363,todB,C_Toluene_degradation,Aromatics
BD83,K01061,phaZ,D_P4HB,Polymers
BD83,K01061,phaZ,D_PEA,Polymers
BD83,K01061,phaZ,D_P3HP,Polymers
BD83,K01061,phaZ,D_PHBV,Polymers
BD83,K01061,phaZ,D_PHO,Polymers
BD83,K01061,phaZ,D_PPL,Polymers
BD83,K01061,phaZ,D_PHB,Polymers
BD83,K01061,phaZ,D_PHA,Polymers
BD83,K01061,phaZ,D_PHPV,Polymers
BD83,K01061,phaZ,D_PCL,Polymers
BD83,K01061,phaZ,D_PES,Polymers
BD83,K00382,xecC,B_Propene_degradation,Alkenes
BD83,K00406,pchC,C_Toluene_degradation,Aromatics
BD83,K00428,latA,D_NR,Polymers
BD83,K00446,xylE,C_Catechol_degradation,Aromatics
BD83,K00523,antC,C_Anthranilate_degradation,Aromatics
BD83,K00523,benC,C_Benzoate_degradation,Aromatics
BD83,K00523,nagAa,C_1-Methylnaphthalene/2-Methylnaphthalene_degradation,Aromatics
BD83,K00523,tphA1I,C_Terephthalate_degradation,Aromatics
BD83,K00523,xylZ,C_Benzoate_degradation,Aromatics
BD83,K00528,xamoF,B_Propene_degradation,Alkenes
BD83,K00528,nagAa,C_1-Methylnaphthalene/2-Methylnaphthalene_degradation,Aromatics
BD83,K00528,tphA1I,C_Terephthalate_degradation,Aromatics
BD83,K00549,etnE,B_Ethene_and_chloroethene_degradation,Alkenes
BD83,K00549,xecA,B_Propene_degradation,Alkenes
BD83,K00627,bphD,C_Biphenyl_degradation,Aromatics
BD83,K00632,pcaF,C_Catechol_degradation,Aromatics
BD83,K00632,pcaF,C_Protocatechuate_degradation,Aromatics
BD83,K00633,at,E_Sophorolipids,Biosurfactant
BD83,K00661,at,E_Sophorolipids,Biosurfactant
BD83,K00645,ituD,E_Iturin,Biosurfactant
BD83,K00799,isoI,B_Isoprene_degradation,Alkenes
BD83,K01028,pcaI,C_Protocatechuate_degradation,Aromatics
BD83,K01046,estA,D_PBAT,Polymers
BD83,K01046,FB4_0780,D_PBAT,Polymers
BD83,K01046,lip,D_PU,Polymers
BD83,K01046,lip,D_PET,Polymers
BD83,K01046,lipA,D_PET,Polymers
BD83,K01046,lipA,D_PCL,Polymers
BD83,K01046,lipA,D_PBSA,Polymers
BD83,K01046,plaA,D_PLA,Polymers
BD83,K01046,plaM4,D_PBS,Polymers
BD83,K01046,plaM4,D_PES,Polymers
BD83,K01046,plaM4,D_PHA,Polymers
BD83,K01046,plaM4,D_PBSA,Polymers
BD83,K01046,plaM4,D_PCL,Polymers
BD83,K01046,plaM4,D_PHB,Polymers
BD83,K01046,plaM4,D_PLA,Polymers
BD83,K01046,plaM5,D_PLA,Polymers
BD83,K01055,pcaD,C_Catechol_degradation,Aromatics
BD83,K01055,pcaD,C_Protocatechuate_degradation,Aromatics
BD83,K14727,pcaD,C_Catechol_degradation,Aromatics
BD83,K14727,pcaD,C_Protocatechuate_degradation,Aromatics
BD83,K19707,pcaD,C_Catechol_degradation,Aromatics
BD83,K19707,pcaD,C_Protocatechuate_degradation,Aromatics
BD83,K01104,wzb,E_Emulsan,Biosurfactant
BD83,K20945,wzb,E_Emulsan,Biosurfactant
BD83,K01200,pulA,D_PU,Polymers
BD83,K01259,pcaD,C_Catechol_degradation,Aromatics
BD83,K01259,pcaD,C_Protocatechuate_degradation,Aromatics
BD83,K01426,NFA_28320,D_Nylon,Polymers
BD83,K01426,nylA,D_Nylon,Polymers
BD83,K01465,benC,C_Benzoate_degradation,Aromatics
BD83,K01617,praD,C_Protocatechuate_degradation,Aromatics
BD83,K01617,xylI,C_Catechol_degradation,Aromatics
BD83,K01617,xylJ,C_Catechol_degradation,Aromatics
BD83,K01628,padC2,C_Phthalate_degradation,Aromatics
BD83,K01649,xylK,C_Catechol_degradation,Aromatics
BD83,K01666,xylK,C_Catechol_degradation,Aromatics
BD83,K01800,nagL,C_Gentisate_degradation,Aromatics
BD83,K01801,nagL,C_Gentisate_degradation,Aromatics
BD83,K01821,praC,C_Protocatechuate_degradation,Aromatics
BD83,K01821,xylH,C_Catechol_degradation,Aromatics
BD83,K01856,catB,C_Catechol_degradation,Aromatics
BD83,K01895,pqsA,C_Anthranilate_degradation,Aromatics
BD83,K02613,paaE,C_Phenylacetate_degradation,Aromatics
BD83,K02660,alkN_mcp,A_Hydrocarbon_uptake,Alkanes
BD83,K03098,blc,A_Hydrocarbon_uptake,Alkanes
BD83,K03381,catA,C_Catechol_degradation,Aromatics
BD83,K03386,ahpC,A_Finnerty_pathway,Alkanes
BD83,K03387,ahpF,A_Finnerty_pathway,Alkanes
BD83,K03406,alkN_mcp,A_Hydrocarbon_uptake,Alkanes
BD83,K03464,catC,C_Catechol_degradation,Aromatics
BD83,K03556,alkS,A_Auxiliar_alkane_gene,Alkanes
BD83,K03599,nagL,C_Gentisate_degradation,Aromatics
BD83,K03644,lipA,D_PET,Polymers
BD83,K03644,lipA,D_PCL,Polymers
BD83,K03644,lipA,D_PBSA,Polymers
BD83,K03801,lipB,D_PET,Polymers
BD83,K04755,benC,C_Benzoate_degradation,Aromatics
BD83,K04755,nagAa,C_1-Methylnaphthalene/2-Methylnaphthalene_degradation,Aromatics
BD83,K04755,xylZ,C_Benzoate_degradation,Aromatics
BD83,K05549,antA,C_Anthranilate_degradation,Aromatics
BD83,K05549,benA,C_Benzoate_degradation,Aromatics
BD83,K05549,xylX,C_Benzoate_degradation,Aromatics
BD83,K05550,antB,C_Anthranilate_degradation,Aromatics
BD83,K05550,benB,C_Benzoate_degradation,Aromatics
BD83,K05550,xylY,C_Benzoate_degradation,Aromatics
BD83,K05783,xylL,C_Benzoate_degradation,Aromatics
BD83,K05784,prmB,A_Subterminal_oxidation,Alkanes
BD83,K05784,isoF,B_Isoprene_degradation,Alkenes
BD83,K05784,xamoF,B_Propene_degradation,Alkenes
BD83,K05784,antC,C_Anthranilate_degradation,Aromatics
BD83,K05784,benC,C_Benzoate_degradation,Aromatics
BD83,K05784,xylZ,C_Benzoate_degradation,Aromatics
BD83,K14581,benC,C_Benzoate_degradation,Aromatics
BD83,K14581,nagAa,C_1-Methylnaphthalene/2-Methylnaphthalene_degradation,Aromatics
BD83,K14581,xylZ,C_Benzoate_degradation,Aromatics
BD83,K16161,benC,C_Benzoate_degradation,Aromatics
BD83,K16161,xylZ,C_Benzoate_degradation,Aromatics
BD83,K06999,est,D_PU,Polymers
BD83,K06999,est,D_PET,Polymers
BD83,K06999,est,D_PBSA,Polymers
BD83,K06999,est,D_PCL,Polymers
BD83,K06999,est,D_PBAT,Polymers
BD83,K06999,est,D_PLA,Polymers
BD83,K07071,blc,A_Hydrocarbon_uptake,Alkanes
BD83,K07275,alkL,A_Hydrocarbon_uptake,Alkanes
BD83,K07823,pcaF,C_Catechol_degradation,Aromatics
BD83,K07823,pcaF,C_Protocatechuate_degradation,Aromatics
BD83,K10216,todF,C_Toluene_degradation,Aromatics
BD83,K10216,xylF,C_Catechol_degradation,Aromatics
BD83,K10804,est,D_PU,Polymers
BD83,K10804,est,D_PET,Polymers
BD83,K10804,est,D_PBSA,Polymers
BD83,K10804,est,D_PCL,Polymers
BD83,K10804,est,D_PBAT,Polymers
BD83,K10804,est,D_PLA,Polymers
BD83,K16048,styB,C_Styrene_degradation,Aromatics
BD83,K16050,bphD,C_Biphenyl_degradation,Aromatics
BD83,K16242,isoA,B_Isoprene_degradation,Alkenes
BD83,K16242,dmpN,C_Phenol_degradation,Aromatics
BD83,K16242,tomA3,C_Toluene_degradation,Aromatics
BD83,K16243,dmpL,C_Phenol_degradation,Aromatics
BD83,K16243,tomA1,C_Toluene_degradation,Aromatics
BD83,K16244,dmpM,C_Phenol_degradation,Aromatics
BD83,K16244,tomA2,C_Toluene_degradation,Aromatics
BD83,K16245,dmpO,C_Phenol_degradation,Aromatics
BD83,K16245,tomA4,C_Toluene_degradation,Aromatics
BD83,K16246,dmpP,C_Phenol_degradation,Aromatics
BD83,K16246,tomA5,C_Toluene_degradation,Aromatics
BD83,K16249,dmpK,C_Phenol_degradation,Aromatics
BD83,K16692,wzc,E_Emulsan,Biosurfactant
BD83,K17763,BAY15_3292,D_PVA,Polymers
BD83,K18364,xylJ,C_Catechol_degradation,Aromatics
BD95,K00019,hbd,D_PHBV,Polymers
BD95,K00019,hbd,D_PHA,Polymers
BD95,K00019,hbd,D_P3HV,Polymers
BD95,K00097,tphB,C_Terephthalate_degradation,Aromatics
BD95,K00104,pchF,C_Toluene_degradation,Aromatics
BD95,K00108,alkJ_adh,A_Auxiliar_alkane_gene,Alkanes
BD95,K00108,pegA,D_PEG,Polymers
BD95,K00128,alkH_ald,A_Auxiliar_alkane_gene,Alkanes
BD95,K00128,mpdC,B_2-methylpropene_degradation,Alkenes
BD95,K00128,dpgC,C_Toluene_degradation,Aromatics
BD95,K00128,mdlD,C_Toluene_degradation,Aromatics
BD95,K00128,pchA,C_Toluene_degradation,Aromatics
BD95,K00128,phdK,C_Phenanthrene_degradation,Aromatics
BD95,K00128,praB,C_Protocatechuate_degradation,Aromatics
BD95,K00128,pegC,D_PEG,Polymers
BD95,K00151,praB,C_Protocatechuate_degradation,Aromatics
BD95,K10217,praB,C_Protocatechuate_degradation,Aromatics
BD95,K10217,xylG,C_Catechol_degradation,Aromatics
BD95,K00154,alkH_ald,A_Auxiliar_alkane_gene,Alkanes
BD95,K00154,dpgC,C_Toluene_degradation,Aromatics
BD95,K00154,mdlD,C_Toluene_degradation,Aromatics
BD95,K00219,abmA,C_Anthranilate_degradation,Aromatics
BD95,K00351,dmpP,C_Phenol_degradation,Aromatics
BD95,K00351,tmoF,C_Toluene_degradation,Aromatics
BD95,K00351,tomA5,C_Toluene_degradation,Aromatics
BD95,K00354,abmA,C_Anthranilate_degradation,Aromatics
BD95,K00362,alkT_rubB_rdxR,A_Terminal/biterminal_oxidation,Alkanes
BD95,K00362,andAa,C_Anthranilate_degradation,Aromatics
BD95,K00362,padAd1,C_Phthalate_degradation,Aromatics
BD95,K05297,alkG_rubA_rdx,A_Terminal/biterminal_oxidation,Alkanes
BD95,K05297,alkG_rubA1_rdx,A_Terminal/biterminal_oxidation,Alkanes
BD95,K05297,alkG_rubA2_rdx,A_Terminal/biterminal_oxidation,Alkanes
BD95,K05297,alkT_rubB_rdxR,A_Terminal/biterminal_oxidation,Alkanes
BD95,K00363,andAb,C_Anthranilate_degradation,Aromatics
BD95,K00363,bedB,C_Benzene_degradation,Aromatics
BD95,K00363,bphAc,C_Biphenyl_degradation,Aromatics
BD95,K00363,nagAb,C_1-Methylnaphthalene/2-Methylnaphthalene_degradation,Aromatics
BD95,K00363,todB,C_Toluene_degradation,Aromatics
BD95,K01061,phaZ,D_P4HB,Polymers
BD95,K01061,phaZ,D_PEA,Polymers
BD95,K01061,phaZ,D_P3HP,Polymers
BD95,K01061,phaZ,D_PHBV,Polymers
BD95,K01061,phaZ,D_PHO,Polymers
BD95,K01061,phaZ,D_PPL,Polymers
BD95,K01061,phaZ,D_PHB,Polymers
BD95,K01061,phaZ,D_PHA,Polymers
BD95,K01061,phaZ,D_PHPV,Polymers
BD95,K01061,phaZ,D_PCL,Polymers
BD95,K01061,phaZ,D_PES,Polymers
BD95,K00382,xecC,B_Propene_degradation,Alkenes
BD95,K00406,pchC,C_Toluene_degradation,Aromatics
BD95,K00428,latA,D_NR,Polymers
BD95,K00446,xylE,C_Catechol_degradation,Aromatics
BD95,K00523,antC,C_Anthranilate_degradation,Aromatics
BD95,K00523,benC,C_Benzoate_degradation,Aromatics
BD95,K00523,nagAa,C_1-Methylnaphthalene/2-Methylnaphthalene_degradation,Aromatics
BD95,K00523,tphA1I,C_Terephthalate_degradation,Aromatics
BD95,K00523,xylZ,C_Benzoate_degradation,Aromatics
BD95,K00528,xamoF,B_Propene_degradation,Alkenes
BD95,K00528,nagAa,C_1-Methylnaphthalene/2-Methylnaphthalene_degradation,Aromatics
BD95,K00528,tphA1I,C_Terephthalate_degradation,Aromatics
BD95,K00549,etnE,B_Ethene_and_chloroethene_degradation,Alkenes
BD95,K00549,xecA,B_Propene_degradation,Alkenes
BD95,K00627,bphD,C_Biphenyl_degradation,Aromatics
BD95,K00632,pcaF,C_Catechol_degradation,Aromatics
BD95,K00632,pcaF,C_Protocatechuate_degradation,Aromatics
BD95,K00633,at,E_Sophorolipids,Biosurfactant
BD95,K00661,at,E_Sophorolipids,Biosurfactant
BD95,K00645,ituD,E_Iturin,Biosurfactant
BD95,K00799,isoI,B_Isoprene_degradation,Alkenes
BD95,K01028,pcaI,C_Protocatechuate_degradation,Aromatics
BD95,K01046,estA,D_PBAT,Polymers
BD95,K01046,FB4_0780,D_PBAT,Polymers
BD95,K01046,lip,D_PU,Polymers
BD95,K01046,lip,D_PET,Polymers
BD95,K01046,lipA,D_PET,Polymers
BD95,K01046,lipA,D_PCL,Polymers
BD95,K01046,lipA,D_PBSA,Polymers
BD95,K01046,plaA,D_PLA,Polymers
BD95,K01046,plaM4,D_PBS,Polymers
BD95,K01046,plaM4,D_PES,Polymers
BD95,K01046,plaM4,D_PHA,Polymers
BD95,K01046,plaM4,D_PBSA,Polymers
BD95,K01046,plaM4,D_PCL,Polymers
BD95,K01046,plaM4,D_PHB,Polymers
BD95,K01046,plaM4,D_PLA,Polymers
BD95,K01046,plaM5,D_PLA,Polymers
BD95,K01055,pcaD,C_Catechol_degradation,Aromatics
BD95,K01055,pcaD,C_Protocatechuate_degradation,Aromatics
BD95,K14727,pcaD,C_Catechol_degradation,Aromatics
BD95,K14727,pcaD,C_Protocatechuate_degradation,Aromatics
BD95,K19707,pcaD,C_Catechol_degradation,Aromatics
BD95,K19707,pcaD,C_Protocatechuate_degradation,Aromatics
BD95,K01104,wzb,E_Emulsan,Biosurfactant
BD95,K20945,wzb,E_Emulsan,Biosurfactant
BD95,K01200,pulA,D_PU,Polymers
BD95,K01259,pcaD,C_Catechol_degradation,Aromatics
BD95,K01259,pcaD,C_Protocatechuate_degradation,Aromatics
BD95,K01426,NFA_28320,D_Nylon,Polymers
BD95,K01426,nylA,D_Nylon,Polymers
BD95,K01465,benC,C_Benzoate_degradation,Aromatics
BD95,K01617,praD,C_Protocatechuate_degradation,Aromatics
BD95,K01617,xylI,C_Catechol_degradation,Aromatics
BD95,K01617,xylJ,C_Catechol_degradation,Aromatics
BD95,K01628,padC2,C_Phthalate_degradation,Aromatics
BD95,K01649,xylK,C_Catechol_degradation,Aromatics
BD95,K01666,xylK,C_Catechol_degradation,Aromatics
BD95,K01800,nagL,C_Gentisate_degradation,Aromatics
BD95,K01801,nagL,C_Gentisate_degradation,Aromatics
BD95,K01821,praC,C_Protocatechuate_degradation,Aromatics
BD95,K01821,xylH,C_Catechol_degradation,Aromatics
BD95,K01856,catB,C_Catechol_degradation,Aromatics
BD95,K01895,pqsA,C_Anthranilate_degradation,Aromatics
BD95,K02613,paaE,C_Phenylacetate_degradation,Aromatics
BD95,K02660,alkN_mcp,A_Hydrocarbon_uptake,Alkanes
BD95,K03098,blc,A_Hydrocarbon_uptake,Alkanes
BD95,K03381,catA,C_Catechol_degradation,Aromatics
BD95,K03386,ahpC,A_Finnerty_pathway,Alkanes
BD95,K03387,ahpF,A_Finnerty_pathway,Alkanes
BD95,K03406,alkN_mcp,A_Hydrocarbon_uptake,Alkanes
BD95,K03464,catC,C_Catechol_degradation,Aromatics
BD95,K03556,alkS,A_Auxiliar_alkane_gene,Alkanes
BD95,K03599,nagL,C_Gentisate_degradation,Aromatics
BD95,K03644,lipA,D_PET,Polymers
BD95,K03644,lipA,D_PCL,Polymers
BD95,K03644,lipA,D_PBSA,Polymers
BD95,K03801,lipB,D_PET,Polymers
BD95,K04755,benC,C_Benzoate_degradation,Aromatics
BD95,K04755,nagAa,C_1-Methylnaphthalene/2-Methylnaphthalene_degradation,Aromatics
BD95,K04755,xylZ,C_Benzoate_degradation,Aromatics
BD95,K05549,antA,C_Anthranilate_degradation,Aromatics
BD95,K05549,benA,C_Benzoate_degradation,Aromatics
BD95,K05549,xylX,C_Benzoate_degradation,Aromatics
BD95,K05550,antB,C_Anthranilate_degradation,Aromatics
BD95,K05550,benB,C_Benzoate_degradation,Aromatics
BD95,K05550,xylY,C_Benzoate_degradation,Aromatics
BD95,K05783,xylL,C_Benzoate_degradation,Aromatics
BD95,K05784,prmB,A_Subterminal_oxidation,Alkanes
BD95,K05784,isoF,B_Isoprene_degradation,Alkenes
BD95,K05784,xamoF,B_Propene_degradation,Alkenes
BD95,K05784,antC,C_Anthranilate_degradation,Aromatics
BD95,K05784,benC,C_Benzoate_degradation,Aromatics
BD95,K05784,xylZ,C_Benzoate_degradation,Aromatics
BD95,K14581,benC,C_Benzoate_degradation,Aromatics
BD95,K14581,nagAa,C_1-Methylnaphthalene/2-Methylnaphthalene_degradation,Aromatics
BD95,K14581,xylZ,C_Benzoate_degradation,Aromatics
BD95,K16161,benC,C_Benzoate_degradation,Aromatics
BD95,K16161,xylZ,C_Benzoate_degradation,Aromatics
BD95,K06999,est,D_PU,Polymers
BD95,K06999,est,D_PET,Polymers
BD95,K06999,est,D_PBSA,Polymers
BD95,K06999,est,D_PCL,Polymers
BD95,K06999,est,D_PBAT,Polymers
BD95,K06999,est,D_PLA,Polymers
BD95,K07071,blc,A_Hydrocarbon_uptake,Alkanes
BD95,K07275,alkL,A_Hydrocarbon_uptake,Alkanes
BD95,K07823,pcaF,C_Catechol_degradation,Aromatics
BD95,K07823,pcaF,C_Protocatechuate_degradation,Aromatics
BD95,K10216,todF,C_Toluene_degradation,Aromatics
BD95,K10216,xylF,C_Catechol_degradation,Aromatics
BD95,K10804,est,D_PU,Polymers
BD95,K10804,est,D_PET,Polymers
BD95,K10804,est,D_PBSA,Polymers
BD95,K10804,est,D_PCL,Polymers
BD95,K10804,est,D_PBAT,Polymers
BD95,K10804,est,D_PLA,Polymers
BD95,K16048,styB,C_Styrene_degradation,Aromatics
BD95,K16050,bphD,C_Biphenyl_degradation,Aromatics
BD95,K16242,isoA,B_Isoprene_degradation,Alkenes
BD95,K16242,dmpN,C_Phenol_degradation,Aromatics
BD95,K16242,tomA3,C_Toluene_degradation,Aromatics
BD95,K16243,dmpL,C_Phenol_degradation,Aromatics
BD95,K16243,tomA1,C_Toluene_degradation,Aromatics
BD95,K16244,dmpM,C_Phenol_degradation,Aromatics
BD95,K16244,tomA2,C_Toluene_degradation,Aromatics
BD95,K16245,dmpO,C_Phenol_degradation,Aromatics
BD95,K16245,tomA4,C_Toluene_degradation,Aromatics
BD95,K16246,dmpP,C_Phenol_degradation,Aromatics
BD95,K16246,tomA5,C_Toluene_degradation,Aromatics
BD95,K16249,dmpK,C_Phenol_degradation,Aromatics
BD95,K16692,wzc,E_Emulsan,Biosurfactant
BD95,K17763,BAY15_3292,D_PVA,Polymers
BD95,K18364,xylJ,C_Catechol_degradation,Aromatics
BD96,K00019,hbd,D_PHBV,Polymers
BD96,K00019,hbd,D_PHA,Polymers
BD96,K00019,hbd,D_P3HV,Polymers
BD96,K00097,tphB,C_Terephthalate_degradation,Aromatics
BD96,K00104,pchF,C_Toluene_degradation,Aromatics
BD96,K00108,alkJ_adh,A_Auxiliar_alkane_gene,Alkanes
BD96,K00108,pegA,D_PEG,Polymers
BD96,K00128,alkH_ald,A_Auxiliar_alkane_gene,Alkanes
BD96,K00128,mpdC,B_2-methylpropene_degradation,Alkenes
BD96,K00128,dpgC,C_Toluene_degradation,Aromatics
BD96,K00128,mdlD,C_Toluene_degradation,Aromatics
BD96,K00128,pchA,C_Toluene_degradation,Aromatics
BD96,K00128,phdK,C_Phenanthrene_degradation,Aromatics
BD96,K00128,praB,C_Protocatechuate_degradation,Aromatics
BD96,K00128,pegC,D_PEG,Polymers
BD96,K00151,praB,C_Protocatechuate_degradation,Aromatics
BD96,K10217,praB,C_Protocatechuate_degradation,Aromatics
BD96,K10217,xylG,C_Catechol_degradation,Aromatics
BD96,K00154,alkH_ald,A_Auxiliar_alkane_gene,Alkanes
BD96,K00154,dpgC,C_Toluene_degradation,Aromatics
BD96,K00154,mdlD,C_Toluene_degradation,Aromatics
BD96,K00219,abmA,C_Anthranilate_degradation,Aromatics
BD96,K00351,dmpP,C_Phenol_degradation,Aromatics
BD96,K00351,tmoF,C_Toluene_degradation,Aromatics
BD96,K00351,tomA5,C_Toluene_degradation,Aromatics
BD96,K00354,abmA,C_Anthranilate_degradation,Aromatics
BD96,K00362,alkT_rubB_rdxR,A_Terminal/biterminal_oxidation,Alkanes
BD96,K00362,andAa,C_Anthranilate_degradation,Aromatics
BD96,K00362,padAd1,C_Phthalate_degradation,Aromatics
BD96,K05297,alkG_rubA_rdx,A_Terminal/biterminal_oxidation,Alkanes
BD96,K05297,alkG_rubA1_rdx,A_Terminal/biterminal_oxidation,Alkanes
BD96,K05297,alkG_rubA2_rdx,A_Terminal/biterminal_oxidation,Alkanes
BD96,K05297,alkT_rubB_rdxR,A_Terminal/biterminal_oxidation,Alkanes
BD96,K00363,andAb,C_Anthranilate_degradation,Aromatics
BD96,K00363,bedB,C_Benzene_degradation,Aromatics
BD96,K00363,bphAc,C_Biphenyl_degradation,Aromatics
BD96,K00363,nagAb,C_1-Methylnaphthalene/2-Methylnaphthalene_degradation,Aromatics
BD96,K00363,todB,C_Toluene_degradation,Aromatics
BD96,K01061,phaZ,D_P4HB,Polymers
BD96,K01061,phaZ,D_PEA,Polymers
BD96,K01061,phaZ,D_P3HP,Polymers
BD96,K01061,phaZ,D_PHBV,Polymers
BD96,K01061,phaZ,D_PHO,Polymers
BD96,K01061,phaZ,D_PPL,Polymers
BD96,K01061,phaZ,D_PHB,Polymers
BD96,K01061,phaZ,D_PHA,Polymers
BD96,K01061,phaZ,D_PHPV,Polymers
BD96,K01061,phaZ,D_PCL,Polymers
BD96,K01061,phaZ,D_PES,Polymers
BD96,K00382,xecC,B_Propene_degradation,Alkenes
BD96,K00406,pchC,C_Toluene_degradation,Aromatics
BD96,K00428,latA,D_NR,Polymers
BD96,K00446,xylE,C_Catechol_degradation,Aromatics
BD96,K00523,antC,C_Anthranilate_degradation,Aromatics
BD96,K00523,benC,C_Benzoate_degradation,Aromatics
BD96,K00523,nagAa,C_1-Methylnaphthalene/2-Methylnaphthalene_degradation,Aromatics
BD96,K00523,tphA1I,C_Terephthalate_degradation,Aromatics
BD96,K00523,xylZ,C_Benzoate_degradation,Aromatics
BD96,K00528,xamoF,B_Propene_degradation,Alkenes
BD96,K00528,nagAa,C_1-Methylnaphthalene/2-Methylnaphthalene_degradation,Aromatics
BD96,K00528,tphA1I,C_Terephthalate_degradation,Aromatics
BD96,K00549,etnE,B_Ethene_and_chloroethene_degradation,Alkenes
BD96,K00549,xecA,B_Propene_degradation,Alkenes
BD96,K00627,bphD,C_Biphenyl_degradation,Aromatics
BD96,K00632,pcaF,C_Catechol_degradation,Aromatics
BD96,K00632,pcaF,C_Protocatechuate_degradation,Aromatics
BD96,K00633,at,E_Sophorolipids,Biosurfactant
BD96,K00661,at,E_Sophorolipids,Biosurfactant
BD96,K00645,ituD,E_Iturin,Biosurfactant
BD96,K00799,isoI,B_Isoprene_degradation,Alkenes
BD96,K01028,pcaI,C_Protocatechuate_degradation,Aromatics
BD96,K01046,estA,D_PBAT,Polymers
BD96,K01046,FB4_0780,D_PBAT,Polymers
BD96,K01046,lip,D_PU,Polymers
BD96,K01046,lip,D_PET,Polymers
BD96,K01046,lipA,D_PET,Polymers
BD96,K01046,lipA,D_PCL,Polymers
BD96,K01046,lipA,D_PBSA,Polymers
BD96,K01046,plaA,D_PLA,Polymers
BD96,K01046,plaM4,D_PBS,Polymers
BD96,K01046,plaM4,D_PES,Polymers
BD96,K01046,plaM4,D_PHA,Polymers
BD96,K01046,plaM4,D_PBSA,Polymers
BD96,K01046,plaM4,D_PCL,Polymers
BD96,K01046,plaM4,D_PHB,Polymers
BD96,K01046,plaM4,D_PLA,Polymers
BD96,K01046,plaM5,D_PLA,Polymers
BD96,K01055,pcaD,C_Catechol_degradation,Aromatics
BD96,K01055,pcaD,C_Protocatechuate_degradation,Aromatics
BD96,K14727,pcaD,C_Catechol_degradation,Aromatics
BD96,K14727,pcaD,C_Protocatechuate_degradation,Aromatics
BD96,K19707,pcaD,C_Catechol_degradation,Aromatics
BD96,K19707,pcaD,C_Protocatechuate_degradation,Aromatics
BD96,K01104,wzb,E_Emulsan,Biosurfactant
BD96,K20945,wzb,E_Emulsan,Biosurfactant
BD96,K01200,pulA,D_PU,Polymers
BD96,K01259,pcaD,C_Catechol_degradation,Aromatics
BD96,K01259,pcaD,C_Protocatechuate_degradation,Aromatics
BD96,K01426,NFA_28320,D_Nylon,Polymers
BD96,K01426,nylA,D_Nylon,Polymers
BD96,K01465,benC,C_Benzoate_degradation,Aromatics
BD96,K01617,praD,C_Protocatechuate_degradation,Aromatics
BD96,K01617,xylI,C_Catechol_degradation,Aromatics
BD96,K01617,xylJ,C_Catechol_degradation,Aromatics
BD96,K01628,padC2,C_Phthalate_degradation,Aromatics
BD96,K01649,xylK,C_Catechol_degradation,Aromatics
BD96,K01666,xylK,C_Catechol_degradation,Aromatics
BD96,K01800,nagL,C_Gentisate_degradation,Aromatics
BD96,K01801,nagL,C_Gentisate_degradation,Aromatics
BD96,K01821,praC,C_Protocatechuate_degradation,Aromatics
BD96,K01821,xylH,C_Catechol_degradation,Aromatics
BD96,K01856,catB,C_Catechol_degradation,Aromatics
BD96,K01895,pqsA,C_Anthranilate_degradation,Aromatics
BD96,K02613,paaE,C_Phenylacetate_degradation,Aromatics
BD96,K02660,alkN_mcp,A_Hydrocarbon_uptake,Alkanes
BD96,K03098,blc,A_Hydrocarbon_uptake,Alkanes
BD96,K03381,catA,C_Catechol_degradation,Aromatics
BD96,K03386,ahpC,A_Finnerty_pathway,Alkanes
BD96,K03387,ahpF,A_Finnerty_pathway,Alkanes
BD96,K03406,alkN_mcp,A_Hydrocarbon_uptake,Alkanes
BD96,K03464,catC,C_Catechol_degradation,Aromatics
BD96,K03556,alkS,A_Auxiliar_alkane_gene,Alkanes
BD96,K03599,nagL,C_Gentisate_degradation,Aromatics
BD96,K03644,lipA,D_PET,Polymers
BD96,K03644,lipA,D_PCL,Polymers
BD96,K03644,lipA,D_PBSA,Polymers
BD96,K03801,lipB,D_PET,Polymers
BD96,K04755,benC,C_Benzoate_degradation,Aromatics
BD96,K04755,nagAa,C_1-Methylnaphthalene/2-Methylnaphthalene_degradation,Aromatics
BD96,K04755,xylZ,C_Benzoate_degradation,Aromatics
BD96,K05549,antA,C_Anthranilate_degradation,Aromatics
BD96,K05549,benA,C_Benzoate_degradation,Aromatics
BD96,K05549,xylX,C_Benzoate_degradation,Aromatics
BD96,K05550,antB,C_Anthranilate_degradation,Aromatics
BD96,K05550,benB,C_Benzoate_degradation,Aromatics
BD96,K05550,xylY,C_Benzoate_degradation,Aromatics
BD96,K05783,xylL,C_Benzoate_degradation,Aromatics
BD96,K05784,prmB,A_Subterminal_oxidation,Alkanes
BD96,K05784,isoF,B_Isoprene_degradation,Alkenes
BD96,K05784,xamoF,B_Propene_degradation,Alkenes
BD96,K05784,antC,C_Anthranilate_degradation,Aromatics
BD96,K05784,benC,C_Benzoate_degradation,Aromatics
BD96,K05784,xylZ,C_Benzoate_degradation,Aromatics
BD96,K14581,benC,C_Benzoate_degradation,Aromatics
BD96,K14581,nagAa,C_1-Methylnaphthalene/2-Methylnaphthalene_degradation,Aromatics
BD96,K14581,xylZ,C_Benzoate_degradation,Aromatics
BD96,K16161,benC,C_Benzoate_degradation,Aromatics
BD96,K16161,xylZ,C_Benzoate_degradation,Aromatics
BD96,K06999,est,D_PU,Polymers
BD96,K06999,est,D_PET,Polymers
BD96,K06999,est,D_PBSA,Polymers
BD96,K06999,est,D_PCL,Polymers
BD96,K06999,est,D_PBAT,Polymers
BD96,K06999,est,D_PLA,Polymers
BD96,K07071,blc,A_Hydrocarbon_uptake,Alkanes
BD96,K07275,alkL,A_Hydrocarbon_uptake,Alkanes
BD96,K07823,pcaF,C_Catechol_degradation,Aromatics
BD96,K07823,pcaF,C_Protocatechuate_degradation,Aromatics
BD96,K10216,todF,C_Toluene_degradation,Aromatics
BD96,K10216,xylF,C_Catechol_degradation,Aromatics
BD96,K10804,est,D_PU,Polymers
BD96,K10804,est,D_PET,Polymers
BD96,K10804,est,D_PBSA,Polymers
BD96,K10804,est,D_PCL,Polymers
BD96,K10804,est,D_PBAT,Polymers
BD96,K10804,est,D_PLA,Polymers
BD96,K16048,styB,C_Styrene_degradation,Aromatics
BD96,K16050,bphD,C_Biphenyl_degradation,Aromatics
BD96,K16242,isoA,B_Isoprene_degradation,Alkenes
BD96,K16242,dmpN,C_Phenol_degradation,Aromatics
BD96,K16242,tomA3,C_Toluene_degradation,Aromatics
BD96,K16243,dmpL,C_Phenol_degradation,Aromatics
BD96,K16243,tomA1,C_Toluene_degradation,Aromatics
BD96,K16244,dmpM,C_Phenol_degradation,Aromatics
BD96,K16244,tomA2,C_Toluene_degradation,Aromatics
BD96,K16245,dmpO,C_Phenol_degradation,Aromatics
BD96,K16245,tomA4,C_Toluene_degradation,Aromatics
BD96,K16246,dmpP,C_Phenol_degradation,Aromatics
BD96,K16246,tomA5,C_Toluene_degradation,Aromatics
BD96,K16249,dmpK,C_Phenol_degradation,Aromatics
BD96,K16692,wzc,E_Emulsan,Biosurfactant
BD96,K17763,BAY15_3292,D_PVA,Polymers
BD96,K18364,xylJ,C_Catechol_degradation,Aromatics
BD101,K00019,hbd,D_PHBV,Polymers
BD101,K00019,hbd,D_PHA,Polymers
BD101,K00019,hbd,D_P3HV,Polymers
BD101,K00097,tphB,C_Terephthalate_degradation,Aromatics
BD101,K00104,pchF,C_Toluene_degradation,Aromatics
BD101,K00108,alkJ_adh,A_Auxiliar_alkane_gene,Alkanes
BD101,K00108,pegA,D_PEG,Polymers
BD101,K00128,alkH_ald,A_Auxiliar_alkane_gene,Alkanes
BD101,K00128,mpdC,B_2-methylpropene_degradation,Alkenes
BD101,K00128,dpgC,C_Toluene_degradation,Aromatics
BD101,K00128,mdlD,C_Toluene_degradation,Aromatics
BD101,K00128,pchA,C_Toluene_degradation,Aromatics
BD101,K00128,phdK,C_Phenanthrene_degradation,Aromatics
BD101,K00128,praB,C_Protocatechuate_degradation,Aromatics
BD101,K00128,pegC,D_PEG,Polymers
BD101,K00151,praB,C_Protocatechuate_degradation,Aromatics
BD101,K10217,praB,C_Protocatechuate_degradation,Aromatics
BD101,K10217,xylG,C_Catechol_degradation,Aromatics
BD101,K00154,alkH_ald,A_Auxiliar_alkane_gene,Alkanes
BD101,K00154,dpgC,C_Toluene_degradation,Aromatics
BD101,K00154,mdlD,C_Toluene_degradation,Aromatics
BD101,K00219,abmA,C_Anthranilate_degradation,Aromatics
BD101,K00351,dmpP,C_Phenol_degradation,Aromatics
BD101,K00351,tmoF,C_Toluene_degradation,Aromatics
BD101,K00351,tomA5,C_Toluene_degradation,Aromatics
BD101,K00354,abmA,C_Anthranilate_degradation,Aromatics
BD101,K00362,alkT_rubB_rdxR,A_Terminal/biterminal_oxidation,Alkanes
BD101,K00362,andAa,C_Anthranilate_degradation,Aromatics
BD101,K00362,padAd1,C_Phthalate_degradation,Aromatics
BD101,K05297,alkG_rubA_rdx,A_Terminal/biterminal_oxidation,Alkanes
BD101,K05297,alkG_rubA1_rdx,A_Terminal/biterminal_oxidation,Alkanes
BD101,K05297,alkG_rubA2_rdx,A_Terminal/biterminal_oxidation,Alkanes
BD101,K05297,alkT_rubB_rdxR,A_Terminal/biterminal_oxidation,Alkanes
BD101,K00363,andAb,C_Anthranilate_degradation,Aromatics
BD101,K00363,bedB,C_Benzene_degradation,Aromatics
BD101,K00363,bphAc,C_Biphenyl_degradation,Aromatics
BD101,K00363,nagAb,C_1-Methylnaphthalene/2-Methylnaphthalene_degradation,Aromatics
BD101,K00363,todB,C_Toluene_degradation,Aromatics
BD101,K01061,phaZ,D_P4HB,Polymers
BD101,K01061,phaZ,D_PEA,Polymers
BD101,K01061,phaZ,D_P3HP,Polymers
BD101,K01061,phaZ,D_PHBV,Polymers
BD101,K01061,phaZ,D_PHO,Polymers
BD101,K01061,phaZ,D_PPL,Polymers
BD101,K01061,phaZ,D_PHB,Polymers
BD101,K01061,phaZ,D_PHA,Polymers
BD101,K01061,phaZ,D_PHPV,Polymers
BD101,K01061,phaZ,D_PCL,Polymers
BD101,K01061,phaZ,D_PES,Polymers
BD101,K00382,xecC,B_Propene_degradation,Alkenes
BD101,K00406,pchC,C_Toluene_degradation,Aromatics
BD101,K00428,latA,D_NR,Polymers
BD101,K00446,xylE,C_Catechol_degradation,Aromatics
BD101,K00523,antC,C_Anthranilate_degradation,Aromatics
BD101,K00523,benC,C_Benzoate_degradation,Aromatics
BD101,K00523,nagAa,C_1-Methylnaphthalene/2-Methylnaphthalene_degradation,Aromatics
BD101,K00523,tphA1I,C_Terephthalate_degradation,Aromatics
BD101,K00523,xylZ,C_Benzoate_degradation,Aromatics
BD101,K00528,xamoF,B_Propene_degradation,Alkenes
BD101,K00528,nagAa,C_1-Methylnaphthalene/2-Methylnaphthalene_degradation,Aromatics
BD101,K00528,tphA1I,C_Terephthalate_degradation,Aromatics
BD101,K00549,etnE,B_Ethene_and_chloroethene_degradation,Alkenes
BD101,K00549,xecA,B_Propene_degradation,Alkenes
BD101,K00627,bphD,C_Biphenyl_degradation,Aromatics
BD101,K00632,pcaF,C_Catechol_degradation,Aromatics
BD101,K00632,pcaF,C_Protocatechuate_degradation,Aromatics
BD101,K00633,at,E_Sophorolipids,Biosurfactant
BD101,K00661,at,E_Sophorolipids,Biosurfactant
BD101,K00645,ituD,E_Iturin,Biosurfactant
BD101,K00799,isoI,B_Isoprene_degradation,Alkenes
BD101,K01028,pcaI,C_Protocatechuate_degradation,Aromatics
BD101,K01046,estA,D_PBAT,Polymers
BD101,K01046,FB4_0780,D_PBAT,Polymers
BD101,K01046,lip,D_PU,Polymers
BD101,K01046,lip,D_PET,Polymers
BD101,K01046,lipA,D_PET,Polymers
BD101,K01046,lipA,D_PCL,Polymers
BD101,K01046,lipA,D_PBSA,Polymers
BD101,K01046,plaA,D_PLA,Polymers
BD101,K01046,plaM4,D_PBS,Polymers
BD101,K01046,plaM4,D_PES,Polymers
BD101,K01046,plaM4,D_PHA,Polymers
BD101,K01046,plaM4,D_PBSA,Polymers
BD101,K01046,plaM4,D_PCL,Polymers
BD101,K01046,plaM4,D_PHB,Polymers
BD101,K01046,plaM4,D_PLA,Polymers
BD101,K01046,plaM5,D_PLA,Polymers
BD101,K01055,pcaD,C_Catechol_degradation,Aromatics
BD101,K01055,pcaD,C_Protocatechuate_degradation,Aromatics
BD101,K14727,pcaD,C_Catechol_degradation,Aromatics
BD101,K14727,pcaD,C_Protocatechuate_degradation,Aromatics
BD101,K19707,pcaD,C_Catechol_degradation,Aromatics
BD101,K19707,pcaD,C_Protocatechuate_degradation,Aromatics
BD101,K01104,wzb,E_Emulsan,Biosurfactant
BD101,K20945,wzb,E_Emulsan,Biosurfactant
BD101,K01200,pulA,D_PU,Polymers
BD101,K01259,pcaD,C_Catechol_degradation,Aromatics
BD101,K01259,pcaD,C_Protocatechuate_degradation,Aromatics
BD101,K01426,NFA_28320,D_Nylon,Polymers
BD101,K01426,nylA,D_Nylon,Polymers
BD101,K01465,benC,C_Benzoate_degradation,Aromatics
BD101,K01617,praD,C_Protocatechuate_degradation,Aromatics
BD101,K01617,xylI,C_Catechol_degradation,Aromatics
BD101,K01617,xylJ,C_Catechol_degradation,Aromatics
BD101,K01628,padC2,C_Phthalate_degradation,Aromatics
BD101,K01649,xylK,C_Catechol_degradation,Aromatics
BD101,K01666,xylK,C_Catechol_degradation,Aromatics
BD101,K01800,nagL,C_Gentisate_degradation,Aromatics
BD101,K01801,nagL,C_Gentisate_degradation,Aromatics
BD101,K01821,praC,C_Protocatechuate_degradation,Aromatics
BD101,K01821,xylH,C_Catechol_degradation,Aromatics
BD101,K01856,catB,C_Catechol_degradation,Aromatics
BD101,K01895,pqsA,C_Anthranilate_degradation,Aromatics
BD101,K02613,paaE,C_Phenylacetate_degradation,Aromatics
BD101,K02660,alkN_mcp,A_Hydrocarbon_uptake,Alkanes
BD101,K03098,blc,A_Hydrocarbon_uptake,Alkanes
BD101,K03381,catA,C_Catechol_degradation,Aromatics
BD101,K03386,ahpC,A_Finnerty_pathway,Alkanes
BD101,K03387,ahpF,A_Finnerty_pathway,Alkanes
BD101,K03406,alkN_mcp,A_Hydrocarbon_uptake,Alkanes
BD101,K03464,catC,C_Catechol_degradation,Aromatics
BD101,K03556,alkS,A_Auxiliar_alkane_gene,Alkanes
BD101,K03599,nagL,C_Gentisate_degradation,Aromatics
BD101,K03644,lipA,D_PET,Polymers
BD101,K03644,lipA,D_PCL,Polymers
BD101,K03644,lipA,D_PBSA,Polymers
BD101,K03801,lipB,D_PET,Polymers
BD101,K04755,benC,C_Benzoate_degradation,Aromatics
BD101,K04755,nagAa,C_1-Methylnaphthalene/2-Methylnaphthalene_degradation,Aromatics
BD101,K04755,xylZ,C_Benzoate_degradation,Aromatics
BD101,K05549,antA,C_Anthranilate_degradation,Aromatics
BD101,K05549,benA,C_Benzoate_degradation,Aromatics
BD101,K05549,xylX,C_Benzoate_degradation,Aromatics
BD101,K05550,antB,C_Anthranilate_degradation,Aromatics
BD101,K05550,benB,C_Benzoate_degradation,Aromatics
BD101,K05550,xylY,C_Benzoate_degradation,Aromatics
BD101,K05783,xylL,C_Benzoate_degradation,Aromatics
BD101,K05784,prmB,A_Subterminal_oxidation,Alkanes
BD101,K05784,isoF,B_Isoprene_degradation,Alkenes
BD101,K05784,xamoF,B_Propene_degradation,Alkenes
BD101,K05784,antC,C_Anthranilate_degradation,Aromatics
BD101,K05784,benC,C_Benzoate_degradation,Aromatics
BD101,K05784,xylZ,C_Benzoate_degradation,Aromatics
BD101,K14581,benC,C_Benzoate_degradation,Aromatics
BD101,K14581,nagAa,C_1-Methylnaphthalene/2-Methylnaphthalene_degradation,Aromatics
BD101,K14581,xylZ,C_Benzoate_degradation,Aromatics
BD101,K16161,benC,C_Benzoate_degradation,Aromatics
BD101,K16161,xylZ,C_Benzoate_degradation,Aromatics
BD101,K06999,est,D_PU,Polymers
BD101,K06999,est,D_PET,Polymers
BD101,K06999,est,D_PBSA,Polymers
BD101,K06999,est,D_PCL,Polymers
BD101,K06999,est,D_PBAT,Polymers
BD101,K06999,est,D_PLA,Polymers
BD101,K07071,blc,A_Hydrocarbon_uptake,Alkanes
BD101,K07275,alkL,A_Hydrocarbon_uptake,Alkanes
BD101,K07823,pcaF,C_Catechol_degradation,Aromatics
BD101,K07823,pcaF,C_Protocatechuate_degradation,Aromatics
BD101,K10216,todF,C_Toluene_degradation,Aromatics
BD101,K10216,xylF,C_Catechol_degradation,Aromatics
BD101,K10804,est,D_PU,Polymers
BD101,K10804,est,D_PET,Polymers
BD101,K10804,est,D_PBSA,Polymers
BD101,K10804,est,D_PCL,Polymers
BD101,K10804,est,D_PBAT,Polymers
BD101,K10804,est,D_PLA,Polymers
BD101,K16048,styB,C_Styrene_degradation,Aromatics
BD101,K16050,bphD,C_Biphenyl_degradation,Aromatics
BD101,K16242,isoA,B_Isoprene_degradation,Alkenes
BD101,K16242,dmpN,C_Phenol_degradation,Aromatics
BD101,K16242,tomA3,C_Toluene_degradation,Aromatics
BD101,K16243,dmpL,C_Phenol_degradation,Aromatics
BD101,K16243,tomA1,C_Toluene_degradation,Aromatics
BD101,K16244,dmpM,C_Phenol_degradation,Aromatics
BD101,K16244,tomA2,C_Toluene_degradation,Aromatics
BD101,K16245,dmpO,C_Phenol_degradation,Aromatics
BD101,K16245,tomA4,C_Toluene_degradation,Aromatics
BD101,K16246,dmpP,C_Phenol_degradation,Aromatics
BD101,K16246,tomA5,C_Toluene_degradation,Aromatics
BD101,K16249,dmpK,C_Phenol_degradation,Aromatics
BD101,K16692,wzc,E_Emulsan,Biosurfactant
BD101,K17763,BAY15_3292,D_PVA,Polymers
BD101,K18364,xylJ,C_Catechol_degradation,Aromatics
BD105,K00019,hbd,D_PHBV,Polymers
BD105,K00019,hbd,D_PHA,Polymers
BD105,K00019,hbd,D_P3HV,Polymers
BD105,K00097,tphB,C_Terephthalate_degradation,Aromatics
BD105,K00104,pchF,C_Toluene_degradation,Aromatics
BD105,K00108,alkJ_adh,A_Auxiliar_alkane_gene,Alkanes
BD105,K00108,pegA,D_PEG,Polymers
BD105,K00128,alkH_ald,A_Auxiliar_alkane_gene,Alkanes
BD105,K00128,mpdC,B_2-methylpropene_degradation,Alkenes
BD105,K00128,dpgC,C_Toluene_degradation,Aromatics
BD105,K00128,mdlD,C_Toluene_degradation,Aromatics
BD105,K00128,pchA,C_Toluene_degradation,Aromatics
BD105,K00128,phdK,C_Phenanthrene_degradation,Aromatics
BD105,K00128,praB,C_Protocatechuate_degradation,Aromatics
BD105,K00128,pegC,D_PEG,Polymers
BD105,K00154,alkH_ald,A_Auxiliar_alkane_gene,Alkanes
BD105,K00154,dpgC,C_Toluene_degradation,Aromatics
BD105,K00154,mdlD,C_Toluene_degradation,Aromatics
BD105,K00219,abmA,C_Anthranilate_degradation,Aromatics
BD105,K02823,prmB,A_Subterminal_oxidation,Alkanes
BD105,K02823,isoF,B_Isoprene_degradation,Alkenes
BD105,K02823,xamoF,B_Propene_degradation,Alkenes
BD105,K02823,antC,C_Anthranilate_degradation,Aromatics
BD105,K02823,benC,C_Benzoate_degradation,Aromatics
BD105,K02823,nagAa,C_1-Methylnaphthalene/2-Methylnaphthalene_degradation,Aromatics
BD105,K02823,tphA1I,C_Terephthalate_degradation,Aromatics
BD105,K02823,xylZ,C_Benzoate_degradation,Aromatics
BD105,K17828,benC,C_Benzoate_degradation,Aromatics
BD105,K00351,dmpP,C_Phenol_degradation,Aromatics
BD105,K00351,tmoF,C_Toluene_degradation,Aromatics
BD105,K00351,tomA5,C_Toluene_degradation,Aromatics
BD105,K00354,abmA,C_Anthranilate_degradation,Aromatics
BD105,K00362,alkT_rubB_rdxR,A_Terminal/biterminal_oxidation,Alkanes
BD105,K00362,andAa,C_Anthranilate_degradation,Aromatics
BD105,K00362,padAd1,C_Phthalate_degradation,Aromatics
BD105,K05297,alkG_rubA_rdx,A_Terminal/biterminal_oxidation,Alkanes
BD105,K05297,alkG_rubA1_rdx,A_Terminal/biterminal_oxidation,Alkanes
BD105,K05297,alkG_rubA2_rdx,A_Terminal/biterminal_oxidation,Alkanes
BD105,K05297,alkT_rubB_rdxR,A_Terminal/biterminal_oxidation,Alkanes
BD105,K00363,andAb,C_Anthranilate_degradation,Aromatics
BD105,K00363,bedB,C_Benzene_degradation,Aromatics
BD105,K00363,bphAc,C_Biphenyl_degradation,Aromatics
BD105,K00363,nagAb,C_1-Methylnaphthalene/2-Methylnaphthalene_degradation,Aromatics
BD105,K00363,todB,C_Toluene_degradation,Aromatics
BD105,K01061,phaZ,D_P4HB,Polymers
BD105,K01061,phaZ,D_PEA,Polymers
BD105,K01061,phaZ,D_P3HP,Polymers
BD105,K01061,phaZ,D_PHBV,Polymers
BD105,K01061,phaZ,D_PHO,Polymers
BD105,K01061,phaZ,D_PPL,Polymers
BD105,K01061,phaZ,D_PHB,Polymers
BD105,K01061,phaZ,D_PHA,Polymers
BD105,K01061,phaZ,D_PHPV,Polymers
BD105,K01061,phaZ,D_PCL,Polymers
BD105,K01061,phaZ,D_PES,Polymers
BD105,K00382,xecC,B_Propene_degradation,Alkenes
BD105,K00406,pchC,C_Toluene_degradation,Aromatics
BD105,K00428,latA,D_NR,Polymers
BD105,K00523,antC,C_Anthranilate_degradation,Aromatics
BD105,K00523,benC,C_Benzoate_degradation,Aromatics
BD105,K00523,nagAa,C_1-Methylnaphthalene/2-Methylnaphthalene_degradation,Aromatics
BD105,K00523,tphA1I,C_Terephthalate_degradation,Aromatics
BD105,K00523,xylZ,C_Benzoate_degradation,Aromatics
BD105,K00528,xamoF,B_Propene_degradation,Alkenes
BD105,K00528,nagAa,C_1-Methylnaphthalene/2-Methylnaphthalene_degradation,Aromatics
BD105,K00528,tphA1I,C_Terephthalate_degradation,Aromatics
BD105,K00549,etnE,B_Ethene_and_chloroethene_degradation,Alkenes
BD105,K00549,xecA,B_Propene_degradation,Alkenes
BD105,K00627,bphD,C_Biphenyl_degradation,Aromatics
BD105,K00632,pcaF,C_Catechol_degradation,Aromatics
BD105,K00632,pcaF,C_Protocatechuate_degradation,Aromatics
BD105,K00633,at,E_Sophorolipids,Biosurfactant
BD105,K00661,at,E_Sophorolipids,Biosurfactant
BD105,K00645,ituD,E_Iturin,Biosurfactant
BD105,K00799,isoI,B_Isoprene_degradation,Alkenes
BD105,K01028,pcaI,C_Protocatechuate_degradation,Aromatics
BD105,K01046,estA,D_PBAT,Polymers
BD105,K01046,FB4_0780,D_PBAT,Polymers
BD105,K01046,lip,D_PU,Polymers
BD105,K01046,lip,D_PET,Polymers
BD105,K01046,lipA,D_PET,Polymers
BD105,K01046,lipA,D_PCL,Polymers
BD105,K01046,lipA,D_PBSA,Polymers
BD105,K01046,plaA,D_PLA,Polymers
BD105,K01046,plaM4,D_PBS,Polymers
BD105,K01046,plaM4,D_PES,Polymers
BD105,K01046,plaM4,D_PHA,Polymers
BD105,K01046,plaM4,D_PBSA,Polymers
BD105,K01046,plaM4,D_PCL,Polymers
BD105,K01046,plaM4,D_PHB,Polymers
BD105,K01046,plaM4,D_PLA,Polymers
BD105,K01046,plaM5,D_PLA,Polymers
BD105,K01055,pcaD,C_Catechol_degradation,Aromatics
BD105,K01055,pcaD,C_Protocatechuate_degradation,Aromatics
BD105,K01104,wzb,E_Emulsan,Biosurfactant
BD105,K20945,wzb,E_Emulsan,Biosurfactant
BD105,K01200,pulA,D_PU,Polymers
BD105,K01259,pcaD,C_Catechol_degradation,Aromatics
BD105,K01259,pcaD,C_Protocatechuate_degradation,Aromatics
BD105,K01426,NFA_28320,D_Nylon,Polymers
BD105,K01426,nylA,D_Nylon,Polymers
BD105,K01465,benC,C_Benzoate_degradation,Aromatics
BD105,K01649,xylK,C_Catechol_degradation,Aromatics
BD105,K01666,xylK,C_Catechol_degradation,Aromatics
BD105,K01800,nagL,C_Gentisate_degradation,Aromatics
BD105,K01801,nagL,C_Gentisate_degradation,Aromatics
BD105,K01856,catB,C_Catechol_degradation,Aromatics
BD105,K01895,pqsA,C_Anthranilate_degradation,Aromatics
BD105,K02613,paaE,C_Phenylacetate_degradation,Aromatics
BD105,K02660,alkN_mcp,A_Hydrocarbon_uptake,Alkanes
BD105,K03406,alkN_mcp,A_Hydrocarbon_uptake,Alkanes
BD105,K03098,blc,A_Hydrocarbon_uptake,Alkanes
BD105,K03381,catA,C_Catechol_degradation,Aromatics
BD105,K03386,ahpC,A_Finnerty_pathway,Alkanes
BD105,K03387,ahpF,A_Finnerty_pathway,Alkanes
BD105,K03464,catC,C_Catechol_degradation,Aromatics
BD105,K03556,alkS,A_Auxiliar_alkane_gene,Alkanes
BD105,K03599,nagL,C_Gentisate_degradation,Aromatics
BD105,K03644,lipA,D_PET,Polymers
BD105,K03644,lipA,D_PCL,Polymers
BD105,K03644,lipA,D_PBSA,Polymers
BD105,K03801,lipB,D_PET,Polymers
BD105,K04755,benC,C_Benzoate_degradation,Aromatics
BD105,K04755,nagAa,C_1-Methylnaphthalene/2-Methylnaphthalene_degradation,Aromatics
BD105,K04755,xylZ,C_Benzoate_degradation,Aromatics
BD105,K05549,antA,C_Anthranilate_degradation,Aromatics
BD105,K05549,benA,C_Benzoate_degradation,Aromatics
BD105,K05549,xylX,C_Benzoate_degradation,Aromatics
BD105,K05550,antB,C_Anthranilate_degradation,Aromatics
BD105,K05550,benB,C_Benzoate_degradation,Aromatics
BD105,K05550,xylY,C_Benzoate_degradation,Aromatics
BD105,K05783,xylL,C_Benzoate_degradation,Aromatics
BD105,K05784,prmB,A_Subterminal_oxidation,Alkanes
BD105,K05784,isoF,B_Isoprene_degradation,Alkenes
BD105,K05784,xamoF,B_Propene_degradation,Alkenes
BD105,K05784,antC,C_Anthranilate_degradation,Aromatics
BD105,K05784,benC,C_Benzoate_degradation,Aromatics
BD105,K05784,xylZ,C_Benzoate_degradation,Aromatics
BD105,K14581,benC,C_Benzoate_degradation,Aromatics
BD105,K14581,nagAa,C_1-Methylnaphthalene/2-Methylnaphthalene_degradation,Aromatics
BD105,K14581,xylZ,C_Benzoate_degradation,Aromatics
BD105,K16161,benC,C_Benzoate_degradation,Aromatics
BD105,K16161,xylZ,C_Benzoate_degradation,Aromatics
BD105,K06151,mpdB,B_2-methylpropene_degradation,Alkenes
BD105,K06999,est,D_PU,Polymers
BD105,K06999,est,D_PET,Polymers
BD105,K06999,est,D_PBSA,Polymers
BD105,K06999,est,D_PCL,Polymers
BD105,K06999,est,D_PBAT,Polymers
BD105,K06999,est,D_PLA,Polymers
BD105,K07071,blc,A_Hydrocarbon_uptake,Alkanes
BD105,K07275,alkL,A_Hydrocarbon_uptake,Alkanes
BD105,K07823,pcaF,C_Catechol_degradation,Aromatics
BD105,K07823,pcaF,C_Protocatechuate_degradation,Aromatics
BD105,K10804,est,D_PU,Polymers
BD105,K10804,est,D_PET,Polymers
BD105,K10804,est,D_PBSA,Polymers
BD105,K10804,est,D_PCL,Polymers
BD105,K10804,est,D_PBAT,Polymers
BD105,K10804,est,D_PLA,Polymers
BD105,K16048,styB,C_Styrene_degradation,Aromatics
BD105,K16050,bphD,C_Biphenyl_degradation,Aromatics
BD105,K16692,wzc,E_Emulsan,Biosurfactant
BD105,K18364,xylJ,C_Catechol_degradation,Aromatics
BD106,K00019,hbd,D_PHBV,Polymers
BD106,K00019,hbd,D_PHA,Polymers
BD106,K00019,hbd,D_P3HV,Polymers
BD106,K00097,tphB,C_Terephthalate_degradation,Aromatics
BD106,K00104,pchF,C_Toluene_degradation,Aromatics
BD106,K00108,alkJ_adh,A_Auxiliar_alkane_gene,Alkanes
BD106,K00108,pegA,D_PEG,Polymers
BD106,K00128,alkH_ald,A_Auxiliar_alkane_gene,Alkanes
BD106,K00128,mpdC,B_2-methylpropene_degradation,Alkenes
BD106,K00128,dpgC,C_Toluene_degradation,Aromatics
BD106,K00128,mdlD,C_Toluene_degradation,Aromatics
BD106,K00128,pchA,C_Toluene_degradation,Aromatics
BD106,K00128,phdK,C_Phenanthrene_degradation,Aromatics
BD106,K00128,praB,C_Protocatechuate_degradation,Aromatics
BD106,K00128,pegC,D_PEG,Polymers
BD106,K00154,alkH_ald,A_Auxiliar_alkane_gene,Alkanes
BD106,K00154,dpgC,C_Toluene_degradation,Aromatics
BD106,K00154,mdlD,C_Toluene_degradation,Aromatics
BD106,K00219,abmA,C_Anthranilate_degradation,Aromatics
BD106,K02823,prmB,A_Subterminal_oxidation,Alkanes
BD106,K02823,isoF,B_Isoprene_degradation,Alkenes
BD106,K02823,xamoF,B_Propene_degradation,Alkenes
BD106,K02823,antC,C_Anthranilate_degradation,Aromatics
BD106,K02823,benC,C_Benzoate_degradation,Aromatics
BD106,K02823,nagAa,C_1-Methylnaphthalene/2-Methylnaphthalene_degradation,Aromatics
BD106,K02823,tphA1I,C_Terephthalate_degradation,Aromatics
BD106,K02823,xylZ,C_Benzoate_degradation,Aromatics
BD106,K17828,benC,C_Benzoate_degradation,Aromatics
BD106,K00351,dmpP,C_Phenol_degradation,Aromatics
BD106,K00351,tmoF,C_Toluene_degradation,Aromatics
BD106,K00351,tomA5,C_Toluene_degradation,Aromatics
BD106,K00354,abmA,C_Anthranilate_degradation,Aromatics
BD106,K00362,alkT_rubB_rdxR,A_Terminal/biterminal_oxidation,Alkanes
BD106,K00362,andAa,C_Anthranilate_degradation,Aromatics
BD106,K00362,padAd1,C_Phthalate_degradation,Aromatics
BD106,K05297,alkG_rubA_rdx,A_Terminal/biterminal_oxidation,Alkanes
BD106,K05297,alkG_rubA1_rdx,A_Terminal/biterminal_oxidation,Alkanes
BD106,K05297,alkG_rubA2_rdx,A_Terminal/biterminal_oxidation,Alkanes
BD106,K05297,alkT_rubB_rdxR,A_Terminal/biterminal_oxidation,Alkanes
BD106,K00363,andAb,C_Anthranilate_degradation,Aromatics
BD106,K00363,bedB,C_Benzene_degradation,Aromatics
BD106,K00363,bphAc,C_Biphenyl_degradation,Aromatics
BD106,K00363,nagAb,C_1-Methylnaphthalene/2-Methylnaphthalene_degradation,Aromatics
BD106,K00363,todB,C_Toluene_degradation,Aromatics
BD106,K01061,phaZ,D_P4HB,Polymers
BD106,K01061,phaZ,D_PEA,Polymers
BD106,K01061,phaZ,D_P3HP,Polymers
BD106,K01061,phaZ,D_PHBV,Polymers
BD106,K01061,phaZ,D_PHO,Polymers
BD106,K01061,phaZ,D_PPL,Polymers
BD106,K01061,phaZ,D_PHB,Polymers
BD106,K01061,phaZ,D_PHA,Polymers
BD106,K01061,phaZ,D_PHPV,Polymers
BD106,K01061,phaZ,D_PCL,Polymers
BD106,K01061,phaZ,D_PES,Polymers
BD106,K00382,xecC,B_Propene_degradation,Alkenes
BD106,K00406,pchC,C_Toluene_degradation,Aromatics
BD106,K00428,latA,D_NR,Polymers
BD106,K00523,antC,C_Anthranilate_degradation,Aromatics
BD106,K00523,benC,C_Benzoate_degradation,Aromatics
BD106,K00523,nagAa,C_1-Methylnaphthalene/2-Methylnaphthalene_degradation,Aromatics
BD106,K00523,tphA1I,C_Terephthalate_degradation,Aromatics
BD106,K00523,xylZ,C_Benzoate_degradation,Aromatics
BD106,K00528,xamoF,B_Propene_degradation,Alkenes
BD106,K00528,nagAa,C_1-Methylnaphthalene/2-Methylnaphthalene_degradation,Aromatics
BD106,K00528,tphA1I,C_Terephthalate_degradation,Aromatics
BD106,K00549,etnE,B_Ethene_and_chloroethene_degradation,Alkenes
BD106,K00549,xecA,B_Propene_degradation,Alkenes
BD106,K00627,bphD,C_Biphenyl_degradation,Aromatics
BD106,K00632,pcaF,C_Catechol_degradation,Aromatics
BD106,K00632,pcaF,C_Protocatechuate_degradation,Aromatics
BD106,K00633,at,E_Sophorolipids,Biosurfactant
BD106,K00661,at,E_Sophorolipids,Biosurfactant
BD106,K00645,ituD,E_Iturin,Biosurfactant
BD106,K00799,isoI,B_Isoprene_degradation,Alkenes
BD106,K01028,pcaI,C_Protocatechuate_degradation,Aromatics
BD106,K01046,estA,D_PBAT,Polymers
BD106,K01046,FB4_0780,D_PBAT,Polymers
BD106,K01046,lip,D_PU,Polymers
BD106,K01046,lip,D_PET,Polymers
BD106,K01046,lipA,D_PET,Polymers
BD106,K01046,lipA,D_PCL,Polymers
BD106,K01046,lipA,D_PBSA,Polymers
BD106,K01046,plaA,D_PLA,Polymers
BD106,K01046,plaM4,D_PBS,Polymers
BD106,K01046,plaM4,D_PES,Polymers
BD106,K01046,plaM4,D_PHA,Polymers
BD106,K01046,plaM4,D_PBSA,Polymers
BD106,K01046,plaM4,D_PCL,Polymers
BD106,K01046,plaM4,D_PHB,Polymers
BD106,K01046,plaM4,D_PLA,Polymers
BD106,K01046,plaM5,D_PLA,Polymers
BD106,K01055,pcaD,C_Catechol_degradation,Aromatics
BD106,K01055,pcaD,C_Protocatechuate_degradation,Aromatics
BD106,K01104,wzb,E_Emulsan,Biosurfactant
BD106,K20945,wzb,E_Emulsan,Biosurfactant
BD106,K01200,pulA,D_PU,Polymers
BD106,K01259,pcaD,C_Catechol_degradation,Aromatics
BD106,K01259,pcaD,C_Protocatechuate_degradation,Aromatics
BD106,K01426,NFA_28320,D_Nylon,Polymers
BD106,K01426,nylA,D_Nylon,Polymers
BD106,K01465,benC,C_Benzoate_degradation,Aromatics
BD106,K01649,xylK,C_Catechol_degradation,Aromatics
BD106,K01666,xylK,C_Catechol_degradation,Aromatics
BD106,K01800,nagL,C_Gentisate_degradation,Aromatics
BD106,K01801,nagL,C_Gentisate_degradation,Aromatics
BD106,K01856,catB,C_Catechol_degradation,Aromatics
BD106,K01895,pqsA,C_Anthranilate_degradation,Aromatics
BD106,K02613,paaE,C_Phenylacetate_degradation,Aromatics
BD106,K02660,alkN_mcp,A_Hydrocarbon_uptake,Alkanes
BD106,K03406,alkN_mcp,A_Hydrocarbon_uptake,Alkanes
BD106,K03098,blc,A_Hydrocarbon_uptake,Alkanes
BD106,K03381,catA,C_Catechol_degradation,Aromatics
BD106,K03386,ahpC,A_Finnerty_pathway,Alkanes
BD106,K03387,ahpF,A_Finnerty_pathway,Alkanes
BD106,K03464,catC,C_Catechol_degradation,Aromatics
BD106,K03556,alkS,A_Auxiliar_alkane_gene,Alkanes
BD106,K03599,nagL,C_Gentisate_degradation,Aromatics
BD106,K03644,lipA,D_PET,Polymers
BD106,K03644,lipA,D_PCL,Polymers
BD106,K03644,lipA,D_PBSA,Polymers
BD106,K03801,lipB,D_PET,Polymers
BD106,K04755,benC,C_Benzoate_degradation,Aromatics
BD106,K04755,nagAa,C_1-Methylnaphthalene/2-Methylnaphthalene_degradation,Aromatics
BD106,K04755,xylZ,C_Benzoate_degradation,Aromatics
BD106,K05549,antA,C_Anthranilate_degradation,Aromatics
BD106,K05549,benA,C_Benzoate_degradation,Aromatics
BD106,K05549,xylX,C_Benzoate_degradation,Aromatics
BD106,K05550,antB,C_Anthranilate_degradation,Aromatics
BD106,K05550,benB,C_Benzoate_degradation,Aromatics
BD106,K05550,xylY,C_Benzoate_degradation,Aromatics
BD106,K05783,xylL,C_Benzoate_degradation,Aromatics
BD106,K05784,prmB,A_Subterminal_oxidation,Alkanes
BD106,K05784,isoF,B_Isoprene_degradation,Alkenes
BD106,K05784,xamoF,B_Propene_degradation,Alkenes
BD106,K05784,antC,C_Anthranilate_degradation,Aromatics
BD106,K05784,benC,C_Benzoate_degradation,Aromatics
BD106,K05784,xylZ,C_Benzoate_degradation,Aromatics
BD106,K14581,benC,C_Benzoate_degradation,Aromatics
BD106,K14581,nagAa,C_1-Methylnaphthalene/2-Methylnaphthalene_degradation,Aromatics
BD106,K14581,xylZ,C_Benzoate_degradation,Aromatics
BD106,K16161,benC,C_Benzoate_degradation,Aromatics
BD106,K16161,xylZ,C_Benzoate_degradation,Aromatics
BD106,K06151,mpdB,B_2-methylpropene_degradation,Alkenes
BD106,K06999,est,D_PU,Polymers
BD106,K06999,est,D_PET,Polymers
BD106,K06999,est,D_PBSA,Polymers
BD106,K06999,est,D_PCL,Polymers
BD106,K06999,est,D_PBAT,Polymers
BD106,K06999,est,D_PLA,Polymers
BD106,K07071,blc,A_Hydrocarbon_uptake,Alkanes
BD106,K07275,alkL,A_Hydrocarbon_uptake,Alkanes
BD106,K07823,pcaF,C_Catechol_degradation,Aromatics
BD106,K07823,pcaF,C_Protocatechuate_degradation,Aromatics
BD106,K10804,est,D_PU,Polymers
BD106,K10804,est,D_PET,Polymers
BD106,K10804,est,D_PBSA,Polymers
BD106,K10804,est,D_PCL,Polymers
BD106,K10804,est,D_PBAT,Polymers
BD106,K10804,est,D_PLA,Polymers
BD106,K16048,styB,C_Styrene_degradation,Aromatics
BD106,K16050,bphD,C_Biphenyl_degradation,Aromatics
BD106,K16692,wzc,E_Emulsan,Biosurfactant
BD106,K18364,xylJ,C_Catechol_degradation,Aromatics
BD107,K00019,hbd,D_PHBV,Polymers
BD107,K00019,hbd,D_PHA,Polymers
BD107,K00019,hbd,D_P3HV,Polymers
BD107,K00097,tphB,C_Terephthalate_degradation,Aromatics
BD107,K00104,pchF,C_Toluene_degradation,Aromatics
BD107,K00108,alkJ_adh,A_Auxiliar_alkane_gene,Alkanes
BD107,K00108,pegA,D_PEG,Polymers
BD107,K00128,alkH_ald,A_Auxiliar_alkane_gene,Alkanes
BD107,K00128,mpdC,B_2-methylpropene_degradation,Alkenes
BD107,K00128,dpgC,C_Toluene_degradation,Aromatics
BD107,K00128,mdlD,C_Toluene_degradation,Aromatics
BD107,K00128,pchA,C_Toluene_degradation,Aromatics
BD107,K00128,phdK,C_Phenanthrene_degradation,Aromatics
BD107,K00128,praB,C_Protocatechuate_degradation,Aromatics
BD107,K00128,pegC,D_PEG,Polymers
BD107,K00154,alkH_ald,A_Auxiliar_alkane_gene,Alkanes
BD107,K00154,dpgC,C_Toluene_degradation,Aromatics
BD107,K00154,mdlD,C_Toluene_degradation,Aromatics
BD107,K00219,abmA,C_Anthranilate_degradation,Aromatics
BD107,K02823,prmB,A_Subterminal_oxidation,Alkanes
BD107,K02823,isoF,B_Isoprene_degradation,Alkenes
BD107,K02823,xamoF,B_Propene_degradation,Alkenes
BD107,K02823,antC,C_Anthranilate_degradation,Aromatics
BD107,K02823,benC,C_Benzoate_degradation,Aromatics
BD107,K02823,nagAa,C_1-Methylnaphthalene/2-Methylnaphthalene_degradation,Aromatics
BD107,K02823,tphA1I,C_Terephthalate_degradation,Aromatics
BD107,K02823,xylZ,C_Benzoate_degradation,Aromatics
BD107,K17828,benC,C_Benzoate_degradation,Aromatics
BD107,K00351,dmpP,C_Phenol_degradation,Aromatics
BD107,K00351,tmoF,C_Toluene_degradation,Aromatics
BD107,K00351,tomA5,C_Toluene_degradation,Aromatics
BD107,K00354,abmA,C_Anthranilate_degradation,Aromatics
BD107,K00362,alkT_rubB_rdxR,A_Terminal/biterminal_oxidation,Alkanes
BD107,K00362,andAa,C_Anthranilate_degradation,Aromatics
BD107,K00362,padAd1,C_Phthalate_degradation,Aromatics
BD107,K05297,alkG_rubA_rdx,A_Terminal/biterminal_oxidation,Alkanes
BD107,K05297,alkG_rubA1_rdx,A_Terminal/biterminal_oxidation,Alkanes
BD107,K05297,alkG_rubA2_rdx,A_Terminal/biterminal_oxidation,Alkanes
BD107,K05297,alkT_rubB_rdxR,A_Terminal/biterminal_oxidation,Alkanes
BD107,K00363,andAb,C_Anthranilate_degradation,Aromatics
BD107,K00363,bedB,C_Benzene_degradation,Aromatics
BD107,K00363,bphAc,C_Biphenyl_degradation,Aromatics
BD107,K00363,nagAb,C_1-Methylnaphthalene/2-Methylnaphthalene_degradation,Aromatics
BD107,K00363,todB,C_Toluene_degradation,Aromatics
BD107,K01061,phaZ,D_P4HB,Polymers
BD107,K01061,phaZ,D_PEA,Polymers
BD107,K01061,phaZ,D_P3HP,Polymers
BD107,K01061,phaZ,D_PHBV,Polymers
BD107,K01061,phaZ,D_PHO,Polymers
BD107,K01061,phaZ,D_PPL,Polymers
BD107,K01061,phaZ,D_PHB,Polymers
BD107,K01061,phaZ,D_PHA,Polymers
BD107,K01061,phaZ,D_PHPV,Polymers
BD107,K01061,phaZ,D_PCL,Polymers
BD107,K01061,phaZ,D_PES,Polymers
BD107,K00382,xecC,B_Propene_degradation,Alkenes
BD107,K00406,pchC,C_Toluene_degradation,Aromatics
BD107,K00428,latA,D_NR,Polymers
BD107,K00523,antC,C_Anthranilate_degradation,Aromatics
BD107,K00523,benC,C_Benzoate_degradation,Aromatics
BD107,K00523,nagAa,C_1-Methylnaphthalene/2-Methylnaphthalene_degradation,Aromatics
BD107,K00523,tphA1I,C_Terephthalate_degradation,Aromatics
BD107,K00523,xylZ,C_Benzoate_degradation,Aromatics
BD107,K00528,xamoF,B_Propene_degradation,Alkenes
BD107,K00528,nagAa,C_1-Methylnaphthalene/2-Methylnaphthalene_degradation,Aromatics
BD107,K00528,tphA1I,C_Terephthalate_degradation,Aromatics
BD107,K00549,etnE,B_Ethene_and_chloroethene_degradation,Alkenes
BD107,K00549,xecA,B_Propene_degradation,Alkenes
BD107,K00627,bphD,C_Biphenyl_degradation,Aromatics
BD107,K00632,pcaF,C_Catechol_degradation,Aromatics
BD107,K00632,pcaF,C_Protocatechuate_degradation,Aromatics
BD107,K00633,at,E_Sophorolipids,Biosurfactant
BD107,K00661,at,E_Sophorolipids,Biosurfactant
BD107,K00645,ituD,E_Iturin,Biosurfactant
BD107,K00799,isoI,B_Isoprene_degradation,Alkenes
BD107,K01028,pcaI,C_Protocatechuate_degradation,Aromatics
BD107,K01046,estA,D_PBAT,Polymers
BD107,K01046,FB4_0780,D_PBAT,Polymers
BD107,K01046,lip,D_PU,Polymers
BD107,K01046,lip,D_PET,Polymers
BD107,K01046,lipA,D_PET,Polymers
BD107,K01046,lipA,D_PCL,Polymers
BD107,K01046,lipA,D_PBSA,Polymers
BD107,K01046,plaA,D_PLA,Polymers
BD107,K01046,plaM4,D_PBS,Polymers
BD107,K01046,plaM4,D_PES,Polymers
BD107,K01046,plaM4,D_PHA,Polymers
BD107,K01046,plaM4,D_PBSA,Polymers
BD107,K01046,plaM4,D_PCL,Polymers
BD107,K01046,plaM4,D_PHB,Polymers
BD107,K01046,plaM4,D_PLA,Polymers
BD107,K01046,plaM5,D_PLA,Polymers
BD107,K01055,pcaD,C_Catechol_degradation,Aromatics
BD107,K01055,pcaD,C_Protocatechuate_degradation,Aromatics
BD107,K14727,pcaD,C_Catechol_degradation,Aromatics
BD107,K14727,pcaD,C_Protocatechuate_degradation,Aromatics
BD107,K19707,pcaD,C_Catechol_degradation,Aromatics
BD107,K19707,pcaD,C_Protocatechuate_degradation,Aromatics
BD107,K01104,wzb,E_Emulsan,Biosurfactant
BD107,K20945,wzb,E_Emulsan,Biosurfactant
BD107,K01200,pulA,D_PU,Polymers
BD107,K01259,pcaD,C_Catechol_degradation,Aromatics
BD107,K01259,pcaD,C_Protocatechuate_degradation,Aromatics
BD107,K01426,NFA_28320,D_Nylon,Polymers
BD107,K01426,nylA,D_Nylon,Polymers
BD107,K01465,benC,C_Benzoate_degradation,Aromatics
BD107,K01628,padC2,C_Phthalate_degradation,Aromatics
BD107,K01649,xylK,C_Catechol_degradation,Aromatics
BD107,K01666,xylK,C_Catechol_degradation,Aromatics
BD107,K01800,nagL,C_Gentisate_degradation,Aromatics
BD107,K01801,nagL,C_Gentisate_degradation,Aromatics
BD107,K01856,catB,C_Catechol_degradation,Aromatics
BD107,K01895,pqsA,C_Anthranilate_degradation,Aromatics
BD107,K01912,paaK,C_Phenylacetate_degradation,Aromatics
BD107,K02613,paaE,C_Phenylacetate_degradation,Aromatics
BD107,K02660,alkN_mcp,A_Hydrocarbon_uptake,Alkanes
BD107,K03098,blc,A_Hydrocarbon_uptake,Alkanes
BD107,K03381,catA,C_Catechol_degradation,Aromatics
BD107,K03386,ahpC,A_Finnerty_pathway,Alkanes
BD107,K03387,ahpF,A_Finnerty_pathway,Alkanes
BD107,K03406,alkN_mcp,A_Hydrocarbon_uptake,Alkanes
BD107,K03464,catC,C_Catechol_degradation,Aromatics
BD107,K03556,alkS,A_Auxiliar_alkane_gene,Alkanes
BD107,K03599,nagL,C_Gentisate_degradation,Aromatics
BD107,K03644,lipA,D_PET,Polymers
BD107,K03644,lipA,D_PCL,Polymers
BD107,K03644,lipA,D_PBSA,Polymers
BD107,K03801,lipB,D_PET,Polymers
BD107,K04755,benC,C_Benzoate_degradation,Aromatics
BD107,K04755,nagAa,C_1-Methylnaphthalene/2-Methylnaphthalene_degradation,Aromatics
BD107,K04755,xylZ,C_Benzoate_degradation,Aromatics
BD107,K05549,antA,C_Anthranilate_degradation,Aromatics
BD107,K05549,benA,C_Benzoate_degradation,Aromatics
BD107,K05549,xylX,C_Benzoate_degradation,Aromatics
BD107,K05550,antB,C_Anthranilate_degradation,Aromatics
BD107,K05550,benB,C_Benzoate_degradation,Aromatics
BD107,K05550,xylY,C_Benzoate_degradation,Aromatics
BD107,K05783,xylL,C_Benzoate_degradation,Aromatics
BD107,K05784,prmB,A_Subterminal_oxidation,Alkanes
BD107,K05784,isoF,B_Isoprene_degradation,Alkenes
BD107,K05784,xamoF,B_Propene_degradation,Alkenes
BD107,K05784,antC,C_Anthranilate_degradation,Aromatics
BD107,K05784,benC,C_Benzoate_degradation,Aromatics
BD107,K05784,xylZ,C_Benzoate_degradation,Aromatics
BD107,K14581,benC,C_Benzoate_degradation,Aromatics
BD107,K14581,nagAa,C_1-Methylnaphthalene/2-Methylnaphthalene_degradation,Aromatics
BD107,K14581,xylZ,C_Benzoate_degradation,Aromatics
BD107,K16161,benC,C_Benzoate_degradation,Aromatics
BD107,K16161,xylZ,C_Benzoate_degradation,Aromatics
BD107,K06999,est,D_PU,Polymers
BD107,K06999,est,D_PET,Polymers
BD107,K06999,est,D_PBSA,Polymers
BD107,K06999,est,D_PCL,Polymers
BD107,K06999,est,D_PBAT,Polymers
BD107,K06999,est,D_PLA,Polymers
BD107,K07071,blc,A_Hydrocarbon_uptake,Alkanes
BD107,K07275,alkL,A_Hydrocarbon_uptake,Alkanes
BD107,K07823,pcaF,C_Catechol_degradation,Aromatics
BD107,K07823,pcaF,C_Protocatechuate_degradation,Aromatics
BD107,K10804,est,D_PU,Polymers
BD107,K10804,est,D_PET,Polymers
BD107,K10804,est,D_PBSA,Polymers
BD107,K10804,est,D_PCL,Polymers
BD107,K10804,est,D_PBAT,Polymers
BD107,K10804,est,D_PLA,Polymers
BD107,K16048,styB,C_Styrene_degradation,Aromatics
BD107,K16050,bphD,C_Biphenyl_degradation,Aromatics
BD107,K16692,wzc,E_Emulsan,Biosurfactant
BD107,K17763,BAY15_3292,D_PVA,Polymers
BD107,K18364,xylJ,C_Catechol_degradation,Aromatics
BD108,K00019,hbd,D_PHBV,Polymers
BD108,K00019,hbd,D_PHA,Polymers
BD108,K00019,hbd,D_P3HV,Polymers
BD108,K00097,tphB,C_Terephthalate_degradation,Aromatics
BD108,K00104,pchF,C_Toluene_degradation,Aromatics
BD108,K00108,alkJ_adh,A_Auxiliar_alkane_gene,Alkanes
BD108,K00108,pegA,D_PEG,Polymers
BD108,K00128,alkH_ald,A_Auxiliar_alkane_gene,Alkanes
BD108,K00128,mpdC,B_2-methylpropene_degradation,Alkenes
BD108,K00128,dpgC,C_Toluene_degradation,Aromatics
BD108,K00128,mdlD,C_Toluene_degradation,Aromatics
BD108,K00128,pchA,C_Toluene_degradation,Aromatics
BD108,K00128,phdK,C_Phenanthrene_degradation,Aromatics
BD108,K00128,praB,C_Protocatechuate_degradation,Aromatics
BD108,K00128,pegC,D_PEG,Polymers
BD108,K00154,alkH_ald,A_Auxiliar_alkane_gene,Alkanes
BD108,K00154,dpgC,C_Toluene_degradation,Aromatics
BD108,K00154,mdlD,C_Toluene_degradation,Aromatics
BD108,K00219,abmA,C_Anthranilate_degradation,Aromatics
BD108,K02823,prmB,A_Subterminal_oxidation,Alkanes
BD108,K02823,isoF,B_Isoprene_degradation,Alkenes
BD108,K02823,xamoF,B_Propene_degradation,Alkenes
BD108,K02823,antC,C_Anthranilate_degradation,Aromatics
BD108,K02823,benC,C_Benzoate_degradation,Aromatics
BD108,K02823,nagAa,C_1-Methylnaphthalene/2-Methylnaphthalene_degradation,Aromatics
BD108,K02823,tphA1I,C_Terephthalate_degradation,Aromatics
BD108,K02823,xylZ,C_Benzoate_degradation,Aromatics
BD108,K17828,benC,C_Benzoate_degradation,Aromatics
BD108,K00351,dmpP,C_Phenol_degradation,Aromatics
BD108,K00351,tmoF,C_Toluene_degradation,Aromatics
BD108,K00351,tomA5,C_Toluene_degradation,Aromatics
BD108,K00354,abmA,C_Anthranilate_degradation,Aromatics
BD108,K00362,alkT_rubB_rdxR,A_Terminal/biterminal_oxidation,Alkanes
BD108,K00362,andAa,C_Anthranilate_degradation,Aromatics
BD108,K00362,padAd1,C_Phthalate_degradation,Aromatics
BD108,K05297,alkG_rubA_rdx,A_Terminal/biterminal_oxidation,Alkanes
BD108,K05297,alkG_rubA1_rdx,A_Terminal/biterminal_oxidation,Alkanes
BD108,K05297,alkG_rubA2_rdx,A_Terminal/biterminal_oxidation,Alkanes
BD108,K05297,alkT_rubB_rdxR,A_Terminal/biterminal_oxidation,Alkanes
BD108,K00363,andAb,C_Anthranilate_degradation,Aromatics
BD108,K00363,bedB,C_Benzene_degradation,Aromatics
BD108,K00363,bphAc,C_Biphenyl_degradation,Aromatics
BD108,K00363,nagAb,C_1-Methylnaphthalene/2-Methylnaphthalene_degradation,Aromatics
BD108,K00363,todB,C_Toluene_degradation,Aromatics
BD108,K01061,phaZ,D_P4HB,Polymers
BD108,K01061,phaZ,D_PEA,Polymers
BD108,K01061,phaZ,D_P3HP,Polymers
BD108,K01061,phaZ,D_PHBV,Polymers
BD108,K01061,phaZ,D_PHO,Polymers
BD108,K01061,phaZ,D_PPL,Polymers
BD108,K01061,phaZ,D_PHB,Polymers
BD108,K01061,phaZ,D_PHA,Polymers
BD108,K01061,phaZ,D_PHPV,Polymers
BD108,K01061,phaZ,D_PCL,Polymers
BD108,K01061,phaZ,D_PES,Polymers
BD108,K00382,xecC,B_Propene_degradation,Alkenes
BD108,K00406,pchC,C_Toluene_degradation,Aromatics
BD108,K00428,latA,D_NR,Polymers
BD108,K00523,antC,C_Anthranilate_degradation,Aromatics
BD108,K00523,benC,C_Benzoate_degradation,Aromatics
BD108,K00523,nagAa,C_1-Methylnaphthalene/2-Methylnaphthalene_degradation,Aromatics
BD108,K00523,tphA1I,C_Terephthalate_degradation,Aromatics
BD108,K00523,xylZ,C_Benzoate_degradation,Aromatics
BD108,K00528,xamoF,B_Propene_degradation,Alkenes
BD108,K00528,nagAa,C_1-Methylnaphthalene/2-Methylnaphthalene_degradation,Aromatics
BD108,K00528,tphA1I,C_Terephthalate_degradation,Aromatics
BD108,K00549,etnE,B_Ethene_and_chloroethene_degradation,Alkenes
BD108,K00549,xecA,B_Propene_degradation,Alkenes
BD108,K00627,bphD,C_Biphenyl_degradation,Aromatics
BD108,K00632,pcaF,C_Catechol_degradation,Aromatics
BD108,K00632,pcaF,C_Protocatechuate_degradation,Aromatics
BD108,K00633,at,E_Sophorolipids,Biosurfactant
BD108,K00661,at,E_Sophorolipids,Biosurfactant
BD108,K00645,ituD,E_Iturin,Biosurfactant
BD108,K00799,isoI,B_Isoprene_degradation,Alkenes
BD108,K01028,pcaI,C_Protocatechuate_degradation,Aromatics
BD108,K01046,estA,D_PBAT,Polymers
BD108,K01046,FB4_0780,D_PBAT,Polymers
BD108,K01046,lip,D_PU,Polymers
BD108,K01046,lip,D_PET,Polymers
BD108,K01046,lipA,D_PET,Polymers
BD108,K01046,lipA,D_PCL,Polymers
BD108,K01046,lipA,D_PBSA,Polymers
BD108,K01046,plaA,D_PLA,Polymers
BD108,K01046,plaM4,D_PBS,Polymers
BD108,K01046,plaM4,D_PES,Polymers
BD108,K01046,plaM4,D_PHA,Polymers
BD108,K01046,plaM4,D_PBSA,Polymers
BD108,K01046,plaM4,D_PCL,Polymers
BD108,K01046,plaM4,D_PHB,Polymers
BD108,K01046,plaM4,D_PLA,Polymers
BD108,K01046,plaM5,D_PLA,Polymers
BD108,K01055,pcaD,C_Catechol_degradation,Aromatics
BD108,K01055,pcaD,C_Protocatechuate_degradation,Aromatics
BD108,K14727,pcaD,C_Catechol_degradation,Aromatics
BD108,K14727,pcaD,C_Protocatechuate_degradation,Aromatics
BD108,K19707,pcaD,C_Catechol_degradation,Aromatics
BD108,K19707,pcaD,C_Protocatechuate_degradation,Aromatics
BD108,K01104,wzb,E_Emulsan,Biosurfactant
BD108,K20945,wzb,E_Emulsan,Biosurfactant
BD108,K01200,pulA,D_PU,Polymers
BD108,K01259,pcaD,C_Catechol_degradation,Aromatics
BD108,K01259,pcaD,C_Protocatechuate_degradation,Aromatics
BD108,K01426,NFA_28320,D_Nylon,Polymers
BD108,K01426,nylA,D_Nylon,Polymers
BD108,K01465,benC,C_Benzoate_degradation,Aromatics
BD108,K01628,padC2,C_Phthalate_degradation,Aromatics
BD108,K01649,xylK,C_Catechol_degradation,Aromatics
BD108,K01666,xylK,C_Catechol_degradation,Aromatics
BD108,K01800,nagL,C_Gentisate_degradation,Aromatics
BD108,K01801,nagL,C_Gentisate_degradation,Aromatics
BD108,K01856,catB,C_Catechol_degradation,Aromatics
BD108,K01895,pqsA,C_Anthranilate_degradation,Aromatics
BD108,K01912,paaK,C_Phenylacetate_degradation,Aromatics
BD108,K02613,paaE,C_Phenylacetate_degradation,Aromatics
BD108,K02660,alkN_mcp,A_Hydrocarbon_uptake,Alkanes
BD108,K03098,blc,A_Hydrocarbon_uptake,Alkanes
BD108,K03381,catA,C_Catechol_degradation,Aromatics
BD108,K03386,ahpC,A_Finnerty_pathway,Alkanes
BD108,K03387,ahpF,A_Finnerty_pathway,Alkanes
BD108,K03406,alkN_mcp,A_Hydrocarbon_uptake,Alkanes
BD108,K03464,catC,C_Catechol_degradation,Aromatics
BD108,K03556,alkS,A_Auxiliar_alkane_gene,Alkanes
BD108,K03599,nagL,C_Gentisate_degradation,Aromatics
BD108,K03644,lipA,D_PET,Polymers
BD108,K03644,lipA,D_PCL,Polymers
BD108,K03644,lipA,D_PBSA,Polymers
BD108,K03801,lipB,D_PET,Polymers
BD108,K04755,benC,C_Benzoate_degradation,Aromatics
BD108,K04755,nagAa,C_1-Methylnaphthalene/2-Methylnaphthalene_degradation,Aromatics
BD108,K04755,xylZ,C_Benzoate_degradation,Aromatics
BD108,K05549,antA,C_Anthranilate_degradation,Aromatics
BD108,K05549,benA,C_Benzoate_degradation,Aromatics
BD108,K05549,xylX,C_Benzoate_degradation,Aromatics
BD108,K05550,antB,C_Anthranilate_degradation,Aromatics
BD108,K05550,benB,C_Benzoate_degradation,Aromatics
BD108,K05550,xylY,C_Benzoate_degradation,Aromatics
BD108,K05783,xylL,C_Benzoate_degradation,Aromatics
BD108,K05784,prmB,A_Subterminal_oxidation,Alkanes
BD108,K05784,isoF,B_Isoprene_degradation,Alkenes
BD108,K05784,xamoF,B_Propene_degradation,Alkenes
BD108,K05784,antC,C_Anthranilate_degradation,Aromatics
BD108,K05784,benC,C_Benzoate_degradation,Aromatics
BD108,K05784,xylZ,C_Benzoate_degradation,Aromatics
BD108,K14581,benC,C_Benzoate_degradation,Aromatics
BD108,K14581,nagAa,C_1-Methylnaphthalene/2-Methylnaphthalene_degradation,Aromatics
BD108,K14581,xylZ,C_Benzoate_degradation,Aromatics
BD108,K16161,benC,C_Benzoate_degradation,Aromatics
BD108,K16161,xylZ,C_Benzoate_degradation,Aromatics
BD108,K06999,est,D_PU,Polymers
BD108,K06999,est,D_PET,Polymers
BD108,K06999,est,D_PBSA,Polymers
BD108,K06999,est,D_PCL,Polymers
BD108,K06999,est,D_PBAT,Polymers
BD108,K06999,est,D_PLA,Polymers
BD108,K07071,blc,A_Hydrocarbon_uptake,Alkanes
BD108,K07275,alkL,A_Hydrocarbon_uptake,Alkanes
BD108,K07823,pcaF,C_Catechol_degradation,Aromatics
BD108,K07823,pcaF,C_Protocatechuate_degradation,Aromatics
BD108,K10804,est,D_PU,Polymers
BD108,K10804,est,D_PET,Polymers
BD108,K10804,est,D_PBSA,Polymers
BD108,K10804,est,D_PCL,Polymers
BD108,K10804,est,D_PBAT,Polymers
BD108,K10804,est,D_PLA,Polymers
BD108,K16048,styB,C_Styrene_degradation,Aromatics
BD108,K16050,bphD,C_Biphenyl_degradation,Aromatics
BD108,K16692,wzc,E_Emulsan,Biosurfactant
BD108,K17763,BAY15_3292,D_PVA,Polymers
BD108,K18364,xylJ,C_Catechol_degradation,Aromatics
BD117,K00104,pchF,C_Toluene_degradation,Aromatics
BD117,K00108,alkJ_adh,A_Auxiliar_alkane_gene,Alkanes
BD117,K00108,pegA,D_PEG,Polymers
BD117,K00128,alkH_ald,A_Auxiliar_alkane_gene,Alkanes
BD117,K00128,mpdC,B_2-methylpropene_degradation,Alkenes
BD117,K00128,dpgC,C_Toluene_degradation,Aromatics
BD117,K00128,mdlD,C_Toluene_degradation,Aromatics
BD117,K00128,pchA,C_Toluene_degradation,Aromatics
BD117,K00128,phdK,C_Phenanthrene_degradation,Aromatics
BD117,K00128,praB,C_Protocatechuate_degradation,Aromatics
BD117,K00128,pegC,D_PEG,Polymers
BD117,K22445,alkH_ald,A_Auxiliar_alkane_gene,Alkanes
BD117,K22445,dpgC,C_Toluene_degradation,Aromatics
BD117,K22445,mdlD,C_Toluene_degradation,Aromatics
BD117,K00151,praB,C_Protocatechuate_degradation,Aromatics
BD117,K00219,abmA,C_Anthranilate_degradation,Aromatics
BD117,K00382,xecC,B_Propene_degradation,Alkenes
BD117,K00528,xamoF,B_Propene_degradation,Alkenes
BD117,K00528,nagAa,C_1-Methylnaphthalene/2-Methylnaphthalene_degradation,Aromatics
BD117,K00528,tphA1I,C_Terephthalate_degradation,Aromatics
BD117,K00529,alkT_rubB_rdxR,A_Terminal/biterminal_oxidation,Alkanes
BD117,K00529,prmB,A_Subterminal_oxidation,Alkanes
BD117,K00529,bedA,C_Benzene_degradation,Aromatics
BD117,K00529,bphAd,C_Biphenyl_degradation,Aromatics
BD117,K00529,todA,C_Toluene_degradation,Aromatics
BD117,K00549,etnE,B_Ethene_and_chloroethene_degradation,Alkenes
BD117,K00549,xecA,B_Propene_degradation,Alkenes
BD117,K22363,etnE,B_Ethene_and_chloroethene_degradation,Alkenes
BD117,K22363,xecA,B_Propene_degradation,Alkenes
BD117,K00632,pcaF,C_Catechol_degradation,Aromatics
BD117,K00632,pcaF,C_Protocatechuate_degradation,Aromatics
BD117,K00627,bphD,C_Biphenyl_degradation,Aromatics
BD117,K00645,ituD,E_Iturin,Biosurfactant
BD117,K01028,pcaI,C_Protocatechuate_degradation,Aromatics
BD117,K01061,phaZ,D_P4HB,Polymers
BD117,K01061,phaZ,D_PEA,Polymers
BD117,K01061,phaZ,D_P3HP,Polymers
BD117,K01061,phaZ,D_PHBV,Polymers
BD117,K01061,phaZ,D_PHO,Polymers
BD117,K01061,phaZ,D_PPL,Polymers
BD117,K01061,phaZ,D_PHB,Polymers
BD117,K01061,phaZ,D_PHA,Polymers
BD117,K01061,phaZ,D_PHPV,Polymers
BD117,K01061,phaZ,D_PCL,Polymers
BD117,K01061,phaZ,D_PES,Polymers
BD117,K01104,wzb,E_Emulsan,Biosurfactant
BD117,K01259,pcaD,C_Catechol_degradation,Aromatics
BD117,K01259,pcaD,C_Protocatechuate_degradation,Aromatics
BD117,K01426,NFA_28320,D_Nylon,Polymers
BD117,K01426,nylA,D_Nylon,Polymers
BD117,K01465,benC,C_Benzoate_degradation,Aromatics
BD117,K01649,xylK,C_Catechol_degradation,Aromatics
BD117,K01895,pqsA,C_Anthranilate_degradation,Aromatics
BD117,K01912,paaK,C_Phenylacetate_degradation,Aromatics
BD117,K02609,paaA,C_Phenylacetate_degradation,Aromatics
BD117,K02610,paaB,C_Phenylacetate_degradation,Aromatics
BD117,K02611,paaC,C_Phenylacetate_degradation,Aromatics
BD117,K02612,paaD,C_Phenylacetate_degradation,Aromatics
BD117,K02613,paaE,C_Phenylacetate_degradation,Aromatics
BD117,K03386,ahpC,A_Finnerty_pathway,Alkanes
BD117,K03644,lipA,D_PET,Polymers
BD117,K03644,lipA,D_PCL,Polymers
BD117,K03644,lipA,D_PBSA,Polymers
BD117,K03801,lipB,D_PET,Polymers
BD117,K05710,isoC,B_Isoprene_degradation,Alkenes
BD117,K05710,xamoC,B_Propene_degradation,Alkenes
BD117,K05710,andAb,C_Anthranilate_degradation,Aromatics
BD117,K05710,bedB,C_Benzene_degradation,Aromatics
BD117,K05710,bphAc,C_Biphenyl_degradation,Aromatics
BD117,K05710,doxA,C_Naphthalene_degradation,Aromatics
BD117,K05710,doxA,C_Dibenzothiophene_degradation,Aromatics
BD117,K05710,nagAb,C_1-Methylnaphthalene/2-Methylnaphthalene_degradation,Aromatics
BD117,K05710,tmoC,C_Toluene_degradation,Aromatics
BD117,K05710,todB,C_Toluene_degradation,Aromatics
BD117,K06049,RPA1511,D_PCL,Polymers
BD117,K06049,RPA1511,D_PBSA,Polymers
BD117,K06049,RPA1511,D_PLA,Polymers
BD117,K06133,ffp,E_Fengacyn,Biosurfactant
BD117,K06133,sfp,E_Surfactin,Biosurfactant
BD117,K06999,est,D_PU,Polymers
BD117,K06999,est,D_PET,Polymers
BD117,K06999,est,D_PBSA,Polymers
BD117,K06999,est,D_PCL,Polymers
BD117,K06999,est,D_PBAT,Polymers
BD117,K06999,est,D_PLA,Polymers
BD117,K07071,blc,A_Hydrocarbon_uptake,Alkanes
BD117,K10215,almA,A_Terminal/biterminal_oxidation,Alkanes
BD117,K10215,BVMO,A_Subterminal_oxidation,Alkanes
BD140,K00019,hbd,D_PHBV,Polymers
BD140,K00019,hbd,D_PHA,Polymers
BD140,K00019,hbd,D_P3HV,Polymers
BD140,K00104,pchF,C_Toluene_degradation,Aromatics
BD140,K00108,alkJ_adh,A_Auxiliar_alkane_gene,Alkanes
BD140,K00108,pegA,D_PEG,Polymers
BD140,K00128,alkH_ald,A_Auxiliar_alkane_gene,Alkanes
BD140,K00128,mpdC,B_2-methylpropene_degradation,Alkenes
BD140,K00128,dpgC,C_Toluene_degradation,Aromatics
BD140,K00128,mdlD,C_Toluene_degradation,Aromatics
BD140,K00128,pchA,C_Toluene_degradation,Aromatics
BD140,K00128,phdK,C_Phenanthrene_degradation,Aromatics
BD140,K00128,praB,C_Protocatechuate_degradation,Aromatics
BD140,K00128,pegC,D_PEG,Polymers
BD140,K10217,praB,C_Protocatechuate_degradation,Aromatics
BD140,K10217,xylG,C_Catechol_degradation,Aromatics
BD140,K21802,ntnC,C_Toluene_degradation,Aromatics
BD140,K21802,pchA,C_Toluene_degradation,Aromatics
BD140,K21802,xylC,C_Toluene_degradation,Aromatics
BD140,K21802,xylC,C_Dimethylbenzene,Aromatics
BD140,K00219,abmA,C_Anthranilate_degradation,Aromatics
BD140,K00382,xecC,B_Propene_degradation,Alkenes
BD140,K00483,hpaB,C_4-Hydroxyphenylacetate_degradation,Aromatics
BD140,K00483,hpaH,C_Anthranilate_degradation,Aromatics
BD140,K16901,hpaH,C_Anthranilate_degradation,Aromatics
BD140,K00549,etnE,B_Ethene_and_chloroethene_degradation,Alkenes
BD140,K00549,xecA,B_Propene_degradation,Alkenes
BD140,K02615,pcaF,C_Catechol_degradation,Aromatics
BD140,K02615,pcaF,C_Protocatechuate_degradation,Aromatics
BD140,K00627,bphD,C_Biphenyl_degradation,Aromatics
BD140,K00632,pcaF,C_Catechol_degradation,Aromatics
BD140,K00632,pcaF,C_Protocatechuate_degradation,Aromatics
BD140,K00645,ituD,E_Iturin,Biosurfactant
BD140,K00661,at,E_Sophorolipids,Biosurfactant
BD140,K01028,pcaI,C_Protocatechuate_degradation,Aromatics
BD140,K01046,estA,D_PBAT,Polymers
BD140,K01046,FB4_0780,D_PBAT,Polymers
BD140,K01046,lip,D_PU,Polymers
BD140,K01046,lip,D_PET,Polymers
BD140,K01046,lipA,D_PET,Polymers
BD140,K01046,lipA,D_PCL,Polymers
BD140,K01046,lipA,D_PBSA,Polymers
BD140,K01046,plaA,D_PLA,Polymers
BD140,K01046,plaM4,D_PBS,Polymers
BD140,K01046,plaM4,D_PES,Polymers
BD140,K01046,plaM4,D_PHA,Polymers
BD140,K01046,plaM4,D_PBSA,Polymers
BD140,K01046,plaM4,D_PCL,Polymers
BD140,K01046,plaM4,D_PHB,Polymers
BD140,K01046,plaM4,D_PLA,Polymers
BD140,K01046,plaM5,D_PLA,Polymers
BD140,K01104,wzb,E_Emulsan,Biosurfactant
BD140,K01183,chi25,D_PCL,Polymers
BD140,K01259,pcaD,C_Catechol_degradation,Aromatics
BD140,K01259,pcaD,C_Protocatechuate_degradation,Aromatics
BD140,K01342,SUBB_LEDLE,D_PLA,Polymers
BD140,K01342,subC,D_PLA,Polymers
BD140,K01342,SUBS_LEDLE,D_PLA,Polymers
BD140,K01426,NFA_28320,D_Nylon,Polymers
BD140,K01426,nylA,D_Nylon,Polymers
BD140,K01465,benC,C_Benzoate_degradation,Aromatics
BD140,K01617,praD,C_Protocatechuate_degradation,Aromatics
BD140,K01617,xylI,C_Catechol_degradation,Aromatics
BD140,K01617,xylJ,C_Catechol_degradation,Aromatics
BD140,K01649,xylK,C_Catechol_degradation,Aromatics
BD140,K01666,xylK,C_Catechol_degradation,Aromatics
BD140,K01895,pqsA,C_Anthranilate_degradation,Aromatics
BD140,K01912,paaK,C_Phenylacetate_degradation,Aromatics
BD140,K02554,xylJ,C_Catechol_degradation,Aromatics
BD140,K02609,paaA,C_Phenylacetate_degradation,Aromatics
BD140,K02610,paaB,C_Phenylacetate_degradation,Aromatics
BD140,K02611,paaC,C_Phenylacetate_degradation,Aromatics
BD140,K02612,paaD,C_Phenylacetate_degradation,Aromatics
BD140,K03386,ahpC,A_Finnerty_pathway,Alkanes
BD140,K03387,ahpF,A_Finnerty_pathway,Alkanes
BD140,K03392,praH,C_Protocatechuate_degradation,Aromatics
BD140,K03392,proH,C_Protocatechuate_degradation,Aromatics
BD140,K03406,alkN_mcp,A_Hydrocarbon_uptake,Alkanes
BD140,K03556,alkS,A_Auxiliar_alkane_gene,Alkanes
BD140,K03644,lipA,D_PET,Polymers
BD140,K03644,lipA,D_PCL,Polymers
BD140,K03644,lipA,D_PBSA,Polymers
BD140,K04755,benC,C_Benzoate_degradation,Aromatics
BD140,K04755,nagAa,C_1-Methylnaphthalene/2-Methylnaphthalene_degradation,Aromatics
BD140,K04755,xylZ,C_Benzoate_degradation,Aromatics
BD140,K05337,padAc1,C_Phthalate_degradation,Aromatics
BD140,K15765,isoF,B_Isoprene_degradation,Alkenes
BD140,K15765,xamoF,B_Propene_degradation,Alkenes
BD140,K06133,ffp,E_Fengacyn,Biosurfactant
BD140,K06133,sfp,E_Surfactin,Biosurfactant
BD140,K06151,mpdB,B_2-methylpropene_degradation,Alkenes
BD140,K06999,est,D_PU,Polymers
BD140,K06999,est,D_PET,Polymers
BD140,K06999,est,D_PBSA,Polymers
BD140,K06999,est,D_PCL,Polymers
BD140,K06999,est,D_PBAT,Polymers
BD140,K06999,est,D_PLA,Polymers
BD140,K07071,blc,A_Hydrocarbon_uptake,Alkanes
BD140,K15654,srfAA,E_Surfactin,Biosurfactant
BD140,K15654,srfAB,E_Surfactin,Biosurfactant
BD140,K15329,ituD,E_Iturin,Biosurfactant
BD140,K15667,ppsA,E_Plipastatin,Biosurfactant
BD140,K15667,ppsC,E_Plipastatin,Biosurfactant
BD140,K15667,ppsD,E_Plipastatin,Biosurfactant
BD140,K15668,ppsE,E_Plipastatin,Biosurfactant
BD140,K22445,alkH_ald,A_Auxiliar_alkane_gene,Alkanes
BD140,K22445,dpgC,C_Toluene_degradation,Aromatics
BD140,K22445,mdlD,C_Toluene_degradation,Aromatics
BD139,K00128,alkH_ald,A_Auxiliar_alkane_gene,Alkanes
BD139,K00128,mpdC,B_2-methylpropene_degradation,Alkenes
BD139,K00128,dpgC,C_Toluene_degradation,Aromatics
BD139,K00128,mdlD,C_Toluene_degradation,Aromatics
BD139,K00128,pchA,C_Toluene_degradation,Aromatics
BD139,K00128,phdK,C_Phenanthrene_degradation,Aromatics
BD139,K00128,praB,C_Protocatechuate_degradation,Aromatics
BD139,K00128,pegC,D_PEG,Polymers
BD139,K00627,bphD,C_Biphenyl_degradation,Aromatics
BD139,K01426,NFA_28320,D_Nylon,Polymers
BD139,K01426,nylA,D_Nylon,Polymers
BD139,K03406,alkN_mcp,A_Hydrocarbon_uptake,Alkanes
BD139,K00483,hpaB,C_4-Hydroxyphenylacetate_degradation,Aromatics
BD139,K00483,hpaH,C_Anthranilate_degradation,Aromatics
BD139,K01104,wzb,E_Emulsan,Biosurfactant
BD139,K03392,praH,C_Protocatechuate_degradation,Aromatics
BD139,K03392,proH,C_Protocatechuate_degradation,Aromatics
BD139,K00019,hbd,D_PHBV,Polymers
BD139,K00019,hbd,D_PHA,Polymers
BD139,K00019,hbd,D_P3HV,Polymers
BD139,K00104,pchF,C_Toluene_degradation,Aromatics
BD139,K00108,alkJ_adh,A_Auxiliar_alkane_gene,Alkanes
BD139,K00108,pegA,D_PEG,Polymers
BD139,K00219,abmA,C_Anthranilate_degradation,Aromatics
BD139,K00382,xecC,B_Propene_degradation,Alkenes
BD139,K00549,etnE,B_Ethene_and_chloroethene_degradation,Alkenes
BD139,K00549,xecA,B_Propene_degradation,Alkenes
BD139,K00632,pcaF,C_Catechol_degradation,Aromatics
BD139,K00632,pcaF,C_Protocatechuate_degradation,Aromatics
BD139,K00645,ituD,E_Iturin,Biosurfactant
BD139,K00661,at,E_Sophorolipids,Biosurfactant
BD139,K01028,pcaI,C_Protocatechuate_degradation,Aromatics
BD139,K01046,estA,D_PBAT,Polymers
BD139,K01046,FB4_0780,D_PBAT,Polymers
BD139,K01046,lip,D_PU,Polymers
BD139,K01046,lip,D_PET,Polymers
BD139,K01046,lipA,D_PET,Polymers
BD139,K01046,lipA,D_PCL,Polymers
BD139,K01046,lipA,D_PBSA,Polymers
BD139,K01046,plaA,D_PLA,Polymers
BD139,K01046,plaM4,D_PBS,Polymers
BD139,K01046,plaM4,D_PES,Polymers
BD139,K01046,plaM4,D_PHA,Polymers
BD139,K01046,plaM4,D_PBSA,Polymers
BD139,K01046,plaM4,D_PCL,Polymers
BD139,K01046,plaM4,D_PHB,Polymers
BD139,K01046,plaM4,D_PLA,Polymers
BD139,K01046,plaM5,D_PLA,Polymers
BD139,K01183,chi25,D_PCL,Polymers
BD139,K01259,pcaD,C_Catechol_degradation,Aromatics
BD139,K01259,pcaD,C_Protocatechuate_degradation,Aromatics
BD139,K01342,SUBB_LEDLE,D_PLA,Polymers
BD139,K01342,subC,D_PLA,Polymers
BD139,K01342,SUBS_LEDLE,D_PLA,Polymers
BD139,K01465,benC,C_Benzoate_degradation,Aromatics
BD139,K01617,praD,C_Protocatechuate_degradation,Aromatics
BD139,K01617,xylI,C_Catechol_degradation,Aromatics
BD139,K01617,xylJ,C_Catechol_degradation,Aromatics
BD139,K01649,xylK,C_Catechol_degradation,Aromatics
BD139,K01666,xylK,C_Catechol_degradation,Aromatics
BD139,K01895,pqsA,C_Anthranilate_degradation,Aromatics
BD139,K01912,paaK,C_Phenylacetate_degradation,Aromatics
BD139,K02554,xylJ,C_Catechol_degradation,Aromatics
BD139,K02609,paaA,C_Phenylacetate_degradation,Aromatics
BD139,K02610,paaB,C_Phenylacetate_degradation,Aromatics
BD139,K02611,paaC,C_Phenylacetate_degradation,Aromatics
BD139,K02612,paaD,C_Phenylacetate_degradation,Aromatics
BD139,K03386,ahpC,A_Finnerty_pathway,Alkanes
BD139,K03387,ahpF,A_Finnerty_pathway,Alkanes
BD139,K03556,alkS,A_Auxiliar_alkane_gene,Alkanes
BD139,K03644,lipA,D_PET,Polymers
BD139,K03644,lipA,D_PCL,Polymers
BD139,K03644,lipA,D_PBSA,Polymers
BD139,K04755,benC,C_Benzoate_degradation,Aromatics
BD139,K04755,nagAa,C_1-Methylnaphthalene/2-Methylnaphthalene_degradation,Aromatics
BD139,K04755,xylZ,C_Benzoate_degradation,Aromatics
BD139,K05337,padAc1,C_Phthalate_degradation,Aromatics
BD139,K06133,ffp,E_Fengacyn,Biosurfactant
BD139,K06133,sfp,E_Surfactin,Biosurfactant
BD139,K06151,mpdB,B_2-methylpropene_degradation,Alkenes
BD139,K06999,est,D_PU,Polymers
BD139,K06999,est,D_PET,Polymers
BD139,K06999,est,D_PBSA,Polymers
BD139,K06999,est,D_PCL,Polymers
BD139,K06999,est,D_PBAT,Polymers
BD139,K06999,est,D_PLA,Polymers
BD139,K07071,blc,A_Hydrocarbon_uptake,Alkanes
BD139,K15329,ituD,E_Iturin,Biosurfactant
BD139,K15667,ppsA,E_Plipastatin,Biosurfactant
BD139,K15667,ppsC,E_Plipastatin,Biosurfactant
BD139,K15667,ppsD,E_Plipastatin,Biosurfactant
BD139,K15668,ppsE,E_Plipastatin,Biosurfactant
BD139,K22445,alkH_ald,A_Auxiliar_alkane_gene,Alkanes
BD139,K22445,dpgC,C_Toluene_degradation,Aromatics
BD139,K22445,mdlD,C_Toluene_degradation,Aromatics
BD139,K10217,praB,C_Protocatechuate_degradation,Aromatics
BD139,K10217,xylG,C_Catechol_degradation,Aromatics
BD139,K15654,srfAA,E_Surfactin,Biosurfactant
BD139,K15654,srfAB,E_Surfactin,Biosurfactant
BD139,K02615,pcaF,C_Catechol_degradation,Aromatics
BD139,K02615,pcaF,C_Protocatechuate_degradation,Aromatics
BD139,K15765,isoF,B_Isoprene_degradation,Alkenes
BD139,K15765,xamoF,B_Propene_degradation,Alkenes
BD139,K16901,hpaH,C_Anthranilate_degradation,Aromatics
BD139,K21802,ntnC,C_Toluene_degradation,Aromatics
BD139,K21802,pchA,C_Toluene_degradation,Aromatics
BD139,K21802,xylC,C_Toluene_degradation,Aromatics
BD139,K21802,xylC,C_Dimethylbenzene,Aromatics
BD141,K00019,hbd,D_PHBV,Polymers
BD141,K00019,hbd,D_PHA,Polymers
BD141,K00019,hbd,D_P3HV,Polymers
BD141,K00104,pchF,C_Toluene_degradation,Aromatics
BD141,K00108,alkJ_adh,A_Auxiliar_alkane_gene,Alkanes
BD141,K00108,pegA,D_PEG,Polymers
BD141,K00128,alkH_ald,A_Auxiliar_alkane_gene,Alkanes
BD141,K00128,mpdC,B_2-methylpropene_degradation,Alkenes
BD141,K00128,dpgC,C_Toluene_degradation,Aromatics
BD141,K00128,mdlD,C_Toluene_degradation,Aromatics
BD141,K00128,pchA,C_Toluene_degradation,Aromatics
BD141,K00128,phdK,C_Phenanthrene_degradation,Aromatics
BD141,K00128,praB,C_Protocatechuate_degradation,Aromatics
BD141,K00128,pegC,D_PEG,Polymers
BD141,K10217,praB,C_Protocatechuate_degradation,Aromatics
BD141,K10217,xylG,C_Catechol_degradation,Aromatics
BD141,K21802,ntnC,C_Toluene_degradation,Aromatics
BD141,K21802,pchA,C_Toluene_degradation,Aromatics
BD141,K21802,xylC,C_Toluene_degradation,Aromatics
BD141,K21802,xylC,C_Dimethylbenzene,Aromatics
BD141,K00219,abmA,C_Anthranilate_degradation,Aromatics
BD141,K00382,xecC,B_Propene_degradation,Alkenes
BD141,K00483,hpaB,C_4-Hydroxyphenylacetate_degradation,Aromatics
BD141,K00483,hpaH,C_Anthranilate_degradation,Aromatics
BD141,K16901,hpaH,C_Anthranilate_degradation,Aromatics
BD141,K00549,etnE,B_Ethene_and_chloroethene_degradation,Alkenes
BD141,K00549,xecA,B_Propene_degradation,Alkenes
BD141,K02615,pcaF,C_Catechol_degradation,Aromatics
BD141,K02615,pcaF,C_Protocatechuate_degradation,Aromatics
BD141,K00627,bphD,C_Biphenyl_degradation,Aromatics
BD141,K00632,pcaF,C_Catechol_degradation,Aromatics
BD141,K00632,pcaF,C_Protocatechuate_degradation,Aromatics
BD141,K00645,ituD,E_Iturin,Biosurfactant
BD141,K00661,at,E_Sophorolipids,Biosurfactant
BD141,K01028,pcaI,C_Protocatechuate_degradation,Aromatics
BD141,K01046,estA,D_PBAT,Polymers
BD141,K01046,FB4_0780,D_PBAT,Polymers
BD141,K01046,lip,D_PU,Polymers
BD141,K01046,lip,D_PET,Polymers
BD141,K01046,lipA,D_PET,Polymers
BD141,K01046,lipA,D_PCL,Polymers
BD141,K01046,lipA,D_PBSA,Polymers
BD141,K01046,plaA,D_PLA,Polymers
BD141,K01046,plaM4,D_PBS,Polymers
BD141,K01046,plaM4,D_PES,Polymers
BD141,K01046,plaM4,D_PHA,Polymers
BD141,K01046,plaM4,D_PBSA,Polymers
BD141,K01046,plaM4,D_PCL,Polymers
BD141,K01046,plaM4,D_PHB,Polymers
BD141,K01046,plaM4,D_PLA,Polymers
BD141,K01046,plaM5,D_PLA,Polymers
BD141,K01104,wzb,E_Emulsan,Biosurfactant
BD141,K01183,chi25,D_PCL,Polymers
BD141,K01259,pcaD,C_Catechol_degradation,Aromatics
BD141,K01259,pcaD,C_Protocatechuate_degradation,Aromatics
BD141,K01342,SUBB_LEDLE,D_PLA,Polymers
BD141,K01342,subC,D_PLA,Polymers
BD141,K01342,SUBS_LEDLE,D_PLA,Polymers
BD141,K01426,NFA_28320,D_Nylon,Polymers
BD141,K01426,nylA,D_Nylon,Polymers
BD141,K01465,benC,C_Benzoate_degradation,Aromatics
BD141,K01617,praD,C_Protocatechuate_degradation,Aromatics
BD141,K01617,xylI,C_Catechol_degradation,Aromatics
BD141,K01617,xylJ,C_Catechol_degradation,Aromatics
BD141,K01649,xylK,C_Catechol_degradation,Aromatics
BD141,K01666,xylK,C_Catechol_degradation,Aromatics
BD141,K01895,pqsA,C_Anthranilate_degradation,Aromatics
BD141,K01912,paaK,C_Phenylacetate_degradation,Aromatics
BD141,K02554,xylJ,C_Catechol_degradation,Aromatics
BD141,K02609,paaA,C_Phenylacetate_degradation,Aromatics
BD141,K02610,paaB,C_Phenylacetate_degradation,Aromatics
BD141,K02611,paaC,C_Phenylacetate_degradation,Aromatics
BD141,K02612,paaD,C_Phenylacetate_degradation,Aromatics
BD141,K03386,ahpC,A_Finnerty_pathway,Alkanes
BD141,K03387,ahpF,A_Finnerty_pathway,Alkanes
BD141,K03392,praH,C_Protocatechuate_degradation,Aromatics
BD141,K03392,proH,C_Protocatechuate_degradation,Aromatics
BD141,K03406,alkN_mcp,A_Hydrocarbon_uptake,Alkanes
BD141,K03556,alkS,A_Auxiliar_alkane_gene,Alkanes
BD141,K03644,lipA,D_PET,Polymers
BD141,K03644,lipA,D_PCL,Polymers
BD141,K03644,lipA,D_PBSA,Polymers
BD141,K04755,benC,C_Benzoate_degradation,Aromatics
BD141,K04755,nagAa,C_1-Methylnaphthalene/2-Methylnaphthalene_degradation,Aromatics
BD141,K04755,xylZ,C_Benzoate_degradation,Aromatics
BD141,K05337,padAc1,C_Phthalate_degradation,Aromatics
BD141,K15765,isoF,B_Isoprene_degradation,Alkenes
BD141,K15765,xamoF,B_Propene_degradation,Alkenes
BD141,K06133,ffp,E_Fengacyn,Biosurfactant
BD141,K06133,sfp,E_Surfactin,Biosurfactant
BD141,K06151,mpdB,B_2-methylpropene_degradation,Alkenes
BD141,K06999,est,D_PU,Polymers
BD141,K06999,est,D_PET,Polymers
BD141,K06999,est,D_PBSA,Polymers
BD141,K06999,est,D_PCL,Polymers
BD141,K06999,est,D_PBAT,Polymers
BD141,K06999,est,D_PLA,Polymers
BD141,K07071,blc,A_Hydrocarbon_uptake,Alkanes
BD141,K15654,srfAA,E_Surfactin,Biosurfactant
BD141,K15654,srfAB,E_Surfactin,Biosurfactant
BD141,K15329,ituD,E_Iturin,Biosurfactant
BD141,K15667,ppsA,E_Plipastatin,Biosurfactant
BD141,K15667,ppsC,E_Plipastatin,Biosurfactant
BD141,K15667,ppsD,E_Plipastatin,Biosurfactant
BD141,K15668,ppsE,E_Plipastatin,Biosurfactant
BD141,K22445,alkH_ald,A_Auxiliar_alkane_gene,Alkanes
BD141,K22445,dpgC,C_Toluene_degradation,Aromatics
BD141,K22445,mdlD,C_Toluene_degradation,Aromatics
BD143,K00055,xylB,C_Toluene_degradation,Aromatics
BD143,K00055,xylB,C_Dimethylbenzene,Aromatics
BD143,K00104,pchF,C_Toluene_degradation,Aromatics
BD143,K00128,alkH_ald,A_Auxiliar_alkane_gene,Alkanes
BD143,K00128,mpdC,B_2-methylpropene_degradation,Alkenes
BD143,K00128,dpgC,C_Toluene_degradation,Aromatics
BD143,K00128,mdlD,C_Toluene_degradation,Aromatics
BD143,K00128,pchA,C_Toluene_degradation,Aromatics
BD143,K00128,phdK,C_Phenanthrene_degradation,Aromatics
BD143,K00128,praB,C_Protocatechuate_degradation,Aromatics
BD143,K00128,pegC,D_PEG,Polymers
BD143,K00219,abmA,C_Anthranilate_degradation,Aromatics
BD143,K00354,abmA,C_Anthranilate_degradation,Aromatics
BD143,K00362,alkT_rubB_rdxR,A_Terminal/biterminal_oxidation,Alkanes
BD143,K00362,andAa,C_Anthranilate_degradation,Aromatics
BD143,K00362,padAd1,C_Phthalate_degradation,Aromatics
BD143,K00363,andAb,C_Anthranilate_degradation,Aromatics
BD143,K00363,bedB,C_Benzene_degradation,Aromatics
BD143,K00363,bphAc,C_Biphenyl_degradation,Aromatics
BD143,K00363,nagAb,C_1-Methylnaphthalene/2-Methylnaphthalene_degradation,Aromatics
BD143,K00363,todB,C_Toluene_degradation,Aromatics
BD143,K00382,xecC,B_Propene_degradation,Alkenes
BD143,K00549,etnE,B_Ethene_and_chloroethene_degradation,Alkenes
BD143,K00549,xecA,B_Propene_degradation,Alkenes
BD143,K00627,bphD,C_Biphenyl_degradation,Aromatics
BD143,K00632,pcaF,C_Catechol_degradation,Aromatics
BD143,K00632,pcaF,C_Protocatechuate_degradation,Aromatics
BD143,K00645,ituD,E_Iturin,Biosurfactant
BD143,K00661,at,E_Sophorolipids,Biosurfactant
BD143,K01046,estA,D_PBAT,Polymers
BD143,K01046,FB4_0780,D_PBAT,Polymers
BD143,K01046,lip,D_PU,Polymers
BD143,K01046,lip,D_PET,Polymers
BD143,K01046,lipA,D_PET,Polymers
BD143,K01046,lipA,D_PCL,Polymers
BD143,K01046,lipA,D_PBSA,Polymers
BD143,K01046,plaA,D_PLA,Polymers
BD143,K01046,plaM4,D_PBS,Polymers
BD143,K01046,plaM4,D_PES,Polymers
BD143,K01046,plaM4,D_PHA,Polymers
BD143,K01046,plaM4,D_PBSA,Polymers
BD143,K01046,plaM4,D_PCL,Polymers
BD143,K01046,plaM4,D_PHB,Polymers
BD143,K01046,plaM4,D_PLA,Polymers
BD143,K01046,plaM5,D_PLA,Polymers
BD143,K01104,wzb,E_Emulsan,Biosurfactant
BD143,K01342,SUBB_LEDLE,D_PLA,Polymers
BD143,K01342,subC,D_PLA,Polymers
BD143,K01342,SUBS_LEDLE,D_PLA,Polymers
BD143,K13277,subC,D_PLA,Polymers
BD143,K01426,NFA_28320,D_Nylon,Polymers
BD143,K01426,nylA,D_Nylon,Polymers
BD143,K01465,benC,C_Benzoate_degradation,Aromatics
BD143,K01649,xylK,C_Catechol_degradation,Aromatics
BD143,K01821,praC,C_Protocatechuate_degradation,Aromatics
BD143,K01821,xylH,C_Catechol_degradation,Aromatics
BD143,K01895,pqsA,C_Anthranilate_degradation,Aromatics
BD143,K02823,prmB,A_Subterminal_oxidation,Alkanes
BD143,K02823,isoF,B_Isoprene_degradation,Alkenes
BD143,K02823,xamoF,B_Propene_degradation,Alkenes
BD143,K02823,antC,C_Anthranilate_degradation,Aromatics
BD143,K02823,benC,C_Benzoate_degradation,Aromatics
BD143,K02823,nagAa,C_1-Methylnaphthalene/2-Methylnaphthalene_degradation,Aromatics
BD143,K02823,tphA1I,C_Terephthalate_degradation,Aromatics
BD143,K02823,xylZ,C_Benzoate_degradation,Aromatics
BD143,K03406,alkN_mcp,A_Hydrocarbon_uptake,Alkanes
BD143,K03644,lipA,D_PET,Polymers
BD143,K03644,lipA,D_PCL,Polymers
BD143,K03644,lipA,D_PBSA,Polymers
BD143,K04091,ssuD,A_Auxiliar_alkane_gene,Alkanes
BD143,K20938,LadA,A_Terminal/biterminal_oxidation,Alkanes
BD143,K20938,ssuD,A_Auxiliar_alkane_gene,Alkanes
BD143,K05337,padAc1,C_Phthalate_degradation,Aromatics
BD143,K15765,isoF,B_Isoprene_degradation,Alkenes
BD143,K15765,xamoF,B_Propene_degradation,Alkenes
BD143,K06133,ffp,E_Fengacyn,Biosurfactant
BD143,K06133,sfp,E_Surfactin,Biosurfactant
BD143,K06999,est,D_PU,Polymers
BD143,K06999,est,D_PET,Polymers
BD143,K06999,est,D_PBSA,Polymers
BD143,K06999,est,D_PCL,Polymers
BD143,K06999,est,D_PBAT,Polymers
BD143,K06999,est,D_PLA,Polymers
BD143,K07071,blc,A_Hydrocarbon_uptake,Alkanes
BD143,K10218,proA,C_Protocatechuate_degradation,Aromatics
BD143,K15654,srfAA,E_Surfactin,Biosurfactant
BD143,K15654,srfAB,E_Surfactin,Biosurfactant
BD143,K15655,srfAA,E_Surfactin,Biosurfactant
BD143,K15655,srfAB,E_Surfactin,Biosurfactant
BD143,K16119,srfAA,E_Surfactin,Biosurfactant
BD143,K16120,srfAB,E_Surfactin,Biosurfactant
BD143,K15656,ppsE,E_Plipastatin,Biosurfactant
BD143,K17763,BAY15_3292,D_PVA,Polymers
BD143,K17828,benC,C_Benzoate_degradation,Aromatics
BD145,K00019,hbd,D_PHBV,Polymers
BD145,K00019,hbd,D_PHA,Polymers
BD145,K00019,hbd,D_P3HV,Polymers
BD145,K00097,tphB,C_Terephthalate_degradation,Aromatics
BD145,K22024,tphB,C_Terephthalate_degradation,Aromatics
BD145,K00104,pchF,C_Toluene_degradation,Aromatics
BD145,K00108,alkJ_adh,A_Auxiliar_alkane_gene,Alkanes
BD145,K00108,pegA,D_PEG,Polymers
BD145,K00128,alkH_ald,A_Auxiliar_alkane_gene,Alkanes
BD145,K00128,mpdC,B_2-methylpropene_degradation,Alkenes
BD145,K00128,dpgC,C_Toluene_degradation,Aromatics
BD145,K00128,mdlD,C_Toluene_degradation,Aromatics
BD145,K00128,pchA,C_Toluene_degradation,Aromatics
BD145,K00128,phdK,C_Phenanthrene_degradation,Aromatics
BD145,K00128,praB,C_Protocatechuate_degradation,Aromatics
BD145,K00128,pegC,D_PEG,Polymers
BD145,K00151,praB,C_Protocatechuate_degradation,Aromatics
BD145,K10217,praB,C_Protocatechuate_degradation,Aromatics
BD145,K10217,xylG,C_Catechol_degradation,Aromatics
BD145,K00154,alkH_ald,A_Auxiliar_alkane_gene,Alkanes
BD145,K00154,dpgC,C_Toluene_degradation,Aromatics
BD145,K00154,mdlD,C_Toluene_degradation,Aromatics
BD145,K00219,abmA,C_Anthranilate_degradation,Aromatics
BD145,K00362,alkT_rubB_rdxR,A_Terminal/biterminal_oxidation,Alkanes
BD145,K00362,andAa,C_Anthranilate_degradation,Aromatics
BD145,K00362,padAd1,C_Phthalate_degradation,Aromatics
BD145,K00363,andAb,C_Anthranilate_degradation,Aromatics
BD145,K00363,bedB,C_Benzene_degradation,Aromatics
BD145,K00363,bphAc,C_Biphenyl_degradation,Aromatics
BD145,K00363,nagAb,C_1-Methylnaphthalene/2-Methylnaphthalene_degradation,Aromatics
BD145,K00363,todB,C_Toluene_degradation,Aromatics
BD145,K00382,xecC,B_Propene_degradation,Alkenes
BD145,K00406,pchC,C_Toluene_degradation,Aromatics
BD145,K00428,latA,D_NR,Polymers
BD145,K00448,pcaG,C_Protocatechuate_degradation,Aromatics
BD145,K00449,pcaH,C_Protocatechuate_degradation,Aromatics
BD145,K00450,hbzE,C_Gentisate_degradation,Aromatics
BD145,K00450,nagI,C_Gentisate_degradation,Aromatics
BD145,K00450,phdI,C_Phenanthrene_degradation,Aromatics
BD145,K00450,sdgD,C_Salicylate_degradation,Aromatics
BD145,K00450,xlnE,C_Gentisate_degradation,Aromatics
BD145,K14748,nagAc,C_1-Methylnaphthalene/2-Methylnaphthalene_degradation,Aromatics
BD145,K00481,pobA,C_Toluene_degradation,Aromatics
BD145,K00528,xamoF,B_Propene_degradation,Alkenes
BD145,K00528,nagAa,C_1-Methylnaphthalene/2-Methylnaphthalene_degradation,Aromatics
BD145,K00528,tphA1I,C_Terephthalate_degradation,Aromatics
BD145,K00529,alkT_rubB_rdxR,A_Terminal/biterminal_oxidation,Alkanes
BD145,K00529,prmB,A_Subterminal_oxidation,Alkanes
BD145,K00529,bedA,C_Benzene_degradation,Aromatics
BD145,K00529,bphAd,C_Biphenyl_degradation,Aromatics
BD145,K00529,todA,C_Toluene_degradation,Aromatics
BD145,K00549,etnE,B_Ethene_and_chloroethene_degradation,Alkenes
BD145,K00549,xecA,B_Propene_degradation,Alkenes
BD145,K00632,pcaF,C_Catechol_degradation,Aromatics
BD145,K00632,pcaF,C_Protocatechuate_degradation,Aromatics
BD145,K07823,pcaF,C_Catechol_degradation,Aromatics
BD145,K07823,pcaF,C_Protocatechuate_degradation,Aromatics
BD145,K00627,bphD,C_Biphenyl_degradation,Aromatics
BD145,K00645,ituD,E_Iturin,Biosurfactant
BD145,K15327,ituD,E_Iturin,Biosurfactant
BD145,K00799,isoI,B_Isoprene_degradation,Alkenes
BD145,K01028,pcaI,C_Protocatechuate_degradation,Aromatics
BD145,K01055,pcaD,C_Catechol_degradation,Aromatics
BD145,K01055,pcaD,C_Protocatechuate_degradation,Aromatics
BD145,K01061,phaZ,D_P4HB,Polymers
BD145,K01061,phaZ,D_PEA,Polymers
BD145,K01061,phaZ,D_P3HP,Polymers
BD145,K01061,phaZ,D_PHBV,Polymers
BD145,K01061,phaZ,D_PHO,Polymers
BD145,K01061,phaZ,D_PPL,Polymers
BD145,K01061,phaZ,D_PHB,Polymers
BD145,K01061,phaZ,D_PHA,Polymers
BD145,K01061,phaZ,D_PHPV,Polymers
BD145,K01061,phaZ,D_PCL,Polymers
BD145,K01061,phaZ,D_PES,Polymers
BD145,K01104,wzb,E_Emulsan,Biosurfactant
BD145,K01259,pcaD,C_Catechol_degradation,Aromatics
BD145,K01259,pcaD,C_Protocatechuate_degradation,Aromatics
BD145,K01426,NFA_28320,D_Nylon,Polymers
BD145,K01426,nylA,D_Nylon,Polymers
BD145,K01465,benC,C_Benzoate_degradation,Aromatics
BD145,K01628,padC2,C_Phthalate_degradation,Aromatics
BD145,K01649,xylK,C_Catechol_degradation,Aromatics
BD145,K01666,xylK,C_Catechol_degradation,Aromatics
BD145,K01801,nagL,C_Gentisate_degradation,Aromatics
BD145,K01821,praC,C_Protocatechuate_degradation,Aromatics
BD145,K01821,xylH,C_Catechol_degradation,Aromatics
BD145,K01856,catB,C_Catechol_degradation,Aromatics
BD145,K01857,pcaB,C_Protocatechuate_degradation,Aromatics
BD145,K01895,pqsA,C_Anthranilate_degradation,Aromatics
BD145,K01912,paaK,C_Phenylacetate_degradation,Aromatics
BD145,K02364,ppsE,E_Plipastatin,Biosurfactant
BD145,K02554,xylJ,C_Catechol_degradation,Aromatics
BD145,K02609,paaA,C_Phenylacetate_degradation,Aromatics
BD145,K02612,paaD,C_Phenylacetate_degradation,Aromatics
BD145,K03386,ahpC,A_Finnerty_pathway,Alkanes
BD145,K03406,alkN_mcp,A_Hydrocarbon_uptake,Alkanes
BD145,K03644,lipA,D_PET,Polymers
BD145,K03644,lipA,D_PCL,Polymers
BD145,K03644,lipA,D_PBSA,Polymers
BD145,K03801,lipB,D_PET,Polymers
BD145,K04755,benC,C_Benzoate_degradation,Aromatics
BD145,K04755,nagAa,C_1-Methylnaphthalene/2-Methylnaphthalene_degradation,Aromatics
BD145,K04755,xylZ,C_Benzoate_degradation,Aromatics
BD145,K05973,AvCA6_03910,D_PHB,Polymers
BD145,K05973,AvCA6_03910,D_PHA,Polymers
BD145,K05973,pDS-PS,D_PHB,Polymers
BD145,K05973,pDS-PS,D_PHA,Polymers
BD145,K05973,phaY2,D_PHB,Polymers
BD145,K05973,phaY2,D_PHA,Polymers
BD145,K05973,phaZ,D_P4HB,Polymers
BD145,K05973,phaZ,D_PEA,Polymers
BD145,K05973,phaZ,D_P3HP,Polymers
BD145,K05973,phaZ,D_PHBV,Polymers
BD145,K05973,phaZ,D_PHO,Polymers
BD145,K05973,phaZ,D_PPL,Polymers
BD145,K05973,phaZ,D_PHB,Polymers
BD145,K05973,phaZ,D_PHA,Polymers
BD145,K05973,phaZ,D_PHPV,Polymers
BD145,K05973,phaZ,D_PCL,Polymers
BD145,K05973,phaZ,D_PES,Polymers
BD145,K05973,phaZ1,D_PHA,Polymers
BD145,K05973,phaZ1,D_PHB,Polymers
BD145,K05973,phaZ2,D_PHB,Polymers
BD145,K05973,phaZ2,D_PHA,Polymers
BD145,K05973,phaZ3,D_PHB,Polymers
BD145,K05973,phaZ3,D_PHA,Polymers
BD145,K05973,phaZ4,D_PHA,Polymers
BD145,K05973,phaZ4,D_PHB,Polymers
BD145,K05973,phaZ5,D_PHA,Polymers
BD145,K05973,phaZ5,D_PHB,Polymers
BD145,K05973,phaZ6,D_PHA,Polymers
BD145,K05973,phaZ6,D_PHB,Polymers
BD145,K05973,phaZ7,D_PHB,Polymers
BD145,K05973,phaZ7,D_PHA,Polymers
BD145,K05973,phaZCac,D_PHA,Polymers
BD145,K05973,phaZCac,D_PHB,Polymers
BD145,K05973,phaZCac,D_PES,Polymers
BD145,K05973,phaZCac,D_PEA,Polymers
BD145,K05973,phaZCac,D_P4HB,Polymers
BD145,K05973,phaZCac,D_P3HP,Polymers
BD145,K05973,phaZd,D_PHB,Polymers
BD145,K05973,phaZd,D_PHA,Polymers
BD145,K05973,phaZd,D_PHBV,Polymers
BD145,K06133,ffp,E_Fengacyn,Biosurfactant
BD145,K06133,sfp,E_Surfactin,Biosurfactant
BD145,K06151,mpdB,B_2-methylpropene_degradation,Alkenes
BD145,K06999,est,D_PU,Polymers
BD145,K06999,est,D_PET,Polymers
BD145,K06999,est,D_PBSA,Polymers
BD145,K06999,est,D_PCL,Polymers
BD145,K06999,est,D_PBAT,Polymers
BD145,K06999,est,D_PLA,Polymers
BD145,K07275,alkL,A_Hydrocarbon_uptake,Alkanes
BD145,K09024,hpaC,C_4-Hydroxyphenylacetate_degradation,Aromatics
BD145,K09024,styB,C_Styrene_degradation,Aromatics
BD145,K09181,sdgB,C_Salicylate_degradation,Aromatics
BD145,K10216,todF,C_Toluene_degradation,Aromatics
BD145,K10216,xylF,C_Catechol_degradation,Aromatics
BD145,K10804,est,D_PU,Polymers
BD145,K10804,est,D_PET,Polymers
BD145,K10804,est,D_PBSA,Polymers
BD145,K10804,est,D_PCL,Polymers
BD145,K10804,est,D_PBAT,Polymers
BD145,K10804,est,D_PLA,Polymers
BD145,K14520,BVMO,A_Subterminal_oxidation,Alkanes
BD145,K14578,doxA,C_Naphthalene_degradation,Aromatics
BD145,K14578,doxA,C_Dibenzothiophene_degradation,Aromatics
BD145,K14578,nagAb,C_1-Methylnaphthalene/2-Methylnaphthalene_degradation,Aromatics
BD145,K14749,doxD,C_Dibenzothiophene_degradation,Aromatics
BD145,K14749,doxD,C_Naphthalene_degradation,Aromatics
BD145,K14749,nagAd,C_1-Methylnaphthalene/2-Methylnaphthalene_degradation,Aromatics
BD145,K15654,srfAA,E_Surfactin,Biosurfactant
BD145,K15654,srfAB,E_Surfactin,Biosurfactant
BD145,K16165,hbzF,C_Gentisate_degradation,Aromatics
BD145,K16165,nagK,C_Gentisate_degradation,Aromatics
BD145,K16319,andAc,C_Anthranilate_degradation,Aromatics
BD145,K16319,nagG,C_Salicylate_degradation,Aromatics
BD145,K16319,tphA2I,C_Terephthalate_degradation,Aromatics
BD145,K18242,nagG,C_Salicylate_degradation,Aromatics
BD145,K16320,andAd,C_Anthranilate_degradation,Aromatics
BD145,K16320,nagH,C_2-Methylnaphthalene_degradation,Aromatics
BD145,K16320,nagH,C_Salicylate_degradation,Aromatics
BD145,K16320,tphA3I,C_Terephthalate_degradation,Aromatics
BD145,K18243,nagH,C_2-Methylnaphthalene_degradation,Aromatics
BD145,K18243,nagH,C_Salicylate_degradation,Aromatics
BD145,K17828,benC,C_Benzoate_degradation,Aromatics
BD145,K17763,BAY15_3292,D_PVA,Polymers
BD145,K18372,est,D_PU,Polymers
BD145,K18372,est,D_PET,Polymers
BD145,K18372,est,D_PBSA,Polymers
BD145,K18372,est,D_PCL,Polymers
BD145,K18372,est,D_PBAT,Polymers
BD145,K18372,est,D_PLA,Polymers
BD145,K20938,LadA,A_Terminal/biterminal_oxidation,Alkanes
BD145,K20938,ssuD,A_Auxiliar_alkane_gene,Alkanes
BD145,K20940,nahW,C_Salicylate_degradation,Aromatics
BD147,K00382,xecC,B_Propene_degradation,Alkenes
BD147,K00549,etnE,B_Ethene_and_chloroethene_degradation,Alkenes
BD147,K00549,xecA,B_Propene_degradation,Alkenes
BD147,K01649,xylK,C_Catechol_degradation,Aromatics
BD147,K01895,pqsA,C_Anthranilate_degradation,Aromatics
BD147,K03406,alkN_mcp,A_Hydrocarbon_uptake,Alkanes
BD147,K04091,ssuD,A_Auxiliar_alkane_gene,Alkanes
BD147,K05710,isoC,B_Isoprene_degradation,Alkenes
BD147,K05710,xamoC,B_Propene_degradation,Alkenes
BD147,K05710,andAb,C_Anthranilate_degradation,Aromatics
BD147,K05710,bedB,C_Benzene_degradation,Aromatics
BD147,K05710,bphAc,C_Biphenyl_degradation,Aromatics
BD147,K05710,doxA,C_Naphthalene_degradation,Aromatics
BD147,K05710,doxA,C_Dibenzothiophene_degradation,Aromatics
BD147,K05710,nagAb,C_1-Methylnaphthalene/2-Methylnaphthalene_degradation,Aromatics
BD147,K05710,tmoC,C_Toluene_degradation,Aromatics
BD147,K05710,todB,C_Toluene_degradation,Aromatics
BD149,K00055,xylB,C_Toluene_degradation,Aromatics
BD149,K00055,xylB,C_Dimethylbenzene,Aromatics
BD149,K00104,pchF,C_Toluene_degradation,Aromatics
BD149,K00128,alkH_ald,A_Auxiliar_alkane_gene,Alkanes
BD149,K00128,mpdC,B_2-methylpropene_degradation,Alkenes
BD149,K00128,dpgC,C_Toluene_degradation,Aromatics
BD149,K00128,mdlD,C_Toluene_degradation,Aromatics
BD149,K00128,pchA,C_Toluene_degradation,Aromatics
BD149,K00128,phdK,C_Phenanthrene_degradation,Aromatics
BD149,K00128,praB,C_Protocatechuate_degradation,Aromatics
BD149,K00128,pegC,D_PEG,Polymers
BD149,K00219,abmA,C_Anthranilate_degradation,Aromatics
BD149,K00354,abmA,C_Anthranilate_degradation,Aromatics
BD149,K00362,alkT_rubB_rdxR,A_Terminal/biterminal_oxidation,Alkanes
BD149,K00362,andAa,C_Anthranilate_degradation,Aromatics
BD149,K00362,padAd1,C_Phthalate_degradation,Aromatics
BD149,K00363,andAb,C_Anthranilate_degradation,Aromatics
BD149,K00363,bedB,C_Benzene_degradation,Aromatics
BD149,K00363,bphAc,C_Biphenyl_degradation,Aromatics
BD149,K00363,nagAb,C_1-Methylnaphthalene/2-Methylnaphthalene_degradation,Aromatics
BD149,K00363,todB,C_Toluene_degradation,Aromatics
BD149,K00382,xecC,B_Propene_degradation,Alkenes
BD149,K00549,etnE,B_Ethene_and_chloroethene_degradation,Alkenes
BD149,K00549,xecA,B_Propene_degradation,Alkenes
BD149,K00627,bphD,C_Biphenyl_degradation,Aromatics
BD149,K00632,pcaF,C_Catechol_degradation,Aromatics
BD149,K00632,pcaF,C_Protocatechuate_degradation,Aromatics
BD149,K00645,ituD,E_Iturin,Biosurfactant
BD149,K00661,at,E_Sophorolipids,Biosurfactant
BD149,K01046,estA,D_PBAT,Polymers
BD149,K01046,FB4_0780,D_PBAT,Polymers
BD149,K01046,lip,D_PU,Polymers
BD149,K01046,lip,D_PET,Polymers
BD149,K01046,lipA,D_PET,Polymers
BD149,K01046,lipA,D_PCL,Polymers
BD149,K01046,lipA,D_PBSA,Polymers
BD149,K01046,plaA,D_PLA,Polymers
BD149,K01046,plaM4,D_PBS,Polymers
BD149,K01046,plaM4,D_PES,Polymers
BD149,K01046,plaM4,D_PHA,Polymers
BD149,K01046,plaM4,D_PBSA,Polymers
BD149,K01046,plaM4,D_PCL,Polymers
BD149,K01046,plaM4,D_PHB,Polymers
BD149,K01046,plaM4,D_PLA,Polymers
BD149,K01046,plaM5,D_PLA,Polymers
BD149,K01104,wzb,E_Emulsan,Biosurfactant
BD149,K01342,SUBB_LEDLE,D_PLA,Polymers
BD149,K01342,subC,D_PLA,Polymers
BD149,K01342,SUBS_LEDLE,D_PLA,Polymers
BD149,K13277,subC,D_PLA,Polymers
BD149,K01426,NFA_28320,D_Nylon,Polymers
BD149,K01426,nylA,D_Nylon,Polymers
BD149,K01465,benC,C_Benzoate_degradation,Aromatics
BD149,K01649,xylK,C_Catechol_degradation,Aromatics
BD149,K01821,praC,C_Protocatechuate_degradation,Aromatics
BD149,K01821,xylH,C_Catechol_degradation,Aromatics
BD149,K01895,pqsA,C_Anthranilate_degradation,Aromatics
BD149,K02823,prmB,A_Subterminal_oxidation,Alkanes
BD149,K02823,isoF,B_Isoprene_degradation,Alkenes
BD149,K02823,xamoF,B_Propene_degradation,Alkenes
BD149,K02823,antC,C_Anthranilate_degradation,Aromatics
BD149,K02823,benC,C_Benzoate_degradation,Aromatics
BD149,K02823,nagAa,C_1-Methylnaphthalene/2-Methylnaphthalene_degradation,Aromatics
BD149,K02823,tphA1I,C_Terephthalate_degradation,Aromatics
BD149,K02823,xylZ,C_Benzoate_degradation,Aromatics
BD149,K03406,alkN_mcp,A_Hydrocarbon_uptake,Alkanes
BD149,K03644,lipA,D_PET,Polymers
BD149,K03644,lipA,D_PCL,Polymers
BD149,K03644,lipA,D_PBSA,Polymers
BD149,K04091,ssuD,A_Auxiliar_alkane_gene,Alkanes
BD149,K20938,LadA,A_Terminal/biterminal_oxidation,Alkanes
BD149,K20938,ssuD,A_Auxiliar_alkane_gene,Alkanes
BD149,K05337,padAc1,C_Phthalate_degradation,Aromatics
BD149,K15765,isoF,B_Isoprene_degradation,Alkenes
BD149,K15765,xamoF,B_Propene_degradation,Alkenes
BD149,K06133,ffp,E_Fengacyn,Biosurfactant
BD149,K06133,sfp,E_Surfactin,Biosurfactant
BD149,K06999,est,D_PU,Polymers
BD149,K06999,est,D_PET,Polymers
BD149,K06999,est,D_PBSA,Polymers
BD149,K06999,est,D_PCL,Polymers
BD149,K06999,est,D_PBAT,Polymers
BD149,K06999,est,D_PLA,Polymers
BD149,K07071,blc,A_Hydrocarbon_uptake,Alkanes
BD149,K10218,proA,C_Protocatechuate_degradation,Aromatics
BD149,K15654,srfAA,E_Surfactin,Biosurfactant
BD149,K15654,srfAB,E_Surfactin,Biosurfactant
BD149,K15655,srfAA,E_Surfactin,Biosurfactant
BD149,K15655,srfAB,E_Surfactin,Biosurfactant
BD149,K16119,srfAA,E_Surfactin,Biosurfactant
BD149,K16120,srfAB,E_Surfactin,Biosurfactant
BD149,K15656,ppsE,E_Plipastatin,Biosurfactant
BD149,K17763,BAY15_3292,D_PVA,Polymers
BD149,K17828,benC,C_Benzoate_degradation,Aromatics
BD151,K00019,hbd,D_PHBV,Polymers
BD151,K00019,hbd,D_PHA,Polymers
BD151,K00019,hbd,D_P3HV,Polymers
BD151,K00104,pchF,C_Toluene_degradation,Aromatics
BD151,K00128,alkH_ald,A_Auxiliar_alkane_gene,Alkanes
BD151,K00128,mpdC,B_2-methylpropene_degradation,Alkenes
BD151,K00128,dpgC,C_Toluene_degradation,Aromatics
BD151,K00128,mdlD,C_Toluene_degradation,Aromatics
BD151,K00128,pchA,C_Toluene_degradation,Aromatics
BD151,K00128,phdK,C_Phenanthrene_degradation,Aromatics
BD151,K00128,praB,C_Protocatechuate_degradation,Aromatics
BD151,K00128,pegC,D_PEG,Polymers
BD151,K00219,abmA,C_Anthranilate_degradation,Aromatics
BD151,K00354,abmA,C_Anthranilate_degradation,Aromatics
BD151,K00382,xecC,B_Propene_degradation,Alkenes
BD151,K00483,hpaB,C_4-Hydroxyphenylacetate_degradation,Aromatics
BD151,K00483,hpaH,C_Anthranilate_degradation,Aromatics
BD151,K00549,etnE,B_Ethene_and_chloroethene_degradation,Alkenes
BD151,K00549,xecA,B_Propene_degradation,Alkenes
BD151,K00632,pcaF,C_Catechol_degradation,Aromatics
BD151,K00632,pcaF,C_Protocatechuate_degradation,Aromatics
BD151,K00627,bphD,C_Biphenyl_degradation,Aromatics
BD151,K00645,ituD,E_Iturin,Biosurfactant
BD151,K00661,at,E_Sophorolipids,Biosurfactant
BD151,K01028,pcaI,C_Protocatechuate_degradation,Aromatics
BD151,K01104,wzb,E_Emulsan,Biosurfactant
BD151,K01200,pulA,D_PU,Polymers
BD151,K01183,chi25,D_PCL,Polymers
BD151,K01259,pcaD,C_Catechol_degradation,Aromatics
BD151,K01259,pcaD,C_Protocatechuate_degradation,Aromatics
BD151,K01426,NFA_28320,D_Nylon,Polymers
BD151,K01426,nylA,D_Nylon,Polymers
BD151,K01465,benC,C_Benzoate_degradation,Aromatics
BD151,K01821,praC,C_Protocatechuate_degradation,Aromatics
BD151,K01821,xylH,C_Catechol_degradation,Aromatics
BD151,K01895,pqsA,C_Anthranilate_degradation,Aromatics
BD151,K01912,paaK,C_Phenylacetate_degradation,Aromatics
BD151,K02609,paaA,C_Phenylacetate_degradation,Aromatics
BD151,K02610,paaB,C_Phenylacetate_degradation,Aromatics
BD151,K02611,paaC,C_Phenylacetate_degradation,Aromatics
BD151,K02612,paaD,C_Phenylacetate_degradation,Aromatics
BD151,K02615,pcaF,C_Catechol_degradation,Aromatics
BD151,K02615,pcaF,C_Protocatechuate_degradation,Aromatics
BD151,K02823,prmB,A_Subterminal_oxidation,Alkanes
BD151,K02823,isoF,B_Isoprene_degradation,Alkenes
BD151,K02823,xamoF,B_Propene_degradation,Alkenes
BD151,K02823,antC,C_Anthranilate_degradation,Aromatics
BD151,K02823,benC,C_Benzoate_degradation,Aromatics
BD151,K02823,nagAa,C_1-Methylnaphthalene/2-Methylnaphthalene_degradation,Aromatics
BD151,K02823,tphA1I,C_Terephthalate_degradation,Aromatics
BD151,K02823,xylZ,C_Benzoate_degradation,Aromatics
BD151,K03386,ahpC,A_Finnerty_pathway,Alkanes
BD151,K03406,alkN_mcp,A_Hydrocarbon_uptake,Alkanes
BD151,K03556,alkS,A_Auxiliar_alkane_gene,Alkanes
BD151,K03644,lipA,D_PET,Polymers
BD151,K03644,lipA,D_PCL,Polymers
BD151,K03644,lipA,D_PBSA,Polymers
BD151,K03929,CLOSTHATH_07193,D_PBAT,Polymers
BD151,K03929,estC,D_PLA,Polymers
BD151,K03929,estC,D_PBSA,Polymers
BD151,K03929,pnbA,D_PET,Polymers
BD151,K03929,pudA,D_PU,Polymers
BD151,K05337,padAc1,C_Phthalate_degradation,Aromatics
BD151,K15765,isoF,B_Isoprene_degradation,Alkenes
BD151,K15765,xamoF,B_Propene_degradation,Alkenes
BD151,K06999,est,D_PU,Polymers
BD151,K06999,est,D_PET,Polymers
BD151,K06999,est,D_PBSA,Polymers
BD151,K06999,est,D_PCL,Polymers
BD151,K06999,est,D_PBAT,Polymers
BD151,K06999,est,D_PLA,Polymers
BD151,K07071,blc,A_Hydrocarbon_uptake,Alkanes
BD151,K17763,BAY15_3292,D_PVA,Polymers
BD151,K17828,benC,C_Benzoate_degradation,Aromatics
BD151,K22024,tphB,C_Terephthalate_degradation,Aromatics
BD152,K00019,hbd,D_PHBV,Polymers
BD152,K00019,hbd,D_PHA,Polymers
BD152,K00019,hbd,D_P3HV,Polymers
BD152,K00104,pchF,C_Toluene_degradation,Aromatics
BD152,K00128,alkH_ald,A_Auxiliar_alkane_gene,Alkanes
BD152,K00128,mpdC,B_2-methylpropene_degradation,Alkenes
BD152,K00128,dpgC,C_Toluene_degradation,Aromatics
BD152,K00128,mdlD,C_Toluene_degradation,Aromatics
BD152,K00128,pchA,C_Toluene_degradation,Aromatics
BD152,K00128,phdK,C_Phenanthrene_degradation,Aromatics
BD152,K00128,praB,C_Protocatechuate_degradation,Aromatics
BD152,K00128,pegC,D_PEG,Polymers
BD152,K00219,abmA,C_Anthranilate_degradation,Aromatics
BD152,K00354,abmA,C_Anthranilate_degradation,Aromatics
BD152,K00382,xecC,B_Propene_degradation,Alkenes
BD152,K00483,hpaB,C_4-Hydroxyphenylacetate_degradation,Aromatics
BD152,K00483,hpaH,C_Anthranilate_degradation,Aromatics
BD152,K00549,etnE,B_Ethene_and_chloroethene_degradation,Alkenes
BD152,K00549,xecA,B_Propene_degradation,Alkenes
BD152,K00632,pcaF,C_Catechol_degradation,Aromatics
BD152,K00632,pcaF,C_Protocatechuate_degradation,Aromatics
BD152,K00627,bphD,C_Biphenyl_degradation,Aromatics
BD152,K00645,ituD,E_Iturin,Biosurfactant
BD152,K00661,at,E_Sophorolipids,Biosurfactant
BD152,K01028,pcaI,C_Protocatechuate_degradation,Aromatics
BD152,K01104,wzb,E_Emulsan,Biosurfactant
BD152,K01200,pulA,D_PU,Polymers
BD152,K01183,chi25,D_PCL,Polymers
BD152,K01259,pcaD,C_Catechol_degradation,Aromatics
BD152,K01259,pcaD,C_Protocatechuate_degradation,Aromatics
BD152,K01426,NFA_28320,D_Nylon,Polymers
BD152,K01426,nylA,D_Nylon,Polymers
BD152,K01465,benC,C_Benzoate_degradation,Aromatics
BD152,K01821,praC,C_Protocatechuate_degradation,Aromatics
BD152,K01821,xylH,C_Catechol_degradation,Aromatics
BD152,K01895,pqsA,C_Anthranilate_degradation,Aromatics
BD152,K01912,paaK,C_Phenylacetate_degradation,Aromatics
BD152,K02609,paaA,C_Phenylacetate_degradation,Aromatics
BD152,K02610,paaB,C_Phenylacetate_degradation,Aromatics
BD152,K02611,paaC,C_Phenylacetate_degradation,Aromatics
BD152,K02612,paaD,C_Phenylacetate_degradation,Aromatics
BD152,K02615,pcaF,C_Catechol_degradation,Aromatics
BD152,K02615,pcaF,C_Protocatechuate_degradation,Aromatics
BD152,K02823,prmB,A_Subterminal_oxidation,Alkanes
BD152,K02823,isoF,B_Isoprene_degradation,Alkenes
BD152,K02823,xamoF,B_Propene_degradation,Alkenes
BD152,K02823,antC,C_Anthranilate_degradation,Aromatics
BD152,K02823,benC,C_Benzoate_degradation,Aromatics
BD152,K02823,nagAa,C_1-Methylnaphthalene/2-Methylnaphthalene_degradation,Aromatics
BD152,K02823,tphA1I,C_Terephthalate_degradation,Aromatics
BD152,K02823,xylZ,C_Benzoate_degradation,Aromatics
BD152,K03386,ahpC,A_Finnerty_pathway,Alkanes
BD152,K03406,alkN_mcp,A_Hydrocarbon_uptake,Alkanes
BD152,K03556,alkS,A_Auxiliar_alkane_gene,Alkanes
BD152,K03644,lipA,D_PET,Polymers
BD152,K03644,lipA,D_PCL,Polymers
BD152,K03644,lipA,D_PBSA,Polymers
BD152,K03929,CLOSTHATH_07193,D_PBAT,Polymers
BD152,K03929,estC,D_PLA,Polymers
BD152,K03929,estC,D_PBSA,Polymers
BD152,K03929,pnbA,D_PET,Polymers
BD152,K03929,pudA,D_PU,Polymers
BD152,K05337,padAc1,C_Phthalate_degradation,Aromatics
BD152,K15765,isoF,B_Isoprene_degradation,Alkenes
BD152,K15765,xamoF,B_Propene_degradation,Alkenes
BD152,K06999,est,D_PU,Polymers
BD152,K06999,est,D_PET,Polymers
BD152,K06999,est,D_PBSA,Polymers
BD152,K06999,est,D_PCL,Polymers
BD152,K06999,est,D_PBAT,Polymers
BD152,K06999,est,D_PLA,Polymers
BD152,K07071,blc,A_Hydrocarbon_uptake,Alkanes
BD152,K17763,BAY15_3292,D_PVA,Polymers
BD152,K17828,benC,C_Benzoate_degradation,Aromatics
BD152,K22024,tphB,C_Terephthalate_degradation,Aromatics
BD158,K00019,hbd,D_PHBV,Polymers
BD158,K00019,hbd,D_PHA,Polymers
BD158,K00019,hbd,D_P3HV,Polymers
BD158,K00097,tphB,C_Terephthalate_degradation,Aromatics
BD158,K00104,pchF,C_Toluene_degradation,Aromatics
BD158,K00108,alkJ_adh,A_Auxiliar_alkane_gene,Alkanes
BD158,K00108,pegA,D_PEG,Polymers
BD158,K00128,alkH_ald,A_Auxiliar_alkane_gene,Alkanes
BD158,K00128,mpdC,B_2-methylpropene_degradation,Alkenes
BD158,K00128,dpgC,C_Toluene_degradation,Aromatics
BD158,K00128,mdlD,C_Toluene_degradation,Aromatics
BD158,K00128,pchA,C_Toluene_degradation,Aromatics
BD158,K00128,phdK,C_Phenanthrene_degradation,Aromatics
BD158,K00128,praB,C_Protocatechuate_degradation,Aromatics
BD158,K00128,pegC,D_PEG,Polymers
BD158,K00151,praB,C_Protocatechuate_degradation,Aromatics
BD158,K10217,praB,C_Protocatechuate_degradation,Aromatics
BD158,K10217,xylG,C_Catechol_degradation,Aromatics
BD158,K00141,ntnC,C_Toluene_degradation,Aromatics
BD158,K00141,pchA,C_Toluene_degradation,Aromatics
BD158,K00141,xylC,C_Toluene_degradation,Aromatics
BD158,K00141,xylC,C_Dimethylbenzene,Aromatics
BD158,K00219,abmA,C_Anthranilate_degradation,Aromatics
BD158,K00351,dmpP,C_Phenol_degradation,Aromatics
BD158,K00351,tmoF,C_Toluene_degradation,Aromatics
BD158,K00351,tomA5,C_Toluene_degradation,Aromatics
BD158,K00362,alkT_rubB_rdxR,A_Terminal/biterminal_oxidation,Alkanes
BD158,K00362,andAa,C_Anthranilate_degradation,Aromatics
BD158,K00362,padAd1,C_Phthalate_degradation,Aromatics
BD158,K00363,andAb,C_Anthranilate_degradation,Aromatics
BD158,K00363,bedB,C_Benzene_degradation,Aromatics
BD158,K00363,bphAc,C_Biphenyl_degradation,Aromatics
BD158,K00363,nagAb,C_1-Methylnaphthalene/2-Methylnaphthalene_degradation,Aromatics
BD158,K00363,todB,C_Toluene_degradation,Aromatics
BD158,K00382,xecC,B_Propene_degradation,Alkenes
BD158,K00446,xylE,C_Catechol_degradation,Aromatics
BD158,K00448,pcaG,C_Protocatechuate_degradation,Aromatics
BD158,K00449,pcaH,C_Protocatechuate_degradation,Aromatics
BD158,K00455,praA,C_Protocatechuate_degradation,Aromatics
BD158,K00481,pobA,C_Toluene_degradation,Aromatics
BD158,K05712,pobA,C_Toluene_degradation,Aromatics
BD158,K00523,antC,C_Anthranilate_degradation,Aromatics
BD158,K00523,benC,C_Benzoate_degradation,Aromatics
BD158,K00523,nagAa,C_1-Methylnaphthalene/2-Methylnaphthalene_degradation,Aromatics
BD158,K00523,tphA1I,C_Terephthalate_degradation,Aromatics
BD158,K00523,xylZ,C_Benzoate_degradation,Aromatics
BD158,K00528,xamoF,B_Propene_degradation,Alkenes
BD158,K00528,nagAa,C_1-Methylnaphthalene/2-Methylnaphthalene_degradation,Aromatics
BD158,K00528,tphA1I,C_Terephthalate_degradation,Aromatics
BD158,K00529,alkT_rubB_rdxR,A_Terminal/biterminal_oxidation,Alkanes
BD158,K00529,prmB,A_Subterminal_oxidation,Alkanes
BD158,K00529,bedA,C_Benzene_degradation,Aromatics
BD158,K00529,bphAd,C_Biphenyl_degradation,Aromatics
BD158,K00529,todA,C_Toluene_degradation,Aromatics
BD158,K00549,etnE,B_Ethene_and_chloroethene_degradation,Alkenes
BD158,K00549,xecA,B_Propene_degradation,Alkenes
BD158,K02615,pcaF,C_Catechol_degradation,Aromatics
BD158,K02615,pcaF,C_Protocatechuate_degradation,Aromatics
BD158,K00627,bphD,C_Biphenyl_degradation,Aromatics
BD158,K00632,pcaF,C_Catechol_degradation,Aromatics
BD158,K00632,pcaF,C_Protocatechuate_degradation,Aromatics
BD158,K00645,ituD,E_Iturin,Biosurfactant
BD158,K00799,isoI,B_Isoprene_degradation,Alkenes
BD158,K01027,pcaI,C_Protocatechuate_degradation,Aromatics
BD158,K01028,pcaI,C_Protocatechuate_degradation,Aromatics
BD158,K01055,pcaD,C_Catechol_degradation,Aromatics
BD158,K01055,pcaD,C_Protocatechuate_degradation,Aromatics
BD158,K14727,pcaD,C_Catechol_degradation,Aromatics
BD158,K14727,pcaD,C_Protocatechuate_degradation,Aromatics
BD158,K01061,phaZ,D_P4HB,Polymers
BD158,K01061,phaZ,D_PEA,Polymers
BD158,K01061,phaZ,D_P3HP,Polymers
BD158,K01061,phaZ,D_PHBV,Polymers
BD158,K01061,phaZ,D_PHO,Polymers
BD158,K01061,phaZ,D_PPL,Polymers
BD158,K01061,phaZ,D_PHB,Polymers
BD158,K01061,phaZ,D_PHA,Polymers
BD158,K01061,phaZ,D_PHPV,Polymers
BD158,K01061,phaZ,D_PCL,Polymers
BD158,K01061,phaZ,D_PES,Polymers
BD158,K14731,est,D_PU,Polymers
BD158,K14731,est,D_PET,Polymers
BD158,K14731,est,D_PBSA,Polymers
BD158,K14731,est,D_PCL,Polymers
BD158,K14731,est,D_PBAT,Polymers
BD158,K14731,est,D_PLA,Polymers
BD158,K14731,GEN0105,D_PCL,Polymers
BD158,K14731,GEN0105,D_3PET,Polymers
BD158,K14731,GEN0105,D_PLA,Polymers
BD158,K01104,wzb,E_Emulsan,Biosurfactant
BD158,K20945,wzb,E_Emulsan,Biosurfactant
BD158,K01183,chi25,D_PCL,Polymers
BD158,K01200,pulA,D_PU,Polymers
BD158,K01426,NFA_28320,D_Nylon,Polymers
BD158,K01426,nylA,D_Nylon,Polymers
BD158,K01465,benC,C_Benzoate_degradation,Aromatics
BD158,K01649,xylK,C_Catechol_degradation,Aromatics
BD158,K01856,catB,C_Catechol_degradation,Aromatics
BD158,K01857,pcaB,C_Protocatechuate_degradation,Aromatics
BD158,K01895,pqsA,C_Anthranilate_degradation,Aromatics
BD158,K02613,paaE,C_Phenylacetate_degradation,Aromatics
BD158,K03098,blc,A_Hydrocarbon_uptake,Alkanes
BD158,K03386,ahpC,A_Finnerty_pathway,Alkanes
BD158,K03406,alkN_mcp,A_Hydrocarbon_uptake,Alkanes
BD158,K03599,nagL,C_Gentisate_degradation,Aromatics
BD158,K03644,lipA,D_PET,Polymers
BD158,K03644,lipA,D_PCL,Polymers
BD158,K03644,lipA,D_PBSA,Polymers
BD158,K03801,lipB,D_PET,Polymers
BD158,K04091,ssuD,A_Auxiliar_alkane_gene,Alkanes
BD158,K05297,alkG_rubA_rdx,A_Terminal/biterminal_oxidation,Alkanes
BD158,K05297,alkG_rubA1_rdx,A_Terminal/biterminal_oxidation,Alkanes
BD158,K05297,alkG_rubA2_rdx,A_Terminal/biterminal_oxidation,Alkanes
BD158,K05297,alkT_rubB_rdxR,A_Terminal/biterminal_oxidation,Alkanes
BD158,K06999,est,D_PU,Polymers
BD158,K06999,est,D_PET,Polymers
BD158,K06999,est,D_PBSA,Polymers
BD158,K06999,est,D_PCL,Polymers
BD158,K06999,est,D_PBAT,Polymers
BD158,K06999,est,D_PLA,Polymers
BD158,K07071,blc,A_Hydrocarbon_uptake,Alkanes
BD158,K07275,alkL,A_Hydrocarbon_uptake,Alkanes
BD158,K09181,sdgB,C_Salicylate_degradation,Aromatics
BD158,K10218,proA,C_Protocatechuate_degradation,Aromatics
BD158,K10804,est,D_PU,Polymers
BD158,K10804,est,D_PET,Polymers
BD158,K10804,est,D_PBSA,Polymers
BD158,K10804,est,D_PCL,Polymers
BD158,K10804,est,D_PBAT,Polymers
BD158,K10804,est,D_PLA,Polymers
BD158,K16692,wzc,E_Emulsan,Biosurfactant
BD158,K20938,LadA,A_Terminal/biterminal_oxidation,Alkanes
BD158,K20938,ssuD,A_Auxiliar_alkane_gene,Alkanes
BD160,K00055,xylB,C_Toluene_degradation,Aromatics
BD160,K00055,xylB,C_Dimethylbenzene,Aromatics
BD160,K00104,pchF,C_Toluene_degradation,Aromatics
BD160,K00128,alkH_ald,A_Auxiliar_alkane_gene,Alkanes
BD160,K00128,mpdC,B_2-methylpropene_degradation,Alkenes
BD160,K00128,dpgC,C_Toluene_degradation,Aromatics
BD160,K00128,mdlD,C_Toluene_degradation,Aromatics
BD160,K00128,pchA,C_Toluene_degradation,Aromatics
BD160,K00128,phdK,C_Phenanthrene_degradation,Aromatics
BD160,K00128,praB,C_Protocatechuate_degradation,Aromatics
BD160,K00128,pegC,D_PEG,Polymers
BD160,K00219,abmA,C_Anthranilate_degradation,Aromatics
BD160,K00354,abmA,C_Anthranilate_degradation,Aromatics
BD160,K00362,alkT_rubB_rdxR,A_Terminal/biterminal_oxidation,Alkanes
BD160,K00362,andAa,C_Anthranilate_degradation,Aromatics
BD160,K00362,padAd1,C_Phthalate_degradation,Aromatics
BD160,K00363,andAb,C_Anthranilate_degradation,Aromatics
BD160,K00363,bedB,C_Benzene_degradation,Aromatics
BD160,K00363,bphAc,C_Biphenyl_degradation,Aromatics
BD160,K00363,nagAb,C_1-Methylnaphthalene/2-Methylnaphthalene_degradation,Aromatics
BD160,K00363,todB,C_Toluene_degradation,Aromatics
BD160,K00382,xecC,B_Propene_degradation,Alkenes
BD160,K00549,etnE,B_Ethene_and_chloroethene_degradation,Alkenes
BD160,K00549,xecA,B_Propene_degradation,Alkenes
BD160,K00627,bphD,C_Biphenyl_degradation,Aromatics
BD160,K00632,pcaF,C_Catechol_degradation,Aromatics
BD160,K00632,pcaF,C_Protocatechuate_degradation,Aromatics
BD160,K00645,ituD,E_Iturin,Biosurfactant
BD160,K00661,at,E_Sophorolipids,Biosurfactant
BD160,K01046,estA,D_PBAT,Polymers
BD160,K01046,FB4_0780,D_PBAT,Polymers
BD160,K01046,lip,D_PU,Polymers
BD160,K01046,lip,D_PET,Polymers
BD160,K01046,lipA,D_PET,Polymers
BD160,K01046,lipA,D_PCL,Polymers
BD160,K01046,lipA,D_PBSA,Polymers
BD160,K01046,plaA,D_PLA,Polymers
BD160,K01046,plaM4,D_PBS,Polymers
BD160,K01046,plaM4,D_PES,Polymers
BD160,K01046,plaM4,D_PHA,Polymers
BD160,K01046,plaM4,D_PBSA,Polymers
BD160,K01046,plaM4,D_PCL,Polymers
BD160,K01046,plaM4,D_PHB,Polymers
BD160,K01046,plaM4,D_PLA,Polymers
BD160,K01046,plaM5,D_PLA,Polymers
BD160,K01104,wzb,E_Emulsan,Biosurfactant
BD160,K01342,SUBB_LEDLE,D_PLA,Polymers
BD160,K01342,subC,D_PLA,Polymers
BD160,K01342,SUBS_LEDLE,D_PLA,Polymers
BD160,K13277,subC,D_PLA,Polymers
BD160,K01426,NFA_28320,D_Nylon,Polymers
BD160,K01426,nylA,D_Nylon,Polymers
BD160,K01465,benC,C_Benzoate_degradation,Aromatics
BD160,K01649,xylK,C_Catechol_degradation,Aromatics
BD160,K01821,praC,C_Protocatechuate_degradation,Aromatics
BD160,K01821,xylH,C_Catechol_degradation,Aromatics
BD160,K01895,pqsA,C_Anthranilate_degradation,Aromatics
BD160,K02823,prmB,A_Subterminal_oxidation,Alkanes
BD160,K02823,isoF,B_Isoprene_degradation,Alkenes
BD160,K02823,xamoF,B_Propene_degradation,Alkenes
BD160,K02823,antC,C_Anthranilate_degradation,Aromatics
BD160,K02823,benC,C_Benzoate_degradation,Aromatics
BD160,K02823,nagAa,C_1-Methylnaphthalene/2-Methylnaphthalene_degradation,Aromatics
BD160,K02823,tphA1I,C_Terephthalate_degradation,Aromatics
BD160,K02823,xylZ,C_Benzoate_degradation,Aromatics
BD160,K03406,alkN_mcp,A_Hydrocarbon_uptake,Alkanes
BD160,K03644,lipA,D_PET,Polymers
BD160,K03644,lipA,D_PCL,Polymers
BD160,K03644,lipA,D_PBSA,Polymers
BD160,K04091,ssuD,A_Auxiliar_alkane_gene,Alkanes
BD160,K20938,LadA,A_Terminal/biterminal_oxidation,Alkanes
BD160,K20938,ssuD,A_Auxiliar_alkane_gene,Alkanes
BD160,K05337,padAc1,C_Phthalate_degradation,Aromatics
BD160,K15765,isoF,B_Isoprene_degradation,Alkenes
BD160,K15765,xamoF,B_Propene_degradation,Alkenes
BD160,K06133,ffp,E_Fengacyn,Biosurfactant
BD160,K06133,sfp,E_Surfactin,Biosurfactant
BD160,K06999,est,D_PU,Polymers
BD160,K06999,est,D_PET,Polymers
BD160,K06999,est,D_PBSA,Polymers
BD160,K06999,est,D_PCL,Polymers
BD160,K06999,est,D_PBAT,Polymers
BD160,K06999,est,D_PLA,Polymers
BD160,K07071,blc,A_Hydrocarbon_uptake,Alkanes
BD160,K10218,proA,C_Protocatechuate_degradation,Aromatics
BD160,K15654,srfAA,E_Surfactin,Biosurfactant
BD160,K15654,srfAB,E_Surfactin,Biosurfactant
BD160,K15655,srfAA,E_Surfactin,Biosurfactant
BD160,K15655,srfAB,E_Surfactin,Biosurfactant
BD160,K16119,srfAA,E_Surfactin,Biosurfactant
BD160,K16120,srfAB,E_Surfactin,Biosurfactant
BD160,K15656,ppsE,E_Plipastatin,Biosurfactant
BD160,K17763,BAY15_3292,D_PVA,Polymers
BD160,K17828,benC,C_Benzoate_degradation,Aromatics
BD161,K00019,hbd,D_PHBV,Polymers
BD161,K00019,hbd,D_PHA,Polymers
BD161,K00019,hbd,D_P3HV,Polymers
BD161,K00104,pchF,C_Toluene_degradation,Aromatics
BD161,K00128,alkH_ald,A_Auxiliar_alkane_gene,Alkanes
BD161,K00128,mpdC,B_2-methylpropene_degradation,Alkenes
BD161,K00128,dpgC,C_Toluene_degradation,Aromatics
BD161,K00128,mdlD,C_Toluene_degradation,Aromatics
BD161,K00128,pchA,C_Toluene_degradation,Aromatics
BD161,K00128,phdK,C_Phenanthrene_degradation,Aromatics
BD161,K00128,praB,C_Protocatechuate_degradation,Aromatics
BD161,K00128,pegC,D_PEG,Polymers
BD161,K21802,ntnC,C_Toluene_degradation,Aromatics
BD161,K21802,pchA,C_Toluene_degradation,Aromatics
BD161,K21802,xylC,C_Toluene_degradation,Aromatics
BD161,K21802,xylC,C_Dimethylbenzene,Aromatics
BD161,K00219,abmA,C_Anthranilate_degradation,Aromatics
BD161,K00354,abmA,C_Anthranilate_degradation,Aromatics
BD161,K00382,xecC,B_Propene_degradation,Alkenes
BD161,K00549,etnE,B_Ethene_and_chloroethene_degradation,Alkenes
BD161,K00549,xecA,B_Propene_degradation,Alkenes
BD161,K00632,pcaF,C_Catechol_degradation,Aromatics
BD161,K00632,pcaF,C_Protocatechuate_degradation,Aromatics
BD161,K00627,bphD,C_Biphenyl_degradation,Aromatics
BD161,K00645,ituD,E_Iturin,Biosurfactant
BD161,K00661,at,E_Sophorolipids,Biosurfactant
BD161,K01028,pcaI,C_Protocatechuate_degradation,Aromatics
BD161,K01104,wzb,E_Emulsan,Biosurfactant
BD161,K01200,pulA,D_PU,Polymers
BD161,K01259,pcaD,C_Catechol_degradation,Aromatics
BD161,K01259,pcaD,C_Protocatechuate_degradation,Aromatics
BD161,K01465,benC,C_Benzoate_degradation,Aromatics
BD161,K01649,xylK,C_Catechol_degradation,Aromatics
BD161,K01821,praC,C_Protocatechuate_degradation,Aromatics
BD161,K01821,xylH,C_Catechol_degradation,Aromatics
BD161,K01895,pqsA,C_Anthranilate_degradation,Aromatics
BD161,K01912,paaK,C_Phenylacetate_degradation,Aromatics
BD161,K02609,paaA,C_Phenylacetate_degradation,Aromatics
BD161,K02610,paaB,C_Phenylacetate_degradation,Aromatics
BD161,K02611,paaC,C_Phenylacetate_degradation,Aromatics
BD161,K02612,paaD,C_Phenylacetate_degradation,Aromatics
BD161,K02615,pcaF,C_Catechol_degradation,Aromatics
BD161,K02615,pcaF,C_Protocatechuate_degradation,Aromatics
BD161,K02823,prmB,A_Subterminal_oxidation,Alkanes
BD161,K02823,isoF,B_Isoprene_degradation,Alkenes
BD161,K02823,xamoF,B_Propene_degradation,Alkenes
BD161,K02823,antC,C_Anthranilate_degradation,Aromatics
BD161,K02823,benC,C_Benzoate_degradation,Aromatics
BD161,K02823,nagAa,C_1-Methylnaphthalene/2-Methylnaphthalene_degradation,Aromatics
BD161,K02823,tphA1I,C_Terephthalate_degradation,Aromatics
BD161,K02823,xylZ,C_Benzoate_degradation,Aromatics
BD161,K03386,ahpC,A_Finnerty_pathway,Alkanes
BD161,K03387,ahpF,A_Finnerty_pathway,Alkanes
BD161,K03406,alkN_mcp,A_Hydrocarbon_uptake,Alkanes
BD161,K03644,lipA,D_PET,Polymers
BD161,K03644,lipA,D_PCL,Polymers
BD161,K03644,lipA,D_PBSA,Polymers
BD161,K03791,chi25,D_PCL,Polymers
BD161,K05337,padAc1,C_Phthalate_degradation,Aromatics
BD161,K15765,isoF,B_Isoprene_degradation,Alkenes
BD161,K15765,xamoF,B_Propene_degradation,Alkenes
BD161,K06999,est,D_PU,Polymers
BD161,K06999,est,D_PET,Polymers
BD161,K06999,est,D_PBSA,Polymers
BD161,K06999,est,D_PCL,Polymers
BD161,K06999,est,D_PBAT,Polymers
BD161,K06999,est,D_PLA,Polymers
BD161,K07071,blc,A_Hydrocarbon_uptake,Alkanes
BD161,K10218,proA,C_Protocatechuate_degradation,Aromatics
BD161,K17763,BAY15_3292,D_PVA,Polymers
BD161,K17828,benC,C_Benzoate_degradation,Aromatics
BD161,K22024,tphB,C_Terephthalate_degradation,Aromatics
BD162,K00019,hbd,D_PHBV,Polymers
BD162,K00019,hbd,D_PHA,Polymers
BD162,K00019,hbd,D_P3HV,Polymers
BD162,K00104,pchF,C_Toluene_degradation,Aromatics
BD162,K00128,alkH_ald,A_Auxiliar_alkane_gene,Alkanes
BD162,K00128,mpdC,B_2-methylpropene_degradation,Alkenes
BD162,K00128,dpgC,C_Toluene_degradation,Aromatics
BD162,K00128,mdlD,C_Toluene_degradation,Aromatics
BD162,K00128,pchA,C_Toluene_degradation,Aromatics
BD162,K00128,phdK,C_Phenanthrene_degradation,Aromatics
BD162,K00128,praB,C_Protocatechuate_degradation,Aromatics
BD162,K00128,pegC,D_PEG,Polymers
BD162,K21802,ntnC,C_Toluene_degradation,Aromatics
BD162,K21802,pchA,C_Toluene_degradation,Aromatics
BD162,K21802,xylC,C_Toluene_degradation,Aromatics
BD162,K21802,xylC,C_Dimethylbenzene,Aromatics
BD162,K00219,abmA,C_Anthranilate_degradation,Aromatics
BD162,K00354,abmA,C_Anthranilate_degradation,Aromatics
BD162,K00362,alkT_rubB_rdxR,A_Terminal/biterminal_oxidation,Alkanes
BD162,K00362,andAa,C_Anthranilate_degradation,Aromatics
BD162,K00362,padAd1,C_Phthalate_degradation,Aromatics
BD162,K00363,andAb,C_Anthranilate_degradation,Aromatics
BD162,K00363,bedB,C_Benzene_degradation,Aromatics
BD162,K00363,bphAc,C_Biphenyl_degradation,Aromatics
BD162,K00363,nagAb,C_1-Methylnaphthalene/2-Methylnaphthalene_degradation,Aromatics
BD162,K00363,todB,C_Toluene_degradation,Aromatics
BD162,K00382,xecC,B_Propene_degradation,Alkenes
BD162,K00483,hpaB,C_4-Hydroxyphenylacetate_degradation,Aromatics
BD162,K00483,hpaH,C_Anthranilate_degradation,Aromatics
BD162,K00549,etnE,B_Ethene_and_chloroethene_degradation,Alkenes
BD162,K00549,xecA,B_Propene_degradation,Alkenes
BD162,K00627,bphD,C_Biphenyl_degradation,Aromatics
BD162,K00632,pcaF,C_Catechol_degradation,Aromatics
BD162,K00632,pcaF,C_Protocatechuate_degradation,Aromatics
BD162,K00645,ituD,E_Iturin,Biosurfactant
BD162,K15327,ituD,E_Iturin,Biosurfactant
BD162,K15329,ituD,E_Iturin,Biosurfactant
BD162,K00661,at,E_Sophorolipids,Biosurfactant
BD162,K01028,pcaI,C_Protocatechuate_degradation,Aromatics
BD162,K01046,estA,D_PBAT,Polymers
BD162,K01046,FB4_0780,D_PBAT,Polymers
BD162,K01046,lip,D_PU,Polymers
BD162,K01046,lip,D_PET,Polymers
BD162,K01046,lipA,D_PET,Polymers
BD162,K01046,lipA,D_PCL,Polymers
BD162,K01046,lipA,D_PBSA,Polymers
BD162,K01046,plaA,D_PLA,Polymers
BD162,K01046,plaM4,D_PBS,Polymers
BD162,K01046,plaM4,D_PES,Polymers
BD162,K01046,plaM4,D_PHA,Polymers
BD162,K01046,plaM4,D_PBSA,Polymers
BD162,K01046,plaM4,D_PCL,Polymers
BD162,K01046,plaM4,D_PHB,Polymers
BD162,K01046,plaM4,D_PLA,Polymers
BD162,K01046,plaM5,D_PLA,Polymers
BD162,K01104,wzb,E_Emulsan,Biosurfactant
BD162,K01342,SUBB_LEDLE,D_PLA,Polymers
BD162,K01342,subC,D_PLA,Polymers
BD162,K01342,SUBS_LEDLE,D_PLA,Polymers
BD162,K13277,subC,D_PLA,Polymers
BD162,K01465,benC,C_Benzoate_degradation,Aromatics
BD162,K01649,xylK,C_Catechol_degradation,Aromatics
BD162,K01821,praC,C_Protocatechuate_degradation,Aromatics
BD162,K01821,xylH,C_Catechol_degradation,Aromatics
BD162,K01895,pqsA,C_Anthranilate_degradation,Aromatics
BD162,K02823,prmB,A_Subterminal_oxidation,Alkanes
BD162,K02823,isoF,B_Isoprene_degradation,Alkenes
BD162,K02823,xamoF,B_Propene_degradation,Alkenes
BD162,K02823,antC,C_Anthranilate_degradation,Aromatics
BD162,K02823,benC,C_Benzoate_degradation,Aromatics
BD162,K02823,nagAa,C_1-Methylnaphthalene/2-Methylnaphthalene_degradation,Aromatics
BD162,K02823,tphA1I,C_Terephthalate_degradation,Aromatics
BD162,K02823,xylZ,C_Benzoate_degradation,Aromatics
BD162,K03386,ahpC,A_Finnerty_pathway,Alkanes
BD162,K03387,ahpF,A_Finnerty_pathway,Alkanes
BD162,K03406,alkN_mcp,A_Hydrocarbon_uptake,Alkanes
BD162,K03644,lipA,D_PET,Polymers
BD162,K03644,lipA,D_PCL,Polymers
BD162,K03644,lipA,D_PBSA,Polymers
BD162,K03929,CLOSTHATH_07193,D_PBAT,Polymers
BD162,K03929,estC,D_PLA,Polymers
BD162,K03929,estC,D_PBSA,Polymers
BD162,K03929,pnbA,D_PET,Polymers
BD162,K03929,pudA,D_PU,Polymers
BD162,K04091,ssuD,A_Auxiliar_alkane_gene,Alkanes
BD162,K20938,LadA,A_Terminal/biterminal_oxidation,Alkanes
BD162,K20938,ssuD,A_Auxiliar_alkane_gene,Alkanes
BD162,K05337,padAc1,C_Phthalate_degradation,Aromatics
BD162,K15765,isoF,B_Isoprene_degradation,Alkenes
BD162,K15765,xamoF,B_Propene_degradation,Alkenes
BD162,K06133,ffp,E_Fengacyn,Biosurfactant
BD162,K06133,sfp,E_Surfactin,Biosurfactant
BD162,K06999,est,D_PU,Polymers
BD162,K06999,est,D_PET,Polymers
BD162,K06999,est,D_PBSA,Polymers
BD162,K06999,est,D_PCL,Polymers
BD162,K06999,est,D_PBAT,Polymers
BD162,K06999,est,D_PLA,Polymers
BD162,K07071,blc,A_Hydrocarbon_uptake,Alkanes
BD162,K15654,srfAA,E_Surfactin,Biosurfactant
BD162,K15654,srfAB,E_Surfactin,Biosurfactant
BD162,K15655,srfAA,E_Surfactin,Biosurfactant
BD162,K15655,srfAB,E_Surfactin,Biosurfactant
BD162,K16120,srfAB,E_Surfactin,Biosurfactant
BD162,K16119,srfAA,E_Surfactin,Biosurfactant
BD162,K15656,ppsE,E_Plipastatin,Biosurfactant
BD162,K15668,ppsE,E_Plipastatin,Biosurfactant
BD162,K15661,ituA,E_Iturin,Biosurfactant
BD162,K15661,mycA,E_Mycosubtilin,Biosurfactant
BD162,K15662,ituB,E_Iturin,Biosurfactant
BD162,K15662,ituC,E_Iturin,Biosurfactant
BD162,K15662,mycB,E_Mycosubtilin,Biosurfactant
BD162,K15662,mycC,E_Mycosubtilin,Biosurfactant
BD162,K15663,ituB,E_Iturin,Biosurfactant
BD162,K15663,ituC,E_Iturin,Biosurfactant
BD162,K15663,mycB,E_Mycosubtilin,Biosurfactant
BD162,K15663,mycC,E_Mycosubtilin,Biosurfactant
BD162,K15664,ppsA,E_Plipastatin,Biosurfactant
BD162,K15664,ppsC,E_Plipastatin,Biosurfactant
BD162,K15664,ppsD,E_Plipastatin,Biosurfactant
BD162,K15666,ppsA,E_Plipastatin,Biosurfactant
BD162,K15666,ppsC,E_Plipastatin,Biosurfactant
BD162,K15666,ppsD,E_Plipastatin,Biosurfactant
BD162,K15667,ppsA,E_Plipastatin,Biosurfactant
BD162,K15667,ppsC,E_Plipastatin,Biosurfactant
BD162,K15667,ppsD,E_Plipastatin,Biosurfactant
BD162,K15665,ppsB,E_Plipastatin,Biosurfactant
BD162,K17763,BAY15_3292,D_PVA,Polymers
BD162,K17828,benC,C_Benzoate_degradation,Aromatics
BD163,K00019,hbd,D_PHBV,Polymers
BD163,K00019,hbd,D_PHA,Polymers
BD163,K00019,hbd,D_P3HV,Polymers
BD163,K00104,pchF,C_Toluene_degradation,Aromatics
BD163,K00128,alkH_ald,A_Auxiliar_alkane_gene,Alkanes
BD163,K00128,mpdC,B_2-methylpropene_degradation,Alkenes
BD163,K00128,dpgC,C_Toluene_degradation,Aromatics
BD163,K00128,mdlD,C_Toluene_degradation,Aromatics
BD163,K00128,pchA,C_Toluene_degradation,Aromatics
BD163,K00128,phdK,C_Phenanthrene_degradation,Aromatics
BD163,K00128,praB,C_Protocatechuate_degradation,Aromatics
BD163,K00128,pegC,D_PEG,Polymers
BD163,K00219,abmA,C_Anthranilate_degradation,Aromatics
BD163,K00354,abmA,C_Anthranilate_degradation,Aromatics
BD163,K00362,alkT_rubB_rdxR,A_Terminal/biterminal_oxidation,Alkanes
BD163,K00362,andAa,C_Anthranilate_degradation,Aromatics
BD163,K00362,padAd1,C_Phthalate_degradation,Aromatics
BD163,K00363,andAb,C_Anthranilate_degradation,Aromatics
BD163,K00363,bedB,C_Benzene_degradation,Aromatics
BD163,K00363,bphAc,C_Biphenyl_degradation,Aromatics
BD163,K00363,nagAb,C_1-Methylnaphthalene/2-Methylnaphthalene_degradation,Aromatics
BD163,K00363,todB,C_Toluene_degradation,Aromatics
BD163,K00382,xecC,B_Propene_degradation,Alkenes
BD163,K00483,hpaB,C_4-Hydroxyphenylacetate_degradation,Aromatics
BD163,K00483,hpaH,C_Anthranilate_degradation,Aromatics
BD163,K00549,etnE,B_Ethene_and_chloroethene_degradation,Alkenes
BD163,K00549,xecA,B_Propene_degradation,Alkenes
BD163,K00627,bphD,C_Biphenyl_degradation,Aromatics
BD163,K00632,pcaF,C_Catechol_degradation,Aromatics
BD163,K00632,pcaF,C_Protocatechuate_degradation,Aromatics
BD163,K00645,ituD,E_Iturin,Biosurfactant
BD163,K00661,at,E_Sophorolipids,Biosurfactant
BD163,K01027,pcaI,C_Protocatechuate_degradation,Aromatics
BD163,K01028,pcaI,C_Protocatechuate_degradation,Aromatics
BD163,K01046,estA,D_PBAT,Polymers
BD163,K01046,FB4_0780,D_PBAT,Polymers
BD163,K01046,lip,D_PU,Polymers
BD163,K01046,lip,D_PET,Polymers
BD163,K01046,lipA,D_PET,Polymers
BD163,K01046,lipA,D_PCL,Polymers
BD163,K01046,lipA,D_PBSA,Polymers
BD163,K01046,plaA,D_PLA,Polymers
BD163,K01046,plaM4,D_PBS,Polymers
BD163,K01046,plaM4,D_PES,Polymers
BD163,K01046,plaM4,D_PHA,Polymers
BD163,K01046,plaM4,D_PBSA,Polymers
BD163,K01046,plaM4,D_PCL,Polymers
BD163,K01046,plaM4,D_PHB,Polymers
BD163,K01046,plaM4,D_PLA,Polymers
BD163,K01046,plaM5,D_PLA,Polymers
BD163,K01104,wzb,E_Emulsan,Biosurfactant
BD163,K01200,pulA,D_PU,Polymers
BD163,K01426,NFA_28320,D_Nylon,Polymers
BD163,K01426,nylA,D_Nylon,Polymers
BD163,K01465,benC,C_Benzoate_degradation,Aromatics
BD163,K01649,xylK,C_Catechol_degradation,Aromatics
BD163,K01666,xylK,C_Catechol_degradation,Aromatics
BD163,K01821,praC,C_Protocatechuate_degradation,Aromatics
BD163,K01821,xylH,C_Catechol_degradation,Aromatics
BD163,K01856,catB,C_Catechol_degradation,Aromatics
BD163,K01895,pqsA,C_Anthranilate_degradation,Aromatics
BD163,K02823,prmB,A_Subterminal_oxidation,Alkanes
BD163,K02823,isoF,B_Isoprene_degradation,Alkenes
BD163,K02823,xamoF,B_Propene_degradation,Alkenes
BD163,K02823,antC,C_Anthranilate_degradation,Aromatics
BD163,K02823,benC,C_Benzoate_degradation,Aromatics
BD163,K02823,nagAa,C_1-Methylnaphthalene/2-Methylnaphthalene_degradation,Aromatics
BD163,K02823,tphA1I,C_Terephthalate_degradation,Aromatics
BD163,K02823,xylZ,C_Benzoate_degradation,Aromatics
BD163,K03381,catA,C_Catechol_degradation,Aromatics
BD163,K03406,alkN_mcp,A_Hydrocarbon_uptake,Alkanes
BD163,K03644,lipA,D_PET,Polymers
BD163,K03644,lipA,D_PCL,Polymers
BD163,K03644,lipA,D_PBSA,Polymers
BD163,K04091,ssuD,A_Auxiliar_alkane_gene,Alkanes
BD163,K20938,LadA,A_Terminal/biterminal_oxidation,Alkanes
BD163,K20938,ssuD,A_Auxiliar_alkane_gene,Alkanes
BD163,K05337,padAc1,C_Phthalate_degradation,Aromatics
BD163,K05841,emt1,E_Mannosylerythritol_lipids_MEL,Biosurfactant
BD163,K15765,isoF,B_Isoprene_degradation,Alkenes
BD163,K15765,xamoF,B_Propene_degradation,Alkenes
BD163,K06898,xylB,C_Toluene_degradation,Aromatics
BD163,K06898,xylB,C_Dimethylbenzene,Aromatics
BD163,K06999,est,D_PU,Polymers
BD163,K06999,est,D_PET,Polymers
BD163,K06999,est,D_PBSA,Polymers
BD163,K06999,est,D_PCL,Polymers
BD163,K06999,est,D_PBAT,Polymers
BD163,K06999,est,D_PLA,Polymers
BD163,K07071,blc,A_Hydrocarbon_uptake,Alkanes
BD163,K10218,proA,C_Protocatechuate_degradation,Aromatics
BD163,K13277,subC,D_PLA,Polymers
BD163,K17763,BAY15_3292,D_PVA,Polymers
BD163,K17828,benC,C_Benzoate_degradation,Aromatics
BG1,K00019,hbd,D_PHBV,Polymers
BG1,K00019,hbd,D_PHA,Polymers
BG1,K00019,hbd,D_P3HV,Polymers
BG1,K00104,pchF,C_Toluene_degradation,Aromatics
BG1,K00128,alkH_ald,A_Auxiliar_alkane_gene,Alkanes
BG1,K00128,mpdC,B_2-methylpropene_degradation,Alkenes
BG1,K00128,dpgC,C_Toluene_degradation,Aromatics
BG1,K00128,mdlD,C_Toluene_degradation,Aromatics
BG1,K00128,pchA,C_Toluene_degradation,Aromatics
BG1,K00128,phdK,C_Phenanthrene_degradation,Aromatics
BG1,K00128,praB,C_Protocatechuate_degradation,Aromatics
BG1,K00128,pegC,D_PEG,Polymers
BG1,K21802,ntnC,C_Toluene_degradation,Aromatics
BG1,K21802,pchA,C_Toluene_degradation,Aromatics
BG1,K21802,xylC,C_Toluene_degradation,Aromatics
BG1,K21802,xylC,C_Dimethylbenzene,Aromatics
BG1,K00219,abmA,C_Anthranilate_degradation,Aromatics
BG1,K00354,abmA,C_Anthranilate_degradation,Aromatics
BG1,K00362,alkT_rubB_rdxR,A_Terminal/biterminal_oxidation,Alkanes
BG1,K00362,andAa,C_Anthranilate_degradation,Aromatics
BG1,K00362,padAd1,C_Phthalate_degradation,Aromatics
BG1,K00363,andAb,C_Anthranilate_degradation,Aromatics
BG1,K00363,bedB,C_Benzene_degradation,Aromatics
BG1,K00363,bphAc,C_Biphenyl_degradation,Aromatics
BG1,K00363,nagAb,C_1-Methylnaphthalene/2-Methylnaphthalene_degradation,Aromatics
BG1,K00363,todB,C_Toluene_degradation,Aromatics
BG1,K00382,xecC,B_Propene_degradation,Alkenes
BG1,K00483,hpaB,C_4-Hydroxyphenylacetate_degradation,Aromatics
BG1,K00483,hpaH,C_Anthranilate_degradation,Aromatics
BG1,K00549,etnE,B_Ethene_and_chloroethene_degradation,Alkenes
BG1,K00549,xecA,B_Propene_degradation,Alkenes
BG1,K00627,bphD,C_Biphenyl_degradation,Aromatics
BG1,K00632,pcaF,C_Catechol_degradation,Aromatics
BG1,K00632,pcaF,C_Protocatechuate_degradation,Aromatics
BG1,K00645,ituD,E_Iturin,Biosurfactant
BG1,K15327,ituD,E_Iturin,Biosurfactant
BG1,K15329,ituD,E_Iturin,Biosurfactant
BG1,K00661,at,E_Sophorolipids,Biosurfactant
BG1,K01028,pcaI,C_Protocatechuate_degradation,Aromatics
BG1,K01046,estA,D_PBAT,Polymers
BG1,K01046,FB4_0780,D_PBAT,Polymers
BG1,K01046,lip,D_PU,Polymers
BG1,K01046,lip,D_PET,Polymers
BG1,K01046,lipA,D_PET,Polymers
BG1,K01046,lipA,D_PCL,Polymers
BG1,K01046,lipA,D_PBSA,Polymers
BG1,K01046,plaA,D_PLA,Polymers
BG1,K01046,plaM4,D_PBS,Polymers
BG1,K01046,plaM4,D_PES,Polymers
BG1,K01046,plaM4,D_PHA,Polymers
BG1,K01046,plaM4,D_PBSA,Polymers
BG1,K01046,plaM4,D_PCL,Polymers
BG1,K01046,plaM4,D_PHB,Polymers
BG1,K01046,plaM4,D_PLA,Polymers
BG1,K01046,plaM5,D_PLA,Polymers
BG1,K01104,wzb,E_Emulsan,Biosurfactant
BG1,K01342,SUBB_LEDLE,D_PLA,Polymers
BG1,K01342,subC,D_PLA,Polymers
BG1,K01342,SUBS_LEDLE,D_PLA,Polymers
BG1,K13277,subC,D_PLA,Polymers
BG1,K01465,benC,C_Benzoate_degradation,Aromatics
BG1,K01649,xylK,C_Catechol_degradation,Aromatics
BG1,K01821,praC,C_Protocatechuate_degradation,Aromatics
BG1,K01821,xylH,C_Catechol_degradation,Aromatics
BG1,K01895,pqsA,C_Anthranilate_degradation,Aromatics
BG1,K02823,prmB,A_Subterminal_oxidation,Alkanes
BG1,K02823,isoF,B_Isoprene_degradation,Alkenes
BG1,K02823,xamoF,B_Propene_degradation,Alkenes
BG1,K02823,antC,C_Anthranilate_degradation,Aromatics
BG1,K02823,benC,C_Benzoate_degradation,Aromatics
BG1,K02823,nagAa,C_1-Methylnaphthalene/2-Methylnaphthalene_degradation,Aromatics
BG1,K02823,tphA1I,C_Terephthalate_degradation,Aromatics
BG1,K02823,xylZ,C_Benzoate_degradation,Aromatics
BG1,K03386,ahpC,A_Finnerty_pathway,Alkanes
BG1,K03387,ahpF,A_Finnerty_pathway,Alkanes
BG1,K03406,alkN_mcp,A_Hydrocarbon_uptake,Alkanes
BG1,K03644,lipA,D_PET,Polymers
BG1,K03644,lipA,D_PCL,Polymers
BG1,K03644,lipA,D_PBSA,Polymers
BG1,K03929,CLOSTHATH_07193,D_PBAT,Polymers
BG1,K03929,estC,D_PLA,Polymers
BG1,K03929,estC,D_PBSA,Polymers
BG1,K03929,pnbA,D_PET,Polymers
BG1,K03929,pudA,D_PU,Polymers
BG1,K04091,ssuD,A_Auxiliar_alkane_gene,Alkanes
BG1,K20938,LadA,A_Terminal/biterminal_oxidation,Alkanes
BG1,K20938,ssuD,A_Auxiliar_alkane_gene,Alkanes
BG1,K05337,padAc1,C_Phthalate_degradation,Aromatics
BG1,K15765,isoF,B_Isoprene_degradation,Alkenes
BG1,K15765,xamoF,B_Propene_degradation,Alkenes
BG1,K06133,ffp,E_Fengacyn,Biosurfactant
BG1,K06133,sfp,E_Surfactin,Biosurfactant
BG1,K06999,est,D_PU,Polymers
BG1,K06999,est,D_PET,Polymers
BG1,K06999,est,D_PBSA,Polymers
BG1,K06999,est,D_PCL,Polymers
BG1,K06999,est,D_PBAT,Polymers
BG1,K06999,est,D_PLA,Polymers
BG1,K07071,blc,A_Hydrocarbon_uptake,Alkanes
BG1,K15654,srfAA,E_Surfactin,Biosurfactant
BG1,K15654,srfAB,E_Surfactin,Biosurfactant
BG1,K15655,srfAA,E_Surfactin,Biosurfactant
BG1,K15655,srfAB,E_Surfactin,Biosurfactant
BG1,K16119,srfAA,E_Surfactin,Biosurfactant
BG1,K16120,srfAB,E_Surfactin,Biosurfactant
BG1,K15656,ppsE,E_Plipastatin,Biosurfactant
BG1,K15668,ppsE,E_Plipastatin,Biosurfactant
BG1,K15661,ituA,E_Iturin,Biosurfactant
BG1,K15661,mycA,E_Mycosubtilin,Biosurfactant
BG1,K15662,ituB,E_Iturin,Biosurfactant
BG1,K15662,ituC,E_Iturin,Biosurfactant
BG1,K15662,mycB,E_Mycosubtilin,Biosurfactant
BG1,K15662,mycC,E_Mycosubtilin,Biosurfactant
BG1,K15663,ituB,E_Iturin,Biosurfactant
BG1,K15663,ituC,E_Iturin,Biosurfactant
BG1,K15663,mycB,E_Mycosubtilin,Biosurfactant
BG1,K15663,mycC,E_Mycosubtilin,Biosurfactant
BG1,K15664,ppsA,E_Plipastatin,Biosurfactant
BG1,K15664,ppsC,E_Plipastatin,Biosurfactant
BG1,K15664,ppsD,E_Plipastatin,Biosurfactant
BG1,K15666,ppsA,E_Plipastatin,Biosurfactant
BG1,K15666,ppsC,E_Plipastatin,Biosurfactant
BG1,K15666,ppsD,E_Plipastatin,Biosurfactant
BG1,K15667,ppsA,E_Plipastatin,Biosurfactant
BG1,K15667,ppsC,E_Plipastatin,Biosurfactant
BG1,K15667,ppsD,E_Plipastatin,Biosurfactant
BG1,K15665,ppsB,E_Plipastatin,Biosurfactant
BG1,K17763,BAY15_3292,D_PVA,Polymers
BG1,K17828,benC,C_Benzoate_degradation,Aromatics
CB13,K00019,hbd,D_PHBV,Polymers
CB13,K00019,hbd,D_PHA,Polymers
CB13,K00019,hbd,D_P3HV,Polymers
CB13,K00097,tphB,C_Terephthalate_degradation,Aromatics
CB13,K00108,alkJ_adh,A_Auxiliar_alkane_gene,Alkanes
CB13,K00108,pegA,D_PEG,Polymers
CB13,K00151,praB,C_Protocatechuate_degradation,Aromatics
CB13,K00219,abmA,C_Anthranilate_degradation,Aromatics
CB13,K00351,dmpP,C_Phenol_degradation,Aromatics
CB13,K00351,tmoF,C_Toluene_degradation,Aromatics
CB13,K00351,tomA5,C_Toluene_degradation,Aromatics
CB13,K00362,alkT_rubB_rdxR,A_Terminal/biterminal_oxidation,Alkanes
CB13,K00362,andAa,C_Anthranilate_degradation,Aromatics
CB13,K00362,padAd1,C_Phthalate_degradation,Aromatics
CB13,K00363,andAb,C_Anthranilate_degradation,Aromatics
CB13,K00363,bedB,C_Benzene_degradation,Aromatics
CB13,K00363,bphAc,C_Biphenyl_degradation,Aromatics
CB13,K00363,nagAb,C_1-Methylnaphthalene/2-Methylnaphthalene_degradation,Aromatics
CB13,K00363,todB,C_Toluene_degradation,Aromatics
CB13,K00382,xecC,B_Propene_degradation,Alkenes
CB13,K00455,praA,C_Protocatechuate_degradation,Aromatics
CB13,K00483,hpaB,C_4-Hydroxyphenylacetate_degradation,Aromatics
CB13,K00483,hpaH,C_Anthranilate_degradation,Aromatics
CB13,K00484,hpaC,C_4-Hydroxyphenylacetate_degradation,Aromatics
CB13,K00484,styB,C_Styrene_degradation,Aromatics
CB13,K09024,hpaC,C_4-Hydroxyphenylacetate_degradation,Aromatics
CB13,K09024,styB,C_Styrene_degradation,Aromatics
CB13,K00523,antC,C_Anthranilate_degradation,Aromatics
CB13,K00523,benC,C_Benzoate_degradation,Aromatics
CB13,K00523,nagAa,C_1-Methylnaphthalene/2-Methylnaphthalene_degradation,Aromatics
CB13,K00523,tphA1I,C_Terephthalate_degradation,Aromatics
CB13,K00523,xylZ,C_Benzoate_degradation,Aromatics
CB13,K00528,xamoF,B_Propene_degradation,Alkenes
CB13,K00528,nagAa,C_1-Methylnaphthalene/2-Methylnaphthalene_degradation,Aromatics
CB13,K00528,tphA1I,C_Terephthalate_degradation,Aromatics
CB13,K00549,etnE,B_Ethene_and_chloroethene_degradation,Alkenes
CB13,K00549,xecA,B_Propene_degradation,Alkenes
CB13,K00632,pcaF,C_Catechol_degradation,Aromatics
CB13,K00632,pcaF,C_Protocatechuate_degradation,Aromatics
CB13,K02615,pcaF,C_Catechol_degradation,Aromatics
CB13,K02615,pcaF,C_Protocatechuate_degradation,Aromatics
CB13,K00627,bphD,C_Biphenyl_degradation,Aromatics
CB13,K00645,ituD,E_Iturin,Biosurfactant
CB13,K00661,at,E_Sophorolipids,Biosurfactant
CB13,K00799,isoI,B_Isoprene_degradation,Alkenes
CB13,K01028,pcaI,C_Protocatechuate_degradation,Aromatics
CB13,K01061,phaZ,D_P4HB,Polymers
CB13,K01061,phaZ,D_PEA,Polymers
CB13,K01061,phaZ,D_P3HP,Polymers
CB13,K01061,phaZ,D_PHBV,Polymers
CB13,K01061,phaZ,D_PHO,Polymers
CB13,K01061,phaZ,D_PPL,Polymers
CB13,K01061,phaZ,D_PHB,Polymers
CB13,K01061,phaZ,D_PHA,Polymers
CB13,K01061,phaZ,D_PHPV,Polymers
CB13,K01061,phaZ,D_PCL,Polymers
CB13,K01061,phaZ,D_PES,Polymers
CB13,K01104,wzb,E_Emulsan,Biosurfactant
CB13,K20945,wzb,E_Emulsan,Biosurfactant
CB13,K01183,chi25,D_PCL,Polymers
CB13,K01200,pulA,D_PU,Polymers
CB13,K01465,benC,C_Benzoate_degradation,Aromatics
CB13,K01617,praD,C_Protocatechuate_degradation,Aromatics
CB13,K01617,xylI,C_Catechol_degradation,Aromatics
CB13,K01617,xylJ,C_Catechol_degradation,Aromatics
CB13,K01649,xylK,C_Catechol_degradation,Aromatics
CB13,K01821,praC,C_Protocatechuate_degradation,Aromatics
CB13,K01821,xylH,C_Catechol_degradation,Aromatics
CB13,K01856,catB,C_Catechol_degradation,Aromatics
CB13,K01895,pqsA,C_Anthranilate_degradation,Aromatics
CB13,K01912,paaK,C_Phenylacetate_degradation,Aromatics
CB13,K02364,ppsE,E_Plipastatin,Biosurfactant
CB13,K02609,paaA,C_Phenylacetate_degradation,Aromatics
CB13,K02610,paaB,C_Phenylacetate_degradation,Aromatics
CB13,K02611,paaC,C_Phenylacetate_degradation,Aromatics
CB13,K02612,paaD,C_Phenylacetate_degradation,Aromatics
CB13,K02613,paaE,C_Phenylacetate_degradation,Aromatics
CB13,K03098,blc,A_Hydrocarbon_uptake,Alkanes
CB13,K03386,ahpC,A_Finnerty_pathway,Alkanes
CB13,K03387,ahpF,A_Finnerty_pathway,Alkanes
CB13,K03406,alkN_mcp,A_Hydrocarbon_uptake,Alkanes
CB13,K03556,alkS,A_Auxiliar_alkane_gene,Alkanes
CB13,K03599,nagL,C_Gentisate_degradation,Aromatics
CB13,K03644,lipA,D_PET,Polymers
CB13,K03644,lipA,D_PCL,Polymers
CB13,K03644,lipA,D_PBSA,Polymers
CB13,K03801,lipB,D_PET,Polymers
CB13,K03929,CLOSTHATH_07193,D_PBAT,Polymers
CB13,K03929,estC,D_PLA,Polymers
CB13,K03929,estC,D_PBSA,Polymers
CB13,K03929,pnbA,D_PET,Polymers
CB13,K03929,pudA,D_PU,Polymers
CB13,K04091,ssuD,A_Auxiliar_alkane_gene,Alkanes
CB13,K06133,ffp,E_Fengacyn,Biosurfactant
CB13,K06133,sfp,E_Surfactin,Biosurfactant
CB13,K06866,isoD,B_Isoprene_degradation,Alkenes
CB13,K06866,xamoD,B_Propene_degradation,Alkenes
CB13,K06866,tmoD,C_Toluene_degradation,Aromatics
CB13,K06999,est,D_PU,Polymers
CB13,K06999,est,D_PET,Polymers
CB13,K06999,est,D_PBSA,Polymers
CB13,K06999,est,D_PCL,Polymers
CB13,K06999,est,D_PBAT,Polymers
CB13,K06999,est,D_PLA,Polymers
CB13,K07071,blc,A_Hydrocarbon_uptake,Alkanes
CB13,K07275,alkL,A_Hydrocarbon_uptake,Alkanes
CB13,K07782,rhlR,E_Rhamnolipids,Biosurfactant
CB13,K15852,rhlR,E_Rhamnolipids,Biosurfactant
CB13,K19734,rhlR,E_Rhamnolipids,Biosurfactant
CB13,K09181,sdgB,C_Salicylate_degradation,Aromatics
CB13,K10804,est,D_PU,Polymers
CB13,K10804,est,D_PET,Polymers
CB13,K10804,est,D_PBSA,Polymers
CB13,K10804,est,D_PCL,Polymers
CB13,K10804,est,D_PBAT,Polymers
CB13,K10804,est,D_PLA,Polymers
CB13,K12264,alkG_rubA4_rdx,A_Terminal/biterminal_oxidation,Alkanes
CB13,K12265,alkT_rubB_rdxR,A_Terminal/biterminal_oxidation,Alkanes
CB13,K16692,wzc,E_Emulsan,Biosurfactant
CB13,K19707,pcaD,C_Catechol_degradation,Aromatics
CB13,K19707,pcaD,C_Protocatechuate_degradation,Aromatics
CB13,K22024,tphB,C_Terephthalate_degradation,Aromatics
BD137,K00019,hbd,D_PHBV,Polymers
BD137,K00019,hbd,D_PHA,Polymers
BD137,K00019,hbd,D_P3HV,Polymers
BD137,K00104,pchF,C_Toluene_degradation,Aromatics
BD137,K00108,alkJ_adh,A_Auxiliar_alkane_gene,Alkanes
BD137,K00108,pegA,D_PEG,Polymers
BD137,K00128,alkH_ald,A_Auxiliar_alkane_gene,Alkanes
BD137,K00128,mpdC,B_2-methylpropene_degradation,Alkenes
BD137,K00128,dpgC,C_Toluene_degradation,Aromatics
BD137,K00128,mdlD,C_Toluene_degradation,Aromatics
BD137,K00128,pchA,C_Toluene_degradation,Aromatics
BD137,K00128,phdK,C_Phenanthrene_degradation,Aromatics
BD137,K00128,praB,C_Protocatechuate_degradation,Aromatics
BD137,K00128,pegC,D_PEG,Polymers
BD137,K10217,praB,C_Protocatechuate_degradation,Aromatics
BD137,K10217,xylG,C_Catechol_degradation,Aromatics
BD137,K21802,ntnC,C_Toluene_degradation,Aromatics
BD137,K21802,pchA,C_Toluene_degradation,Aromatics
BD137,K21802,xylC,C_Toluene_degradation,Aromatics
BD137,K21802,xylC,C_Dimethylbenzene,Aromatics
BD137,K00219,abmA,C_Anthranilate_degradation,Aromatics
BD137,K00382,xecC,B_Propene_degradation,Alkenes
BD137,K00483,hpaB,C_4-Hydroxyphenylacetate_degradation,Aromatics
BD137,K00483,hpaH,C_Anthranilate_degradation,Aromatics
BD137,K16901,hpaH,C_Anthranilate_degradation,Aromatics
BD137,K00549,etnE,B_Ethene_and_chloroethene_degradation,Alkenes
BD137,K00549,xecA,B_Propene_degradation,Alkenes
BD137,K02615,pcaF,C_Catechol_degradation,Aromatics
BD137,K02615,pcaF,C_Protocatechuate_degradation,Aromatics
BD137,K00627,bphD,C_Biphenyl_degradation,Aromatics
BD137,K00632,pcaF,C_Catechol_degradation,Aromatics
BD137,K00632,pcaF,C_Protocatechuate_degradation,Aromatics
BD137,K00645,ituD,E_Iturin,Biosurfactant
BD137,K00661,at,E_Sophorolipids,Biosurfactant
BD137,K01028,pcaI,C_Protocatechuate_degradation,Aromatics
BD137,K01046,estA,D_PBAT,Polymers
BD137,K01046,FB4_0780,D_PBAT,Polymers
BD137,K01046,lip,D_PU,Polymers
BD137,K01046,lip,D_PET,Polymers
BD137,K01046,lipA,D_PET,Polymers
BD137,K01046,lipA,D_PCL,Polymers
BD137,K01046,lipA,D_PBSA,Polymers
BD137,K01046,plaA,D_PLA,Polymers
BD137,K01046,plaM4,D_PBS,Polymers
BD137,K01046,plaM4,D_PES,Polymers
BD137,K01046,plaM4,D_PHA,Polymers
BD137,K01046,plaM4,D_PBSA,Polymers
BD137,K01046,plaM4,D_PCL,Polymers
BD137,K01046,plaM4,D_PHB,Polymers
BD137,K01046,plaM4,D_PLA,Polymers
BD137,K01046,plaM5,D_PLA,Polymers
BD137,K01104,wzb,E_Emulsan,Biosurfactant
BD137,K01183,chi25,D_PCL,Polymers
BD137,K01259,pcaD,C_Catechol_degradation,Aromatics
BD137,K01259,pcaD,C_Protocatechuate_degradation,Aromatics
BD137,K01342,SUBB_LEDLE,D_PLA,Polymers
BD137,K01342,subC,D_PLA,Polymers
BD137,K01342,SUBS_LEDLE,D_PLA,Polymers
BD137,K01426,NFA_28320,D_Nylon,Polymers
BD137,K01426,nylA,D_Nylon,Polymers
BD137,K01465,benC,C_Benzoate_degradation,Aromatics
BD137,K01617,praD,C_Protocatechuate_degradation,Aromatics
BD137,K01617,xylI,C_Catechol_degradation,Aromatics
BD137,K01617,xylJ,C_Catechol_degradation,Aromatics
BD137,K01649,xylK,C_Catechol_degradation,Aromatics
BD137,K01666,xylK,C_Catechol_degradation,Aromatics
BD137,K01895,pqsA,C_Anthranilate_degradation,Aromatics
BD137,K01912,paaK,C_Phenylacetate_degradation,Aromatics
BD137,K02554,xylJ,C_Catechol_degradation,Aromatics
BD137,K02609,paaA,C_Phenylacetate_degradation,Aromatics
BD137,K02610,paaB,C_Phenylacetate_degradation,Aromatics
BD137,K02611,paaC,C_Phenylacetate_degradation,Aromatics
BD137,K02612,paaD,C_Phenylacetate_degradation,Aromatics
BD137,K03386,ahpC,A_Finnerty_pathway,Alkanes
BD137,K03387,ahpF,A_Finnerty_pathway,Alkanes
BD137,K03392,praH,C_Protocatechuate_degradation,Aromatics
BD137,K03392,proH,C_Protocatechuate_degradation,Aromatics
BD137,K03406,alkN_mcp,A_Hydrocarbon_uptake,Alkanes
BD137,K03556,alkS,A_Auxiliar_alkane_gene,Alkanes
BD137,K03644,lipA,D_PET,Polymers
BD137,K03644,lipA,D_PCL,Polymers
BD137,K03644,lipA,D_PBSA,Polymers
BD137,K04755,benC,C_Benzoate_degradation,Aromatics
BD137,K04755,nagAa,C_1-Methylnaphthalene/2-Methylnaphthalene_degradation,Aromatics
BD137,K04755,xylZ,C_Benzoate_degradation,Aromatics
BD137,K05337,padAc1,C_Phthalate_degradation,Aromatics
BD137,K15765,isoF,B_Isoprene_degradation,Alkenes
BD137,K15765,xamoF,B_Propene_degradation,Alkenes
BD137,K06133,ffp,E_Fengacyn,Biosurfactant
BD137,K06133,sfp,E_Surfactin,Biosurfactant
BD137,K06151,mpdB,B_2-methylpropene_degradation,Alkenes
BD137,K06999,est,D_PU,Polymers
BD137,K06999,est,D_PET,Polymers
BD137,K06999,est,D_PBSA,Polymers
BD137,K06999,est,D_PCL,Polymers
BD137,K06999,est,D_PBAT,Polymers
BD137,K06999,est,D_PLA,Polymers
BD137,K07071,blc,A_Hydrocarbon_uptake,Alkanes
BD137,K15654,srfAA,E_Surfactin,Biosurfactant
BD137,K15654,srfAB,E_Surfactin,Biosurfactant
BD137,K15329,ituD,E_Iturin,Biosurfactant
BD137,K15667,ppsA,E_Plipastatin,Biosurfactant
BD137,K15667,ppsC,E_Plipastatin,Biosurfactant
BD137,K15667,ppsD,E_Plipastatin,Biosurfactant
BD137,K15668,ppsE,E_Plipastatin,Biosurfactant
BD137,K22445,alkH_ald,A_Auxiliar_alkane_gene,Alkanes
BD137,K22445,dpgC,C_Toluene_degradation,Aromatics
BD137,K22445,mdlD,C_Toluene_degradation,Aromatics
BD165,K00104,pchF,C_Toluene_degradation,Aromatics
BD165,K00128,alkH_ald,A_Auxiliar_alkane_gene,Alkanes
BD165,K00128,mpdC,B_2-methylpropene_degradation,Alkenes
BD165,K00128,dpgC,C_Toluene_degradation,Aromatics
BD165,K00128,mdlD,C_Toluene_degradation,Aromatics
BD165,K00128,pchA,C_Toluene_degradation,Aromatics
BD165,K00128,phdK,C_Phenanthrene_degradation,Aromatics
BD165,K00128,praB,C_Protocatechuate_degradation,Aromatics
BD165,K00128,pegC,D_PEG,Polymers
BD165,K21802,ntnC,C_Toluene_degradation,Aromatics
BD165,K21802,pchA,C_Toluene_degradation,Aromatics
BD165,K21802,xylC,C_Toluene_degradation,Aromatics
BD165,K21802,xylC,C_Dimethylbenzene,Aromatics
BD165,K00219,abmA,C_Anthranilate_degradation,Aromatics
BD165,K00354,abmA,C_Anthranilate_degradation,Aromatics
BD165,K00362,alkT_rubB_rdxR,A_Terminal/biterminal_oxidation,Alkanes
BD165,K00362,andAa,C_Anthranilate_degradation,Aromatics
BD165,K00362,padAd1,C_Phthalate_degradation,Aromatics
BD165,K00363,andAb,C_Anthranilate_degradation,Aromatics
BD165,K00363,bedB,C_Benzene_degradation,Aromatics
BD165,K00363,bphAc,C_Biphenyl_degradation,Aromatics
BD165,K00363,nagAb,C_1-Methylnaphthalene/2-Methylnaphthalene_degradation,Aromatics
BD165,K00363,todB,C_Toluene_degradation,Aromatics
BD165,K00382,xecC,B_Propene_degradation,Alkenes
BD165,K00455,praA,C_Protocatechuate_degradation,Aromatics
BD165,K00481,pobA,C_Toluene_degradation,Aromatics
BD165,K00549,etnE,B_Ethene_and_chloroethene_degradation,Alkenes
BD165,K00549,xecA,B_Propene_degradation,Alkenes
BD165,K00627,bphD,C_Biphenyl_degradation,Aromatics
BD165,K00632,pcaF,C_Catechol_degradation,Aromatics
BD165,K00632,pcaF,C_Protocatechuate_degradation,Aromatics
BD165,K00645,ituD,E_Iturin,Biosurfactant
BD165,K00661,at,E_Sophorolipids,Biosurfactant
BD165,K01046,estA,D_PBAT,Polymers
BD165,K01046,FB4_0780,D_PBAT,Polymers
BD165,K01046,lip,D_PU,Polymers
BD165,K01046,lip,D_PET,Polymers
BD165,K01046,lipA,D_PET,Polymers
BD165,K01046,lipA,D_PCL,Polymers
BD165,K01046,lipA,D_PBSA,Polymers
BD165,K01046,plaA,D_PLA,Polymers
BD165,K01046,plaM4,D_PBS,Polymers
BD165,K01046,plaM4,D_PES,Polymers
BD165,K01046,plaM4,D_PHA,Polymers
BD165,K01046,plaM4,D_PBSA,Polymers
BD165,K01046,plaM4,D_PCL,Polymers
BD165,K01046,plaM4,D_PHB,Polymers
BD165,K01046,plaM4,D_PLA,Polymers
BD165,K01046,plaM5,D_PLA,Polymers
BD165,K01104,wzb,E_Emulsan,Biosurfactant
BD165,K01183,chi25,D_PCL,Polymers
BD165,K01200,pulA,D_PU,Polymers
BD165,K01342,SUBB_LEDLE,D_PLA,Polymers
BD165,K01342,subC,D_PLA,Polymers
BD165,K01342,SUBS_LEDLE,D_PLA,Polymers
BD165,K13277,subC,D_PLA,Polymers
BD165,K01426,NFA_28320,D_Nylon,Polymers
BD165,K01426,nylA,D_Nylon,Polymers
BD165,K01465,benC,C_Benzoate_degradation,Aromatics
BD165,K01617,praD,C_Protocatechuate_degradation,Aromatics
BD165,K01617,xylI,C_Catechol_degradation,Aromatics
BD165,K01617,xylJ,C_Catechol_degradation,Aromatics
BD165,K01649,xylK,C_Catechol_degradation,Aromatics
BD165,K01821,praC,C_Protocatechuate_degradation,Aromatics
BD165,K01821,xylH,C_Catechol_degradation,Aromatics
BD165,K01895,pqsA,C_Anthranilate_degradation,Aromatics
BD165,K02823,prmB,A_Subterminal_oxidation,Alkanes
BD165,K02823,isoF,B_Isoprene_degradation,Alkenes
BD165,K02823,xamoF,B_Propene_degradation,Alkenes
BD165,K02823,antC,C_Anthranilate_degradation,Aromatics
BD165,K02823,benC,C_Benzoate_degradation,Aromatics
BD165,K02823,nagAa,C_1-Methylnaphthalene/2-Methylnaphthalene_degradation,Aromatics
BD165,K02823,tphA1I,C_Terephthalate_degradation,Aromatics
BD165,K02823,xylZ,C_Benzoate_degradation,Aromatics
BD165,K03386,ahpC,A_Finnerty_pathway,Alkanes
BD165,K03387,ahpF,A_Finnerty_pathway,Alkanes
BD165,K03392,praH,C_Protocatechuate_degradation,Aromatics
BD165,K03392,proH,C_Protocatechuate_degradation,Aromatics
BD165,K03406,alkN_mcp,A_Hydrocarbon_uptake,Alkanes
BD165,K03644,lipA,D_PET,Polymers
BD165,K03644,lipA,D_PCL,Polymers
BD165,K03644,lipA,D_PBSA,Polymers
BD165,K03929,CLOSTHATH_07193,D_PBAT,Polymers
BD165,K03929,estC,D_PLA,Polymers
BD165,K03929,estC,D_PBSA,Polymers
BD165,K03929,pnbA,D_PET,Polymers
BD165,K03929,pudA,D_PU,Polymers
BD165,K04091,ssuD,A_Auxiliar_alkane_gene,Alkanes
BD165,K20938,LadA,A_Terminal/biterminal_oxidation,Alkanes
BD165,K20938,ssuD,A_Auxiliar_alkane_gene,Alkanes
BD165,K05337,padAc1,C_Phthalate_degradation,Aromatics
BD165,K15765,isoF,B_Isoprene_degradation,Alkenes
BD165,K15765,xamoF,B_Propene_degradation,Alkenes
BD165,K06133,ffp,E_Fengacyn,Biosurfactant
BD165,K06133,sfp,E_Surfactin,Biosurfactant
BD165,K06999,est,D_PU,Polymers
BD165,K06999,est,D_PET,Polymers
BD165,K06999,est,D_PBSA,Polymers
BD165,K06999,est,D_PCL,Polymers
BD165,K06999,est,D_PBAT,Polymers
BD165,K06999,est,D_PLA,Polymers
BD165,K07071,blc,A_Hydrocarbon_uptake,Alkanes
BD165,K10217,praB,C_Protocatechuate_degradation,Aromatics
BD165,K10217,xylG,C_Catechol_degradation,Aromatics
BD165,K10218,proA,C_Protocatechuate_degradation,Aromatics
BD165,K15654,srfAA,E_Surfactin,Biosurfactant
BD165,K15654,srfAB,E_Surfactin,Biosurfactant
BD165,K15655,srfAA,E_Surfactin,Biosurfactant
BD165,K15655,srfAB,E_Surfactin,Biosurfactant
BD165,K16119,srfAA,E_Surfactin,Biosurfactant
BD165,K16120,srfAB,E_Surfactin,Biosurfactant
BD165,K15656,ppsE,E_Plipastatin,Biosurfactant
BD165,K15668,ppsE,E_Plipastatin,Biosurfactant
BD165,K15664,ppsA,E_Plipastatin,Biosurfactant
BD165,K15664,ppsC,E_Plipastatin,Biosurfactant
BD165,K15664,ppsD,E_Plipastatin,Biosurfactant
BD165,K15666,ppsA,E_Plipastatin,Biosurfactant
BD165,K15666,ppsC,E_Plipastatin,Biosurfactant
BD165,K15666,ppsD,E_Plipastatin,Biosurfactant
BD165,K15667,ppsA,E_Plipastatin,Biosurfactant
BD165,K15667,ppsC,E_Plipastatin,Biosurfactant
BD165,K15667,ppsD,E_Plipastatin,Biosurfactant
BD165,K15665,ppsB,E_Plipastatin,Biosurfactant
BD165,K17763,BAY15_3292,D_PVA,Polymers
BD165,K17828,benC,C_Benzoate_degradation,Aromatics
BD165,K22024,tphB,C_Terephthalate_degradation,Aromatics
BD9,K00128,alkH_ald,A_Auxiliar_alkane_gene,Alkanes
BD9,K00128,mpdC,B_2-methylpropene_degradation,Alkenes
BD9,K00128,dpgC,C_Toluene_degradation,Aromatics
BD9,K00128,mdlD,C_Toluene_degradation,Aromatics
BD9,K00128,pchA,C_Toluene_degradation,Aromatics
BD9,K00128,phdK,C_Phenanthrene_degradation,Aromatics
BD9,K00128,praB,C_Protocatechuate_degradation,Aromatics
BD9,K00128,pegC,D_PEG,Polymers
BD9,K00627,bphD,C_Biphenyl_degradation,Aromatics
BD9,K01342,SUBB_LEDLE,D_PLA,Polymers
BD9,K01342,subC,D_PLA,Polymers
BD9,K01342,SUBS_LEDLE,D_PLA,Polymers
BD9,K00645,ituD,E_Iturin,Biosurfactant
BD9,K15654,srfAA,E_Surfactin,Biosurfactant
BD9,K15654,srfAB,E_Surfactin,Biosurfactant
BD9,K15662,ituB,E_Iturin,Biosurfactant
BD9,K15662,ituC,E_Iturin,Biosurfactant
BD9,K15662,mycB,E_Mycosubtilin,Biosurfactant
BD9,K15662,mycC,E_Mycosubtilin,Biosurfactant
BD9,K15664,ppsA,E_Plipastatin,Biosurfactant
BD9,K15664,ppsC,E_Plipastatin,Biosurfactant
BD9,K15664,ppsD,E_Plipastatin,Biosurfactant
BD9,K15656,ppsE,E_Plipastatin,Biosurfactant
BD9,K01104,wzb,E_Emulsan,Biosurfactant
BD9,K04091,ssuD,A_Auxiliar_alkane_gene,Alkanes
BD9,K00019,hbd,D_PHBV,Polymers
BD9,K00019,hbd,D_PHA,Polymers
BD9,K00019,hbd,D_P3HV,Polymers
BD9,K00104,pchF,C_Toluene_degradation,Aromatics
BD9,K00219,abmA,C_Anthranilate_degradation,Aromatics
BD9,K00354,abmA,C_Anthranilate_degradation,Aromatics
BD9,K00362,alkT_rubB_rdxR,A_Terminal/biterminal_oxidation,Alkanes
BD9,K00362,andAa,C_Anthranilate_degradation,Aromatics
BD9,K00362,padAd1,C_Phthalate_degradation,Aromatics
BD9,K00363,andAb,C_Anthranilate_degradation,Aromatics
BD9,K00363,bedB,C_Benzene_degradation,Aromatics
BD9,K00363,bphAc,C_Biphenyl_degradation,Aromatics
BD9,K00363,nagAb,C_1-Methylnaphthalene/2-Methylnaphthalene_degradation,Aromatics
BD9,K00363,todB,C_Toluene_degradation,Aromatics
BD9,K00382,xecC,B_Propene_degradation,Alkenes
BD9,K00483,hpaB,C_4-Hydroxyphenylacetate_degradation,Aromatics
BD9,K00483,hpaH,C_Anthranilate_degradation,Aromatics
BD9,K00549,etnE,B_Ethene_and_chloroethene_degradation,Alkenes
BD9,K00549,xecA,B_Propene_degradation,Alkenes
BD9,K00632,pcaF,C_Catechol_degradation,Aromatics
BD9,K00632,pcaF,C_Protocatechuate_degradation,Aromatics
BD9,K00661,at,E_Sophorolipids,Biosurfactant
BD9,K01028,pcaI,C_Protocatechuate_degradation,Aromatics
BD9,K01046,estA,D_PBAT,Polymers
BD9,K01046,FB4_0780,D_PBAT,Polymers
BD9,K01046,lip,D_PU,Polymers
BD9,K01046,lip,D_PET,Polymers
BD9,K01046,lipA,D_PET,Polymers
BD9,K01046,lipA,D_PCL,Polymers
BD9,K01046,lipA,D_PBSA,Polymers
BD9,K01046,plaA,D_PLA,Polymers
BD9,K01046,plaM4,D_PBS,Polymers
BD9,K01046,plaM4,D_PES,Polymers
BD9,K01046,plaM4,D_PHA,Polymers
BD9,K01046,plaM4,D_PBSA,Polymers
BD9,K01046,plaM4,D_PCL,Polymers
BD9,K01046,plaM4,D_PHB,Polymers
BD9,K01046,plaM4,D_PLA,Polymers
BD9,K01046,plaM5,D_PLA,Polymers
BD9,K01465,benC,C_Benzoate_degradation,Aromatics
BD9,K01649,xylK,C_Catechol_degradation,Aromatics
BD9,K01821,praC,C_Protocatechuate_degradation,Aromatics
BD9,K01821,xylH,C_Catechol_degradation,Aromatics
BD9,K01895,pqsA,C_Anthranilate_degradation,Aromatics
BD9,K02823,prmB,A_Subterminal_oxidation,Alkanes
BD9,K02823,isoF,B_Isoprene_degradation,Alkenes
BD9,K02823,xamoF,B_Propene_degradation,Alkenes
BD9,K02823,antC,C_Anthranilate_degradation,Aromatics
BD9,K02823,benC,C_Benzoate_degradation,Aromatics
BD9,K02823,nagAa,C_1-Methylnaphthalene/2-Methylnaphthalene_degradation,Aromatics
BD9,K02823,tphA1I,C_Terephthalate_degradation,Aromatics
BD9,K02823,xylZ,C_Benzoate_degradation,Aromatics
BD9,K03386,ahpC,A_Finnerty_pathway,Alkanes
BD9,K03387,ahpF,A_Finnerty_pathway,Alkanes
BD9,K03406,alkN_mcp,A_Hydrocarbon_uptake,Alkanes
BD9,K03644,lipA,D_PET,Polymers
BD9,K03644,lipA,D_PCL,Polymers
BD9,K03644,lipA,D_PBSA,Polymers
BD9,K03929,CLOSTHATH_07193,D_PBAT,Polymers
BD9,K03929,estC,D_PLA,Polymers
BD9,K03929,estC,D_PBSA,Polymers
BD9,K03929,pnbA,D_PET,Polymers
BD9,K03929,pudA,D_PU,Polymers
BD9,K05337,padAc1,C_Phthalate_degradation,Aromatics
BD9,K06133,ffp,E_Fengacyn,Biosurfactant
BD9,K06133,sfp,E_Surfactin,Biosurfactant
BD9,K06999,est,D_PU,Polymers
BD9,K06999,est,D_PET,Polymers
BD9,K06999,est,D_PBSA,Polymers
BD9,K06999,est,D_PCL,Polymers
BD9,K06999,est,D_PBAT,Polymers
BD9,K06999,est,D_PLA,Polymers
BD9,K07071,blc,A_Hydrocarbon_uptake,Alkanes
BD9,K15661,ituA,E_Iturin,Biosurfactant
BD9,K15661,mycA,E_Mycosubtilin,Biosurfactant
BD9,K15665,ppsB,E_Plipastatin,Biosurfactant
BD9,K17763,BAY15_3292,D_PVA,Polymers
BD9,K17828,benC,C_Benzoate_degradation,Aromatics
BD9,K15329,ituD,E_Iturin,Biosurfactant
BD9,K15667,ppsA,E_Plipastatin,Biosurfactant
BD9,K15667,ppsC,E_Plipastatin,Biosurfactant
BD9,K15667,ppsD,E_Plipastatin,Biosurfactant
BD9,K16119,srfAA,E_Surfactin,Biosurfactant
BD9,K16120,srfAB,E_Surfactin,Biosurfactant
BD9,K13277,subC,D_PLA,Polymers
BD9,K15327,ituD,E_Iturin,Biosurfactant
BD9,K15655,srfAA,E_Surfactin,Biosurfactant
BD9,K15655,srfAB,E_Surfactin,Biosurfactant
BD9,K15663,ituB,E_Iturin,Biosurfactant
BD9,K15663,ituC,E_Iturin,Biosurfactant
BD9,K15663,mycB,E_Mycosubtilin,Biosurfactant
BD9,K15663,mycC,E_Mycosubtilin,Biosurfactant
BD9,K15666,ppsA,E_Plipastatin,Biosurfactant
BD9,K15666,ppsC,E_Plipastatin,Biosurfactant
BD9,K15666,ppsD,E_Plipastatin,Biosurfactant
BD9,K15668,ppsE,E_Plipastatin,Biosurfactant
BD9,K15765,isoF,B_Isoprene_degradation,Alkenes
BD9,K15765,xamoF,B_Propene_degradation,Alkenes
BD9,K20938,LadA,A_Terminal/biterminal_oxidation,Alkanes
BD9,K20938,ssuD,A_Auxiliar_alkane_gene,Alkanes
BD9,K21802,ntnC,C_Toluene_degradation,Aromatics
BD9,K21802,pchA,C_Toluene_degradation,Aromatics
BD9,K21802,xylC,C_Toluene_degradation,Aromatics
BD9,K21802,xylC,C_Dimethylbenzene,Aromatics
BD2,K00627,bphD,C_Biphenyl_degradation,Aromatics
BD2,K01104,wzb,E_Emulsan,Biosurfactant
BD2,K00108,alkJ_adh,A_Auxiliar_alkane_gene,Alkanes
BD2,K00108,pegA,D_PEG,Polymers
BD2,K00128,alkH_ald,A_Auxiliar_alkane_gene,Alkanes
BD2,K00128,mpdC,B_2-methylpropene_degradation,Alkenes
BD2,K00128,dpgC,C_Toluene_degradation,Aromatics
BD2,K00128,mdlD,C_Toluene_degradation,Aromatics
BD2,K00128,pchA,C_Toluene_degradation,Aromatics
BD2,K00128,phdK,C_Phenanthrene_degradation,Aromatics
BD2,K00128,praB,C_Protocatechuate_degradation,Aromatics
BD2,K00128,pegC,D_PEG,Polymers
BD2,K00362,alkT_rubB_rdxR,A_Terminal/biterminal_oxidation,Alkanes
BD2,K00362,andAa,C_Anthranilate_degradation,Aromatics
BD2,K00362,padAd1,C_Phthalate_degradation,Aromatics
BD2,K00363,andAb,C_Anthranilate_degradation,Aromatics
BD2,K00363,bedB,C_Benzene_degradation,Aromatics
BD2,K00363,bphAc,C_Biphenyl_degradation,Aromatics
BD2,K00363,nagAb,C_1-Methylnaphthalene/2-Methylnaphthalene_degradation,Aromatics
BD2,K00363,todB,C_Toluene_degradation,Aromatics
BD2,K00382,xecC,B_Propene_degradation,Alkenes
BD2,K00549,etnE,B_Ethene_and_chloroethene_degradation,Alkenes
BD2,K00549,xecA,B_Propene_degradation,Alkenes
BD2,K00645,ituD,E_Iturin,Biosurfactant
BD2,K00661,at,E_Sophorolipids,Biosurfactant
BD2,K01046,estA,D_PBAT,Polymers
BD2,K01046,FB4_0780,D_PBAT,Polymers
BD2,K01046,lip,D_PU,Polymers
BD2,K01046,lip,D_PET,Polymers
BD2,K01046,lipA,D_PET,Polymers
BD2,K01046,lipA,D_PCL,Polymers
BD2,K01046,lipA,D_PBSA,Polymers
BD2,K01046,plaA,D_PLA,Polymers
BD2,K01046,plaM4,D_PBS,Polymers
BD2,K01046,plaM4,D_PES,Polymers
BD2,K01046,plaM4,D_PHA,Polymers
BD2,K01046,plaM4,D_PBSA,Polymers
BD2,K01046,plaM4,D_PCL,Polymers
BD2,K01046,plaM4,D_PHB,Polymers
BD2,K01046,plaM4,D_PLA,Polymers
BD2,K01046,plaM5,D_PLA,Polymers
BD2,K01465,benC,C_Benzoate_degradation,Aromatics
BD2,K01649,xylK,C_Catechol_degradation,Aromatics
BD2,K01821,praC,C_Protocatechuate_degradation,Aromatics
BD2,K01821,xylH,C_Catechol_degradation,Aromatics
BD2,K01895,pqsA,C_Anthranilate_degradation,Aromatics
BD2,K01912,paaK,C_Phenylacetate_degradation,Aromatics
BD2,K03386,ahpC,A_Finnerty_pathway,Alkanes
BD2,K03387,ahpF,A_Finnerty_pathway,Alkanes
BD2,K03644,lipA,D_PET,Polymers
BD2,K03644,lipA,D_PCL,Polymers
BD2,K03644,lipA,D_PBSA,Polymers
BD2,K03929,CLOSTHATH_07193,D_PBAT,Polymers
BD2,K03929,estC,D_PLA,Polymers
BD2,K03929,estC,D_PBSA,Polymers
BD2,K03929,pnbA,D_PET,Polymers
BD2,K03929,pudA,D_PU,Polymers
BD2,K05337,padAc1,C_Phthalate_degradation,Aromatics
BD2,K06133,ffp,E_Fengacyn,Biosurfactant
BD2,K06133,sfp,E_Surfactin,Biosurfactant
BD2,K07071,blc,A_Hydrocarbon_uptake,Alkanes
BD2,K15765,isoF,B_Isoprene_degradation,Alkenes
BD2,K15765,xamoF,B_Propene_degradation,Alkenes
