Sample,Compound_Name,Group,Compound_Class,KO
BD48,"(+)-(3S,4R)-cis-3,4-Dihydroxy-3,4-dihydrofluorene",Group 1,Polyaromatic,K14581
BD48,"(+)-(3S,4R)-cis-3,4-Dihydroxy-3,4-dihydrofluorene",Group 1,Polyaromatic,K14581
BD48,"(+)-(3S,4R)-cis-3,4-Dihydroxy-3,4-dihydrofluorene",Group 1,Polyaromatic,K14581
BD48,"(+)-(3S,4R)-cis-3,4-Dihydroxy-3,4-dihydrofluorene",Group 1,Polyaromatic,K14581
BD48,"1,1,1-Trichloroethane",Group 1,Chlorinated,K16161
BD48,"1,1,1-Trichloroethane",Group 1,Chlorinated,K16161
BD48,"1,1,1-Trichloroethane",Group 1,Chlorinated,K16161
BD48,"1,1,1-Trichloroethane",Group 1,Chlorinated,K16161
BD48,"1,1,1-Trichloroethane",Group 1,Aliphatic,K16161
BD48,"1,1,1-Trichloroethane",Group 1,Aliphatic,K16161
BD48,"1,1,1-Trichloroethane",Group 1,Aliphatic,K16161
BD48,"1,1,1-Trichloroethane",Group 1,Aliphatic,K16161
BD48,"1,1,2,2-Tetrachloroethane",Group 1,Chlorinated,K04091
BD48,"1,1,2,2-Tetrachloroethane",Group 1,Chlorinated,K04091
BD48,"1,1,2,2-Tetrachloroethane",Group 1,Chlorinated,K04091
BD48,"1,1,2,2-Tetrachloroethane",Group 1,Chlorinated,K04091
BD48,"1,1,2,2-Tetrachloroethane",Group 1,Aliphatic,K04091
BD48,"1,1,2,2-Tetrachloroethane",Group 1,Aliphatic,K04091
BD48,"1,1,2,2-Tetrachloroethane",Group 1,Aliphatic,K04091
BD48,"1,1,2,2-Tetrachloroethane",Group 1,Aliphatic,K04091
BD48,"1,1,2,2-Tetrachloroethane",Group 1,Chlorinated,K15852
BD48,"1,1,2,2-Tetrachloroethane",Group 1,Chlorinated,K15852
BD48,"1,1,2,2-Tetrachloroethane",Group 1,Chlorinated,K15852
BD48,"1,1,2,2-Tetrachloroethane",Group 1,Chlorinated,K15852
BD48,"1,1,2,2-Tetrachloroethane",Group 1,Aliphatic,K15852
BD48,"1,1,2,2-Tetrachloroethane",Group 1,Aliphatic,K15852
BD48,"1,1,2,2-Tetrachloroethane",Group 1,Aliphatic,K15852
BD48,"1,1,2,2-Tetrachloroethane",Group 1,Aliphatic,K15852
BD48,"1,1,2,2-Tetrachloroethane",Group 1,Chlorinated,K17228
BD48,"1,1,2,2-Tetrachloroethane",Group 1,Chlorinated,K17228
BD48,"1,1,2,2-Tetrachloroethane",Group 1,Chlorinated,K17228
BD48,"1,1,2,2-Tetrachloroethane",Group 1,Chlorinated,K17228
BD48,"1,1,2,2-Tetrachloroethane",Group 1,Aliphatic,K17228
BD48,"1,1,2,2-Tetrachloroethane",Group 1,Aliphatic,K17228
BD48,"1,1,2,2-Tetrachloroethane",Group 1,Aliphatic,K17228
BD48,"1,1,2,2-Tetrachloroethane",Group 1,Aliphatic,K17228
BD48,"1,1-Dimethylhydrazine",Group 1,Nitrogen-containing,K03862
BD48,"1,1-Dimethylhydrazine",Group 1,Aliphatic,K03862
BD48,"1,1-Dimethylhydrazine",Group 1,Nitrogen-containing,K03863
BD48,"1,1-Dimethylhydrazine",Group 1,Aliphatic,K03863
BD48,"1,2-Dibromoethane",Group 1,Organometallic,K00799
BD48,"1,2-Dibromoethane",Group 1,Organometallic,K00799
BD48,"1,2-Epoxybutane",Group 1,Aliphatic,K16161
BD48,"1,4-Dioxane",Group 1,Aliphatic,K00001
BD48,"1,4-Dioxane",Group 1,Aliphatic,K00001
BD48,1-Organyl-2-lyso-sn-glycero-3-phosphocholine,Group 1,Nitrogen-containing,K01058
BD48,1-Organyl-2-lyso-sn-glycero-3-phosphocholine,Group 1,Organophosphorus,K01058
BD48,"2,2',4,4',6,6'-Hexachlorobiphenyl",Group 1,Chlorinated,K01599
BD48,"2,2',4,4',6,6'-Hexachlorobiphenyl",Group 1,Chlorinated,K01599
BD48,"2,2',4,4',6,6'-Hexachlorobiphenyl",Group 1,Polyaromatic,K01599
BD48,"2,2',4,4',6,6'-Hexachlorobiphenyl",Group 1,Polyaromatic,K01599
BD48,"2,2',4,4'-Tetrachlorobiphenyl",Group 1,Chlorinated,K01599
BD48,"2,2',4,4'-Tetrachlorobiphenyl",Group 1,Chlorinated,K01599
BD48,"2,2',4,4'-Tetrachlorobiphenyl",Group 1,Polyaromatic,K01599
BD48,"2,2',4,4'-Tetrachlorobiphenyl",Group 1,Polyaromatic,K01599
BD48,"2,2',5,5'-Tetrachlorobiphenyl",Group 1,Chlorinated,K01599
BD48,"2,2',5,5'-Tetrachlorobiphenyl",Group 1,Chlorinated,K01599
BD48,"2,2',5,5'-Tetrachlorobiphenyl",Group 1,Polyaromatic,K01599
BD48,"2,2',5,5'-Tetrachlorobiphenyl",Group 1,Polyaromatic,K01599
BD48,"2,3,3',4,5-Pentachlorobiphenyl",Group 1,Chlorinated,K03981
BD48,"2,3,3',4,5-Pentachlorobiphenyl",Group 1,Chlorinated,K03981
BD48,"2,3,3',4,5-Pentachlorobiphenyl",Group 1,Polyaromatic,K03981
BD48,"2,3,3',4,5-Pentachlorobiphenyl",Group 1,Polyaromatic,K03981
BD48,"2,4-Dinitrotoluene",Group 1,Aromatic,K14581
BD48,"2,4-Dinitrotoluene",Group 1,Aromatic,K14581
BD48,"2,4-Dinitrotoluene",Group 1,Aromatic,K14581
BD48,"2,4-Dinitrotoluene",Group 1,Nitrogen-containing,K14581
BD48,"2,4-Dinitrotoluene",Group 1,Nitrogen-containing,K14581
BD48,"2,4-Dinitrotoluene",Group 1,Nitrogen-containing,K14581
BD48,2-(4-Chlorophenoxy)propionic acid,Group 1,Aromatic,K01046
BD48,2-(4-Chlorophenoxy)propionic acid,Group 1,Chlorinated,K01046
BD48,"2-Amino-1-methyl-6-phenylimidazo[4,5-b]pyridine",Group 1,Nitrogen-containing,K00362
BD48,"2-Amino-1-methyl-6-phenylimidazo[4,5-b]pyridine",Group 1,Aromatic,K00362
BD48,2-Chlorophenol,Group 1,Aromatic,K03381
BD48,2-Chlorophenol,Group 1,Aromatic,K03381
BD48,2-Chlorophenol,Group 1,Aromatic,K03381
BD48,2-Chlorophenol,Group 1,Chlorinated,K03381
BD48,2-Chlorophenol,Group 1,Chlorinated,K03381
BD48,2-Chlorophenol,Group 1,Chlorinated,K03381
BD48,2-Ethoxyethanol,Group 1,Aliphatic,K00001
BD48,2-Methylnaphthalene,Group 1,Aromatic,K14581
BD48,2-Naphthylamine,Group 1,Nitrogen-containing,K00681
BD48,2-Naphthylamine,Group 1,Polyaromatic,K00681
BD48,2-Nitropropane,Group 1,Nitrogen-containing,K00459
BD48,2-Nitropropane,Group 1,Aliphatic,K00459
BD48,"3,4,3',4'-Tetrachlorobiphenyl",Group 1,Chlorinated,K01599
BD48,"3,4,3',4'-Tetrachlorobiphenyl",Group 1,Chlorinated,K01599
BD48,"3,4,3',4'-Tetrachlorobiphenyl",Group 1,Polyaromatic,K01599
BD48,"3,4,3',4'-Tetrachlorobiphenyl",Group 1,Polyaromatic,K01599
BD48,"3,4,5,3',4',5'-Hexachlorobiphenyl",Group 1,Chlorinated,K01599
BD48,"3,4,5,3',4',5'-Hexachlorobiphenyl",Group 1,Chlorinated,K01599
BD48,"3,4,5,3',4',5'-Hexachlorobiphenyl",Group 1,Polyaromatic,K01599
BD48,"3,4,5,3',4',5'-Hexachlorobiphenyl",Group 1,Polyaromatic,K01599
BD48,"3,4-Dihydroxybenzoate",Group 1,Aromatic,K00448
BD48,"3,4-Dihydroxybenzoate",Group 1,Aromatic,K00448
BD48,"3,4-Dihydroxybenzoate",Group 1,Aromatic,K00448
BD48,"3,4-Dihydroxybenzoate",Group 1,Aromatic,K00448
BD48,"3,4-Dihydroxybenzoate",Group 1,Aromatic,K00449
BD48,"3,4-Dihydroxybenzoate",Group 1,Aromatic,K00449
BD48,"3,4-Dihydroxybenzoate",Group 1,Aromatic,K00449
BD48,"3,4-Dihydroxybenzoate",Group 1,Aromatic,K00449
BD48,"3,4-Dihydroxybenzoate",Group 1,Aromatic,K00481
BD48,"3,4-Dihydroxybenzoate",Group 1,Aromatic,K00481
BD48,"3,4-Dihydroxybenzoate",Group 1,Aromatic,K00481
BD48,"3,4-Dihydroxybenzoate",Group 1,Aromatic,K00481
BD48,"3,4-Dihydroxybenzoate",Group 1,Aromatic,K03862
BD48,"3,4-Dihydroxybenzoate",Group 1,Aromatic,K03862
BD48,"3,4-Dihydroxybenzoate",Group 1,Aromatic,K03862
BD48,"3,4-Dihydroxybenzoate",Group 1,Aromatic,K03862
BD48,"3,4-Dihydroxybenzoate",Group 1,Aromatic,K03863
BD48,"3,4-Dihydroxybenzoate",Group 1,Aromatic,K03863
BD48,"3,4-Dihydroxybenzoate",Group 1,Aromatic,K03863
BD48,"3,4-Dihydroxybenzoate",Group 1,Aromatic,K03863
BD48,"3,4-Dihydroxybenzoate",Group 1,Aromatic,K09483
BD48,"3,4-Dihydroxybenzoate",Group 1,Aromatic,K09483
BD48,"3,4-Dihydroxybenzoate",Group 1,Aromatic,K09483
BD48,"3,4-Dihydroxybenzoate",Group 1,Aromatic,K09483
BD48,"3-Carboxy-cis,cis-muconate",Group 1,Aliphatic,K00448
BD48,"3-Carboxy-cis,cis-muconate",Group 1,Aliphatic,K00448
BD48,"3-Carboxy-cis,cis-muconate",Group 1,Aliphatic,K00448
BD48,"3-Carboxy-cis,cis-muconate",Group 1,Aliphatic,K00448
BD48,"3-Carboxy-cis,cis-muconate",Group 1,Aliphatic,K00449
BD48,"3-Carboxy-cis,cis-muconate",Group 1,Aliphatic,K00449
BD48,"3-Carboxy-cis,cis-muconate",Group 1,Aliphatic,K00449
BD48,"3-Carboxy-cis,cis-muconate",Group 1,Aliphatic,K00449
BD48,"3-Carboxy-cis,cis-muconate",Group 1,Aliphatic,K01857
BD48,"3-Carboxy-cis,cis-muconate",Group 1,Aliphatic,K01857
BD48,"3-Carboxy-cis,cis-muconate",Group 1,Aliphatic,K01857
BD48,"3-Carboxy-cis,cis-muconate",Group 1,Aliphatic,K01857
BD48,"4,4'-Methylenebis(N,N-dimethylaniline)",Group 1,Nitrogen-containing,K03981
BD48,"4,4'-Methylenebis(N,N-dimethylaniline)",Group 1,Polyaromatic,K03981
BD48,4-Methylimidazole,Group 1,Nitrogen-containing,K01673
BD48,4-Methylimidazole,Group 1,Aliphatic,K01673
BD48,4-Nitrophenol,Group 1,Aromatic,K01113
BD48,4-Nitrophenol,Group 1,Aromatic,K01113
BD48,4-Nitrophenol,Group 1,Nitrogen-containing,K01113
BD48,4-Nitrophenol,Group 1,Nitrogen-containing,K01113
BD48,Acenaphthene,Group 1,Polyaromatic,K00433
BD48,Acenaphthene,Group 1,Polyaromatic,K00433
BD48,Acetaldehyde,Group 1,Aliphatic,K00001
BD48,Acetaldehyde,Group 1,Aliphatic,K00001
BD48,Acetaldehyde,Group 1,Aliphatic,K00001
BD48,Acetaldehyde,Group 1,Aliphatic,K00121
BD48,Acetaldehyde,Group 1,Aliphatic,K00121
BD48,Acetaldehyde,Group 1,Aliphatic,K00121
BD48,Acetaldehyde,Group 1,Aliphatic,K00128
BD48,Acetaldehyde,Group 1,Aliphatic,K00128
BD48,Acetaldehyde,Group 1,Aliphatic,K00128
BD48,Acetaldehyde,Group 1,Aliphatic,K00138
BD48,Acetaldehyde,Group 1,Aliphatic,K00138
BD48,Acetaldehyde,Group 1,Aliphatic,K00138
BD48,Acetaldehyde,Group 1,Aliphatic,K00459
BD48,Acetaldehyde,Group 1,Aliphatic,K00459
BD48,Acetaldehyde,Group 1,Aliphatic,K00459
BD48,Acetaldehyde,Group 1,Aliphatic,K01568
BD48,Acetaldehyde,Group 1,Aliphatic,K01568
BD48,Acetaldehyde,Group 1,Aliphatic,K01568
BD48,Acetaldehyde,Group 1,Aliphatic,K01737
BD48,Acetaldehyde,Group 1,Aliphatic,K01737
BD48,Acetaldehyde,Group 1,Aliphatic,K01737
BD48,Acetaldehyde,Group 1,Aliphatic,K03735
BD48,Acetaldehyde,Group 1,Aliphatic,K03735
BD48,Acetaldehyde,Group 1,Aliphatic,K03735
BD48,Acetaldehyde,Group 1,Aliphatic,K03736
BD48,Acetaldehyde,Group 1,Aliphatic,K03736
BD48,Acetaldehyde,Group 1,Aliphatic,K03736
BD48,Acetaldehyde,Group 1,Aliphatic,K05306
BD48,Acetaldehyde,Group 1,Aliphatic,K05306
BD48,Acetaldehyde,Group 1,Aliphatic,K05306
BD48,Acetaldehyde,Group 1,Aliphatic,K12957
BD48,Acetaldehyde,Group 1,Aliphatic,K12957
BD48,Acetaldehyde,Group 1,Aliphatic,K12957
BD48,Acetaldehyde,Group 1,Aliphatic,K13954
BD48,Acetaldehyde,Group 1,Aliphatic,K13954
BD48,Acetaldehyde,Group 1,Aliphatic,K13954
BD48,Acetaldehyde,Group 1,Aliphatic,K13979
BD48,Acetaldehyde,Group 1,Aliphatic,K13979
BD48,Acetaldehyde,Group 1,Aliphatic,K13979
BD48,Acetamide,Group 1,Nitrogen-containing,K01426
BD48,Acetamide,Group 1,Aliphatic,K01426
BD48,Acrylamide,Group 1,Nitrogen-containing,K01426
BD48,Acrylamide,Group 1,Aliphatic,K01426
BD48,"Aflatoxin B1-exo-8,9-epoxide",Group 1,Aromatic,K00799
BD48,"Aflatoxin B1exo-8,9-epoxide-GSH",Group 1,Aromatic,K00799
BD48,"Aflatoxin B1exo-8,9-epoxide-GSH",Group 1,Nitrogen-containing,K00799
BD48,"Aflatoxin B1exo-8,9-epoxide-GSH",Group 1,Sulfur-containing,K00799
BD48,Alachlor,Group 1,Aromatic,K00799
BD48,Alachlor,Group 1,Aromatic,K00799
BD48,Alachlor,Group 1,Chlorinated,K00799
BD48,Alachlor,Group 1,Chlorinated,K00799
BD48,Alachlor,Group 1,Nitrogen-containing,K00799
BD48,Alachlor,Group 1,Nitrogen-containing,K00799
BD48,Ammonia,Group 1,Nitrogen-containing,K00261
BD48,Ammonia,Group 1,Nitrogen-containing,K00261
BD48,Ammonia,Group 1,Nitrogen-containing,K00262
BD48,Ammonia,Group 1,Nitrogen-containing,K00262
BD48,Ammonia,Group 1,Nitrogen-containing,K00265
BD48,Ammonia,Group 1,Nitrogen-containing,K00265
BD48,Ammonia,Group 1,Nitrogen-containing,K00266
BD48,Ammonia,Group 1,Nitrogen-containing,K00266
BD48,Ammonia,Group 1,Nitrogen-containing,K00275
BD48,Ammonia,Group 1,Nitrogen-containing,K00275
BD48,Ammonia,Group 1,Nitrogen-containing,K00276
BD48,Ammonia,Group 1,Nitrogen-containing,K00276
BD48,Ammonia,Group 1,Nitrogen-containing,K00278
BD48,Ammonia,Group 1,Nitrogen-containing,K00278
BD48,Ammonia,Group 1,Nitrogen-containing,K00285
BD48,Ammonia,Group 1,Nitrogen-containing,K00285
BD48,Ammonia,Group 1,Nitrogen-containing,K00362
BD48,Ammonia,Group 1,Nitrogen-containing,K00362
BD48,Ammonia,Group 1,Nitrogen-containing,K00382
BD48,Ammonia,Group 1,Nitrogen-containing,K00382
BD48,Ammonia,Group 1,Nitrogen-containing,K01424
BD48,Ammonia,Group 1,Nitrogen-containing,K01424
BD48,Ammonia,Group 1,Nitrogen-containing,K05597
BD48,Ammonia,Group 1,Nitrogen-containing,K05597
BD48,Ammonia,Group 1,Nitrogen-containing,K01425
BD48,Ammonia,Group 1,Nitrogen-containing,K01425
BD48,Ammonia,Group 1,Nitrogen-containing,K01426
BD48,Ammonia,Group 1,Nitrogen-containing,K01426
BD48,Ammonia,Group 1,Nitrogen-containing,K01428
BD48,Ammonia,Group 1,Nitrogen-containing,K01428
BD48,Ammonia,Group 1,Nitrogen-containing,K01429
BD48,Ammonia,Group 1,Nitrogen-containing,K01429
BD48,Ammonia,Group 1,Nitrogen-containing,K01430
BD48,Ammonia,Group 1,Nitrogen-containing,K01430
BD48,Ammonia,Group 1,Nitrogen-containing,K01457
BD48,Ammonia,Group 1,Nitrogen-containing,K01457
BD48,Ammonia,Group 1,Nitrogen-containing,K01484
BD48,Ammonia,Group 1,Nitrogen-containing,K01484
BD48,Ammonia,Group 1,Nitrogen-containing,K01487
BD48,Ammonia,Group 1,Nitrogen-containing,K01487
BD48,Ammonia,Group 1,Nitrogen-containing,K01488
BD48,Ammonia,Group 1,Nitrogen-containing,K01488
BD48,Ammonia,Group 1,Nitrogen-containing,K21053
BD48,Ammonia,Group 1,Nitrogen-containing,K21053
BD48,Ammonia,Group 1,Nitrogen-containing,K01494
BD48,Ammonia,Group 1,Nitrogen-containing,K01494
BD48,Ammonia,Group 1,Nitrogen-containing,K01498
BD48,Ammonia,Group 1,Nitrogen-containing,K01498
BD48,Ammonia,Group 1,Nitrogen-containing,K11752
BD48,Ammonia,Group 1,Nitrogen-containing,K11752
BD48,Ammonia,Group 1,Nitrogen-containing,K01501
BD48,Ammonia,Group 1,Nitrogen-containing,K01501
BD48,Ammonia,Group 1,Nitrogen-containing,K01505
BD48,Ammonia,Group 1,Nitrogen-containing,K01505
BD48,Ammonia,Group 1,Nitrogen-containing,K05396
BD48,Ammonia,Group 1,Nitrogen-containing,K05396
BD48,Ammonia,Group 1,Nitrogen-containing,K01657
BD48,Ammonia,Group 1,Nitrogen-containing,K01657
BD48,Ammonia,Group 1,Nitrogen-containing,K01658
BD48,Ammonia,Group 1,Nitrogen-containing,K01658
BD48,Ammonia,Group 1,Nitrogen-containing,K01664
BD48,Ammonia,Group 1,Nitrogen-containing,K01664
BD48,Ammonia,Group 1,Nitrogen-containing,K01663
BD48,Ammonia,Group 1,Nitrogen-containing,K01663
BD48,Ammonia,Group 1,Nitrogen-containing,K02500
BD48,Ammonia,Group 1,Nitrogen-containing,K02500
BD48,Ammonia,Group 1,Nitrogen-containing,K01665
BD48,Ammonia,Group 1,Nitrogen-containing,K01665
BD48,Ammonia,Group 1,Nitrogen-containing,K01744
BD48,Ammonia,Group 1,Nitrogen-containing,K01744
BD48,Ammonia,Group 1,Nitrogen-containing,K01745
BD48,Ammonia,Group 1,Nitrogen-containing,K01745
BD48,Ammonia,Group 1,Nitrogen-containing,K01749
BD48,Ammonia,Group 1,Nitrogen-containing,K01749
BD48,Ammonia,Group 1,Nitrogen-containing,K01752
BD48,Ammonia,Group 1,Nitrogen-containing,K01752
BD48,Ammonia,Group 1,Nitrogen-containing,K01753
BD48,Ammonia,Group 1,Nitrogen-containing,K01753
BD48,Ammonia,Group 1,Nitrogen-containing,K01754
BD48,Ammonia,Group 1,Nitrogen-containing,K01754
BD48,Ammonia,Group 1,Nitrogen-containing,K01760
BD48,Ammonia,Group 1,Nitrogen-containing,K01760
BD48,Ammonia,Group 1,Nitrogen-containing,K01915
BD48,Ammonia,Group 1,Nitrogen-containing,K01915
BD48,Ammonia,Group 1,Nitrogen-containing,K01916
BD48,Ammonia,Group 1,Nitrogen-containing,K01916
BD48,Ammonia,Group 1,Nitrogen-containing,K01950
BD48,Ammonia,Group 1,Nitrogen-containing,K01950
BD48,Ammonia,Group 1,Nitrogen-containing,K01937
BD48,Ammonia,Group 1,Nitrogen-containing,K01937
BD48,Ammonia,Group 1,Nitrogen-containing,K01951
BD48,Ammonia,Group 1,Nitrogen-containing,K01951
BD48,Ammonia,Group 1,Nitrogen-containing,K01955
BD48,Ammonia,Group 1,Nitrogen-containing,K01955
BD48,Ammonia,Group 1,Nitrogen-containing,K01956
BD48,Ammonia,Group 1,Nitrogen-containing,K01956
BD48,Ammonia,Group 1,Nitrogen-containing,K02437
BD48,Ammonia,Group 1,Nitrogen-containing,K02437
BD48,Ammonia,Group 1,Nitrogen-containing,K02501
BD48,Ammonia,Group 1,Nitrogen-containing,K02501
BD48,Ammonia,Group 1,Nitrogen-containing,K03153
BD48,Ammonia,Group 1,Nitrogen-containing,K03153
BD48,Ammonia,Group 1,Nitrogen-containing,K03707
BD48,Ammonia,Group 1,Nitrogen-containing,K03707
BD48,Ammonia,Group 1,Nitrogen-containing,K03735
BD48,Ammonia,Group 1,Nitrogen-containing,K03735
BD48,Ammonia,Group 1,Nitrogen-containing,K03736
BD48,Ammonia,Group 1,Nitrogen-containing,K03736
BD48,Ammonia,Group 1,Nitrogen-containing,K03743
BD48,Ammonia,Group 1,Nitrogen-containing,K03743
BD48,Ammonia,Group 1,Nitrogen-containing,K17950
BD48,Ammonia,Group 1,Nitrogen-containing,K17950
BD48,Ammonia,Group 1,Nitrogen-containing,K05599
BD48,Ammonia,Group 1,Nitrogen-containing,K05599
BD48,Ammonia,Group 1,Nitrogen-containing,K05600
BD48,Ammonia,Group 1,Nitrogen-containing,K05600
BD48,Ammonia,Group 1,Nitrogen-containing,K18248
BD48,Ammonia,Group 1,Nitrogen-containing,K18248
BD48,Ammonia,Group 1,Nitrogen-containing,K05810
BD48,Ammonia,Group 1,Nitrogen-containing,K05810
BD48,Ammonia,Group 1,Nitrogen-containing,K06920
BD48,Ammonia,Group 1,Nitrogen-containing,K06920
BD48,Ammonia,Group 1,Nitrogen-containing,K06989
BD48,Ammonia,Group 1,Nitrogen-containing,K06989
BD48,Ammonia,Group 1,Nitrogen-containing,K08281
BD48,Ammonia,Group 1,Nitrogen-containing,K08281
BD48,Ammonia,Group 1,Nitrogen-containing,K09022
BD48,Ammonia,Group 1,Nitrogen-containing,K09022
BD48,Ammonia,Group 1,Nitrogen-containing,K09471
BD48,Ammonia,Group 1,Nitrogen-containing,K09471
BD48,Ammonia,Group 1,Nitrogen-containing,K10026
BD48,Ammonia,Group 1,Nitrogen-containing,K10026
BD48,Ammonia,Group 1,Nitrogen-containing,K11311
BD48,Ammonia,Group 1,Nitrogen-containing,K11311
BD48,Ammonia,Group 1,Nitrogen-containing,K11991
BD48,Ammonia,Group 1,Nitrogen-containing,K11991
BD48,Ammonia,Group 1,Nitrogen-containing,K21062
BD48,Ammonia,Group 1,Nitrogen-containing,K21062
BD48,Amsacrine,Group 1,Polyaromatic,K02469
BD48,Amsacrine,Group 1,Nitrogen-containing,K02469
BD48,Amsacrine,Group 1,Sulfur-containing,K02469
BD48,Amsacrine,Group 1,Polyaromatic,K02470
BD48,Amsacrine,Group 1,Nitrogen-containing,K02470
BD48,Amsacrine,Group 1,Sulfur-containing,K02470
BD48,Amsacrine,Group 1,Polyaromatic,K02621
BD48,Amsacrine,Group 1,Nitrogen-containing,K02621
BD48,Amsacrine,Group 1,Sulfur-containing,K02621
BD48,Amsacrine,Group 1,Polyaromatic,K02622
BD48,Amsacrine,Group 1,Nitrogen-containing,K02622
BD48,Amsacrine,Group 1,Sulfur-containing,K02622
BD48,Amsacrine,Group 1,Polyaromatic,K03168
BD48,Amsacrine,Group 1,Nitrogen-containing,K03168
BD48,Amsacrine,Group 1,Sulfur-containing,K03168
BD48,Anthracene,Group 1,Polyaromatic,K14581
BD48,Anthracene,Group 1,Polyaromatic,K14581
BD48,Anthracene,Group 1,Polyaromatic,K14581
BD48,Anthracene,Group 1,Polyaromatic,K14581
BD48,Anthracene,Group 1,Polyaromatic,K14581
BD48,"Anthracene-cis-1,2-dihydrodiol",Group 1,Polyaromatic,K14581
BD48,"Anthracene-cis-1,2-dihydrodiol",Group 1,Polyaromatic,K14581
BD48,"Anthracene-cis-1,2-dihydrodiol",Group 1,Polyaromatic,K14581
BD48,"Anthracene-cis-1,2-dihydrodiol",Group 1,Polyaromatic,K14581
BD48,Aristolochic acid,Group 1,Polyaromatic,K01058
BD48,Aristolochic acid,Group 1,Nitrogen-containing,K01058
BD48,Arsenic,Group 1,Metal,K04077
BD48,Arsenic,Group 1,Metal,K04077
BD48,Arsenic,Group 1,Metal,K04077
BD48,Arsenic,Group 1,Metal,K04077
BD48,Aziridine,Group 1,Nitrogen-containing,K01089
BD48,Aziridine,Group 1,Aliphatic,K01089
BD48,Benzene,Group 1,Aromatic,K16246
BD48,Benzene,Group 1,Aromatic,K16246
BD48,Benzene,Group 1,Aromatic,K16246
BD48,Benzene,Group 1,Aromatic,K16246
BD48,Benzene,Group 1,Aromatic,K16246
BD48,Benzene,Group 1,Aromatic,K16246
BD48,Benzene,Group 1,Aromatic,K16246
BD48,Benzene,Group 1,Aromatic,K16242
BD48,Benzene,Group 1,Aromatic,K16242
BD48,Benzene,Group 1,Aromatic,K16242
BD48,Benzene,Group 1,Aromatic,K16242
BD48,Benzene,Group 1,Aromatic,K16242
BD48,Benzene,Group 1,Aromatic,K16242
BD48,Benzene,Group 1,Aromatic,K16242
BD48,Benzene,Group 1,Aromatic,K16243
BD48,Benzene,Group 1,Aromatic,K16243
BD48,Benzene,Group 1,Aromatic,K16243
BD48,Benzene,Group 1,Aromatic,K16243
BD48,Benzene,Group 1,Aromatic,K16243
BD48,Benzene,Group 1,Aromatic,K16243
BD48,Benzene,Group 1,Aromatic,K16243
BD48,Benzene,Group 1,Aromatic,K16244
BD48,Benzene,Group 1,Aromatic,K16244
BD48,Benzene,Group 1,Aromatic,K16244
BD48,Benzene,Group 1,Aromatic,K16244
BD48,Benzene,Group 1,Aromatic,K16244
BD48,Benzene,Group 1,Aromatic,K16244
BD48,Benzene,Group 1,Aromatic,K16244
BD48,Benzene,Group 1,Aromatic,K16245
BD48,Benzene,Group 1,Aromatic,K16245
BD48,Benzene,Group 1,Aromatic,K16245
BD48,Benzene,Group 1,Aromatic,K16245
BD48,Benzene,Group 1,Aromatic,K16245
BD48,Benzene,Group 1,Aromatic,K16245
BD48,Benzene,Group 1,Aromatic,K16245
BD48,Benzene,Group 1,Aromatic,K16249
BD48,Benzene,Group 1,Aromatic,K16249
BD48,Benzene,Group 1,Aromatic,K16249
BD48,Benzene,Group 1,Aromatic,K16249
BD48,Benzene,Group 1,Aromatic,K16249
BD48,Benzene,Group 1,Aromatic,K16249
BD48,Benzene,Group 1,Aromatic,K16249
BD48,Benzo[a]pyrene,Group 1,Polyaromatic,K14581
BD48,Benzo[a]pyrene,Group 1,Polyaromatic,K14581
BD48,Benzo[a]pyrene,Group 1,Polyaromatic,K14581
BD48,Benzo[a]pyrene,Group 1,Polyaromatic,K14581
BD48,Benzo[a]pyrene,Group 1,Polyaromatic,K14581
BD48,Benzo[a]pyrene,Group 1,Polyaromatic,K14581
BD48,Benzo[a]pyrene,Group 1,Polyaromatic,K14581
BD48,"Benzo[a]pyrene-cis-9,10-dihydrodiol",Group 1,Polyaromatic,K14581
BD48,"Benzo[a]pyrene-cis-9,10-dihydrodiol",Group 1,Polyaromatic,K14581
BD48,"Benzo[a]pyrene-cis-9,10-dihydrodiol",Group 1,Polyaromatic,K14581
BD48,"Benzo[a]pyrene-cis-9,10-dihydrodiol",Group 1,Polyaromatic,K14581
BD48,CO,Group 1,Inorganic,K03147
BD48,CO,Group 1,Inorganic,K06911
BD48,Cacodylate,Group 1,Inorganic,K00019
BD48,Cacodylate,Group 1,Inorganic,K00019
BD48,Cacodylate,Group 1,Metal,K00019
BD48,Cacodylate,Group 1,Metal,K00019
BD48,Cacodylate,Group 1,Inorganic,K00133
BD48,Cacodylate,Group 1,Inorganic,K00133
BD48,Cacodylate,Group 1,Metal,K00133
BD48,Cacodylate,Group 1,Metal,K00133
BD48,Cacodylate,Group 1,Inorganic,K01708
BD48,Cacodylate,Group 1,Inorganic,K01708
BD48,Cacodylate,Group 1,Metal,K01708
BD48,Cacodylate,Group 1,Metal,K01708
BD48,Captafol,Group 1,Chlorinated,K00652
BD48,Captafol,Group 1,Nitrogen-containing,K00652
BD48,Captafol,Group 1,Sulfur-containing,K00652
BD48,Carbon tetrachloride,Group 1,Chlorinated,K00384
BD48,Carbon tetrachloride,Group 1,Chlorinated,K00384
BD48,Carbon tetrachloride,Group 1,Chlorinated,K00384
BD48,Carbon tetrachloride,Group 1,Chlorinated,K00384
BD48,Carbon tetrachloride,Group 1,Chlorinated,K00384
BD48,Carbon tetrachloride,Group 1,Chlorinated,K00789
BD48,Carbon tetrachloride,Group 1,Chlorinated,K00789
BD48,Carbon tetrachloride,Group 1,Chlorinated,K00789
BD48,Carbon tetrachloride,Group 1,Chlorinated,K00789
BD48,Carbon tetrachloride,Group 1,Chlorinated,K00789
BD48,Carbon tetrachloride,Group 1,Chlorinated,K01081
BD48,Carbon tetrachloride,Group 1,Chlorinated,K01081
BD48,Carbon tetrachloride,Group 1,Chlorinated,K01081
BD48,Carbon tetrachloride,Group 1,Chlorinated,K01081
BD48,Carbon tetrachloride,Group 1,Chlorinated,K01081
BD48,Carbon tetrachloride,Group 1,Chlorinated,K11751
BD48,Carbon tetrachloride,Group 1,Chlorinated,K11751
BD48,Carbon tetrachloride,Group 1,Chlorinated,K11751
BD48,Carbon tetrachloride,Group 1,Chlorinated,K11751
BD48,Carbon tetrachloride,Group 1,Chlorinated,K11751
BD48,Carbon tetrachloride,Group 1,Chlorinated,K01919
BD48,Carbon tetrachloride,Group 1,Chlorinated,K01919
BD48,Carbon tetrachloride,Group 1,Chlorinated,K01919
BD48,Carbon tetrachloride,Group 1,Chlorinated,K01919
BD48,Carbon tetrachloride,Group 1,Chlorinated,K01919
BD48,Carbon tetrachloride,Group 1,Chlorinated,K03787
BD48,Carbon tetrachloride,Group 1,Chlorinated,K03787
BD48,Carbon tetrachloride,Group 1,Chlorinated,K03787
BD48,Carbon tetrachloride,Group 1,Chlorinated,K03787
BD48,Carbon tetrachloride,Group 1,Chlorinated,K03787
BD48,Catechol,Group 1,Aromatic,K16246
BD48,Catechol,Group 1,Aromatic,K16246
BD48,Catechol,Group 1,Aromatic,K16246
BD48,Catechol,Group 1,Aromatic,K16246
BD48,Catechol,Group 1,Aromatic,K16246
BD48,Catechol,Group 1,Aromatic,K03381
BD48,Catechol,Group 1,Aromatic,K03381
BD48,Catechol,Group 1,Aromatic,K03381
BD48,Catechol,Group 1,Aromatic,K03381
BD48,Catechol,Group 1,Aromatic,K03381
BD48,Catechol,Group 1,Aromatic,K05599
BD48,Catechol,Group 1,Aromatic,K05599
BD48,Catechol,Group 1,Aromatic,K05599
BD48,Catechol,Group 1,Aromatic,K05599
BD48,Catechol,Group 1,Aromatic,K05599
BD48,Catechol,Group 1,Aromatic,K05600
BD48,Catechol,Group 1,Aromatic,K05600
BD48,Catechol,Group 1,Aromatic,K05600
BD48,Catechol,Group 1,Aromatic,K05600
BD48,Catechol,Group 1,Aromatic,K05600
BD48,Catechol,Group 1,Aromatic,K18248
BD48,Catechol,Group 1,Aromatic,K18248
BD48,Catechol,Group 1,Aromatic,K18248
BD48,Catechol,Group 1,Aromatic,K18248
BD48,Catechol,Group 1,Aromatic,K18248
BD48,Catechol,Group 1,Aromatic,K05783
BD48,Catechol,Group 1,Aromatic,K05783
BD48,Catechol,Group 1,Aromatic,K05783
BD48,Catechol,Group 1,Aromatic,K05783
BD48,Catechol,Group 1,Aromatic,K05783
BD48,Catechol,Group 1,Aromatic,K14581
BD48,Catechol,Group 1,Aromatic,K14581
BD48,Catechol,Group 1,Aromatic,K14581
BD48,Catechol,Group 1,Aromatic,K14581
BD48,Catechol,Group 1,Aromatic,K14581
BD48,Catechol,Group 1,Aromatic,K11311
BD48,Catechol,Group 1,Aromatic,K11311
BD48,Catechol,Group 1,Aromatic,K11311
BD48,Catechol,Group 1,Aromatic,K11311
BD48,Catechol,Group 1,Aromatic,K11311
BD48,Catechol,Group 1,Aromatic,K16242
BD48,Catechol,Group 1,Aromatic,K16242
BD48,Catechol,Group 1,Aromatic,K16242
BD48,Catechol,Group 1,Aromatic,K16242
BD48,Catechol,Group 1,Aromatic,K16242
BD48,Catechol,Group 1,Aromatic,K16243
BD48,Catechol,Group 1,Aromatic,K16243
BD48,Catechol,Group 1,Aromatic,K16243
BD48,Catechol,Group 1,Aromatic,K16243
BD48,Catechol,Group 1,Aromatic,K16243
BD48,Catechol,Group 1,Aromatic,K16244
BD48,Catechol,Group 1,Aromatic,K16244
BD48,Catechol,Group 1,Aromatic,K16244
BD48,Catechol,Group 1,Aromatic,K16244
BD48,Catechol,Group 1,Aromatic,K16244
BD48,Catechol,Group 1,Aromatic,K16245
BD48,Catechol,Group 1,Aromatic,K16245
BD48,Catechol,Group 1,Aromatic,K16245
BD48,Catechol,Group 1,Aromatic,K16245
BD48,Catechol,Group 1,Aromatic,K16245
BD48,Catechol,Group 1,Aromatic,K16249
BD48,Catechol,Group 1,Aromatic,K16249
BD48,Catechol,Group 1,Aromatic,K16249
BD48,Catechol,Group 1,Aromatic,K16249
BD48,Catechol,Group 1,Aromatic,K16249
BD48,Chloral hydrate,Group 1,Chlorinated,K00001
BD48,Chloral hydrate,Group 1,Aliphatic,K00001
BD48,Chloral hydrate,Group 1,Chlorinated,K00121
BD48,Chloral hydrate,Group 1,Aliphatic,K00121
BD48,Chloral hydrate,Group 1,Chlorinated,K13954
BD48,Chloral hydrate,Group 1,Aliphatic,K13954
BD48,Chloramine,Group 1,Nitrogen-containing,K03386
BD48,Chloramine,Group 1,Chlorinated,K03386
BD48,Chloramine,Group 1,Nitrogen-containing,K03564
BD48,Chloramine,Group 1,Chlorinated,K03564
BD48,Chloraminophenamide,Group 1,Nitrogen-containing,K01673
BD48,Chloraminophenamide,Group 1,Sulfur-containing,K01673
BD48,Chloraminophenamide,Group 1,Chlorinated,K01673
BD48,Chloraminophenamide,Group 1,Aromatic,K01673
BD48,Chloramphenicol,Group 1,Aromatic,K00638
BD48,Chloramphenicol,Group 1,Nitrogen-containing,K00638
BD48,Chloramphenicol,Group 1,Chlorinated,K00638
BD48,Chloroform,Group 1,Chlorinated,K01434
BD48,Chloroform,Group 1,Chlorinated,K01434
BD48,Chloroform,Group 1,Chlorinated,K01434
BD48,Chloroform,Group 1,Chlorinated,K01434
BD48,Chloroform,Group 1,Chlorinated,K01434
BD48,Chloroform,Group 1,Chlorinated,K01434
BD48,Chloroform,Group 1,Chlorinated,K01434
BD48,Chloroform,Group 1,Aliphatic,K01434
BD48,Chloroform,Group 1,Aliphatic,K01434
BD48,Chloroform,Group 1,Aliphatic,K01434
BD48,Chloroform,Group 1,Aliphatic,K01434
BD48,Chloroform,Group 1,Aliphatic,K01434
BD48,Chloroform,Group 1,Aliphatic,K01434
BD48,Chloroform,Group 1,Aliphatic,K01434
BD48,Chlorpyrifos,Group 1,Organophosphorus,K00799
BD48,Chlorpyrifos,Group 1,Organophosphorus,K00799
BD48,Chlorpyrifos,Group 1,Organophosphorus,K00799
BD48,Chlorpyrifos,Group 1,Chlorinated,K00799
BD48,Chlorpyrifos,Group 1,Chlorinated,K00799
BD48,Chlorpyrifos,Group 1,Chlorinated,K00799
BD48,Chlorpyrifos,Group 1,Organophosphorus,K01073
BD48,Chlorpyrifos,Group 1,Organophosphorus,K01073
BD48,Chlorpyrifos,Group 1,Organophosphorus,K01073
BD48,Chlorpyrifos,Group 1,Chlorinated,K01073
BD48,Chlorpyrifos,Group 1,Chlorinated,K01073
BD48,Chlorpyrifos,Group 1,Chlorinated,K01073
BD48,Chlorpyrifos,Group 1,Organophosphorus,K10804
BD48,Chlorpyrifos,Group 1,Organophosphorus,K10804
BD48,Chlorpyrifos,Group 1,Organophosphorus,K10804
BD48,Chlorpyrifos,Group 1,Chlorinated,K10804
BD48,Chlorpyrifos,Group 1,Chlorinated,K10804
BD48,Chlorpyrifos,Group 1,Chlorinated,K10804
BD48,Chlorpyrifos,Group 1,Organophosphorus,K10805
BD48,Chlorpyrifos,Group 1,Organophosphorus,K10805
BD48,Chlorpyrifos,Group 1,Organophosphorus,K10805
BD48,Chlorpyrifos,Group 1,Chlorinated,K10805
BD48,Chlorpyrifos,Group 1,Chlorinated,K10805
BD48,Chlorpyrifos,Group 1,Chlorinated,K10805
BD48,Cobalt,Group 1,Metal,K01870
BD48,Cobaltous sulfate,Group 1,Metal,K01488
BD48,Cobaltous sulfate,Group 1,Inorganic,K01488
BD48,Cobaltous sulfate,Group 1,Metal,K01624
BD48,Cobaltous sulfate,Group 1,Inorganic,K01624
BD48,Cobaltous sulfate,Group 1,Metal,K01779
BD48,Cobaltous sulfate,Group 1,Inorganic,K01779
BD48,Cobaltous sulfate,Group 1,Metal,K05810
BD48,Cobaltous sulfate,Group 1,Inorganic,K05810
BD48,Copper,Group 1,Metal,K17686
BD48,Copper,Group 1,Metal,K17686
BD48,Copper,Group 1,Metal,K17686
BD48,Cyanide ion,Group 1,Nitrogen-containing,K01011
BD48,Cyanide ion,Group 1,Nitrogen-containing,K01011
BD48,Cyanide ion,Group 1,Nitrogen-containing,K01011
BD48,Cyanide ion,Group 1,Inorganic,K01011
BD48,Cyanide ion,Group 1,Inorganic,K01011
BD48,Cyanide ion,Group 1,Inorganic,K01011
BD48,Cypermethrin,Group 1,Polyaromatic,K00799
BD48,Cypermethrin,Group 1,Chlorinated,K00799
BD48,Cypermethrin,Group 1,Nitrogen-containing,K00799
BD48,Cypermethrin,Group 1,Polyaromatic,K00823
BD48,Cypermethrin,Group 1,Chlorinated,K00823
BD48,Cypermethrin,Group 1,Nitrogen-containing,K00823
BD48,Cypermethrin,Group 1,Polyaromatic,K07250
BD48,Cypermethrin,Group 1,Chlorinated,K07250
BD48,Cypermethrin,Group 1,Nitrogen-containing,K07250
BD48,Danthron,Group 1,Aromatic,K00344
BD48,Danthron,Group 1,Aromatic,K00355
BD48,Danthron,Group 1,Aromatic,K00384
BD48,Danthron,Group 1,Aromatic,K00528
BD48,Danthron,Group 1,Aromatic,K03809
BD48,Dichlorvos,Group 1,Organophosphorus,K00799
BD48,Dichlorvos,Group 1,Organophosphorus,K00799
BD48,Dichlorvos,Group 1,Organophosphorus,K00799
BD48,Dichlorvos,Group 1,Chlorinated,K00799
BD48,Dichlorvos,Group 1,Chlorinated,K00799
BD48,Dichlorvos,Group 1,Chlorinated,K00799
BD48,Diethyl phthalate,Group 1,Aromatic,K01046
BD48,Diuron,Group 1,Nitrogen-containing,K03981
BD48,Diuron,Group 1,Nitrogen-containing,K03981
BD48,Diuron,Group 1,Nitrogen-containing,K03981
BD48,Diuron,Group 1,Chlorinated,K03981
BD48,Diuron,Group 1,Chlorinated,K03981
BD48,Diuron,Group 1,Chlorinated,K03981
BD48,Diuron,Group 1,Aromatic,K03981
BD48,Diuron,Group 1,Aromatic,K03981
BD48,Diuron,Group 1,Aromatic,K03981
BD48,Endosulfan,Group 1,Chlorinated,K00799
BD48,Endosulfan,Group 1,Chlorinated,K00799
BD48,Endosulfan,Group 1,Chlorinated,K00799
BD48,Endosulfan,Group 1,Chlorinated,K00799
BD48,Endosulfan,Group 1,Inorganic,K00799
BD48,Endosulfan,Group 1,Inorganic,K00799
BD48,Endosulfan,Group 1,Inorganic,K00799
BD48,Endosulfan,Group 1,Inorganic,K00799
BD48,Epichlorohydrin,Group 1,Chlorinated,K00457
BD48,Epichlorohydrin,Group 1,Aliphatic,K00457
BD48,Epichlorohydrin,Group 1,Chlorinated,K00799
BD48,Epichlorohydrin,Group 1,Aliphatic,K00799
BD48,Epichlorohydrin,Group 1,Chlorinated,K01114
BD48,Epichlorohydrin,Group 1,Aliphatic,K01114
BD48,Epichlorohydrin,Group 1,Chlorinated,K03153
BD48,Epichlorohydrin,Group 1,Aliphatic,K03153
BD48,Epichlorohydrin,Group 1,Chlorinated,K16161
BD48,Epichlorohydrin,Group 1,Aliphatic,K16161
BD48,Ethanol,Group 1,Aliphatic,K00001
BD48,Ethanol,Group 1,Aliphatic,K00121
BD48,Ethanol,Group 1,Aliphatic,K12957
BD48,Ethanol,Group 1,Aliphatic,K13954
BD48,Ethanol,Group 1,Aliphatic,K13979
BD48,Ethyl acrylate,Group 1,Aliphatic,K01426
BD48,Ethyl methanesulfonate,Group 1,Organosulfur,K00560
BD48,Ethyl methanesulfonate,Group 1,Aliphatic,K00560
BD48,Ethylbenzene,Group 1,Aromatic,K14581
BD48,Ethylbenzene,Group 1,Aromatic,K14581
BD48,Ethylbenzene,Group 1,Aromatic,K14581
BD48,Ethylbenzene,Group 1,Aromatic,K14581
BD48,Ethylene glycol,Group 1,Aliphatic,K21105
BD48,Etoposide,Group 1,Polyaromatic,K00432
BD48,Fluoranthene,Group 1,Polyaromatic,K00433
BD48,Fluoranthene,Group 1,Polyaromatic,K00433
BD48,Fluoranthene,Group 1,Polyaromatic,K00433
BD48,Fluoranthene,Group 1,Polyaromatic,K00433
BD48,Fluoren-9-ol,Group 1,Polyaromatic,K14581
BD48,Fluoren-9-ol,Group 1,Polyaromatic,K14581
BD48,Fluoren-9-ol,Group 1,Polyaromatic,K14581
BD48,Fluoren-9-ol,Group 1,Polyaromatic,K14581
BD48,Fluorene,Group 1,Polyaromatic,K14581
BD48,Fluorene,Group 1,Polyaromatic,K14581
BD48,Fluorene,Group 1,Polyaromatic,K14581
BD48,Fluorene,Group 1,Polyaromatic,K14581
BD48,Fluorene,Group 1,Polyaromatic,K14581
BD48,Formaldehyde,Group 1,Aliphatic,K00276
BD48,Formaldehyde,Group 1,Aliphatic,K00276
BD48,Formaldehyde,Group 1,Aliphatic,K00276
BD48,Formaldehyde,Group 1,Aliphatic,K00299
BD48,Formaldehyde,Group 1,Aliphatic,K00299
BD48,Formaldehyde,Group 1,Aliphatic,K00299
BD48,Formaldehyde,Group 1,Aliphatic,K00606
BD48,Formaldehyde,Group 1,Aliphatic,K00606
BD48,Formaldehyde,Group 1,Aliphatic,K00606
BD48,Formaldehyde,Group 1,Aliphatic,K03781
BD48,Formaldehyde,Group 1,Aliphatic,K03781
BD48,Formaldehyde,Group 1,Aliphatic,K03781
BD48,Formaldehyde,Group 1,Aliphatic,K03782
BD48,Formaldehyde,Group 1,Aliphatic,K03782
BD48,Formaldehyde,Group 1,Aliphatic,K03782
BD48,Formaldehyde,Group 1,Aliphatic,K03862
BD48,Formaldehyde,Group 1,Aliphatic,K03862
BD48,Formaldehyde,Group 1,Aliphatic,K03862
BD48,Formaldehyde,Group 1,Aliphatic,K03863
BD48,Formaldehyde,Group 1,Aliphatic,K03863
BD48,Formaldehyde,Group 1,Aliphatic,K03863
BD48,Formaldehyde,Group 1,Aliphatic,K04091
BD48,Formaldehyde,Group 1,Aliphatic,K04091
BD48,Formaldehyde,Group 1,Aliphatic,K04091
BD48,Formaldehyde,Group 1,Aliphatic,K17228
BD48,Formaldehyde,Group 1,Aliphatic,K17228
BD48,Formaldehyde,Group 1,Aliphatic,K17228
BD48,Glycidaldehyde,Group 1,Aliphatic,K00600
BD48,Hydrochlorothiazide,Group 1,Nitrogen-containing,K00287
BD48,Hydrochlorothiazide,Group 1,Sulfur-containing,K00287
BD48,Hydrochlorothiazide,Group 1,Chlorinated,K00287
BD48,Hydrochlorothiazide,Group 1,Aromatic,K00287
BD48,Hydrochlorothiazide,Group 1,Nitrogen-containing,K18590
BD48,Hydrochlorothiazide,Group 1,Sulfur-containing,K18590
BD48,Hydrochlorothiazide,Group 1,Chlorinated,K18590
BD48,Hydrochlorothiazide,Group 1,Aromatic,K18590
BD48,Hydrochlorothiazide,Group 1,Nitrogen-containing,K01673
BD48,Hydrochlorothiazide,Group 1,Sulfur-containing,K01673
BD48,Hydrochlorothiazide,Group 1,Chlorinated,K01673
BD48,Hydrochlorothiazide,Group 1,Aromatic,K01673
BD48,Hydrogen cyanide,Group 1,Nitrogen-containing,K00799
BD48,Lead,Group 1,Metal,K00001
BD48,Lead,Group 1,Metal,K00001
BD48,Lead,Group 1,Metal,K00001
BD48,Lead,Group 1,Metal,K00001
BD48,Lead,Group 1,Metal,K00001
BD48,Lead nitrate,Group 1,Metal,K00620
BD48,Lead nitrate,Group 1,Metal,K00620
BD48,Lead nitrate,Group 1,Inorganic,K00620
BD48,Lead nitrate,Group 1,Inorganic,K00620
BD48,Lead nitrate,Group 1,Nitrogen-containing,K00620
BD48,Lead nitrate,Group 1,Nitrogen-containing,K00620
BD48,Lead nitrate,Group 1,Metal,K01749
BD48,Lead nitrate,Group 1,Metal,K01749
BD48,Lead nitrate,Group 1,Inorganic,K01749
BD48,Lead nitrate,Group 1,Inorganic,K01749
BD48,Lead nitrate,Group 1,Nitrogen-containing,K01749
BD48,Lead nitrate,Group 1,Nitrogen-containing,K01749
BD48,Mercuric chloride,Group 1,Metal,K00001
BD48,Mercuric chloride,Group 1,Metal,K00001
BD48,Mercuric chloride,Group 1,Chlorinated,K00001
BD48,Mercuric chloride,Group 1,Chlorinated,K00001
BD48,Mercuric chloride,Group 1,Metal,K00459
BD48,Mercuric chloride,Group 1,Metal,K00459
BD48,Mercuric chloride,Group 1,Chlorinated,K00459
BD48,Mercuric chloride,Group 1,Chlorinated,K00459
BD48,Mercuric chloride,Group 1,Metal,K05599
BD48,Mercuric chloride,Group 1,Metal,K05599
BD48,Mercuric chloride,Group 1,Chlorinated,K05599
BD48,Mercuric chloride,Group 1,Chlorinated,K05599
BD48,Mercuric chloride,Group 1,Metal,K05600
BD48,Mercuric chloride,Group 1,Metal,K05600
BD48,Mercuric chloride,Group 1,Chlorinated,K05600
BD48,Mercuric chloride,Group 1,Chlorinated,K05600
BD48,Methane,Group 1,Aliphatic,K16161
BD48,Methyl bromide,Group 1,Halogenated,K00567
BD48,Methyl bromide,Group 1,Aliphatic,K00567
BD48,Methyl bromide,Group 1,Halogenated,K10778
BD48,Methyl bromide,Group 1,Aliphatic,K10778
BD48,Methyl chloride,Group 1,Chlorinated,K16161
BD48,Methyl chloride,Group 1,Chlorinated,K16161
BD48,Methyl chloride,Group 1,Aliphatic,K16161
BD48,Methyl chloride,Group 1,Aliphatic,K16161
BD48,Methyl isobutyl ketone,Group 1,Aliphatic,K00001
BD48,Methyl tert-butyl ether,Group 1,Aliphatic,K00001
BD48,Methyl tert-butyl ether,Group 1,Aliphatic,K00496
BD48,Methylmercury chloride,Group 1,Organometallic,K00248
BD48,Methylmercury chloride,Group 1,Organometallic,K00248
BD48,Methylmercury chloride,Group 1,Organometallic,K00248
BD48,Methylmercury chloride,Group 1,Chlorinated,K00248
BD48,Methylmercury chloride,Group 1,Chlorinated,K00248
BD48,Methylmercury chloride,Group 1,Chlorinated,K00248
BD48,Methylmercury chloride,Group 1,Organometallic,K00249
BD48,Methylmercury chloride,Group 1,Organometallic,K00249
BD48,Methylmercury chloride,Group 1,Organometallic,K00249
BD48,Methylmercury chloride,Group 1,Chlorinated,K00249
BD48,Methylmercury chloride,Group 1,Chlorinated,K00249
BD48,Methylmercury chloride,Group 1,Chlorinated,K00249
BD48,Methylmercury chloride,Group 1,Organometallic,K00255
BD48,Methylmercury chloride,Group 1,Organometallic,K00255
BD48,Methylmercury chloride,Group 1,Organometallic,K00255
BD48,Methylmercury chloride,Group 1,Chlorinated,K00255
BD48,Methylmercury chloride,Group 1,Chlorinated,K00255
BD48,Methylmercury chloride,Group 1,Chlorinated,K00255
BD48,Methylmercury chloride,Group 1,Organometallic,K00287
BD48,Methylmercury chloride,Group 1,Organometallic,K00287
BD48,Methylmercury chloride,Group 1,Organometallic,K00287
BD48,Methylmercury chloride,Group 1,Chlorinated,K00287
BD48,Methylmercury chloride,Group 1,Chlorinated,K00287
BD48,Methylmercury chloride,Group 1,Chlorinated,K00287
BD48,Methylmercury chloride,Group 1,Organometallic,K18590
BD48,Methylmercury chloride,Group 1,Organometallic,K18590
BD48,Methylmercury chloride,Group 1,Organometallic,K18590
BD48,Methylmercury chloride,Group 1,Chlorinated,K18590
BD48,Methylmercury chloride,Group 1,Chlorinated,K18590
BD48,Methylmercury chloride,Group 1,Chlorinated,K18590
BD48,Methylmercury chloride,Group 1,Organometallic,K01262
BD48,Methylmercury chloride,Group 1,Organometallic,K01262
BD48,Methylmercury chloride,Group 1,Organometallic,K01262
BD48,Methylmercury chloride,Group 1,Chlorinated,K01262
BD48,Methylmercury chloride,Group 1,Chlorinated,K01262
BD48,Methylmercury chloride,Group 1,Chlorinated,K01262
BD48,Methylmercury chloride,Group 1,Organometallic,K01919
BD48,Methylmercury chloride,Group 1,Organometallic,K01919
BD48,Methylmercury chloride,Group 1,Organometallic,K01919
BD48,Methylmercury chloride,Group 1,Chlorinated,K01919
BD48,Methylmercury chloride,Group 1,Chlorinated,K01919
BD48,Methylmercury chloride,Group 1,Chlorinated,K01919
BD48,Methylnitrosourea,Group 1,Nitrogen-containing,K12410
BD48,Methylnitrosourea,Group 1,Aliphatic,K12410
BD48,Microcystin LR,Group 1,Nitrogen-containing,K01595
BD48,Microcystin LR,Group 1,Aromatic,K01595
BD48,Mitomycin,Group 1,Nitrogen-containing,K03809
BD48,Mitomycin,Group 1,Polyaromatic,K03809
BD48,Mitoxantrone,Group 1,Nitrogen-containing,K01104
BD48,Mitoxantrone,Group 1,Polyaromatic,K01104
BD48,"N,N'-Diacetylbenzidine",Group 1,Nitrogen-containing,K03594
BD48,"N,N'-Diacetylbenzidine",Group 1,Polyaromatic,K03594
BD48,N-Methyl-N'-nitro-N-nitrosoguanidine,Group 1,Nitrogen-containing,K03652
BD48,N-Methyl-N'-nitro-N-nitrosoguanidine,Group 1,Inorganic,K03652
BD48,Nafenopin,Group 1,Polyaromatic,K01961
BD48,Nafenopin,Group 1,Polyaromatic,K01962
BD48,Nafenopin,Group 1,Polyaromatic,K01963
BD48,Nafenopin,Group 1,Polyaromatic,K11263
BD48,Naphthalene,Group 1,Polyaromatic,K14581
BD48,Naphthalene,Group 1,Polyaromatic,K14581
BD48,Naphthalene,Group 1,Polyaromatic,K14581
BD48,Naphthalene,Group 1,Polyaromatic,K14581
BD48,Naphthalene,Group 1,Polyaromatic,K14581
BD48,Naphthalene,Group 1,Polyaromatic,K14581
BD48,Nickel chloride,Group 1,Metal,K01507
BD48,Nickel chloride,Group 1,Metal,K01507
BD48,Nickel chloride,Group 1,Metal,K01507
BD48,Nickel chloride,Group 1,Inorganic,K01507
BD48,Nickel chloride,Group 1,Inorganic,K01507
BD48,Nickel chloride,Group 1,Inorganic,K01507
BD48,Nickel chloride,Group 1,Chlorinated,K01507
BD48,Nickel chloride,Group 1,Chlorinated,K01507
BD48,Nickel chloride,Group 1,Chlorinated,K01507
BD48,Nitrate,Group 1,Nitrogen-containing,K00372
BD48,Nitrate,Group 1,Inorganic,K00372
BD48,Nitrate,Group 1,Nitrogen-containing,K05916
BD48,Nitrate,Group 1,Inorganic,K05916
BD48,Nitrite,Group 1,Nitrogen-containing,K00362
BD48,Nitrite,Group 1,Inorganic,K00362
BD48,Nitrite,Group 1,Nitrogen-containing,K00372
BD48,Nitrite,Group 1,Inorganic,K00372
BD48,Nitrite,Group 1,Nitrogen-containing,K00459
BD48,Nitrite,Group 1,Inorganic,K00459
BD48,Nitrite,Group 1,Nitrogen-containing,K14581
BD48,Nitrite,Group 1,Inorganic,K14581
BD48,Nitrobenzene,Group 1,Nitrogen-containing,K14581
BD48,Nitrobenzene,Group 1,Nitrogen-containing,K14581
BD48,Nitrobenzene,Group 1,Aromatic,K14581
BD48,Nitrobenzene,Group 1,Aromatic,K14581
BD48,Nitrogen mustard,Group 1,Chlorinated,K00130
BD48,Nitrogen mustard,Group 1,Nitrogen-containing,K00130
BD48,Nitromethane,Group 1,Nitrogen-containing,K00459
BD48,Nitromethane,Group 1,Inorganic,K00459
BD48,Nitromethane,Group 1,Nitrogen-containing,K00496
BD48,Nitromethane,Group 1,Inorganic,K00496
BD48,Nitromethane,Group 1,Nitrogen-containing,K01745
BD48,Nitromethane,Group 1,Inorganic,K01745
BD48,Nitromethane,Group 1,Nitrogen-containing,K16161
BD48,Nitromethane,Group 1,Inorganic,K16161
BD48,Phenacetin,Group 1,Aromatic,K01426
BD48,Phenacetin,Group 1,Nitrogen-containing,K01426
BD48,Phenol,Group 1,Aromatic,K16246
BD48,Phenol,Group 1,Aromatic,K16246
BD48,Phenol,Group 1,Aromatic,K16246
BD48,Phenol,Group 1,Aromatic,K16246
BD48,Phenol,Group 1,Aromatic,K01130
BD48,Phenol,Group 1,Aromatic,K10804
BD48,Phenol,Group 1,Aromatic,K10804
BD48,Phenol,Group 1,Aromatic,K10804
BD48,Phenol,Group 1,Aromatic,K10804
BD48,Phenol,Group 1,Aromatic,K10804
BD48,Phenol,Group 1,Aromatic,K16242
BD48,Phenol,Group 1,Aromatic,K16242
BD48,Phenol,Group 1,Aromatic,K16242
BD48,Phenol,Group 1,Aromatic,K16242
BD48,Phenol,Group 1,Aromatic,K16243
BD48,Phenol,Group 1,Aromatic,K16243
BD48,Phenol,Group 1,Aromatic,K16243
BD48,Phenol,Group 1,Aromatic,K16243
BD48,Phenol,Group 1,Aromatic,K16244
BD48,Phenol,Group 1,Aromatic,K16244
BD48,Phenol,Group 1,Aromatic,K16244
BD48,Phenol,Group 1,Aromatic,K16244
BD48,Phenol,Group 1,Aromatic,K16245
BD48,Phenol,Group 1,Aromatic,K16245
BD48,Phenol,Group 1,Aromatic,K16245
BD48,Phenol,Group 1,Aromatic,K16245
BD48,Phenol,Group 1,Aromatic,K16249
BD48,Phenol,Group 1,Aromatic,K16249
BD48,Phenol,Group 1,Aromatic,K16249
BD48,Phenol,Group 1,Aromatic,K16249
BD48,Phenylmercury acetate,Group 1,Organometallic,K04564
BD48,Phenylmercury acetate,Group 1,Organometallic,K04564
BD48,Phenylmercury acetate,Group 1,Aromatic,K04564
BD48,Phenylmercury acetate,Group 1,Aromatic,K04564
BD48,Phenylmethanesulfonyl fluoride,Group 1,Sulfur-containing,K00001
BD48,Phenylmethanesulfonyl fluoride,Group 1,Aromatic,K00001
BD48,Phenylmethanesulfonyl fluoride,Group 1,Sulfur-containing,K00024
BD48,Phenylmethanesulfonyl fluoride,Group 1,Aromatic,K00024
BD48,Salicylate,Group 1,Aromatic,K12238
BD48,Salicylate,Group 1,Aromatic,K12238
BD48,Salicylate,Group 1,Aromatic,K12238
BD48,Salicylate,Group 1,Aromatic,K12238
BD48,Salicylate,Group 1,Aromatic,K14581
BD48,Salicylate,Group 1,Aromatic,K14581
BD48,Salicylate,Group 1,Aromatic,K14581
BD48,Salicylate,Group 1,Aromatic,K14581
BD48,Salicylate,Group 1,Aromatic,K18242
BD48,Salicylate,Group 1,Aromatic,K18242
BD48,Salicylate,Group 1,Aromatic,K18242
BD48,Salicylate,Group 1,Aromatic,K18242
BD48,Simazine,Group 1,Nitrogen-containing,K01673
BD48,Simazine,Group 1,Nitrogen-containing,K01673
BD48,Simazine,Group 1,Chlorinated,K01673
BD48,Simazine,Group 1,Chlorinated,K01673
BD48,Sodium arsenite,Group 1,Inorganic,K00128
BD48,Sodium arsenite,Group 1,Metal,K00128
BD48,Sodium arsenite,Group 1,Inorganic,K00265
BD48,Sodium arsenite,Group 1,Metal,K00265
BD48,Sodium arsenite,Group 1,Inorganic,K00266
BD48,Sodium arsenite,Group 1,Metal,K00266
BD48,Sodium arsenite,Group 1,Inorganic,K01011
BD48,Sodium arsenite,Group 1,Metal,K01011
BD48,Sodium fluoride,Group 1,Inorganic,K00024
BD48,Streptozocin,Group 1,Nitrogen-containing,K01027
BD48,Streptozocin,Group 1,Aliphatic,K01027
BD48,Streptozocin,Group 1,Nitrogen-containing,K01028
BD48,Streptozocin,Group 1,Aliphatic,K01028
BD48,Streptozocin,Group 1,Nitrogen-containing,K01029
BD48,Streptozocin,Group 1,Aliphatic,K01029
BD48,Streptozocin,Group 1,Nitrogen-containing,K22278
BD48,Streptozocin,Group 1,Aliphatic,K22278
BD48,Streptozocin,Group 1,Nitrogen-containing,K01495
BD48,Streptozocin,Group 1,Aliphatic,K01495
BD48,Strontium cation,Group 1,Metal,K00128
BD48,Strontium cation,Group 1,Metal,K03333
BD48,Styrene,Group 1,Aromatic,K14581
BD48,Styrene,Group 1,Aromatic,K14581
BD48,Styrene,Group 1,Aromatic,K14581
BD48,Sulfasalazine,Group 1,Nitrogen-containing,K00927
BD48,Sulfasalazine,Group 1,Sulfur-containing,K00927
BD48,Sulfasalazine,Group 1,Polyaromatic,K00927
BD48,Sulfasalazine,Group 1,Nitrogen-containing,K11444
BD48,Sulfasalazine,Group 1,Sulfur-containing,K11444
BD48,Sulfasalazine,Group 1,Polyaromatic,K11444
BD48,Sulfasalazine,Group 1,Nitrogen-containing,K20956
BD48,Sulfasalazine,Group 1,Sulfur-containing,K20956
BD48,Sulfasalazine,Group 1,Polyaromatic,K20956
BD48,Sulfasalazine,Group 1,Nitrogen-containing,K21021
BD48,Sulfasalazine,Group 1,Sulfur-containing,K21021
BD48,Sulfasalazine,Group 1,Polyaromatic,K21021
BD48,Sulfasalazine,Group 1,Nitrogen-containing,K21020
BD48,Sulfasalazine,Group 1,Sulfur-containing,K21020
BD48,Sulfasalazine,Group 1,Polyaromatic,K21020
BD48,Sulfasalazine,Group 1,Nitrogen-containing,K21023
BD48,Sulfasalazine,Group 1,Sulfur-containing,K21023
BD48,Sulfasalazine,Group 1,Polyaromatic,K21023
BD48,Terephthalate,Group 1,Aromatic,K21105
BD48,Terephthalate,Group 1,Aromatic,K21105
BD48,Terephthalate,Group 1,Aromatic,K21105
BD48,Terephthalate,Group 1,Aromatic,K21105
BD48,Tetranitromethane,Group 1,Nitrogen-containing,K00278
BD48,Tetranitromethane,Group 1,Inorganic,K00278
BD48,Thioacetamide,Group 1,Nitrogen-containing,K00001
BD48,Thioacetamide,Group 1,Sulfur-containing,K00001
BD48,Thioacetamide,Group 1,Aliphatic,K00001
BD48,Thioacetamide,Group 1,Nitrogen-containing,K00384
BD48,Thioacetamide,Group 1,Sulfur-containing,K00384
BD48,Thioacetamide,Group 1,Aliphatic,K00384
BD48,Thioacetamide,Group 1,Nitrogen-containing,K01081
BD48,Thioacetamide,Group 1,Sulfur-containing,K01081
BD48,Thioacetamide,Group 1,Aliphatic,K01081
BD48,Thioacetamide,Group 1,Nitrogen-containing,K11751
BD48,Thioacetamide,Group 1,Sulfur-containing,K11751
BD48,Thioacetamide,Group 1,Aliphatic,K11751
BD48,Thioacetamide,Group 1,Nitrogen-containing,K01426
BD48,Thioacetamide,Group 1,Sulfur-containing,K01426
BD48,Thioacetamide,Group 1,Aliphatic,K01426
BD48,Thioacetamide,Group 1,Nitrogen-containing,K01919
BD48,Thioacetamide,Group 1,Sulfur-containing,K01919
BD48,Thioacetamide,Group 1,Aliphatic,K01919
BD48,Thioacetamide,Group 1,Nitrogen-containing,K01920
BD48,Thioacetamide,Group 1,Sulfur-containing,K01920
BD48,Thioacetamide,Group 1,Aliphatic,K01920
BD48,Thioacetamide,Group 1,Nitrogen-containing,K03787
BD48,Thioacetamide,Group 1,Sulfur-containing,K03787
BD48,Thioacetamide,Group 1,Aliphatic,K03787
BD48,Thioacetamide,Group 1,Nitrogen-containing,K16161
BD48,Thioacetamide,Group 1,Sulfur-containing,K16161
BD48,Thioacetamide,Group 1,Aliphatic,K16161
BD48,Thiocyanate,Group 1,Sulfur-containing,K01011
BD48,Thiocyanate,Group 1,Nitrogen-containing,K01011
BD48,Thiouracil,Group 1,Nitrogen-containing,K00433
BD48,Thiouracil,Group 1,Sulfur-containing,K00433
BD48,Thiouracil,Group 1,Aliphatic,K00433
BD48,Thiouracil,Group 1,Nitrogen-containing,K00761
BD48,Thiouracil,Group 1,Sulfur-containing,K00761
BD48,Thiouracil,Group 1,Aliphatic,K00761
BD48,Thiouracil,Group 1,Nitrogen-containing,K00823
BD48,Thiouracil,Group 1,Sulfur-containing,K00823
BD48,Thiouracil,Group 1,Aliphatic,K00823
BD48,Thiouracil,Group 1,Nitrogen-containing,K07250
BD48,Thiouracil,Group 1,Sulfur-containing,K07250
BD48,Thiouracil,Group 1,Aliphatic,K07250
BD48,Toluene,Group 1,Aromatic,K16246
BD48,Toluene,Group 1,Aromatic,K16246
BD48,Toluene,Group 1,Aromatic,K16246
BD48,Toluene,Group 1,Aromatic,K16246
BD48,Toluene,Group 1,Aromatic,K16242
BD48,Toluene,Group 1,Aromatic,K16242
BD48,Toluene,Group 1,Aromatic,K16242
BD48,Toluene,Group 1,Aromatic,K16242
BD48,Toluene,Group 1,Aromatic,K16243
BD48,Toluene,Group 1,Aromatic,K16243
BD48,Toluene,Group 1,Aromatic,K16243
BD48,Toluene,Group 1,Aromatic,K16243
BD48,Toluene,Group 1,Aromatic,K16244
BD48,Toluene,Group 1,Aromatic,K16244
BD48,Toluene,Group 1,Aromatic,K16244
BD48,Toluene,Group 1,Aromatic,K16244
BD48,Toluene,Group 1,Aromatic,K16245
BD48,Toluene,Group 1,Aromatic,K16245
BD48,Toluene,Group 1,Aromatic,K16245
BD48,Toluene,Group 1,Aromatic,K16245
BD48,Toluene,Group 1,Aromatic,K16249
BD48,Toluene,Group 1,Aromatic,K16249
BD48,Toluene,Group 1,Aromatic,K16249
BD48,Toluene,Group 1,Aromatic,K16249
BD48,Tributyltin chloride,Group 1,Metal,K01768
BD48,Tributyltin chloride,Group 1,Metal,K01768
BD48,Tributyltin chloride,Group 1,Organometallic,K01768
BD48,Tributyltin chloride,Group 1,Organometallic,K01768
BD48,Tributyltin chloride,Group 1,Metal,K02111
BD48,Tributyltin chloride,Group 1,Metal,K02111
BD48,Tributyltin chloride,Group 1,Organometallic,K02111
BD48,Tributyltin chloride,Group 1,Organometallic,K02111
BD48,Tributyltin chloride,Group 1,Metal,K02112
BD48,Tributyltin chloride,Group 1,Metal,K02112
BD48,Tributyltin chloride,Group 1,Organometallic,K02112
BD48,Tributyltin chloride,Group 1,Organometallic,K02112
BD48,Tributyltin oxide,Group 1,Metal,K01058
BD48,Tributyltin oxide,Group 1,Metal,K01058
BD48,Tributyltin oxide,Group 1,Organometallic,K01058
BD48,Tributyltin oxide,Group 1,Organometallic,K01058
BD48,Trichloroethene,Group 1,Chlorinated,K00799
BD48,Trichloroethene,Group 1,Chlorinated,K00799
BD48,Trichloroethene,Group 1,Chlorinated,K00799
BD48,Trichloroethene,Group 1,Chlorinated,K00799
BD48,Trichloroethene,Group 1,Chlorinated,K00799
BD48,Trichloroethene,Group 1,Chlorinated,K00799
BD48,Trichloroethene,Group 1,Aliphatic,K00799
BD48,Trichloroethene,Group 1,Aliphatic,K00799
BD48,Trichloroethene,Group 1,Aliphatic,K00799
BD48,Trichloroethene,Group 1,Aliphatic,K00799
BD48,Trichloroethene,Group 1,Aliphatic,K00799
BD48,Trichloroethene,Group 1,Aliphatic,K00799
BD48,Trichloroethene,Group 1,Chlorinated,K16161
BD48,Trichloroethene,Group 1,Chlorinated,K16161
BD48,Trichloroethene,Group 1,Chlorinated,K16161
BD48,Trichloroethene,Group 1,Chlorinated,K16161
BD48,Trichloroethene,Group 1,Chlorinated,K16161
BD48,Trichloroethene,Group 1,Chlorinated,K16161
BD48,Trichloroethene,Group 1,Aliphatic,K16161
BD48,Trichloroethene,Group 1,Aliphatic,K16161
BD48,Trichloroethene,Group 1,Aliphatic,K16161
BD48,Trichloroethene,Group 1,Aliphatic,K16161
BD48,Trichloroethene,Group 1,Aliphatic,K16161
BD48,Trichloroethene,Group 1,Aliphatic,K16161
BD48,Trinitrotoluene,Group 1,Nitrogen-containing,K10679
BD48,Trinitrotoluene,Group 1,Aromatic,K10679
BD48,Trinitrotoluene,Group 1,Nitrogen-containing,K10680
BD48,Trinitrotoluene,Group 1,Aromatic,K10680
BD48,Vinyl acetate,Group 1,Aliphatic,K01046
BD48,Vinyl acetate,Group 1,Aliphatic,K01434
BD48,Zalcitabine,Group 1,Nitrogen-containing,K00927
BD48,Zalcitabine,Group 1,Nitrogen-containing,K13378
BD48,Zidovudine,Group 1,Nitrogen-containing,K00330
BD48,Zidovudine,Group 1,Nitrogen-containing,K00331
BD48,Zidovudine,Group 1,Nitrogen-containing,K00334
BD48,Zidovudine,Group 1,Nitrogen-containing,K00335
BD48,Zidovudine,Group 1,Nitrogen-containing,K00336
BD48,Zidovudine,Group 1,Nitrogen-containing,K00337
BD48,Zidovudine,Group 1,Nitrogen-containing,K00338
BD48,Zidovudine,Group 1,Nitrogen-containing,K00339
BD48,Zidovudine,Group 1,Nitrogen-containing,K00340
BD48,Zidovudine,Group 1,Nitrogen-containing,K00341
BD48,Zidovudine,Group 1,Nitrogen-containing,K00342
BD48,Zidovudine,Group 1,Nitrogen-containing,K00343
BD48,Zidovudine,Group 1,Nitrogen-containing,K00943
BD48,Zidovudine,Group 1,Nitrogen-containing,K01081
BD48,Zidovudine,Group 1,Nitrogen-containing,K11751
BD48,Zidovudine,Group 1,Nitrogen-containing,K03787
BD48,Zidovudine,Group 1,Nitrogen-containing,K13378
BD48,Zinc cation,Group 1,Metal,K00001
BD48,Zinc cation,Group 1,Metal,K00001
BD48,Zinc cation,Group 1,Metal,K00004
BD48,Zinc cation,Group 1,Metal,K00004
BD48,alpha-Chlorohydrin,Group 1,Chlorinated,K00134
BD48,alpha-Chlorohydrin,Group 1,Aliphatic,K00134
BD48,alpha-Chlorohydrin,Group 1,Chlorinated,K00864
BD48,alpha-Chlorohydrin,Group 1,Aliphatic,K00864
BD48,o-Cresol,Group 1,Aromatic,K16246
BD48,o-Cresol,Group 1,Aromatic,K16246
BD48,o-Cresol,Group 1,Aromatic,K16242
BD48,o-Cresol,Group 1,Aromatic,K16242
BD48,o-Cresol,Group 1,Aromatic,K16243
BD48,o-Cresol,Group 1,Aromatic,K16243
BD48,o-Cresol,Group 1,Aromatic,K16244
BD48,o-Cresol,Group 1,Aromatic,K16244
BD48,o-Cresol,Group 1,Aromatic,K16245
BD48,o-Cresol,Group 1,Aromatic,K16245
BD48,o-Cresol,Group 1,Aromatic,K16249
BD48,o-Cresol,Group 1,Aromatic,K16249
BD48,para-Aminoazobenzene,Group 1,Nitrogen-containing,K01255
BD48,para-Aminoazobenzene,Group 1,Polyaromatic,K01255
BD54,"(+)-(3S,4R)-cis-3,4-Dihydroxy-3,4-dihydrofluorene",Group 1,Polyaromatic,K14581
BD54,"(+)-(3S,4R)-cis-3,4-Dihydroxy-3,4-dihydrofluorene",Group 1,Polyaromatic,K14581
BD54,"(+)-(3S,4R)-cis-3,4-Dihydroxy-3,4-dihydrofluorene",Group 1,Polyaromatic,K14581
BD54,"(+)-(3S,4R)-cis-3,4-Dihydroxy-3,4-dihydrofluorene",Group 1,Polyaromatic,K14581
BD54,"1,1,1-Trichloroethane",Group 1,Chlorinated,K16161
BD54,"1,1,1-Trichloroethane",Group 1,Chlorinated,K16161
BD54,"1,1,1-Trichloroethane",Group 1,Chlorinated,K16161
BD54,"1,1,1-Trichloroethane",Group 1,Chlorinated,K16161
BD54,"1,1,1-Trichloroethane",Group 1,Aliphatic,K16161
BD54,"1,1,1-Trichloroethane",Group 1,Aliphatic,K16161
BD54,"1,1,1-Trichloroethane",Group 1,Aliphatic,K16161
BD54,"1,1,1-Trichloroethane",Group 1,Aliphatic,K16161
BD54,"1,1,2,2-Tetrachloroethane",Group 1,Chlorinated,K04091
BD54,"1,1,2,2-Tetrachloroethane",Group 1,Chlorinated,K04091
BD54,"1,1,2,2-Tetrachloroethane",Group 1,Chlorinated,K04091
BD54,"1,1,2,2-Tetrachloroethane",Group 1,Chlorinated,K04091
BD54,"1,1,2,2-Tetrachloroethane",Group 1,Aliphatic,K04091
BD54,"1,1,2,2-Tetrachloroethane",Group 1,Aliphatic,K04091
BD54,"1,1,2,2-Tetrachloroethane",Group 1,Aliphatic,K04091
BD54,"1,1,2,2-Tetrachloroethane",Group 1,Aliphatic,K04091
BD54,"1,1,2,2-Tetrachloroethane",Group 1,Chlorinated,K15852
BD54,"1,1,2,2-Tetrachloroethane",Group 1,Chlorinated,K15852
BD54,"1,1,2,2-Tetrachloroethane",Group 1,Chlorinated,K15852
BD54,"1,1,2,2-Tetrachloroethane",Group 1,Chlorinated,K15852
BD54,"1,1,2,2-Tetrachloroethane",Group 1,Aliphatic,K15852
BD54,"1,1,2,2-Tetrachloroethane",Group 1,Aliphatic,K15852
BD54,"1,1,2,2-Tetrachloroethane",Group 1,Aliphatic,K15852
BD54,"1,1,2,2-Tetrachloroethane",Group 1,Aliphatic,K15852
BD54,"1,1,2,2-Tetrachloroethane",Group 1,Chlorinated,K17228
BD54,"1,1,2,2-Tetrachloroethane",Group 1,Chlorinated,K17228
BD54,"1,1,2,2-Tetrachloroethane",Group 1,Chlorinated,K17228
BD54,"1,1,2,2-Tetrachloroethane",Group 1,Chlorinated,K17228
BD54,"1,1,2,2-Tetrachloroethane",Group 1,Aliphatic,K17228
BD54,"1,1,2,2-Tetrachloroethane",Group 1,Aliphatic,K17228
BD54,"1,1,2,2-Tetrachloroethane",Group 1,Aliphatic,K17228
BD54,"1,1,2,2-Tetrachloroethane",Group 1,Aliphatic,K17228
BD54,"1,1-Dimethylhydrazine",Group 1,Nitrogen-containing,K03862
BD54,"1,1-Dimethylhydrazine",Group 1,Aliphatic,K03862
BD54,"1,1-Dimethylhydrazine",Group 1,Nitrogen-containing,K03863
BD54,"1,1-Dimethylhydrazine",Group 1,Aliphatic,K03863
BD54,"1,2-Dibromoethane",Group 1,Organometallic,K00799
BD54,"1,2-Dibromoethane",Group 1,Organometallic,K00799
BD54,"1,2-Epoxybutane",Group 1,Aliphatic,K16161
BD54,"1,4-Dioxane",Group 1,Aliphatic,K00001
BD54,"1,4-Dioxane",Group 1,Aliphatic,K00001
BD54,1-Organyl-2-lyso-sn-glycero-3-phosphocholine,Group 1,Nitrogen-containing,K01058
BD54,1-Organyl-2-lyso-sn-glycero-3-phosphocholine,Group 1,Organophosphorus,K01058
BD54,"2,2',4,4',6,6'-Hexachlorobiphenyl",Group 1,Chlorinated,K01599
BD54,"2,2',4,4',6,6'-Hexachlorobiphenyl",Group 1,Chlorinated,K01599
BD54,"2,2',4,4',6,6'-Hexachlorobiphenyl",Group 1,Polyaromatic,K01599
BD54,"2,2',4,4',6,6'-Hexachlorobiphenyl",Group 1,Polyaromatic,K01599
BD54,"2,2',4,4'-Tetrachlorobiphenyl",Group 1,Chlorinated,K01599
BD54,"2,2',4,4'-Tetrachlorobiphenyl",Group 1,Chlorinated,K01599
BD54,"2,2',4,4'-Tetrachlorobiphenyl",Group 1,Polyaromatic,K01599
BD54,"2,2',4,4'-Tetrachlorobiphenyl",Group 1,Polyaromatic,K01599
BD54,"2,2',5,5'-Tetrachlorobiphenyl",Group 1,Chlorinated,K01599
BD54,"2,2',5,5'-Tetrachlorobiphenyl",Group 1,Chlorinated,K01599
BD54,"2,2',5,5'-Tetrachlorobiphenyl",Group 1,Polyaromatic,K01599
BD54,"2,2',5,5'-Tetrachlorobiphenyl",Group 1,Polyaromatic,K01599
BD54,"2,3,3',4,5-Pentachlorobiphenyl",Group 1,Chlorinated,K03981
BD54,"2,3,3',4,5-Pentachlorobiphenyl",Group 1,Chlorinated,K03981
BD54,"2,3,3',4,5-Pentachlorobiphenyl",Group 1,Polyaromatic,K03981
BD54,"2,3,3',4,5-Pentachlorobiphenyl",Group 1,Polyaromatic,K03981
BD54,"2,4-Dinitrotoluene",Group 1,Aromatic,K14581
BD54,"2,4-Dinitrotoluene",Group 1,Aromatic,K14581
BD54,"2,4-Dinitrotoluene",Group 1,Aromatic,K14581
BD54,"2,4-Dinitrotoluene",Group 1,Nitrogen-containing,K14581
BD54,"2,4-Dinitrotoluene",Group 1,Nitrogen-containing,K14581
BD54,"2,4-Dinitrotoluene",Group 1,Nitrogen-containing,K14581
BD54,2-(4-Chlorophenoxy)propionic acid,Group 1,Aromatic,K01046
BD54,2-(4-Chlorophenoxy)propionic acid,Group 1,Chlorinated,K01046
BD54,"2-Amino-1-methyl-6-phenylimidazo[4,5-b]pyridine",Group 1,Nitrogen-containing,K00362
BD54,"2-Amino-1-methyl-6-phenylimidazo[4,5-b]pyridine",Group 1,Aromatic,K00362
BD54,2-Chlorophenol,Group 1,Aromatic,K03381
BD54,2-Chlorophenol,Group 1,Aromatic,K03381
BD54,2-Chlorophenol,Group 1,Aromatic,K03381
BD54,2-Chlorophenol,Group 1,Chlorinated,K03381
BD54,2-Chlorophenol,Group 1,Chlorinated,K03381
BD54,2-Chlorophenol,Group 1,Chlorinated,K03381
BD54,2-Ethoxyethanol,Group 1,Aliphatic,K00001
BD54,2-Methylnaphthalene,Group 1,Aromatic,K14581
BD54,2-Naphthylamine,Group 1,Nitrogen-containing,K00681
BD54,2-Naphthylamine,Group 1,Polyaromatic,K00681
BD54,2-Nitropropane,Group 1,Nitrogen-containing,K00459
BD54,2-Nitropropane,Group 1,Aliphatic,K00459
BD54,"3,4,3',4'-Tetrachlorobiphenyl",Group 1,Chlorinated,K01599
BD54,"3,4,3',4'-Tetrachlorobiphenyl",Group 1,Chlorinated,K01599
BD54,"3,4,3',4'-Tetrachlorobiphenyl",Group 1,Polyaromatic,K01599
BD54,"3,4,3',4'-Tetrachlorobiphenyl",Group 1,Polyaromatic,K01599
BD54,"3,4,5,3',4',5'-Hexachlorobiphenyl",Group 1,Chlorinated,K01599
BD54,"3,4,5,3',4',5'-Hexachlorobiphenyl",Group 1,Chlorinated,K01599
BD54,"3,4,5,3',4',5'-Hexachlorobiphenyl",Group 1,Polyaromatic,K01599
BD54,"3,4,5,3',4',5'-Hexachlorobiphenyl",Group 1,Polyaromatic,K01599
BD54,"3,4-Dihydroxybenzoate",Group 1,Aromatic,K00448
BD54,"3,4-Dihydroxybenzoate",Group 1,Aromatic,K00448
BD54,"3,4-Dihydroxybenzoate",Group 1,Aromatic,K00448
BD54,"3,4-Dihydroxybenzoate",Group 1,Aromatic,K00448
BD54,"3,4-Dihydroxybenzoate",Group 1,Aromatic,K00449
BD54,"3,4-Dihydroxybenzoate",Group 1,Aromatic,K00449
BD54,"3,4-Dihydroxybenzoate",Group 1,Aromatic,K00449
BD54,"3,4-Dihydroxybenzoate",Group 1,Aromatic,K00449
BD54,"3,4-Dihydroxybenzoate",Group 1,Aromatic,K00481
BD54,"3,4-Dihydroxybenzoate",Group 1,Aromatic,K00481
BD54,"3,4-Dihydroxybenzoate",Group 1,Aromatic,K00481
BD54,"3,4-Dihydroxybenzoate",Group 1,Aromatic,K00481
BD54,"3,4-Dihydroxybenzoate",Group 1,Aromatic,K03862
BD54,"3,4-Dihydroxybenzoate",Group 1,Aromatic,K03862
BD54,"3,4-Dihydroxybenzoate",Group 1,Aromatic,K03862
BD54,"3,4-Dihydroxybenzoate",Group 1,Aromatic,K03862
BD54,"3,4-Dihydroxybenzoate",Group 1,Aromatic,K03863
BD54,"3,4-Dihydroxybenzoate",Group 1,Aromatic,K03863
BD54,"3,4-Dihydroxybenzoate",Group 1,Aromatic,K03863
BD54,"3,4-Dihydroxybenzoate",Group 1,Aromatic,K03863
BD54,"3,4-Dihydroxybenzoate",Group 1,Aromatic,K09483
BD54,"3,4-Dihydroxybenzoate",Group 1,Aromatic,K09483
BD54,"3,4-Dihydroxybenzoate",Group 1,Aromatic,K09483
BD54,"3,4-Dihydroxybenzoate",Group 1,Aromatic,K09483
BD54,"3-Carboxy-cis,cis-muconate",Group 1,Aliphatic,K00448
BD54,"3-Carboxy-cis,cis-muconate",Group 1,Aliphatic,K00448
BD54,"3-Carboxy-cis,cis-muconate",Group 1,Aliphatic,K00448
BD54,"3-Carboxy-cis,cis-muconate",Group 1,Aliphatic,K00448
BD54,"3-Carboxy-cis,cis-muconate",Group 1,Aliphatic,K00449
BD54,"3-Carboxy-cis,cis-muconate",Group 1,Aliphatic,K00449
BD54,"3-Carboxy-cis,cis-muconate",Group 1,Aliphatic,K00449
BD54,"3-Carboxy-cis,cis-muconate",Group 1,Aliphatic,K00449
BD54,"3-Carboxy-cis,cis-muconate",Group 1,Aliphatic,K01857
BD54,"3-Carboxy-cis,cis-muconate",Group 1,Aliphatic,K01857
BD54,"3-Carboxy-cis,cis-muconate",Group 1,Aliphatic,K01857
BD54,"3-Carboxy-cis,cis-muconate",Group 1,Aliphatic,K01857
BD54,"4,4'-Methylenebis(N,N-dimethylaniline)",Group 1,Nitrogen-containing,K03981
BD54,"4,4'-Methylenebis(N,N-dimethylaniline)",Group 1,Polyaromatic,K03981
BD54,4-Methylimidazole,Group 1,Nitrogen-containing,K01673
BD54,4-Methylimidazole,Group 1,Aliphatic,K01673
BD54,4-Nitrophenol,Group 1,Aromatic,K01113
BD54,4-Nitrophenol,Group 1,Aromatic,K01113
BD54,4-Nitrophenol,Group 1,Nitrogen-containing,K01113
BD54,4-Nitrophenol,Group 1,Nitrogen-containing,K01113
BD54,Acenaphthene,Group 1,Polyaromatic,K00433
BD54,Acenaphthene,Group 1,Polyaromatic,K00433
BD54,Acetaldehyde,Group 1,Aliphatic,K00001
BD54,Acetaldehyde,Group 1,Aliphatic,K00001
BD54,Acetaldehyde,Group 1,Aliphatic,K00001
BD54,Acetaldehyde,Group 1,Aliphatic,K00121
BD54,Acetaldehyde,Group 1,Aliphatic,K00121
BD54,Acetaldehyde,Group 1,Aliphatic,K00121
BD54,Acetaldehyde,Group 1,Aliphatic,K00128
BD54,Acetaldehyde,Group 1,Aliphatic,K00128
BD54,Acetaldehyde,Group 1,Aliphatic,K00128
BD54,Acetaldehyde,Group 1,Aliphatic,K00138
BD54,Acetaldehyde,Group 1,Aliphatic,K00138
BD54,Acetaldehyde,Group 1,Aliphatic,K00138
BD54,Acetaldehyde,Group 1,Aliphatic,K00459
BD54,Acetaldehyde,Group 1,Aliphatic,K00459
BD54,Acetaldehyde,Group 1,Aliphatic,K00459
BD54,Acetaldehyde,Group 1,Aliphatic,K01568
BD54,Acetaldehyde,Group 1,Aliphatic,K01568
BD54,Acetaldehyde,Group 1,Aliphatic,K01568
BD54,Acetaldehyde,Group 1,Aliphatic,K01737
BD54,Acetaldehyde,Group 1,Aliphatic,K01737
BD54,Acetaldehyde,Group 1,Aliphatic,K01737
BD54,Acetaldehyde,Group 1,Aliphatic,K03735
BD54,Acetaldehyde,Group 1,Aliphatic,K03735
BD54,Acetaldehyde,Group 1,Aliphatic,K03735
BD54,Acetaldehyde,Group 1,Aliphatic,K03736
BD54,Acetaldehyde,Group 1,Aliphatic,K03736
BD54,Acetaldehyde,Group 1,Aliphatic,K03736
BD54,Acetaldehyde,Group 1,Aliphatic,K05306
BD54,Acetaldehyde,Group 1,Aliphatic,K05306
BD54,Acetaldehyde,Group 1,Aliphatic,K05306
BD54,Acetaldehyde,Group 1,Aliphatic,K12957
BD54,Acetaldehyde,Group 1,Aliphatic,K12957
BD54,Acetaldehyde,Group 1,Aliphatic,K12957
BD54,Acetaldehyde,Group 1,Aliphatic,K13954
BD54,Acetaldehyde,Group 1,Aliphatic,K13954
BD54,Acetaldehyde,Group 1,Aliphatic,K13954
BD54,Acetaldehyde,Group 1,Aliphatic,K13979
BD54,Acetaldehyde,Group 1,Aliphatic,K13979
BD54,Acetaldehyde,Group 1,Aliphatic,K13979
BD54,Acetamide,Group 1,Nitrogen-containing,K01426
BD54,Acetamide,Group 1,Aliphatic,K01426
BD54,Acrylamide,Group 1,Nitrogen-containing,K01426
BD54,Acrylamide,Group 1,Aliphatic,K01426
BD54,"Aflatoxin B1-exo-8,9-epoxide",Group 1,Aromatic,K00799
BD54,"Aflatoxin B1exo-8,9-epoxide-GSH",Group 1,Aromatic,K00799
BD54,"Aflatoxin B1exo-8,9-epoxide-GSH",Group 1,Nitrogen-containing,K00799
BD54,"Aflatoxin B1exo-8,9-epoxide-GSH",Group 1,Sulfur-containing,K00799
BD54,Alachlor,Group 1,Aromatic,K00799
BD54,Alachlor,Group 1,Aromatic,K00799
BD54,Alachlor,Group 1,Chlorinated,K00799
BD54,Alachlor,Group 1,Chlorinated,K00799
BD54,Alachlor,Group 1,Nitrogen-containing,K00799
BD54,Alachlor,Group 1,Nitrogen-containing,K00799
BD54,Ammonia,Group 1,Nitrogen-containing,K00261
BD54,Ammonia,Group 1,Nitrogen-containing,K00261
BD54,Ammonia,Group 1,Nitrogen-containing,K00262
BD54,Ammonia,Group 1,Nitrogen-containing,K00262
BD54,Ammonia,Group 1,Nitrogen-containing,K00265
BD54,Ammonia,Group 1,Nitrogen-containing,K00265
BD54,Ammonia,Group 1,Nitrogen-containing,K00266
BD54,Ammonia,Group 1,Nitrogen-containing,K00266
BD54,Ammonia,Group 1,Nitrogen-containing,K00275
BD54,Ammonia,Group 1,Nitrogen-containing,K00275
BD54,Ammonia,Group 1,Nitrogen-containing,K00276
BD54,Ammonia,Group 1,Nitrogen-containing,K00276
BD54,Ammonia,Group 1,Nitrogen-containing,K00278
BD54,Ammonia,Group 1,Nitrogen-containing,K00278
BD54,Ammonia,Group 1,Nitrogen-containing,K00285
BD54,Ammonia,Group 1,Nitrogen-containing,K00285
BD54,Ammonia,Group 1,Nitrogen-containing,K00362
BD54,Ammonia,Group 1,Nitrogen-containing,K00362
BD54,Ammonia,Group 1,Nitrogen-containing,K00382
BD54,Ammonia,Group 1,Nitrogen-containing,K00382
BD54,Ammonia,Group 1,Nitrogen-containing,K01424
BD54,Ammonia,Group 1,Nitrogen-containing,K01424
BD54,Ammonia,Group 1,Nitrogen-containing,K05597
BD54,Ammonia,Group 1,Nitrogen-containing,K05597
BD54,Ammonia,Group 1,Nitrogen-containing,K01425
BD54,Ammonia,Group 1,Nitrogen-containing,K01425
BD54,Ammonia,Group 1,Nitrogen-containing,K01426
BD54,Ammonia,Group 1,Nitrogen-containing,K01426
BD54,Ammonia,Group 1,Nitrogen-containing,K01428
BD54,Ammonia,Group 1,Nitrogen-containing,K01428
BD54,Ammonia,Group 1,Nitrogen-containing,K01429
BD54,Ammonia,Group 1,Nitrogen-containing,K01429
BD54,Ammonia,Group 1,Nitrogen-containing,K01430
BD54,Ammonia,Group 1,Nitrogen-containing,K01430
BD54,Ammonia,Group 1,Nitrogen-containing,K01457
BD54,Ammonia,Group 1,Nitrogen-containing,K01457
BD54,Ammonia,Group 1,Nitrogen-containing,K01484
BD54,Ammonia,Group 1,Nitrogen-containing,K01484
BD54,Ammonia,Group 1,Nitrogen-containing,K01487
BD54,Ammonia,Group 1,Nitrogen-containing,K01487
BD54,Ammonia,Group 1,Nitrogen-containing,K01488
BD54,Ammonia,Group 1,Nitrogen-containing,K01488
BD54,Ammonia,Group 1,Nitrogen-containing,K21053
BD54,Ammonia,Group 1,Nitrogen-containing,K21053
BD54,Ammonia,Group 1,Nitrogen-containing,K01494
BD54,Ammonia,Group 1,Nitrogen-containing,K01494
BD54,Ammonia,Group 1,Nitrogen-containing,K01498
BD54,Ammonia,Group 1,Nitrogen-containing,K01498
BD54,Ammonia,Group 1,Nitrogen-containing,K11752
BD54,Ammonia,Group 1,Nitrogen-containing,K11752
BD54,Ammonia,Group 1,Nitrogen-containing,K01501
BD54,Ammonia,Group 1,Nitrogen-containing,K01501
BD54,Ammonia,Group 1,Nitrogen-containing,K01505
BD54,Ammonia,Group 1,Nitrogen-containing,K01505
BD54,Ammonia,Group 1,Nitrogen-containing,K05396
BD54,Ammonia,Group 1,Nitrogen-containing,K05396
BD54,Ammonia,Group 1,Nitrogen-containing,K01657
BD54,Ammonia,Group 1,Nitrogen-containing,K01657
BD54,Ammonia,Group 1,Nitrogen-containing,K01658
BD54,Ammonia,Group 1,Nitrogen-containing,K01658
BD54,Ammonia,Group 1,Nitrogen-containing,K01664
BD54,Ammonia,Group 1,Nitrogen-containing,K01664
BD54,Ammonia,Group 1,Nitrogen-containing,K01663
BD54,Ammonia,Group 1,Nitrogen-containing,K01663
BD54,Ammonia,Group 1,Nitrogen-containing,K02500
BD54,Ammonia,Group 1,Nitrogen-containing,K02500
BD54,Ammonia,Group 1,Nitrogen-containing,K01665
BD54,Ammonia,Group 1,Nitrogen-containing,K01665
BD54,Ammonia,Group 1,Nitrogen-containing,K01744
BD54,Ammonia,Group 1,Nitrogen-containing,K01744
BD54,Ammonia,Group 1,Nitrogen-containing,K01745
BD54,Ammonia,Group 1,Nitrogen-containing,K01745
BD54,Ammonia,Group 1,Nitrogen-containing,K01749
BD54,Ammonia,Group 1,Nitrogen-containing,K01749
BD54,Ammonia,Group 1,Nitrogen-containing,K01752
BD54,Ammonia,Group 1,Nitrogen-containing,K01752
BD54,Ammonia,Group 1,Nitrogen-containing,K01753
BD54,Ammonia,Group 1,Nitrogen-containing,K01753
BD54,Ammonia,Group 1,Nitrogen-containing,K01754
BD54,Ammonia,Group 1,Nitrogen-containing,K01754
BD54,Ammonia,Group 1,Nitrogen-containing,K01760
BD54,Ammonia,Group 1,Nitrogen-containing,K01760
BD54,Ammonia,Group 1,Nitrogen-containing,K01915
BD54,Ammonia,Group 1,Nitrogen-containing,K01915
BD54,Ammonia,Group 1,Nitrogen-containing,K01916
BD54,Ammonia,Group 1,Nitrogen-containing,K01916
BD54,Ammonia,Group 1,Nitrogen-containing,K01950
BD54,Ammonia,Group 1,Nitrogen-containing,K01950
BD54,Ammonia,Group 1,Nitrogen-containing,K01937
BD54,Ammonia,Group 1,Nitrogen-containing,K01937
BD54,Ammonia,Group 1,Nitrogen-containing,K01951
BD54,Ammonia,Group 1,Nitrogen-containing,K01951
BD54,Ammonia,Group 1,Nitrogen-containing,K01955
BD54,Ammonia,Group 1,Nitrogen-containing,K01955
BD54,Ammonia,Group 1,Nitrogen-containing,K01956
BD54,Ammonia,Group 1,Nitrogen-containing,K01956
BD54,Ammonia,Group 1,Nitrogen-containing,K02437
BD54,Ammonia,Group 1,Nitrogen-containing,K02437
BD54,Ammonia,Group 1,Nitrogen-containing,K02501
BD54,Ammonia,Group 1,Nitrogen-containing,K02501
BD54,Ammonia,Group 1,Nitrogen-containing,K03153
BD54,Ammonia,Group 1,Nitrogen-containing,K03153
BD54,Ammonia,Group 1,Nitrogen-containing,K03707
BD54,Ammonia,Group 1,Nitrogen-containing,K03707
BD54,Ammonia,Group 1,Nitrogen-containing,K03735
BD54,Ammonia,Group 1,Nitrogen-containing,K03735
BD54,Ammonia,Group 1,Nitrogen-containing,K03736
BD54,Ammonia,Group 1,Nitrogen-containing,K03736
BD54,Ammonia,Group 1,Nitrogen-containing,K03743
BD54,Ammonia,Group 1,Nitrogen-containing,K03743
BD54,Ammonia,Group 1,Nitrogen-containing,K17950
BD54,Ammonia,Group 1,Nitrogen-containing,K17950
BD54,Ammonia,Group 1,Nitrogen-containing,K05599
BD54,Ammonia,Group 1,Nitrogen-containing,K05599
BD54,Ammonia,Group 1,Nitrogen-containing,K05600
BD54,Ammonia,Group 1,Nitrogen-containing,K05600
BD54,Ammonia,Group 1,Nitrogen-containing,K18248
BD54,Ammonia,Group 1,Nitrogen-containing,K18248
BD54,Ammonia,Group 1,Nitrogen-containing,K05810
BD54,Ammonia,Group 1,Nitrogen-containing,K05810
BD54,Ammonia,Group 1,Nitrogen-containing,K06920
BD54,Ammonia,Group 1,Nitrogen-containing,K06920
BD54,Ammonia,Group 1,Nitrogen-containing,K06989
BD54,Ammonia,Group 1,Nitrogen-containing,K06989
BD54,Ammonia,Group 1,Nitrogen-containing,K08281
BD54,Ammonia,Group 1,Nitrogen-containing,K08281
BD54,Ammonia,Group 1,Nitrogen-containing,K09022
BD54,Ammonia,Group 1,Nitrogen-containing,K09022
BD54,Ammonia,Group 1,Nitrogen-containing,K09471
BD54,Ammonia,Group 1,Nitrogen-containing,K09471
BD54,Ammonia,Group 1,Nitrogen-containing,K10026
BD54,Ammonia,Group 1,Nitrogen-containing,K10026
BD54,Ammonia,Group 1,Nitrogen-containing,K11311
BD54,Ammonia,Group 1,Nitrogen-containing,K11311
BD54,Ammonia,Group 1,Nitrogen-containing,K11991
BD54,Ammonia,Group 1,Nitrogen-containing,K11991
BD54,Ammonia,Group 1,Nitrogen-containing,K21062
BD54,Ammonia,Group 1,Nitrogen-containing,K21062
BD54,Amsacrine,Group 1,Polyaromatic,K02469
BD54,Amsacrine,Group 1,Nitrogen-containing,K02469
BD54,Amsacrine,Group 1,Sulfur-containing,K02469
BD54,Amsacrine,Group 1,Polyaromatic,K02470
BD54,Amsacrine,Group 1,Nitrogen-containing,K02470
BD54,Amsacrine,Group 1,Sulfur-containing,K02470
BD54,Amsacrine,Group 1,Polyaromatic,K02621
BD54,Amsacrine,Group 1,Nitrogen-containing,K02621
BD54,Amsacrine,Group 1,Sulfur-containing,K02621
BD54,Amsacrine,Group 1,Polyaromatic,K02622
BD54,Amsacrine,Group 1,Nitrogen-containing,K02622
BD54,Amsacrine,Group 1,Sulfur-containing,K02622
BD54,Amsacrine,Group 1,Polyaromatic,K03168
BD54,Amsacrine,Group 1,Nitrogen-containing,K03168
BD54,Amsacrine,Group 1,Sulfur-containing,K03168
BD54,Anthracene,Group 1,Polyaromatic,K14581
BD54,Anthracene,Group 1,Polyaromatic,K14581
BD54,Anthracene,Group 1,Polyaromatic,K14581
BD54,Anthracene,Group 1,Polyaromatic,K14581
BD54,Anthracene,Group 1,Polyaromatic,K14581
BD54,"Anthracene-cis-1,2-dihydrodiol",Group 1,Polyaromatic,K14581
BD54,"Anthracene-cis-1,2-dihydrodiol",Group 1,Polyaromatic,K14581
BD54,"Anthracene-cis-1,2-dihydrodiol",Group 1,Polyaromatic,K14581
BD54,"Anthracene-cis-1,2-dihydrodiol",Group 1,Polyaromatic,K14581
BD54,Aristolochic acid,Group 1,Polyaromatic,K01058
BD54,Aristolochic acid,Group 1,Nitrogen-containing,K01058
BD54,Arsenic,Group 1,Metal,K04077
BD54,Arsenic,Group 1,Metal,K04077
BD54,Arsenic,Group 1,Metal,K04077
BD54,Arsenic,Group 1,Metal,K04077
BD54,Aziridine,Group 1,Nitrogen-containing,K01089
BD54,Aziridine,Group 1,Aliphatic,K01089
BD54,Benzene,Group 1,Aromatic,K16246
BD54,Benzene,Group 1,Aromatic,K16246
BD54,Benzene,Group 1,Aromatic,K16246
BD54,Benzene,Group 1,Aromatic,K16246
BD54,Benzene,Group 1,Aromatic,K16246
BD54,Benzene,Group 1,Aromatic,K16246
BD54,Benzene,Group 1,Aromatic,K16246
BD54,Benzene,Group 1,Aromatic,K16242
BD54,Benzene,Group 1,Aromatic,K16242
BD54,Benzene,Group 1,Aromatic,K16242
BD54,Benzene,Group 1,Aromatic,K16242
BD54,Benzene,Group 1,Aromatic,K16242
BD54,Benzene,Group 1,Aromatic,K16242
BD54,Benzene,Group 1,Aromatic,K16242
BD54,Benzene,Group 1,Aromatic,K16243
BD54,Benzene,Group 1,Aromatic,K16243
BD54,Benzene,Group 1,Aromatic,K16243
BD54,Benzene,Group 1,Aromatic,K16243
BD54,Benzene,Group 1,Aromatic,K16243
BD54,Benzene,Group 1,Aromatic,K16243
BD54,Benzene,Group 1,Aromatic,K16243
BD54,Benzene,Group 1,Aromatic,K16244
BD54,Benzene,Group 1,Aromatic,K16244
BD54,Benzene,Group 1,Aromatic,K16244
BD54,Benzene,Group 1,Aromatic,K16244
BD54,Benzene,Group 1,Aromatic,K16244
BD54,Benzene,Group 1,Aromatic,K16244
BD54,Benzene,Group 1,Aromatic,K16244
BD54,Benzene,Group 1,Aromatic,K16245
BD54,Benzene,Group 1,Aromatic,K16245
BD54,Benzene,Group 1,Aromatic,K16245
BD54,Benzene,Group 1,Aromatic,K16245
BD54,Benzene,Group 1,Aromatic,K16245
BD54,Benzene,Group 1,Aromatic,K16245
BD54,Benzene,Group 1,Aromatic,K16245
BD54,Benzene,Group 1,Aromatic,K16249
BD54,Benzene,Group 1,Aromatic,K16249
BD54,Benzene,Group 1,Aromatic,K16249
BD54,Benzene,Group 1,Aromatic,K16249
BD54,Benzene,Group 1,Aromatic,K16249
BD54,Benzene,Group 1,Aromatic,K16249
BD54,Benzene,Group 1,Aromatic,K16249
BD54,Benzo[a]pyrene,Group 1,Polyaromatic,K14581
BD54,Benzo[a]pyrene,Group 1,Polyaromatic,K14581
BD54,Benzo[a]pyrene,Group 1,Polyaromatic,K14581
BD54,Benzo[a]pyrene,Group 1,Polyaromatic,K14581
BD54,Benzo[a]pyrene,Group 1,Polyaromatic,K14581
BD54,Benzo[a]pyrene,Group 1,Polyaromatic,K14581
BD54,Benzo[a]pyrene,Group 1,Polyaromatic,K14581
BD54,"Benzo[a]pyrene-cis-9,10-dihydrodiol",Group 1,Polyaromatic,K14581
BD54,"Benzo[a]pyrene-cis-9,10-dihydrodiol",Group 1,Polyaromatic,K14581
BD54,"Benzo[a]pyrene-cis-9,10-dihydrodiol",Group 1,Polyaromatic,K14581
BD54,"Benzo[a]pyrene-cis-9,10-dihydrodiol",Group 1,Polyaromatic,K14581
BD54,CO,Group 1,Inorganic,K03147
BD54,CO,Group 1,Inorganic,K06911
BD54,Cacodylate,Group 1,Inorganic,K00019
BD54,Cacodylate,Group 1,Inorganic,K00019
BD54,Cacodylate,Group 1,Metal,K00019
BD54,Cacodylate,Group 1,Metal,K00019
BD54,Cacodylate,Group 1,Inorganic,K00133
BD54,Cacodylate,Group 1,Inorganic,K00133
BD54,Cacodylate,Group 1,Metal,K00133
BD54,Cacodylate,Group 1,Metal,K00133
BD54,Cacodylate,Group 1,Inorganic,K01708
BD54,Cacodylate,Group 1,Inorganic,K01708
BD54,Cacodylate,Group 1,Metal,K01708
BD54,Cacodylate,Group 1,Metal,K01708
BD54,Captafol,Group 1,Chlorinated,K00652
BD54,Captafol,Group 1,Nitrogen-containing,K00652
BD54,Captafol,Group 1,Sulfur-containing,K00652
BD54,Carbon tetrachloride,Group 1,Chlorinated,K00384
BD54,Carbon tetrachloride,Group 1,Chlorinated,K00384
BD54,Carbon tetrachloride,Group 1,Chlorinated,K00384
BD54,Carbon tetrachloride,Group 1,Chlorinated,K00384
BD54,Carbon tetrachloride,Group 1,Chlorinated,K00384
BD54,Carbon tetrachloride,Group 1,Chlorinated,K00789
BD54,Carbon tetrachloride,Group 1,Chlorinated,K00789
BD54,Carbon tetrachloride,Group 1,Chlorinated,K00789
BD54,Carbon tetrachloride,Group 1,Chlorinated,K00789
BD54,Carbon tetrachloride,Group 1,Chlorinated,K00789
BD54,Carbon tetrachloride,Group 1,Chlorinated,K01081
BD54,Carbon tetrachloride,Group 1,Chlorinated,K01081
BD54,Carbon tetrachloride,Group 1,Chlorinated,K01081
BD54,Carbon tetrachloride,Group 1,Chlorinated,K01081
BD54,Carbon tetrachloride,Group 1,Chlorinated,K01081
BD54,Carbon tetrachloride,Group 1,Chlorinated,K11751
BD54,Carbon tetrachloride,Group 1,Chlorinated,K11751
BD54,Carbon tetrachloride,Group 1,Chlorinated,K11751
BD54,Carbon tetrachloride,Group 1,Chlorinated,K11751
BD54,Carbon tetrachloride,Group 1,Chlorinated,K11751
BD54,Carbon tetrachloride,Group 1,Chlorinated,K01919
BD54,Carbon tetrachloride,Group 1,Chlorinated,K01919
BD54,Carbon tetrachloride,Group 1,Chlorinated,K01919
BD54,Carbon tetrachloride,Group 1,Chlorinated,K01919
BD54,Carbon tetrachloride,Group 1,Chlorinated,K01919
BD54,Carbon tetrachloride,Group 1,Chlorinated,K03787
BD54,Carbon tetrachloride,Group 1,Chlorinated,K03787
BD54,Carbon tetrachloride,Group 1,Chlorinated,K03787
BD54,Carbon tetrachloride,Group 1,Chlorinated,K03787
BD54,Carbon tetrachloride,Group 1,Chlorinated,K03787
BD54,Catechol,Group 1,Aromatic,K16246
BD54,Catechol,Group 1,Aromatic,K16246
BD54,Catechol,Group 1,Aromatic,K16246
BD54,Catechol,Group 1,Aromatic,K16246
BD54,Catechol,Group 1,Aromatic,K16246
BD54,Catechol,Group 1,Aromatic,K03381
BD54,Catechol,Group 1,Aromatic,K03381
BD54,Catechol,Group 1,Aromatic,K03381
BD54,Catechol,Group 1,Aromatic,K03381
BD54,Catechol,Group 1,Aromatic,K03381
BD54,Catechol,Group 1,Aromatic,K05599
BD54,Catechol,Group 1,Aromatic,K05599
BD54,Catechol,Group 1,Aromatic,K05599
BD54,Catechol,Group 1,Aromatic,K05599
BD54,Catechol,Group 1,Aromatic,K05599
BD54,Catechol,Group 1,Aromatic,K05600
BD54,Catechol,Group 1,Aromatic,K05600
BD54,Catechol,Group 1,Aromatic,K05600
BD54,Catechol,Group 1,Aromatic,K05600
BD54,Catechol,Group 1,Aromatic,K05600
BD54,Catechol,Group 1,Aromatic,K18248
BD54,Catechol,Group 1,Aromatic,K18248
BD54,Catechol,Group 1,Aromatic,K18248
BD54,Catechol,Group 1,Aromatic,K18248
BD54,Catechol,Group 1,Aromatic,K18248
BD54,Catechol,Group 1,Aromatic,K05783
BD54,Catechol,Group 1,Aromatic,K05783
BD54,Catechol,Group 1,Aromatic,K05783
BD54,Catechol,Group 1,Aromatic,K05783
BD54,Catechol,Group 1,Aromatic,K05783
BD54,Catechol,Group 1,Aromatic,K14581
BD54,Catechol,Group 1,Aromatic,K14581
BD54,Catechol,Group 1,Aromatic,K14581
BD54,Catechol,Group 1,Aromatic,K14581
BD54,Catechol,Group 1,Aromatic,K14581
BD54,Catechol,Group 1,Aromatic,K11311
BD54,Catechol,Group 1,Aromatic,K11311
BD54,Catechol,Group 1,Aromatic,K11311
BD54,Catechol,Group 1,Aromatic,K11311
BD54,Catechol,Group 1,Aromatic,K11311
BD54,Catechol,Group 1,Aromatic,K16242
BD54,Catechol,Group 1,Aromatic,K16242
BD54,Catechol,Group 1,Aromatic,K16242
BD54,Catechol,Group 1,Aromatic,K16242
BD54,Catechol,Group 1,Aromatic,K16242
BD54,Catechol,Group 1,Aromatic,K16243
BD54,Catechol,Group 1,Aromatic,K16243
BD54,Catechol,Group 1,Aromatic,K16243
BD54,Catechol,Group 1,Aromatic,K16243
BD54,Catechol,Group 1,Aromatic,K16243
BD54,Catechol,Group 1,Aromatic,K16244
BD54,Catechol,Group 1,Aromatic,K16244
BD54,Catechol,Group 1,Aromatic,K16244
BD54,Catechol,Group 1,Aromatic,K16244
BD54,Catechol,Group 1,Aromatic,K16244
BD54,Catechol,Group 1,Aromatic,K16245
BD54,Catechol,Group 1,Aromatic,K16245
BD54,Catechol,Group 1,Aromatic,K16245
BD54,Catechol,Group 1,Aromatic,K16245
BD54,Catechol,Group 1,Aromatic,K16245
BD54,Catechol,Group 1,Aromatic,K16249
BD54,Catechol,Group 1,Aromatic,K16249
BD54,Catechol,Group 1,Aromatic,K16249
BD54,Catechol,Group 1,Aromatic,K16249
BD54,Catechol,Group 1,Aromatic,K16249
BD54,Chloral hydrate,Group 1,Chlorinated,K00001
BD54,Chloral hydrate,Group 1,Aliphatic,K00001
BD54,Chloral hydrate,Group 1,Chlorinated,K00121
BD54,Chloral hydrate,Group 1,Aliphatic,K00121
BD54,Chloral hydrate,Group 1,Chlorinated,K13954
BD54,Chloral hydrate,Group 1,Aliphatic,K13954
BD54,Chloramine,Group 1,Nitrogen-containing,K03386
BD54,Chloramine,Group 1,Chlorinated,K03386
BD54,Chloramine,Group 1,Nitrogen-containing,K03564
BD54,Chloramine,Group 1,Chlorinated,K03564
BD54,Chloraminophenamide,Group 1,Nitrogen-containing,K01673
BD54,Chloraminophenamide,Group 1,Sulfur-containing,K01673
BD54,Chloraminophenamide,Group 1,Chlorinated,K01673
BD54,Chloraminophenamide,Group 1,Aromatic,K01673
BD54,Chloramphenicol,Group 1,Aromatic,K00638
BD54,Chloramphenicol,Group 1,Nitrogen-containing,K00638
BD54,Chloramphenicol,Group 1,Chlorinated,K00638
BD54,Chloroform,Group 1,Chlorinated,K01434
BD54,Chloroform,Group 1,Chlorinated,K01434
BD54,Chloroform,Group 1,Chlorinated,K01434
BD54,Chloroform,Group 1,Chlorinated,K01434
BD54,Chloroform,Group 1,Chlorinated,K01434
BD54,Chloroform,Group 1,Chlorinated,K01434
BD54,Chloroform,Group 1,Chlorinated,K01434
BD54,Chloroform,Group 1,Aliphatic,K01434
BD54,Chloroform,Group 1,Aliphatic,K01434
BD54,Chloroform,Group 1,Aliphatic,K01434
BD54,Chloroform,Group 1,Aliphatic,K01434
BD54,Chloroform,Group 1,Aliphatic,K01434
BD54,Chloroform,Group 1,Aliphatic,K01434
BD54,Chloroform,Group 1,Aliphatic,K01434
BD54,Chlorpyrifos,Group 1,Organophosphorus,K00799
BD54,Chlorpyrifos,Group 1,Organophosphorus,K00799
BD54,Chlorpyrifos,Group 1,Organophosphorus,K00799
BD54,Chlorpyrifos,Group 1,Chlorinated,K00799
BD54,Chlorpyrifos,Group 1,Chlorinated,K00799
BD54,Chlorpyrifos,Group 1,Chlorinated,K00799
BD54,Chlorpyrifos,Group 1,Organophosphorus,K01073
BD54,Chlorpyrifos,Group 1,Organophosphorus,K01073
BD54,Chlorpyrifos,Group 1,Organophosphorus,K01073
BD54,Chlorpyrifos,Group 1,Chlorinated,K01073
BD54,Chlorpyrifos,Group 1,Chlorinated,K01073
BD54,Chlorpyrifos,Group 1,Chlorinated,K01073
BD54,Chlorpyrifos,Group 1,Organophosphorus,K10804
BD54,Chlorpyrifos,Group 1,Organophosphorus,K10804
BD54,Chlorpyrifos,Group 1,Organophosphorus,K10804
BD54,Chlorpyrifos,Group 1,Chlorinated,K10804
BD54,Chlorpyrifos,Group 1,Chlorinated,K10804
BD54,Chlorpyrifos,Group 1,Chlorinated,K10804
BD54,Chlorpyrifos,Group 1,Organophosphorus,K10805
BD54,Chlorpyrifos,Group 1,Organophosphorus,K10805
BD54,Chlorpyrifos,Group 1,Organophosphorus,K10805
BD54,Chlorpyrifos,Group 1,Chlorinated,K10805
BD54,Chlorpyrifos,Group 1,Chlorinated,K10805
BD54,Chlorpyrifos,Group 1,Chlorinated,K10805
BD54,Cobalt,Group 1,Metal,K01870
BD54,Cobaltous sulfate,Group 1,Metal,K01488
BD54,Cobaltous sulfate,Group 1,Inorganic,K01488
BD54,Cobaltous sulfate,Group 1,Metal,K01624
BD54,Cobaltous sulfate,Group 1,Inorganic,K01624
BD54,Cobaltous sulfate,Group 1,Metal,K01779
BD54,Cobaltous sulfate,Group 1,Inorganic,K01779
BD54,Cobaltous sulfate,Group 1,Metal,K05810
BD54,Cobaltous sulfate,Group 1,Inorganic,K05810
BD54,Copper,Group 1,Metal,K17686
BD54,Copper,Group 1,Metal,K17686
BD54,Copper,Group 1,Metal,K17686
BD54,Cyanide ion,Group 1,Nitrogen-containing,K01011
BD54,Cyanide ion,Group 1,Nitrogen-containing,K01011
BD54,Cyanide ion,Group 1,Nitrogen-containing,K01011
BD54,Cyanide ion,Group 1,Inorganic,K01011
BD54,Cyanide ion,Group 1,Inorganic,K01011
BD54,Cyanide ion,Group 1,Inorganic,K01011
BD54,Cypermethrin,Group 1,Polyaromatic,K00799
BD54,Cypermethrin,Group 1,Chlorinated,K00799
BD54,Cypermethrin,Group 1,Nitrogen-containing,K00799
BD54,Cypermethrin,Group 1,Polyaromatic,K00823
BD54,Cypermethrin,Group 1,Chlorinated,K00823
BD54,Cypermethrin,Group 1,Nitrogen-containing,K00823
BD54,Cypermethrin,Group 1,Polyaromatic,K07250
BD54,Cypermethrin,Group 1,Chlorinated,K07250
BD54,Cypermethrin,Group 1,Nitrogen-containing,K07250
BD54,Danthron,Group 1,Aromatic,K00344
BD54,Danthron,Group 1,Aromatic,K00355
BD54,Danthron,Group 1,Aromatic,K00384
BD54,Danthron,Group 1,Aromatic,K00528
BD54,Danthron,Group 1,Aromatic,K03809
BD54,Dichlorvos,Group 1,Organophosphorus,K00799
BD54,Dichlorvos,Group 1,Organophosphorus,K00799
BD54,Dichlorvos,Group 1,Organophosphorus,K00799
BD54,Dichlorvos,Group 1,Chlorinated,K00799
BD54,Dichlorvos,Group 1,Chlorinated,K00799
BD54,Dichlorvos,Group 1,Chlorinated,K00799
BD54,Diethyl phthalate,Group 1,Aromatic,K01046
BD54,Diuron,Group 1,Nitrogen-containing,K03981
BD54,Diuron,Group 1,Nitrogen-containing,K03981
BD54,Diuron,Group 1,Nitrogen-containing,K03981
BD54,Diuron,Group 1,Chlorinated,K03981
BD54,Diuron,Group 1,Chlorinated,K03981
BD54,Diuron,Group 1,Chlorinated,K03981
BD54,Diuron,Group 1,Aromatic,K03981
BD54,Diuron,Group 1,Aromatic,K03981
BD54,Diuron,Group 1,Aromatic,K03981
BD54,Endosulfan,Group 1,Chlorinated,K00799
BD54,Endosulfan,Group 1,Chlorinated,K00799
BD54,Endosulfan,Group 1,Chlorinated,K00799
BD54,Endosulfan,Group 1,Chlorinated,K00799
BD54,Endosulfan,Group 1,Inorganic,K00799
BD54,Endosulfan,Group 1,Inorganic,K00799
BD54,Endosulfan,Group 1,Inorganic,K00799
BD54,Endosulfan,Group 1,Inorganic,K00799
BD54,Epichlorohydrin,Group 1,Chlorinated,K00457
BD54,Epichlorohydrin,Group 1,Aliphatic,K00457
BD54,Epichlorohydrin,Group 1,Chlorinated,K00799
BD54,Epichlorohydrin,Group 1,Aliphatic,K00799
BD54,Epichlorohydrin,Group 1,Chlorinated,K01114
BD54,Epichlorohydrin,Group 1,Aliphatic,K01114
BD54,Epichlorohydrin,Group 1,Chlorinated,K03153
BD54,Epichlorohydrin,Group 1,Aliphatic,K03153
BD54,Epichlorohydrin,Group 1,Chlorinated,K16161
BD54,Epichlorohydrin,Group 1,Aliphatic,K16161
BD54,Ethanol,Group 1,Aliphatic,K00001
BD54,Ethanol,Group 1,Aliphatic,K00121
BD54,Ethanol,Group 1,Aliphatic,K12957
BD54,Ethanol,Group 1,Aliphatic,K13954
BD54,Ethanol,Group 1,Aliphatic,K13979
BD54,Ethyl acrylate,Group 1,Aliphatic,K01426
BD54,Ethyl methanesulfonate,Group 1,Organosulfur,K00560
BD54,Ethyl methanesulfonate,Group 1,Aliphatic,K00560
BD54,Ethylbenzene,Group 1,Aromatic,K14581
BD54,Ethylbenzene,Group 1,Aromatic,K14581
BD54,Ethylbenzene,Group 1,Aromatic,K14581
BD54,Ethylbenzene,Group 1,Aromatic,K14581
BD54,Ethylene glycol,Group 1,Aliphatic,K21105
BD54,Etoposide,Group 1,Polyaromatic,K00432
BD54,Fluoranthene,Group 1,Polyaromatic,K00433
BD54,Fluoranthene,Group 1,Polyaromatic,K00433
BD54,Fluoranthene,Group 1,Polyaromatic,K00433
BD54,Fluoranthene,Group 1,Polyaromatic,K00433
BD54,Fluoren-9-ol,Group 1,Polyaromatic,K14581
BD54,Fluoren-9-ol,Group 1,Polyaromatic,K14581
BD54,Fluoren-9-ol,Group 1,Polyaromatic,K14581
BD54,Fluoren-9-ol,Group 1,Polyaromatic,K14581
BD54,Fluorene,Group 1,Polyaromatic,K14581
BD54,Fluorene,Group 1,Polyaromatic,K14581
BD54,Fluorene,Group 1,Polyaromatic,K14581
BD54,Fluorene,Group 1,Polyaromatic,K14581
BD54,Fluorene,Group 1,Polyaromatic,K14581
BD54,Formaldehyde,Group 1,Aliphatic,K00276
BD54,Formaldehyde,Group 1,Aliphatic,K00276
BD54,Formaldehyde,Group 1,Aliphatic,K00276
BD54,Formaldehyde,Group 1,Aliphatic,K00299
BD54,Formaldehyde,Group 1,Aliphatic,K00299
BD54,Formaldehyde,Group 1,Aliphatic,K00299
BD54,Formaldehyde,Group 1,Aliphatic,K00606
BD54,Formaldehyde,Group 1,Aliphatic,K00606
BD54,Formaldehyde,Group 1,Aliphatic,K00606
BD54,Formaldehyde,Group 1,Aliphatic,K03781
BD54,Formaldehyde,Group 1,Aliphatic,K03781
BD54,Formaldehyde,Group 1,Aliphatic,K03781
BD54,Formaldehyde,Group 1,Aliphatic,K03782
BD54,Formaldehyde,Group 1,Aliphatic,K03782
BD54,Formaldehyde,Group 1,Aliphatic,K03782
BD54,Formaldehyde,Group 1,Aliphatic,K03862
BD54,Formaldehyde,Group 1,Aliphatic,K03862
BD54,Formaldehyde,Group 1,Aliphatic,K03862
BD54,Formaldehyde,Group 1,Aliphatic,K03863
BD54,Formaldehyde,Group 1,Aliphatic,K03863
BD54,Formaldehyde,Group 1,Aliphatic,K03863
BD54,Formaldehyde,Group 1,Aliphatic,K04091
BD54,Formaldehyde,Group 1,Aliphatic,K04091
BD54,Formaldehyde,Group 1,Aliphatic,K04091
BD54,Formaldehyde,Group 1,Aliphatic,K17228
BD54,Formaldehyde,Group 1,Aliphatic,K17228
BD54,Formaldehyde,Group 1,Aliphatic,K17228
BD54,Glycidaldehyde,Group 1,Aliphatic,K00600
BD54,Hydrochlorothiazide,Group 1,Nitrogen-containing,K00287
BD54,Hydrochlorothiazide,Group 1,Sulfur-containing,K00287
BD54,Hydrochlorothiazide,Group 1,Chlorinated,K00287
BD54,Hydrochlorothiazide,Group 1,Aromatic,K00287
BD54,Hydrochlorothiazide,Group 1,Nitrogen-containing,K18590
BD54,Hydrochlorothiazide,Group 1,Sulfur-containing,K18590
BD54,Hydrochlorothiazide,Group 1,Chlorinated,K18590
BD54,Hydrochlorothiazide,Group 1,Aromatic,K18590
BD54,Hydrochlorothiazide,Group 1,Nitrogen-containing,K01673
BD54,Hydrochlorothiazide,Group 1,Sulfur-containing,K01673
BD54,Hydrochlorothiazide,Group 1,Chlorinated,K01673
BD54,Hydrochlorothiazide,Group 1,Aromatic,K01673
BD54,Hydrogen cyanide,Group 1,Nitrogen-containing,K00799
BD54,Lead,Group 1,Metal,K00001
BD54,Lead,Group 1,Metal,K00001
BD54,Lead,Group 1,Metal,K00001
BD54,Lead,Group 1,Metal,K00001
BD54,Lead,Group 1,Metal,K00001
BD54,Lead nitrate,Group 1,Metal,K00620
BD54,Lead nitrate,Group 1,Metal,K00620
BD54,Lead nitrate,Group 1,Inorganic,K00620
BD54,Lead nitrate,Group 1,Inorganic,K00620
BD54,Lead nitrate,Group 1,Nitrogen-containing,K00620
BD54,Lead nitrate,Group 1,Nitrogen-containing,K00620
BD54,Lead nitrate,Group 1,Metal,K01749
BD54,Lead nitrate,Group 1,Metal,K01749
BD54,Lead nitrate,Group 1,Inorganic,K01749
BD54,Lead nitrate,Group 1,Inorganic,K01749
BD54,Lead nitrate,Group 1,Nitrogen-containing,K01749
BD54,Lead nitrate,Group 1,Nitrogen-containing,K01749
BD54,Mercuric chloride,Group 1,Metal,K00001
BD54,Mercuric chloride,Group 1,Metal,K00001
BD54,Mercuric chloride,Group 1,Chlorinated,K00001
BD54,Mercuric chloride,Group 1,Chlorinated,K00001
BD54,Mercuric chloride,Group 1,Metal,K00459
BD54,Mercuric chloride,Group 1,Metal,K00459
BD54,Mercuric chloride,Group 1,Chlorinated,K00459
BD54,Mercuric chloride,Group 1,Chlorinated,K00459
BD54,Mercuric chloride,Group 1,Metal,K05599
BD54,Mercuric chloride,Group 1,Metal,K05599
BD54,Mercuric chloride,Group 1,Chlorinated,K05599
BD54,Mercuric chloride,Group 1,Chlorinated,K05599
BD54,Mercuric chloride,Group 1,Metal,K05600
BD54,Mercuric chloride,Group 1,Metal,K05600
BD54,Mercuric chloride,Group 1,Chlorinated,K05600
BD54,Mercuric chloride,Group 1,Chlorinated,K05600
BD54,Methane,Group 1,Aliphatic,K16161
BD54,Methyl bromide,Group 1,Halogenated,K00567
BD54,Methyl bromide,Group 1,Aliphatic,K00567
BD54,Methyl bromide,Group 1,Halogenated,K10778
BD54,Methyl bromide,Group 1,Aliphatic,K10778
BD54,Methyl chloride,Group 1,Chlorinated,K16161
BD54,Methyl chloride,Group 1,Chlorinated,K16161
BD54,Methyl chloride,Group 1,Aliphatic,K16161
BD54,Methyl chloride,Group 1,Aliphatic,K16161
BD54,Methyl isobutyl ketone,Group 1,Aliphatic,K00001
BD54,Methyl tert-butyl ether,Group 1,Aliphatic,K00001
BD54,Methyl tert-butyl ether,Group 1,Aliphatic,K00496
BD54,Methylmercury chloride,Group 1,Organometallic,K00248
BD54,Methylmercury chloride,Group 1,Organometallic,K00248
BD54,Methylmercury chloride,Group 1,Organometallic,K00248
BD54,Methylmercury chloride,Group 1,Chlorinated,K00248
BD54,Methylmercury chloride,Group 1,Chlorinated,K00248
BD54,Methylmercury chloride,Group 1,Chlorinated,K00248
BD54,Methylmercury chloride,Group 1,Organometallic,K00249
BD54,Methylmercury chloride,Group 1,Organometallic,K00249
BD54,Methylmercury chloride,Group 1,Organometallic,K00249
BD54,Methylmercury chloride,Group 1,Chlorinated,K00249
BD54,Methylmercury chloride,Group 1,Chlorinated,K00249
BD54,Methylmercury chloride,Group 1,Chlorinated,K00249
BD54,Methylmercury chloride,Group 1,Organometallic,K00255
BD54,Methylmercury chloride,Group 1,Organometallic,K00255
BD54,Methylmercury chloride,Group 1,Organometallic,K00255
BD54,Methylmercury chloride,Group 1,Chlorinated,K00255
BD54,Methylmercury chloride,Group 1,Chlorinated,K00255
BD54,Methylmercury chloride,Group 1,Chlorinated,K00255
BD54,Methylmercury chloride,Group 1,Organometallic,K00287
BD54,Methylmercury chloride,Group 1,Organometallic,K00287
BD54,Methylmercury chloride,Group 1,Organometallic,K00287
BD54,Methylmercury chloride,Group 1,Chlorinated,K00287
BD54,Methylmercury chloride,Group 1,Chlorinated,K00287
BD54,Methylmercury chloride,Group 1,Chlorinated,K00287
BD54,Methylmercury chloride,Group 1,Organometallic,K18590
BD54,Methylmercury chloride,Group 1,Organometallic,K18590
BD54,Methylmercury chloride,Group 1,Organometallic,K18590
BD54,Methylmercury chloride,Group 1,Chlorinated,K18590
BD54,Methylmercury chloride,Group 1,Chlorinated,K18590
BD54,Methylmercury chloride,Group 1,Chlorinated,K18590
BD54,Methylmercury chloride,Group 1,Organometallic,K01262
BD54,Methylmercury chloride,Group 1,Organometallic,K01262
BD54,Methylmercury chloride,Group 1,Organometallic,K01262
BD54,Methylmercury chloride,Group 1,Chlorinated,K01262
BD54,Methylmercury chloride,Group 1,Chlorinated,K01262
BD54,Methylmercury chloride,Group 1,Chlorinated,K01262
BD54,Methylmercury chloride,Group 1,Organometallic,K01919
BD54,Methylmercury chloride,Group 1,Organometallic,K01919
BD54,Methylmercury chloride,Group 1,Organometallic,K01919
BD54,Methylmercury chloride,Group 1,Chlorinated,K01919
BD54,Methylmercury chloride,Group 1,Chlorinated,K01919
BD54,Methylmercury chloride,Group 1,Chlorinated,K01919
BD54,Methylnitrosourea,Group 1,Nitrogen-containing,K12410
BD54,Methylnitrosourea,Group 1,Aliphatic,K12410
BD54,Microcystin LR,Group 1,Nitrogen-containing,K01595
BD54,Microcystin LR,Group 1,Aromatic,K01595
BD54,Mitomycin,Group 1,Nitrogen-containing,K03809
BD54,Mitomycin,Group 1,Polyaromatic,K03809
BD54,Mitoxantrone,Group 1,Nitrogen-containing,K01104
BD54,Mitoxantrone,Group 1,Polyaromatic,K01104
BD54,"N,N'-Diacetylbenzidine",Group 1,Nitrogen-containing,K03594
BD54,"N,N'-Diacetylbenzidine",Group 1,Polyaromatic,K03594
BD54,N-Methyl-N'-nitro-N-nitrosoguanidine,Group 1,Nitrogen-containing,K03652
BD54,N-Methyl-N'-nitro-N-nitrosoguanidine,Group 1,Inorganic,K03652
BD54,Nafenopin,Group 1,Polyaromatic,K01961
BD54,Nafenopin,Group 1,Polyaromatic,K01962
BD54,Nafenopin,Group 1,Polyaromatic,K01963
BD54,Nafenopin,Group 1,Polyaromatic,K11263
BD54,Naphthalene,Group 1,Polyaromatic,K14581
BD54,Naphthalene,Group 1,Polyaromatic,K14581
BD54,Naphthalene,Group 1,Polyaromatic,K14581
BD54,Naphthalene,Group 1,Polyaromatic,K14581
BD54,Naphthalene,Group 1,Polyaromatic,K14581
BD54,Naphthalene,Group 1,Polyaromatic,K14581
BD54,Nickel chloride,Group 1,Metal,K01507
BD54,Nickel chloride,Group 1,Metal,K01507
BD54,Nickel chloride,Group 1,Metal,K01507
BD54,Nickel chloride,Group 1,Inorganic,K01507
BD54,Nickel chloride,Group 1,Inorganic,K01507
BD54,Nickel chloride,Group 1,Inorganic,K01507
BD54,Nickel chloride,Group 1,Chlorinated,K01507
BD54,Nickel chloride,Group 1,Chlorinated,K01507
BD54,Nickel chloride,Group 1,Chlorinated,K01507
BD54,Nitrate,Group 1,Nitrogen-containing,K00372
BD54,Nitrate,Group 1,Inorganic,K00372
BD54,Nitrate,Group 1,Nitrogen-containing,K05916
BD54,Nitrate,Group 1,Inorganic,K05916
BD54,Nitrite,Group 1,Nitrogen-containing,K00362
BD54,Nitrite,Group 1,Inorganic,K00362
BD54,Nitrite,Group 1,Nitrogen-containing,K00372
BD54,Nitrite,Group 1,Inorganic,K00372
BD54,Nitrite,Group 1,Nitrogen-containing,K00459
BD54,Nitrite,Group 1,Inorganic,K00459
BD54,Nitrite,Group 1,Nitrogen-containing,K14581
BD54,Nitrite,Group 1,Inorganic,K14581
BD54,Nitrobenzene,Group 1,Nitrogen-containing,K14581
BD54,Nitrobenzene,Group 1,Nitrogen-containing,K14581
BD54,Nitrobenzene,Group 1,Aromatic,K14581
BD54,Nitrobenzene,Group 1,Aromatic,K14581
BD54,Nitrogen mustard,Group 1,Chlorinated,K00130
BD54,Nitrogen mustard,Group 1,Nitrogen-containing,K00130
BD54,Nitromethane,Group 1,Nitrogen-containing,K00459
BD54,Nitromethane,Group 1,Inorganic,K00459
BD54,Nitromethane,Group 1,Nitrogen-containing,K00496
BD54,Nitromethane,Group 1,Inorganic,K00496
BD54,Nitromethane,Group 1,Nitrogen-containing,K01745
BD54,Nitromethane,Group 1,Inorganic,K01745
BD54,Nitromethane,Group 1,Nitrogen-containing,K16161
BD54,Nitromethane,Group 1,Inorganic,K16161
BD54,Phenacetin,Group 1,Aromatic,K01426
BD54,Phenacetin,Group 1,Nitrogen-containing,K01426
BD54,Phenol,Group 1,Aromatic,K16246
BD54,Phenol,Group 1,Aromatic,K16246
BD54,Phenol,Group 1,Aromatic,K16246
BD54,Phenol,Group 1,Aromatic,K16246
BD54,Phenol,Group 1,Aromatic,K01130
BD54,Phenol,Group 1,Aromatic,K10804
BD54,Phenol,Group 1,Aromatic,K10804
BD54,Phenol,Group 1,Aromatic,K10804
BD54,Phenol,Group 1,Aromatic,K10804
BD54,Phenol,Group 1,Aromatic,K10804
BD54,Phenol,Group 1,Aromatic,K16242
BD54,Phenol,Group 1,Aromatic,K16242
BD54,Phenol,Group 1,Aromatic,K16242
BD54,Phenol,Group 1,Aromatic,K16242
BD54,Phenol,Group 1,Aromatic,K16243
BD54,Phenol,Group 1,Aromatic,K16243
BD54,Phenol,Group 1,Aromatic,K16243
BD54,Phenol,Group 1,Aromatic,K16243
BD54,Phenol,Group 1,Aromatic,K16244
BD54,Phenol,Group 1,Aromatic,K16244
BD54,Phenol,Group 1,Aromatic,K16244
BD54,Phenol,Group 1,Aromatic,K16244
BD54,Phenol,Group 1,Aromatic,K16245
BD54,Phenol,Group 1,Aromatic,K16245
BD54,Phenol,Group 1,Aromatic,K16245
BD54,Phenol,Group 1,Aromatic,K16245
BD54,Phenol,Group 1,Aromatic,K16249
BD54,Phenol,Group 1,Aromatic,K16249
BD54,Phenol,Group 1,Aromatic,K16249
BD54,Phenol,Group 1,Aromatic,K16249
BD54,Phenylmercury acetate,Group 1,Organometallic,K04564
BD54,Phenylmercury acetate,Group 1,Organometallic,K04564
BD54,Phenylmercury acetate,Group 1,Aromatic,K04564
BD54,Phenylmercury acetate,Group 1,Aromatic,K04564
BD54,Phenylmethanesulfonyl fluoride,Group 1,Sulfur-containing,K00001
BD54,Phenylmethanesulfonyl fluoride,Group 1,Aromatic,K00001
BD54,Phenylmethanesulfonyl fluoride,Group 1,Sulfur-containing,K00024
BD54,Phenylmethanesulfonyl fluoride,Group 1,Aromatic,K00024
BD54,Salicylate,Group 1,Aromatic,K12238
BD54,Salicylate,Group 1,Aromatic,K12238
BD54,Salicylate,Group 1,Aromatic,K12238
BD54,Salicylate,Group 1,Aromatic,K12238
BD54,Salicylate,Group 1,Aromatic,K14581
BD54,Salicylate,Group 1,Aromatic,K14581
BD54,Salicylate,Group 1,Aromatic,K14581
BD54,Salicylate,Group 1,Aromatic,K14581
BD54,Salicylate,Group 1,Aromatic,K18242
BD54,Salicylate,Group 1,Aromatic,K18242
BD54,Salicylate,Group 1,Aromatic,K18242
BD54,Salicylate,Group 1,Aromatic,K18242
BD54,Simazine,Group 1,Nitrogen-containing,K01673
BD54,Simazine,Group 1,Nitrogen-containing,K01673
BD54,Simazine,Group 1,Chlorinated,K01673
BD54,Simazine,Group 1,Chlorinated,K01673
BD54,Sodium arsenite,Group 1,Inorganic,K00128
BD54,Sodium arsenite,Group 1,Metal,K00128
BD54,Sodium arsenite,Group 1,Inorganic,K00265
BD54,Sodium arsenite,Group 1,Metal,K00265
BD54,Sodium arsenite,Group 1,Inorganic,K00266
BD54,Sodium arsenite,Group 1,Metal,K00266
BD54,Sodium arsenite,Group 1,Inorganic,K01011
BD54,Sodium arsenite,Group 1,Metal,K01011
BD54,Sodium fluoride,Group 1,Inorganic,K00024
BD54,Streptozocin,Group 1,Nitrogen-containing,K01027
BD54,Streptozocin,Group 1,Aliphatic,K01027
BD54,Streptozocin,Group 1,Nitrogen-containing,K01028
BD54,Streptozocin,Group 1,Aliphatic,K01028
BD54,Streptozocin,Group 1,Nitrogen-containing,K01029
BD54,Streptozocin,Group 1,Aliphatic,K01029
BD54,Streptozocin,Group 1,Nitrogen-containing,K22278
BD54,Streptozocin,Group 1,Aliphatic,K22278
BD54,Streptozocin,Group 1,Nitrogen-containing,K01495
BD54,Streptozocin,Group 1,Aliphatic,K01495
BD54,Strontium cation,Group 1,Metal,K00128
BD54,Strontium cation,Group 1,Metal,K03333
BD54,Styrene,Group 1,Aromatic,K14581
BD54,Styrene,Group 1,Aromatic,K14581
BD54,Styrene,Group 1,Aromatic,K14581
BD54,Sulfasalazine,Group 1,Nitrogen-containing,K00927
BD54,Sulfasalazine,Group 1,Sulfur-containing,K00927
BD54,Sulfasalazine,Group 1,Polyaromatic,K00927
BD54,Sulfasalazine,Group 1,Nitrogen-containing,K11444
BD54,Sulfasalazine,Group 1,Sulfur-containing,K11444
BD54,Sulfasalazine,Group 1,Polyaromatic,K11444
BD54,Sulfasalazine,Group 1,Nitrogen-containing,K20956
BD54,Sulfasalazine,Group 1,Sulfur-containing,K20956
BD54,Sulfasalazine,Group 1,Polyaromatic,K20956
BD54,Sulfasalazine,Group 1,Nitrogen-containing,K21021
BD54,Sulfasalazine,Group 1,Sulfur-containing,K21021
BD54,Sulfasalazine,Group 1,Polyaromatic,K21021
BD54,Sulfasalazine,Group 1,Nitrogen-containing,K21020
BD54,Sulfasalazine,Group 1,Sulfur-containing,K21020
BD54,Sulfasalazine,Group 1,Polyaromatic,K21020
BD54,Sulfasalazine,Group 1,Nitrogen-containing,K21023
BD54,Sulfasalazine,Group 1,Sulfur-containing,K21023
BD54,Sulfasalazine,Group 1,Polyaromatic,K21023
BD54,Terephthalate,Group 1,Aromatic,K21105
BD54,Terephthalate,Group 1,Aromatic,K21105
BD54,Terephthalate,Group 1,Aromatic,K21105
BD54,Terephthalate,Group 1,Aromatic,K21105
BD54,Tetranitromethane,Group 1,Nitrogen-containing,K00278
BD54,Tetranitromethane,Group 1,Inorganic,K00278
BD54,Thioacetamide,Group 1,Nitrogen-containing,K00001
BD54,Thioacetamide,Group 1,Sulfur-containing,K00001
BD54,Thioacetamide,Group 1,Aliphatic,K00001
BD54,Thioacetamide,Group 1,Nitrogen-containing,K00384
BD54,Thioacetamide,Group 1,Sulfur-containing,K00384
BD54,Thioacetamide,Group 1,Aliphatic,K00384
BD54,Thioacetamide,Group 1,Nitrogen-containing,K01081
BD54,Thioacetamide,Group 1,Sulfur-containing,K01081
BD54,Thioacetamide,Group 1,Aliphatic,K01081
BD54,Thioacetamide,Group 1,Nitrogen-containing,K11751
BD54,Thioacetamide,Group 1,Sulfur-containing,K11751
BD54,Thioacetamide,Group 1,Aliphatic,K11751
BD54,Thioacetamide,Group 1,Nitrogen-containing,K01426
BD54,Thioacetamide,Group 1,Sulfur-containing,K01426
BD54,Thioacetamide,Group 1,Aliphatic,K01426
BD54,Thioacetamide,Group 1,Nitrogen-containing,K01919
BD54,Thioacetamide,Group 1,Sulfur-containing,K01919
BD54,Thioacetamide,Group 1,Aliphatic,K01919
BD54,Thioacetamide,Group 1,Nitrogen-containing,K01920
BD54,Thioacetamide,Group 1,Sulfur-containing,K01920
BD54,Thioacetamide,Group 1,Aliphatic,K01920
BD54,Thioacetamide,Group 1,Nitrogen-containing,K03787
BD54,Thioacetamide,Group 1,Sulfur-containing,K03787
BD54,Thioacetamide,Group 1,Aliphatic,K03787
BD54,Thioacetamide,Group 1,Nitrogen-containing,K16161
BD54,Thioacetamide,Group 1,Sulfur-containing,K16161
BD54,Thioacetamide,Group 1,Aliphatic,K16161
BD54,Thiocyanate,Group 1,Sulfur-containing,K01011
BD54,Thiocyanate,Group 1,Nitrogen-containing,K01011
BD54,Thiouracil,Group 1,Nitrogen-containing,K00433
BD54,Thiouracil,Group 1,Sulfur-containing,K00433
BD54,Thiouracil,Group 1,Aliphatic,K00433
BD54,Thiouracil,Group 1,Nitrogen-containing,K00761
BD54,Thiouracil,Group 1,Sulfur-containing,K00761
BD54,Thiouracil,Group 1,Aliphatic,K00761
BD54,Thiouracil,Group 1,Nitrogen-containing,K00823
BD54,Thiouracil,Group 1,Sulfur-containing,K00823
BD54,Thiouracil,Group 1,Aliphatic,K00823
BD54,Thiouracil,Group 1,Nitrogen-containing,K07250
BD54,Thiouracil,Group 1,Sulfur-containing,K07250
BD54,Thiouracil,Group 1,Aliphatic,K07250
BD54,Toluene,Group 1,Aromatic,K16246
BD54,Toluene,Group 1,Aromatic,K16246
BD54,Toluene,Group 1,Aromatic,K16246
BD54,Toluene,Group 1,Aromatic,K16246
BD54,Toluene,Group 1,Aromatic,K16242
BD54,Toluene,Group 1,Aromatic,K16242
BD54,Toluene,Group 1,Aromatic,K16242
BD54,Toluene,Group 1,Aromatic,K16242
BD54,Toluene,Group 1,Aromatic,K16243
BD54,Toluene,Group 1,Aromatic,K16243
BD54,Toluene,Group 1,Aromatic,K16243
BD54,Toluene,Group 1,Aromatic,K16243
BD54,Toluene,Group 1,Aromatic,K16244
BD54,Toluene,Group 1,Aromatic,K16244
BD54,Toluene,Group 1,Aromatic,K16244
BD54,Toluene,Group 1,Aromatic,K16244
BD54,Toluene,Group 1,Aromatic,K16245
BD54,Toluene,Group 1,Aromatic,K16245
BD54,Toluene,Group 1,Aromatic,K16245
BD54,Toluene,Group 1,Aromatic,K16245
BD54,Toluene,Group 1,Aromatic,K16249
BD54,Toluene,Group 1,Aromatic,K16249
BD54,Toluene,Group 1,Aromatic,K16249
BD54,Toluene,Group 1,Aromatic,K16249
BD54,Tributyltin chloride,Group 1,Metal,K01768
BD54,Tributyltin chloride,Group 1,Metal,K01768
BD54,Tributyltin chloride,Group 1,Organometallic,K01768
BD54,Tributyltin chloride,Group 1,Organometallic,K01768
BD54,Tributyltin chloride,Group 1,Metal,K02111
BD54,Tributyltin chloride,Group 1,Metal,K02111
BD54,Tributyltin chloride,Group 1,Organometallic,K02111
BD54,Tributyltin chloride,Group 1,Organometallic,K02111
BD54,Tributyltin chloride,Group 1,Metal,K02112
BD54,Tributyltin chloride,Group 1,Metal,K02112
BD54,Tributyltin chloride,Group 1,Organometallic,K02112
BD54,Tributyltin chloride,Group 1,Organometallic,K02112
BD54,Tributyltin oxide,Group 1,Metal,K01058
BD54,Tributyltin oxide,Group 1,Metal,K01058
BD54,Tributyltin oxide,Group 1,Organometallic,K01058
BD54,Tributyltin oxide,Group 1,Organometallic,K01058
BD54,Trichloroethene,Group 1,Chlorinated,K00799
BD54,Trichloroethene,Group 1,Chlorinated,K00799
BD54,Trichloroethene,Group 1,Chlorinated,K00799
BD54,Trichloroethene,Group 1,Chlorinated,K00799
BD54,Trichloroethene,Group 1,Chlorinated,K00799
BD54,Trichloroethene,Group 1,Chlorinated,K00799
BD54,Trichloroethene,Group 1,Aliphatic,K00799
BD54,Trichloroethene,Group 1,Aliphatic,K00799
BD54,Trichloroethene,Group 1,Aliphatic,K00799
BD54,Trichloroethene,Group 1,Aliphatic,K00799
BD54,Trichloroethene,Group 1,Aliphatic,K00799
BD54,Trichloroethene,Group 1,Aliphatic,K00799
BD54,Trichloroethene,Group 1,Chlorinated,K16161
BD54,Trichloroethene,Group 1,Chlorinated,K16161
BD54,Trichloroethene,Group 1,Chlorinated,K16161
BD54,Trichloroethene,Group 1,Chlorinated,K16161
BD54,Trichloroethene,Group 1,Chlorinated,K16161
BD54,Trichloroethene,Group 1,Chlorinated,K16161
BD54,Trichloroethene,Group 1,Aliphatic,K16161
BD54,Trichloroethene,Group 1,Aliphatic,K16161
BD54,Trichloroethene,Group 1,Aliphatic,K16161
BD54,Trichloroethene,Group 1,Aliphatic,K16161
BD54,Trichloroethene,Group 1,Aliphatic,K16161
BD54,Trichloroethene,Group 1,Aliphatic,K16161
BD54,Trinitrotoluene,Group 1,Nitrogen-containing,K10679
BD54,Trinitrotoluene,Group 1,Aromatic,K10679
BD54,Trinitrotoluene,Group 1,Nitrogen-containing,K10680
BD54,Trinitrotoluene,Group 1,Aromatic,K10680
BD54,Vinyl acetate,Group 1,Aliphatic,K01046
BD54,Vinyl acetate,Group 1,Aliphatic,K01434
BD54,Zalcitabine,Group 1,Nitrogen-containing,K00927
BD54,Zalcitabine,Group 1,Nitrogen-containing,K13378
BD54,Zidovudine,Group 1,Nitrogen-containing,K00330
BD54,Zidovudine,Group 1,Nitrogen-containing,K00331
BD54,Zidovudine,Group 1,Nitrogen-containing,K00334
BD54,Zidovudine,Group 1,Nitrogen-containing,K00335
BD54,Zidovudine,Group 1,Nitrogen-containing,K00336
BD54,Zidovudine,Group 1,Nitrogen-containing,K00337
BD54,Zidovudine,Group 1,Nitrogen-containing,K00338
BD54,Zidovudine,Group 1,Nitrogen-containing,K00339
BD54,Zidovudine,Group 1,Nitrogen-containing,K00340
BD54,Zidovudine,Group 1,Nitrogen-containing,K00341
BD54,Zidovudine,Group 1,Nitrogen-containing,K00342
BD54,Zidovudine,Group 1,Nitrogen-containing,K00343
BD54,Zidovudine,Group 1,Nitrogen-containing,K00943
BD54,Zidovudine,Group 1,Nitrogen-containing,K01081
BD54,Zidovudine,Group 1,Nitrogen-containing,K11751
BD54,Zidovudine,Group 1,Nitrogen-containing,K03787
BD54,Zidovudine,Group 1,Nitrogen-containing,K13378
BD54,Zinc cation,Group 1,Metal,K00001
BD54,Zinc cation,Group 1,Metal,K00001
BD54,Zinc cation,Group 1,Metal,K00004
BD54,Zinc cation,Group 1,Metal,K00004
BD54,alpha-Chlorohydrin,Group 1,Chlorinated,K00134
BD54,alpha-Chlorohydrin,Group 1,Aliphatic,K00134
BD54,alpha-Chlorohydrin,Group 1,Chlorinated,K00864
BD54,alpha-Chlorohydrin,Group 1,Aliphatic,K00864
BD54,o-Cresol,Group 1,Aromatic,K16246
BD54,o-Cresol,Group 1,Aromatic,K16246
BD54,o-Cresol,Group 1,Aromatic,K16242
BD54,o-Cresol,Group 1,Aromatic,K16242
BD54,o-Cresol,Group 1,Aromatic,K16243
BD54,o-Cresol,Group 1,Aromatic,K16243
BD54,o-Cresol,Group 1,Aromatic,K16244
BD54,o-Cresol,Group 1,Aromatic,K16244
BD54,o-Cresol,Group 1,Aromatic,K16245
BD54,o-Cresol,Group 1,Aromatic,K16245
BD54,o-Cresol,Group 1,Aromatic,K16249
BD54,o-Cresol,Group 1,Aromatic,K16249
BD54,para-Aminoazobenzene,Group 1,Nitrogen-containing,K01255
BD54,para-Aminoazobenzene,Group 1,Polyaromatic,K01255
E7,"(+)-(3S,4R)-cis-3,4-Dihydroxy-3,4-dihydrofluorene",Group 1,Polyaromatic,K14581
E7,"(+)-(3S,4R)-cis-3,4-Dihydroxy-3,4-dihydrofluorene",Group 1,Polyaromatic,K14581
E7,"(+)-(3S,4R)-cis-3,4-Dihydroxy-3,4-dihydrofluorene",Group 1,Polyaromatic,K14581
E7,"(+)-(3S,4R)-cis-3,4-Dihydroxy-3,4-dihydrofluorene",Group 1,Polyaromatic,K14581
E7,"1,1,1-Trichloroethane",Group 1,Chlorinated,K16161
E7,"1,1,1-Trichloroethane",Group 1,Chlorinated,K16161
E7,"1,1,1-Trichloroethane",Group 1,Chlorinated,K16161
E7,"1,1,1-Trichloroethane",Group 1,Chlorinated,K16161
E7,"1,1,1-Trichloroethane",Group 1,Aliphatic,K16161
E7,"1,1,1-Trichloroethane",Group 1,Aliphatic,K16161
E7,"1,1,1-Trichloroethane",Group 1,Aliphatic,K16161
E7,"1,1,1-Trichloroethane",Group 1,Aliphatic,K16161
E7,"1,1,2,2-Tetrachloroethane",Group 1,Chlorinated,K04091
E7,"1,1,2,2-Tetrachloroethane",Group 1,Chlorinated,K04091
E7,"1,1,2,2-Tetrachloroethane",Group 1,Chlorinated,K04091
E7,"1,1,2,2-Tetrachloroethane",Group 1,Chlorinated,K04091
E7,"1,1,2,2-Tetrachloroethane",Group 1,Aliphatic,K04091
E7,"1,1,2,2-Tetrachloroethane",Group 1,Aliphatic,K04091
E7,"1,1,2,2-Tetrachloroethane",Group 1,Aliphatic,K04091
E7,"1,1,2,2-Tetrachloroethane",Group 1,Aliphatic,K04091
E7,"1,1,2,2-Tetrachloroethane",Group 1,Chlorinated,K17228
E7,"1,1,2,2-Tetrachloroethane",Group 1,Chlorinated,K17228
E7,"1,1,2,2-Tetrachloroethane",Group 1,Chlorinated,K17228
E7,"1,1,2,2-Tetrachloroethane",Group 1,Chlorinated,K17228
E7,"1,1,2,2-Tetrachloroethane",Group 1,Aliphatic,K17228
E7,"1,1,2,2-Tetrachloroethane",Group 1,Aliphatic,K17228
E7,"1,1,2,2-Tetrachloroethane",Group 1,Aliphatic,K17228
E7,"1,1,2,2-Tetrachloroethane",Group 1,Aliphatic,K17228
E7,"1,1,2,2-Tetrachloroethane",Group 1,Chlorinated,K15852
E7,"1,1,2,2-Tetrachloroethane",Group 1,Chlorinated,K15852
E7,"1,1,2,2-Tetrachloroethane",Group 1,Chlorinated,K15852
E7,"1,1,2,2-Tetrachloroethane",Group 1,Chlorinated,K15852
E7,"1,1,2,2-Tetrachloroethane",Group 1,Aliphatic,K15852
E7,"1,1,2,2-Tetrachloroethane",Group 1,Aliphatic,K15852
E7,"1,1,2,2-Tetrachloroethane",Group 1,Aliphatic,K15852
E7,"1,1,2,2-Tetrachloroethane",Group 1,Aliphatic,K15852
E7,"1,1-Dimethylhydrazine",Group 1,Nitrogen-containing,K03863
E7,"1,1-Dimethylhydrazine",Group 1,Aliphatic,K03863
E7,"1,1-Dimethylhydrazine",Group 1,Nitrogen-containing,K03862
E7,"1,1-Dimethylhydrazine",Group 1,Aliphatic,K03862
E7,"1,2-Dibromoethane",Group 1,Organometallic,K00799
E7,"1,2-Dibromoethane",Group 1,Organometallic,K00799
E7,"1,2-Epoxybutane",Group 1,Aliphatic,K16161
E7,"1,4-Dioxane",Group 1,Aliphatic,K00001
E7,"1,4-Dioxane",Group 1,Aliphatic,K00001
E7,1-Organyl-2-lyso-sn-glycero-3-phosphocholine,Group 1,Nitrogen-containing,K01058
E7,1-Organyl-2-lyso-sn-glycero-3-phosphocholine,Group 1,Organophosphorus,K01058
E7,"2,2',4,4',6,6'-Hexachlorobiphenyl",Group 1,Chlorinated,K01599
E7,"2,2',4,4',6,6'-Hexachlorobiphenyl",Group 1,Chlorinated,K01599
E7,"2,2',4,4',6,6'-Hexachlorobiphenyl",Group 1,Polyaromatic,K01599
E7,"2,2',4,4',6,6'-Hexachlorobiphenyl",Group 1,Polyaromatic,K01599
E7,"2,2',4,4'-Tetrachlorobiphenyl",Group 1,Chlorinated,K01599
E7,"2,2',4,4'-Tetrachlorobiphenyl",Group 1,Chlorinated,K01599
E7,"2,2',4,4'-Tetrachlorobiphenyl",Group 1,Polyaromatic,K01599
E7,"2,2',4,4'-Tetrachlorobiphenyl",Group 1,Polyaromatic,K01599
E7,"2,2',5,5'-Tetrachlorobiphenyl",Group 1,Chlorinated,K01599
E7,"2,2',5,5'-Tetrachlorobiphenyl",Group 1,Chlorinated,K01599
E7,"2,2',5,5'-Tetrachlorobiphenyl",Group 1,Polyaromatic,K01599
E7,"2,2',5,5'-Tetrachlorobiphenyl",Group 1,Polyaromatic,K01599
E7,"2,3,3',4,5-Pentachlorobiphenyl",Group 1,Chlorinated,K03981
E7,"2,3,3',4,5-Pentachlorobiphenyl",Group 1,Chlorinated,K03981
E7,"2,3,3',4,5-Pentachlorobiphenyl",Group 1,Polyaromatic,K03981
E7,"2,3,3',4,5-Pentachlorobiphenyl",Group 1,Polyaromatic,K03981
E7,"2,4-Dinitrotoluene",Group 1,Aromatic,K14581
E7,"2,4-Dinitrotoluene",Group 1,Aromatic,K14581
E7,"2,4-Dinitrotoluene",Group 1,Aromatic,K14581
E7,"2,4-Dinitrotoluene",Group 1,Nitrogen-containing,K14581
E7,"2,4-Dinitrotoluene",Group 1,Nitrogen-containing,K14581
E7,"2,4-Dinitrotoluene",Group 1,Nitrogen-containing,K14581
E7,2-(4-Chlorophenoxy)propionic acid,Group 1,Aromatic,K01046
E7,2-(4-Chlorophenoxy)propionic acid,Group 1,Chlorinated,K01046
E7,"2-Amino-1-methyl-6-phenylimidazo[4,5-b]pyridine",Group 1,Nitrogen-containing,K00362
E7,"2-Amino-1-methyl-6-phenylimidazo[4,5-b]pyridine",Group 1,Aromatic,K00362
E7,2-Chlorophenol,Group 1,Aromatic,K03381
E7,2-Chlorophenol,Group 1,Aromatic,K03381
E7,2-Chlorophenol,Group 1,Aromatic,K03381
E7,2-Chlorophenol,Group 1,Chlorinated,K03381
E7,2-Chlorophenol,Group 1,Chlorinated,K03381
E7,2-Chlorophenol,Group 1,Chlorinated,K03381
E7,2-Ethoxyethanol,Group 1,Aliphatic,K00001
E7,2-Methylnaphthalene,Group 1,Aromatic,K14581
E7,2-Naphthylamine,Group 1,Nitrogen-containing,K00681
E7,2-Naphthylamine,Group 1,Polyaromatic,K00681
E7,2-Nitropropane,Group 1,Nitrogen-containing,K00459
E7,2-Nitropropane,Group 1,Aliphatic,K00459
E7,"3,4,3',4'-Tetrachlorobiphenyl",Group 1,Chlorinated,K01599
E7,"3,4,3',4'-Tetrachlorobiphenyl",Group 1,Chlorinated,K01599
E7,"3,4,3',4'-Tetrachlorobiphenyl",Group 1,Polyaromatic,K01599
E7,"3,4,3',4'-Tetrachlorobiphenyl",Group 1,Polyaromatic,K01599
E7,"3,4,5,3',4',5'-Hexachlorobiphenyl",Group 1,Chlorinated,K01599
E7,"3,4,5,3',4',5'-Hexachlorobiphenyl",Group 1,Chlorinated,K01599
E7,"3,4,5,3',4',5'-Hexachlorobiphenyl",Group 1,Polyaromatic,K01599
E7,"3,4,5,3',4',5'-Hexachlorobiphenyl",Group 1,Polyaromatic,K01599
E7,"3,4-Dihydroxybenzoate",Group 1,Aromatic,K00481
E7,"3,4-Dihydroxybenzoate",Group 1,Aromatic,K00481
E7,"3,4-Dihydroxybenzoate",Group 1,Aromatic,K00481
E7,"3,4-Dihydroxybenzoate",Group 1,Aromatic,K00481
E7,"3,4-Dihydroxybenzoate",Group 1,Aromatic,K03863
E7,"3,4-Dihydroxybenzoate",Group 1,Aromatic,K03863
E7,"3,4-Dihydroxybenzoate",Group 1,Aromatic,K03863
E7,"3,4-Dihydroxybenzoate",Group 1,Aromatic,K03863
E7,"3,4-Dihydroxybenzoate",Group 1,Aromatic,K00448
E7,"3,4-Dihydroxybenzoate",Group 1,Aromatic,K00448
E7,"3,4-Dihydroxybenzoate",Group 1,Aromatic,K00448
E7,"3,4-Dihydroxybenzoate",Group 1,Aromatic,K00448
E7,"3,4-Dihydroxybenzoate",Group 1,Aromatic,K00449
E7,"3,4-Dihydroxybenzoate",Group 1,Aromatic,K00449
E7,"3,4-Dihydroxybenzoate",Group 1,Aromatic,K00449
E7,"3,4-Dihydroxybenzoate",Group 1,Aromatic,K00449
E7,"3,4-Dihydroxybenzoate",Group 1,Aromatic,K03862
E7,"3,4-Dihydroxybenzoate",Group 1,Aromatic,K03862
E7,"3,4-Dihydroxybenzoate",Group 1,Aromatic,K03862
E7,"3,4-Dihydroxybenzoate",Group 1,Aromatic,K03862
E7,"3,4-Dihydroxybenzoate",Group 1,Aromatic,K09483
E7,"3,4-Dihydroxybenzoate",Group 1,Aromatic,K09483
E7,"3,4-Dihydroxybenzoate",Group 1,Aromatic,K09483
E7,"3,4-Dihydroxybenzoate",Group 1,Aromatic,K09483
E7,"3-Carboxy-cis,cis-muconate",Group 1,Aliphatic,K00448
E7,"3-Carboxy-cis,cis-muconate",Group 1,Aliphatic,K00448
E7,"3-Carboxy-cis,cis-muconate",Group 1,Aliphatic,K00448
E7,"3-Carboxy-cis,cis-muconate",Group 1,Aliphatic,K00448
E7,"3-Carboxy-cis,cis-muconate",Group 1,Aliphatic,K00449
E7,"3-Carboxy-cis,cis-muconate",Group 1,Aliphatic,K00449
E7,"3-Carboxy-cis,cis-muconate",Group 1,Aliphatic,K00449
E7,"3-Carboxy-cis,cis-muconate",Group 1,Aliphatic,K00449
E7,"3-Carboxy-cis,cis-muconate",Group 1,Aliphatic,K01857
E7,"3-Carboxy-cis,cis-muconate",Group 1,Aliphatic,K01857
E7,"3-Carboxy-cis,cis-muconate",Group 1,Aliphatic,K01857
E7,"3-Carboxy-cis,cis-muconate",Group 1,Aliphatic,K01857
E7,"4,4'-Methylenebis(N,N-dimethylaniline)",Group 1,Nitrogen-containing,K03981
E7,"4,4'-Methylenebis(N,N-dimethylaniline)",Group 1,Polyaromatic,K03981
E7,4-Methylimidazole,Group 1,Nitrogen-containing,K01673
E7,4-Methylimidazole,Group 1,Aliphatic,K01673
E7,4-Nitrophenol,Group 1,Aromatic,K01113
E7,4-Nitrophenol,Group 1,Aromatic,K01113
E7,4-Nitrophenol,Group 1,Nitrogen-containing,K01113
E7,4-Nitrophenol,Group 1,Nitrogen-containing,K01113
E7,Acenaphthene,Group 1,Polyaromatic,K00433
E7,Acenaphthene,Group 1,Polyaromatic,K00433
E7,Acetaldehyde,Group 1,Aliphatic,K00128
E7,Acetaldehyde,Group 1,Aliphatic,K00128
E7,Acetaldehyde,Group 1,Aliphatic,K00128
E7,Acetaldehyde,Group 1,Aliphatic,K01568
E7,Acetaldehyde,Group 1,Aliphatic,K01568
E7,Acetaldehyde,Group 1,Aliphatic,K01568
E7,Acetaldehyde,Group 1,Aliphatic,K00001
E7,Acetaldehyde,Group 1,Aliphatic,K00001
E7,Acetaldehyde,Group 1,Aliphatic,K00001
E7,Acetaldehyde,Group 1,Aliphatic,K00121
E7,Acetaldehyde,Group 1,Aliphatic,K00121
E7,Acetaldehyde,Group 1,Aliphatic,K00121
E7,Acetaldehyde,Group 1,Aliphatic,K00138
E7,Acetaldehyde,Group 1,Aliphatic,K00138
E7,Acetaldehyde,Group 1,Aliphatic,K00138
E7,Acetaldehyde,Group 1,Aliphatic,K00459
E7,Acetaldehyde,Group 1,Aliphatic,K00459
E7,Acetaldehyde,Group 1,Aliphatic,K00459
E7,Acetaldehyde,Group 1,Aliphatic,K01737
E7,Acetaldehyde,Group 1,Aliphatic,K01737
E7,Acetaldehyde,Group 1,Aliphatic,K01737
E7,Acetaldehyde,Group 1,Aliphatic,K03735
E7,Acetaldehyde,Group 1,Aliphatic,K03735
E7,Acetaldehyde,Group 1,Aliphatic,K03735
E7,Acetaldehyde,Group 1,Aliphatic,K03736
E7,Acetaldehyde,Group 1,Aliphatic,K03736
E7,Acetaldehyde,Group 1,Aliphatic,K03736
E7,Acetaldehyde,Group 1,Aliphatic,K05306
E7,Acetaldehyde,Group 1,Aliphatic,K05306
E7,Acetaldehyde,Group 1,Aliphatic,K05306
E7,Acetaldehyde,Group 1,Aliphatic,K12957
E7,Acetaldehyde,Group 1,Aliphatic,K12957
E7,Acetaldehyde,Group 1,Aliphatic,K12957
E7,Acetaldehyde,Group 1,Aliphatic,K13954
E7,Acetaldehyde,Group 1,Aliphatic,K13954
E7,Acetaldehyde,Group 1,Aliphatic,K13954
E7,Acetaldehyde,Group 1,Aliphatic,K13979
E7,Acetaldehyde,Group 1,Aliphatic,K13979
E7,Acetaldehyde,Group 1,Aliphatic,K13979
E7,Acetamide,Group 1,Nitrogen-containing,K01426
E7,Acetamide,Group 1,Aliphatic,K01426
E7,Acrylamide,Group 1,Nitrogen-containing,K01426
E7,Acrylamide,Group 1,Aliphatic,K01426
E7,"Aflatoxin B1-exo-8,9-epoxide",Group 1,Aromatic,K00799
E7,"Aflatoxin B1exo-8,9-epoxide-GSH",Group 1,Aromatic,K00799
E7,"Aflatoxin B1exo-8,9-epoxide-GSH",Group 1,Nitrogen-containing,K00799
E7,"Aflatoxin B1exo-8,9-epoxide-GSH",Group 1,Sulfur-containing,K00799
E7,Alachlor,Group 1,Aromatic,K00799
E7,Alachlor,Group 1,Aromatic,K00799
E7,Alachlor,Group 1,Chlorinated,K00799
E7,Alachlor,Group 1,Chlorinated,K00799
E7,Alachlor,Group 1,Nitrogen-containing,K00799
E7,Alachlor,Group 1,Nitrogen-containing,K00799
E7,Ammonia,Group 1,Nitrogen-containing,K00261
E7,Ammonia,Group 1,Nitrogen-containing,K00261
E7,Ammonia,Group 1,Nitrogen-containing,K00362
E7,Ammonia,Group 1,Nitrogen-containing,K00362
E7,Ammonia,Group 1,Nitrogen-containing,K01658
E7,Ammonia,Group 1,Nitrogen-containing,K01658
E7,Ammonia,Group 1,Nitrogen-containing,K01916
E7,Ammonia,Group 1,Nitrogen-containing,K01916
E7,Ammonia,Group 1,Nitrogen-containing,K01663
E7,Ammonia,Group 1,Nitrogen-containing,K01663
E7,Ammonia,Group 1,Nitrogen-containing,K01505
E7,Ammonia,Group 1,Nitrogen-containing,K01505
E7,Ammonia,Group 1,Nitrogen-containing,K01424
E7,Ammonia,Group 1,Nitrogen-containing,K01424
E7,Ammonia,Group 1,Nitrogen-containing,K01915
E7,Ammonia,Group 1,Nitrogen-containing,K01915
E7,Ammonia,Group 1,Nitrogen-containing,K01501
E7,Ammonia,Group 1,Nitrogen-containing,K01501
E7,Ammonia,Group 1,Nitrogen-containing,K01498
E7,Ammonia,Group 1,Nitrogen-containing,K01498
E7,Ammonia,Group 1,Nitrogen-containing,K05396
E7,Ammonia,Group 1,Nitrogen-containing,K05396
E7,Ammonia,Group 1,Nitrogen-containing,K01488
E7,Ammonia,Group 1,Nitrogen-containing,K01488
E7,Ammonia,Group 1,Nitrogen-containing,K05599
E7,Ammonia,Group 1,Nitrogen-containing,K05599
E7,Ammonia,Group 1,Nitrogen-containing,K00265
E7,Ammonia,Group 1,Nitrogen-containing,K00265
E7,Ammonia,Group 1,Nitrogen-containing,K00266
E7,Ammonia,Group 1,Nitrogen-containing,K00266
E7,Ammonia,Group 1,Nitrogen-containing,K00275
E7,Ammonia,Group 1,Nitrogen-containing,K00275
E7,Ammonia,Group 1,Nitrogen-containing,K00276
E7,Ammonia,Group 1,Nitrogen-containing,K00276
E7,Ammonia,Group 1,Nitrogen-containing,K00278
E7,Ammonia,Group 1,Nitrogen-containing,K00278
E7,Ammonia,Group 1,Nitrogen-containing,K00285
E7,Ammonia,Group 1,Nitrogen-containing,K00285
E7,Ammonia,Group 1,Nitrogen-containing,K00382
E7,Ammonia,Group 1,Nitrogen-containing,K00382
E7,Ammonia,Group 1,Nitrogen-containing,K01425
E7,Ammonia,Group 1,Nitrogen-containing,K01425
E7,Ammonia,Group 1,Nitrogen-containing,K01426
E7,Ammonia,Group 1,Nitrogen-containing,K01426
E7,Ammonia,Group 1,Nitrogen-containing,K01428
E7,Ammonia,Group 1,Nitrogen-containing,K01428
E7,Ammonia,Group 1,Nitrogen-containing,K01429
E7,Ammonia,Group 1,Nitrogen-containing,K01429
E7,Ammonia,Group 1,Nitrogen-containing,K01430
E7,Ammonia,Group 1,Nitrogen-containing,K01430
E7,Ammonia,Group 1,Nitrogen-containing,K01457
E7,Ammonia,Group 1,Nitrogen-containing,K01457
E7,Ammonia,Group 1,Nitrogen-containing,K01484
E7,Ammonia,Group 1,Nitrogen-containing,K01484
E7,Ammonia,Group 1,Nitrogen-containing,K01487
E7,Ammonia,Group 1,Nitrogen-containing,K01487
E7,Ammonia,Group 1,Nitrogen-containing,K01494
E7,Ammonia,Group 1,Nitrogen-containing,K01494
E7,Ammonia,Group 1,Nitrogen-containing,K01657
E7,Ammonia,Group 1,Nitrogen-containing,K01657
E7,Ammonia,Group 1,Nitrogen-containing,K01665
E7,Ammonia,Group 1,Nitrogen-containing,K01665
E7,Ammonia,Group 1,Nitrogen-containing,K01744
E7,Ammonia,Group 1,Nitrogen-containing,K01744
E7,Ammonia,Group 1,Nitrogen-containing,K01745
E7,Ammonia,Group 1,Nitrogen-containing,K01745
E7,Ammonia,Group 1,Nitrogen-containing,K01749
E7,Ammonia,Group 1,Nitrogen-containing,K01749
E7,Ammonia,Group 1,Nitrogen-containing,K01752
E7,Ammonia,Group 1,Nitrogen-containing,K01752
E7,Ammonia,Group 1,Nitrogen-containing,K01753
E7,Ammonia,Group 1,Nitrogen-containing,K01753
E7,Ammonia,Group 1,Nitrogen-containing,K01754
E7,Ammonia,Group 1,Nitrogen-containing,K01754
E7,Ammonia,Group 1,Nitrogen-containing,K01760
E7,Ammonia,Group 1,Nitrogen-containing,K01760
E7,Ammonia,Group 1,Nitrogen-containing,K01937
E7,Ammonia,Group 1,Nitrogen-containing,K01937
E7,Ammonia,Group 1,Nitrogen-containing,K01951
E7,Ammonia,Group 1,Nitrogen-containing,K01951
E7,Ammonia,Group 1,Nitrogen-containing,K01955
E7,Ammonia,Group 1,Nitrogen-containing,K01955
E7,Ammonia,Group 1,Nitrogen-containing,K01956
E7,Ammonia,Group 1,Nitrogen-containing,K01956
E7,Ammonia,Group 1,Nitrogen-containing,K02437
E7,Ammonia,Group 1,Nitrogen-containing,K02437
E7,Ammonia,Group 1,Nitrogen-containing,K02501
E7,Ammonia,Group 1,Nitrogen-containing,K02501
E7,Ammonia,Group 1,Nitrogen-containing,K03153
E7,Ammonia,Group 1,Nitrogen-containing,K03153
E7,Ammonia,Group 1,Nitrogen-containing,K03707
E7,Ammonia,Group 1,Nitrogen-containing,K03707
E7,Ammonia,Group 1,Nitrogen-containing,K03735
E7,Ammonia,Group 1,Nitrogen-containing,K03735
E7,Ammonia,Group 1,Nitrogen-containing,K03736
E7,Ammonia,Group 1,Nitrogen-containing,K03736
E7,Ammonia,Group 1,Nitrogen-containing,K03743
E7,Ammonia,Group 1,Nitrogen-containing,K03743
E7,Ammonia,Group 1,Nitrogen-containing,K05600
E7,Ammonia,Group 1,Nitrogen-containing,K05600
E7,Ammonia,Group 1,Nitrogen-containing,K05810
E7,Ammonia,Group 1,Nitrogen-containing,K05810
E7,Ammonia,Group 1,Nitrogen-containing,K06920
E7,Ammonia,Group 1,Nitrogen-containing,K06920
E7,Ammonia,Group 1,Nitrogen-containing,K06989
E7,Ammonia,Group 1,Nitrogen-containing,K06989
E7,Ammonia,Group 1,Nitrogen-containing,K08281
E7,Ammonia,Group 1,Nitrogen-containing,K08281
E7,Ammonia,Group 1,Nitrogen-containing,K09022
E7,Ammonia,Group 1,Nitrogen-containing,K09022
E7,Ammonia,Group 1,Nitrogen-containing,K09471
E7,Ammonia,Group 1,Nitrogen-containing,K09471
E7,Ammonia,Group 1,Nitrogen-containing,K10026
E7,Ammonia,Group 1,Nitrogen-containing,K10026
E7,Ammonia,Group 1,Nitrogen-containing,K11311
E7,Ammonia,Group 1,Nitrogen-containing,K11311
E7,Ammonia,Group 1,Nitrogen-containing,K11991
E7,Ammonia,Group 1,Nitrogen-containing,K11991
E7,Ammonia,Group 1,Nitrogen-containing,K21062
E7,Ammonia,Group 1,Nitrogen-containing,K21062
E7,Ammonia,Group 1,Nitrogen-containing,K00262
E7,Ammonia,Group 1,Nitrogen-containing,K00262
E7,Ammonia,Group 1,Nitrogen-containing,K01664
E7,Ammonia,Group 1,Nitrogen-containing,K01664
E7,Ammonia,Group 1,Nitrogen-containing,K01950
E7,Ammonia,Group 1,Nitrogen-containing,K01950
E7,Ammonia,Group 1,Nitrogen-containing,K02500
E7,Ammonia,Group 1,Nitrogen-containing,K02500
E7,Ammonia,Group 1,Nitrogen-containing,K05597
E7,Ammonia,Group 1,Nitrogen-containing,K05597
E7,Ammonia,Group 1,Nitrogen-containing,K11752
E7,Ammonia,Group 1,Nitrogen-containing,K11752
E7,Ammonia,Group 1,Nitrogen-containing,K17950
E7,Ammonia,Group 1,Nitrogen-containing,K17950
E7,Ammonia,Group 1,Nitrogen-containing,K18248
E7,Ammonia,Group 1,Nitrogen-containing,K18248
E7,Ammonia,Group 1,Nitrogen-containing,K21053
E7,Ammonia,Group 1,Nitrogen-containing,K21053
E7,Amsacrine,Group 1,Polyaromatic,K02469
E7,Amsacrine,Group 1,Nitrogen-containing,K02469
E7,Amsacrine,Group 1,Sulfur-containing,K02469
E7,Amsacrine,Group 1,Polyaromatic,K02470
E7,Amsacrine,Group 1,Nitrogen-containing,K02470
E7,Amsacrine,Group 1,Sulfur-containing,K02470
E7,Amsacrine,Group 1,Polyaromatic,K02621
E7,Amsacrine,Group 1,Nitrogen-containing,K02621
E7,Amsacrine,Group 1,Sulfur-containing,K02621
E7,Amsacrine,Group 1,Polyaromatic,K02622
E7,Amsacrine,Group 1,Nitrogen-containing,K02622
E7,Amsacrine,Group 1,Sulfur-containing,K02622
E7,Amsacrine,Group 1,Polyaromatic,K03168
E7,Amsacrine,Group 1,Nitrogen-containing,K03168
E7,Amsacrine,Group 1,Sulfur-containing,K03168
E7,Anthracene,Group 1,Polyaromatic,K14581
E7,Anthracene,Group 1,Polyaromatic,K14581
E7,Anthracene,Group 1,Polyaromatic,K14581
E7,Anthracene,Group 1,Polyaromatic,K14581
E7,Anthracene,Group 1,Polyaromatic,K14581
E7,"Anthracene-cis-1,2-dihydrodiol",Group 1,Polyaromatic,K14581
E7,"Anthracene-cis-1,2-dihydrodiol",Group 1,Polyaromatic,K14581
E7,"Anthracene-cis-1,2-dihydrodiol",Group 1,Polyaromatic,K14581
E7,"Anthracene-cis-1,2-dihydrodiol",Group 1,Polyaromatic,K14581
E7,Aristolochic acid,Group 1,Polyaromatic,K01058
E7,Aristolochic acid,Group 1,Nitrogen-containing,K01058
E7,Arsenic,Group 1,Metal,K04077
E7,Arsenic,Group 1,Metal,K04077
E7,Arsenic,Group 1,Metal,K04077
E7,Arsenic,Group 1,Metal,K04077
E7,Aziridine,Group 1,Nitrogen-containing,K01089
E7,Aziridine,Group 1,Aliphatic,K01089
E7,Benzene,Group 1,Aromatic,K16242
E7,Benzene,Group 1,Aromatic,K16242
E7,Benzene,Group 1,Aromatic,K16242
E7,Benzene,Group 1,Aromatic,K16242
E7,Benzene,Group 1,Aromatic,K16242
E7,Benzene,Group 1,Aromatic,K16242
E7,Benzene,Group 1,Aromatic,K16242
E7,Benzene,Group 1,Aromatic,K16243
E7,Benzene,Group 1,Aromatic,K16243
E7,Benzene,Group 1,Aromatic,K16243
E7,Benzene,Group 1,Aromatic,K16243
E7,Benzene,Group 1,Aromatic,K16243
E7,Benzene,Group 1,Aromatic,K16243
E7,Benzene,Group 1,Aromatic,K16243
E7,Benzene,Group 1,Aromatic,K16244
E7,Benzene,Group 1,Aromatic,K16244
E7,Benzene,Group 1,Aromatic,K16244
E7,Benzene,Group 1,Aromatic,K16244
E7,Benzene,Group 1,Aromatic,K16244
E7,Benzene,Group 1,Aromatic,K16244
E7,Benzene,Group 1,Aromatic,K16244
E7,Benzene,Group 1,Aromatic,K16245
E7,Benzene,Group 1,Aromatic,K16245
E7,Benzene,Group 1,Aromatic,K16245
E7,Benzene,Group 1,Aromatic,K16245
E7,Benzene,Group 1,Aromatic,K16245
E7,Benzene,Group 1,Aromatic,K16245
E7,Benzene,Group 1,Aromatic,K16245
E7,Benzene,Group 1,Aromatic,K16249
E7,Benzene,Group 1,Aromatic,K16249
E7,Benzene,Group 1,Aromatic,K16249
E7,Benzene,Group 1,Aromatic,K16249
E7,Benzene,Group 1,Aromatic,K16249
E7,Benzene,Group 1,Aromatic,K16249
E7,Benzene,Group 1,Aromatic,K16249
E7,Benzene,Group 1,Aromatic,K16246
E7,Benzene,Group 1,Aromatic,K16246
E7,Benzene,Group 1,Aromatic,K16246
E7,Benzene,Group 1,Aromatic,K16246
E7,Benzene,Group 1,Aromatic,K16246
E7,Benzene,Group 1,Aromatic,K16246
E7,Benzene,Group 1,Aromatic,K16246
E7,Benzo[a]pyrene,Group 1,Polyaromatic,K14581
E7,Benzo[a]pyrene,Group 1,Polyaromatic,K14581
E7,Benzo[a]pyrene,Group 1,Polyaromatic,K14581
E7,Benzo[a]pyrene,Group 1,Polyaromatic,K14581
E7,Benzo[a]pyrene,Group 1,Polyaromatic,K14581
E7,Benzo[a]pyrene,Group 1,Polyaromatic,K14581
E7,Benzo[a]pyrene,Group 1,Polyaromatic,K14581
E7,"Benzo[a]pyrene-cis-9,10-dihydrodiol",Group 1,Polyaromatic,K14581
E7,"Benzo[a]pyrene-cis-9,10-dihydrodiol",Group 1,Polyaromatic,K14581
E7,"Benzo[a]pyrene-cis-9,10-dihydrodiol",Group 1,Polyaromatic,K14581
E7,"Benzo[a]pyrene-cis-9,10-dihydrodiol",Group 1,Polyaromatic,K14581
E7,CO,Group 1,Inorganic,K03147
E7,CO,Group 1,Inorganic,K06911
E7,Cacodylate,Group 1,Inorganic,K00019
E7,Cacodylate,Group 1,Inorganic,K00019
E7,Cacodylate,Group 1,Metal,K00019
E7,Cacodylate,Group 1,Metal,K00019
E7,Cacodylate,Group 1,Inorganic,K00133
E7,Cacodylate,Group 1,Inorganic,K00133
E7,Cacodylate,Group 1,Metal,K00133
E7,Cacodylate,Group 1,Metal,K00133
E7,Cacodylate,Group 1,Inorganic,K01708
E7,Cacodylate,Group 1,Inorganic,K01708
E7,Cacodylate,Group 1,Metal,K01708
E7,Cacodylate,Group 1,Metal,K01708
E7,Captafol,Group 1,Chlorinated,K00652
E7,Captafol,Group 1,Nitrogen-containing,K00652
E7,Captafol,Group 1,Sulfur-containing,K00652
E7,Carbon tetrachloride,Group 1,Chlorinated,K01081
E7,Carbon tetrachloride,Group 1,Chlorinated,K01081
E7,Carbon tetrachloride,Group 1,Chlorinated,K01081
E7,Carbon tetrachloride,Group 1,Chlorinated,K01081
E7,Carbon tetrachloride,Group 1,Chlorinated,K01081
E7,Carbon tetrachloride,Group 1,Chlorinated,K00384
E7,Carbon tetrachloride,Group 1,Chlorinated,K00384
E7,Carbon tetrachloride,Group 1,Chlorinated,K00384
E7,Carbon tetrachloride,Group 1,Chlorinated,K00384
E7,Carbon tetrachloride,Group 1,Chlorinated,K00384
E7,Carbon tetrachloride,Group 1,Chlorinated,K00789
E7,Carbon tetrachloride,Group 1,Chlorinated,K00789
E7,Carbon tetrachloride,Group 1,Chlorinated,K00789
E7,Carbon tetrachloride,Group 1,Chlorinated,K00789
E7,Carbon tetrachloride,Group 1,Chlorinated,K00789
E7,Carbon tetrachloride,Group 1,Chlorinated,K01919
E7,Carbon tetrachloride,Group 1,Chlorinated,K01919
E7,Carbon tetrachloride,Group 1,Chlorinated,K01919
E7,Carbon tetrachloride,Group 1,Chlorinated,K01919
E7,Carbon tetrachloride,Group 1,Chlorinated,K01919
E7,Carbon tetrachloride,Group 1,Chlorinated,K03787
E7,Carbon tetrachloride,Group 1,Chlorinated,K03787
E7,Carbon tetrachloride,Group 1,Chlorinated,K03787
E7,Carbon tetrachloride,Group 1,Chlorinated,K03787
E7,Carbon tetrachloride,Group 1,Chlorinated,K03787
E7,Carbon tetrachloride,Group 1,Chlorinated,K11751
E7,Carbon tetrachloride,Group 1,Chlorinated,K11751
E7,Carbon tetrachloride,Group 1,Chlorinated,K11751
E7,Carbon tetrachloride,Group 1,Chlorinated,K11751
E7,Carbon tetrachloride,Group 1,Chlorinated,K11751
E7,Catechol,Group 1,Aromatic,K05599
E7,Catechol,Group 1,Aromatic,K05599
E7,Catechol,Group 1,Aromatic,K05599
E7,Catechol,Group 1,Aromatic,K05599
E7,Catechol,Group 1,Aromatic,K05599
E7,Catechol,Group 1,Aromatic,K03381
E7,Catechol,Group 1,Aromatic,K03381
E7,Catechol,Group 1,Aromatic,K03381
E7,Catechol,Group 1,Aromatic,K03381
E7,Catechol,Group 1,Aromatic,K03381
E7,Catechol,Group 1,Aromatic,K05600
E7,Catechol,Group 1,Aromatic,K05600
E7,Catechol,Group 1,Aromatic,K05600
E7,Catechol,Group 1,Aromatic,K05600
E7,Catechol,Group 1,Aromatic,K05600
E7,Catechol,Group 1,Aromatic,K05783
E7,Catechol,Group 1,Aromatic,K05783
E7,Catechol,Group 1,Aromatic,K05783
E7,Catechol,Group 1,Aromatic,K05783
E7,Catechol,Group 1,Aromatic,K05783
E7,Catechol,Group 1,Aromatic,K11311
E7,Catechol,Group 1,Aromatic,K11311
E7,Catechol,Group 1,Aromatic,K11311
E7,Catechol,Group 1,Aromatic,K11311
E7,Catechol,Group 1,Aromatic,K11311
E7,Catechol,Group 1,Aromatic,K16242
E7,Catechol,Group 1,Aromatic,K16242
E7,Catechol,Group 1,Aromatic,K16242
E7,Catechol,Group 1,Aromatic,K16242
E7,Catechol,Group 1,Aromatic,K16242
E7,Catechol,Group 1,Aromatic,K16243
E7,Catechol,Group 1,Aromatic,K16243
E7,Catechol,Group 1,Aromatic,K16243
E7,Catechol,Group 1,Aromatic,K16243
E7,Catechol,Group 1,Aromatic,K16243
E7,Catechol,Group 1,Aromatic,K16244
E7,Catechol,Group 1,Aromatic,K16244
E7,Catechol,Group 1,Aromatic,K16244
E7,Catechol,Group 1,Aromatic,K16244
E7,Catechol,Group 1,Aromatic,K16244
E7,Catechol,Group 1,Aromatic,K16245
E7,Catechol,Group 1,Aromatic,K16245
E7,Catechol,Group 1,Aromatic,K16245
E7,Catechol,Group 1,Aromatic,K16245
E7,Catechol,Group 1,Aromatic,K16245
E7,Catechol,Group 1,Aromatic,K16249
E7,Catechol,Group 1,Aromatic,K16249
E7,Catechol,Group 1,Aromatic,K16249
E7,Catechol,Group 1,Aromatic,K16249
E7,Catechol,Group 1,Aromatic,K16249
E7,Catechol,Group 1,Aromatic,K14581
E7,Catechol,Group 1,Aromatic,K14581
E7,Catechol,Group 1,Aromatic,K14581
E7,Catechol,Group 1,Aromatic,K14581
E7,Catechol,Group 1,Aromatic,K14581
E7,Catechol,Group 1,Aromatic,K16246
E7,Catechol,Group 1,Aromatic,K16246
E7,Catechol,Group 1,Aromatic,K16246
E7,Catechol,Group 1,Aromatic,K16246
E7,Catechol,Group 1,Aromatic,K16246
E7,Catechol,Group 1,Aromatic,K18248
E7,Catechol,Group 1,Aromatic,K18248
E7,Catechol,Group 1,Aromatic,K18248
E7,Catechol,Group 1,Aromatic,K18248
E7,Catechol,Group 1,Aromatic,K18248
E7,Chloral hydrate,Group 1,Chlorinated,K00001
E7,Chloral hydrate,Group 1,Aliphatic,K00001
E7,Chloral hydrate,Group 1,Chlorinated,K00121
E7,Chloral hydrate,Group 1,Aliphatic,K00121
E7,Chloral hydrate,Group 1,Chlorinated,K13954
E7,Chloral hydrate,Group 1,Aliphatic,K13954
E7,Chloramine,Group 1,Nitrogen-containing,K03386
E7,Chloramine,Group 1,Chlorinated,K03386
E7,Chloramine,Group 1,Nitrogen-containing,K03564
E7,Chloramine,Group 1,Chlorinated,K03564
E7,Chloraminophenamide,Group 1,Nitrogen-containing,K01673
E7,Chloraminophenamide,Group 1,Sulfur-containing,K01673
E7,Chloraminophenamide,Group 1,Chlorinated,K01673
E7,Chloraminophenamide,Group 1,Aromatic,K01673
E7,Chloramphenicol,Group 1,Aromatic,K00638
E7,Chloramphenicol,Group 1,Nitrogen-containing,K00638
E7,Chloramphenicol,Group 1,Chlorinated,K00638
E7,Chloroform,Group 1,Chlorinated,K01434
E7,Chloroform,Group 1,Chlorinated,K01434
E7,Chloroform,Group 1,Chlorinated,K01434
E7,Chloroform,Group 1,Chlorinated,K01434
E7,Chloroform,Group 1,Chlorinated,K01434
E7,Chloroform,Group 1,Chlorinated,K01434
E7,Chloroform,Group 1,Chlorinated,K01434
E7,Chloroform,Group 1,Aliphatic,K01434
E7,Chloroform,Group 1,Aliphatic,K01434
E7,Chloroform,Group 1,Aliphatic,K01434
E7,Chloroform,Group 1,Aliphatic,K01434
E7,Chloroform,Group 1,Aliphatic,K01434
E7,Chloroform,Group 1,Aliphatic,K01434
E7,Chloroform,Group 1,Aliphatic,K01434
E7,Chlorpyrifos,Group 1,Organophosphorus,K00799
E7,Chlorpyrifos,Group 1,Organophosphorus,K00799
E7,Chlorpyrifos,Group 1,Organophosphorus,K00799
E7,Chlorpyrifos,Group 1,Chlorinated,K00799
E7,Chlorpyrifos,Group 1,Chlorinated,K00799
E7,Chlorpyrifos,Group 1,Chlorinated,K00799
E7,Chlorpyrifos,Group 1,Organophosphorus,K01073
E7,Chlorpyrifos,Group 1,Organophosphorus,K01073
E7,Chlorpyrifos,Group 1,Organophosphorus,K01073
E7,Chlorpyrifos,Group 1,Chlorinated,K01073
E7,Chlorpyrifos,Group 1,Chlorinated,K01073
E7,Chlorpyrifos,Group 1,Chlorinated,K01073
E7,Chlorpyrifos,Group 1,Organophosphorus,K10804
E7,Chlorpyrifos,Group 1,Organophosphorus,K10804
E7,Chlorpyrifos,Group 1,Organophosphorus,K10804
E7,Chlorpyrifos,Group 1,Chlorinated,K10804
E7,Chlorpyrifos,Group 1,Chlorinated,K10804
E7,Chlorpyrifos,Group 1,Chlorinated,K10804
E7,Chlorpyrifos,Group 1,Organophosphorus,K10805
E7,Chlorpyrifos,Group 1,Organophosphorus,K10805
E7,Chlorpyrifos,Group 1,Organophosphorus,K10805
E7,Chlorpyrifos,Group 1,Chlorinated,K10805
E7,Chlorpyrifos,Group 1,Chlorinated,K10805
E7,Chlorpyrifos,Group 1,Chlorinated,K10805
E7,Cobalt,Group 1,Metal,K01870
E7,Cobaltous sulfate,Group 1,Metal,K01488
E7,Cobaltous sulfate,Group 1,Inorganic,K01488
E7,Cobaltous sulfate,Group 1,Metal,K01624
E7,Cobaltous sulfate,Group 1,Inorganic,K01624
E7,Cobaltous sulfate,Group 1,Metal,K01779
E7,Cobaltous sulfate,Group 1,Inorganic,K01779
E7,Cobaltous sulfate,Group 1,Metal,K05810
E7,Cobaltous sulfate,Group 1,Inorganic,K05810
E7,Copper,Group 1,Metal,K17686
E7,Copper,Group 1,Metal,K17686
E7,Copper,Group 1,Metal,K17686
E7,Cyanide ion,Group 1,Nitrogen-containing,K01011
E7,Cyanide ion,Group 1,Nitrogen-containing,K01011
E7,Cyanide ion,Group 1,Nitrogen-containing,K01011
E7,Cyanide ion,Group 1,Inorganic,K01011
E7,Cyanide ion,Group 1,Inorganic,K01011
E7,Cyanide ion,Group 1,Inorganic,K01011
E7,Cypermethrin,Group 1,Polyaromatic,K00823
E7,Cypermethrin,Group 1,Chlorinated,K00823
E7,Cypermethrin,Group 1,Nitrogen-containing,K00823
E7,Cypermethrin,Group 1,Polyaromatic,K00799
E7,Cypermethrin,Group 1,Chlorinated,K00799
E7,Cypermethrin,Group 1,Nitrogen-containing,K00799
E7,Cypermethrin,Group 1,Polyaromatic,K07250
E7,Cypermethrin,Group 1,Chlorinated,K07250
E7,Cypermethrin,Group 1,Nitrogen-containing,K07250
E7,Danthron,Group 1,Aromatic,K00344
E7,Danthron,Group 1,Aromatic,K00355
E7,Danthron,Group 1,Aromatic,K00384
E7,Danthron,Group 1,Aromatic,K00528
E7,Danthron,Group 1,Aromatic,K03809
E7,Dichlorvos,Group 1,Organophosphorus,K00799
E7,Dichlorvos,Group 1,Organophosphorus,K00799
E7,Dichlorvos,Group 1,Organophosphorus,K00799
E7,Dichlorvos,Group 1,Chlorinated,K00799
E7,Dichlorvos,Group 1,Chlorinated,K00799
E7,Dichlorvos,Group 1,Chlorinated,K00799
E7,Diethyl phthalate,Group 1,Aromatic,K01046
E7,Diuron,Group 1,Nitrogen-containing,K03981
E7,Diuron,Group 1,Nitrogen-containing,K03981
E7,Diuron,Group 1,Nitrogen-containing,K03981
E7,Diuron,Group 1,Chlorinated,K03981
E7,Diuron,Group 1,Chlorinated,K03981
E7,Diuron,Group 1,Chlorinated,K03981
E7,Diuron,Group 1,Aromatic,K03981
E7,Diuron,Group 1,Aromatic,K03981
E7,Diuron,Group 1,Aromatic,K03981
E7,Endosulfan,Group 1,Chlorinated,K00799
E7,Endosulfan,Group 1,Chlorinated,K00799
E7,Endosulfan,Group 1,Chlorinated,K00799
E7,Endosulfan,Group 1,Chlorinated,K00799
E7,Endosulfan,Group 1,Inorganic,K00799
E7,Endosulfan,Group 1,Inorganic,K00799
E7,Endosulfan,Group 1,Inorganic,K00799
E7,Endosulfan,Group 1,Inorganic,K00799
E7,Epichlorohydrin,Group 1,Chlorinated,K00799
E7,Epichlorohydrin,Group 1,Aliphatic,K00799
E7,Epichlorohydrin,Group 1,Chlorinated,K00457
E7,Epichlorohydrin,Group 1,Aliphatic,K00457
E7,Epichlorohydrin,Group 1,Chlorinated,K01114
E7,Epichlorohydrin,Group 1,Aliphatic,K01114
E7,Epichlorohydrin,Group 1,Chlorinated,K03153
E7,Epichlorohydrin,Group 1,Aliphatic,K03153
E7,Epichlorohydrin,Group 1,Chlorinated,K16161
E7,Epichlorohydrin,Group 1,Aliphatic,K16161
E7,Ethanol,Group 1,Aliphatic,K00001
E7,Ethanol,Group 1,Aliphatic,K00121
E7,Ethanol,Group 1,Aliphatic,K12957
E7,Ethanol,Group 1,Aliphatic,K13954
E7,Ethanol,Group 1,Aliphatic,K13979
E7,Ethyl acrylate,Group 1,Aliphatic,K01426
E7,Ethyl methanesulfonate,Group 1,Organosulfur,K00560
E7,Ethyl methanesulfonate,Group 1,Aliphatic,K00560
E7,Ethylbenzene,Group 1,Aromatic,K14581
E7,Ethylbenzene,Group 1,Aromatic,K14581
E7,Ethylbenzene,Group 1,Aromatic,K14581
E7,Ethylbenzene,Group 1,Aromatic,K14581
E7,Ethylene glycol,Group 1,Aliphatic,K21105
E7,Etoposide,Group 1,Polyaromatic,K00432
E7,Fluoranthene,Group 1,Polyaromatic,K00433
E7,Fluoranthene,Group 1,Polyaromatic,K00433
E7,Fluoranthene,Group 1,Polyaromatic,K00433
E7,Fluoranthene,Group 1,Polyaromatic,K00433
E7,Fluoren-9-ol,Group 1,Polyaromatic,K14581
E7,Fluoren-9-ol,Group 1,Polyaromatic,K14581
E7,Fluoren-9-ol,Group 1,Polyaromatic,K14581
E7,Fluoren-9-ol,Group 1,Polyaromatic,K14581
E7,Fluorene,Group 1,Polyaromatic,K14581
E7,Fluorene,Group 1,Polyaromatic,K14581
E7,Fluorene,Group 1,Polyaromatic,K14581
E7,Fluorene,Group 1,Polyaromatic,K14581
E7,Fluorene,Group 1,Polyaromatic,K14581
E7,Formaldehyde,Group 1,Aliphatic,K03863
E7,Formaldehyde,Group 1,Aliphatic,K03863
E7,Formaldehyde,Group 1,Aliphatic,K03863
E7,Formaldehyde,Group 1,Aliphatic,K00276
E7,Formaldehyde,Group 1,Aliphatic,K00276
E7,Formaldehyde,Group 1,Aliphatic,K00276
E7,Formaldehyde,Group 1,Aliphatic,K00299
E7,Formaldehyde,Group 1,Aliphatic,K00299
E7,Formaldehyde,Group 1,Aliphatic,K00299
E7,Formaldehyde,Group 1,Aliphatic,K00606
E7,Formaldehyde,Group 1,Aliphatic,K00606
E7,Formaldehyde,Group 1,Aliphatic,K00606
E7,Formaldehyde,Group 1,Aliphatic,K03781
E7,Formaldehyde,Group 1,Aliphatic,K03781
E7,Formaldehyde,Group 1,Aliphatic,K03781
E7,Formaldehyde,Group 1,Aliphatic,K03782
E7,Formaldehyde,Group 1,Aliphatic,K03782
E7,Formaldehyde,Group 1,Aliphatic,K03782
E7,Formaldehyde,Group 1,Aliphatic,K03862
E7,Formaldehyde,Group 1,Aliphatic,K03862
E7,Formaldehyde,Group 1,Aliphatic,K03862
E7,Formaldehyde,Group 1,Aliphatic,K04091
E7,Formaldehyde,Group 1,Aliphatic,K04091
E7,Formaldehyde,Group 1,Aliphatic,K04091
E7,Formaldehyde,Group 1,Aliphatic,K17228
E7,Formaldehyde,Group 1,Aliphatic,K17228
E7,Formaldehyde,Group 1,Aliphatic,K17228
E7,Glycidaldehyde,Group 1,Aliphatic,K00600
E7,Hydrochlorothiazide,Group 1,Nitrogen-containing,K00287
E7,Hydrochlorothiazide,Group 1,Sulfur-containing,K00287
E7,Hydrochlorothiazide,Group 1,Chlorinated,K00287
E7,Hydrochlorothiazide,Group 1,Aromatic,K00287
E7,Hydrochlorothiazide,Group 1,Nitrogen-containing,K01673
E7,Hydrochlorothiazide,Group 1,Sulfur-containing,K01673
E7,Hydrochlorothiazide,Group 1,Chlorinated,K01673
E7,Hydrochlorothiazide,Group 1,Aromatic,K01673
E7,Hydrochlorothiazide,Group 1,Nitrogen-containing,K18590
E7,Hydrochlorothiazide,Group 1,Sulfur-containing,K18590
E7,Hydrochlorothiazide,Group 1,Chlorinated,K18590
E7,Hydrochlorothiazide,Group 1,Aromatic,K18590
E7,Hydrogen cyanide,Group 1,Nitrogen-containing,K00799
E7,Lead,Group 1,Metal,K00001
E7,Lead,Group 1,Metal,K00001
E7,Lead,Group 1,Metal,K00001
E7,Lead,Group 1,Metal,K00001
E7,Lead,Group 1,Metal,K00001
E7,Lead nitrate,Group 1,Metal,K00620
E7,Lead nitrate,Group 1,Metal,K00620
E7,Lead nitrate,Group 1,Inorganic,K00620
E7,Lead nitrate,Group 1,Inorganic,K00620
E7,Lead nitrate,Group 1,Nitrogen-containing,K00620
E7,Lead nitrate,Group 1,Nitrogen-containing,K00620
E7,Lead nitrate,Group 1,Metal,K01749
E7,Lead nitrate,Group 1,Metal,K01749
E7,Lead nitrate,Group 1,Inorganic,K01749
E7,Lead nitrate,Group 1,Inorganic,K01749
E7,Lead nitrate,Group 1,Nitrogen-containing,K01749
E7,Lead nitrate,Group 1,Nitrogen-containing,K01749
E7,Mercuric chloride,Group 1,Metal,K05599
E7,Mercuric chloride,Group 1,Metal,K05599
E7,Mercuric chloride,Group 1,Chlorinated,K05599
E7,Mercuric chloride,Group 1,Chlorinated,K05599
E7,Mercuric chloride,Group 1,Metal,K00001
E7,Mercuric chloride,Group 1,Metal,K00001
E7,Mercuric chloride,Group 1,Chlorinated,K00001
E7,Mercuric chloride,Group 1,Chlorinated,K00001
E7,Mercuric chloride,Group 1,Metal,K00459
E7,Mercuric chloride,Group 1,Metal,K00459
E7,Mercuric chloride,Group 1,Chlorinated,K00459
E7,Mercuric chloride,Group 1,Chlorinated,K00459
E7,Mercuric chloride,Group 1,Metal,K05600
E7,Mercuric chloride,Group 1,Metal,K05600
E7,Mercuric chloride,Group 1,Chlorinated,K05600
E7,Mercuric chloride,Group 1,Chlorinated,K05600
E7,Methane,Group 1,Aliphatic,K16161
E7,Methyl bromide,Group 1,Halogenated,K00567
E7,Methyl bromide,Group 1,Aliphatic,K00567
E7,Methyl bromide,Group 1,Halogenated,K10778
E7,Methyl bromide,Group 1,Aliphatic,K10778
E7,Methyl chloride,Group 1,Chlorinated,K16161
E7,Methyl chloride,Group 1,Chlorinated,K16161
E7,Methyl chloride,Group 1,Aliphatic,K16161
E7,Methyl chloride,Group 1,Aliphatic,K16161
E7,Methyl isobutyl ketone,Group 1,Aliphatic,K00001
E7,Methyl tert-butyl ether,Group 1,Aliphatic,K00001
E7,Methyl tert-butyl ether,Group 1,Aliphatic,K00496
E7,Methylmercury chloride,Group 1,Organometallic,K00249
E7,Methylmercury chloride,Group 1,Organometallic,K00249
E7,Methylmercury chloride,Group 1,Organometallic,K00249
E7,Methylmercury chloride,Group 1,Chlorinated,K00249
E7,Methylmercury chloride,Group 1,Chlorinated,K00249
E7,Methylmercury chloride,Group 1,Chlorinated,K00249
E7,Methylmercury chloride,Group 1,Organometallic,K00287
E7,Methylmercury chloride,Group 1,Organometallic,K00287
E7,Methylmercury chloride,Group 1,Organometallic,K00287
E7,Methylmercury chloride,Group 1,Chlorinated,K00287
E7,Methylmercury chloride,Group 1,Chlorinated,K00287
E7,Methylmercury chloride,Group 1,Chlorinated,K00287
E7,Methylmercury chloride,Group 1,Organometallic,K00248
E7,Methylmercury chloride,Group 1,Organometallic,K00248
E7,Methylmercury chloride,Group 1,Organometallic,K00248
E7,Methylmercury chloride,Group 1,Chlorinated,K00248
E7,Methylmercury chloride,Group 1,Chlorinated,K00248
E7,Methylmercury chloride,Group 1,Chlorinated,K00248
E7,Methylmercury chloride,Group 1,Organometallic,K00255
E7,Methylmercury chloride,Group 1,Organometallic,K00255
E7,Methylmercury chloride,Group 1,Organometallic,K00255
E7,Methylmercury chloride,Group 1,Chlorinated,K00255
E7,Methylmercury chloride,Group 1,Chlorinated,K00255
E7,Methylmercury chloride,Group 1,Chlorinated,K00255
E7,Methylmercury chloride,Group 1,Organometallic,K01262
E7,Methylmercury chloride,Group 1,Organometallic,K01262
E7,Methylmercury chloride,Group 1,Organometallic,K01262
E7,Methylmercury chloride,Group 1,Chlorinated,K01262
E7,Methylmercury chloride,Group 1,Chlorinated,K01262
E7,Methylmercury chloride,Group 1,Chlorinated,K01262
E7,Methylmercury chloride,Group 1,Organometallic,K01919
E7,Methylmercury chloride,Group 1,Organometallic,K01919
E7,Methylmercury chloride,Group 1,Organometallic,K01919
E7,Methylmercury chloride,Group 1,Chlorinated,K01919
E7,Methylmercury chloride,Group 1,Chlorinated,K01919
E7,Methylmercury chloride,Group 1,Chlorinated,K01919
E7,Methylmercury chloride,Group 1,Organometallic,K18590
E7,Methylmercury chloride,Group 1,Organometallic,K18590
E7,Methylmercury chloride,Group 1,Organometallic,K18590
E7,Methylmercury chloride,Group 1,Chlorinated,K18590
E7,Methylmercury chloride,Group 1,Chlorinated,K18590
E7,Methylmercury chloride,Group 1,Chlorinated,K18590
E7,Methylnitrosourea,Group 1,Nitrogen-containing,K12410
E7,Methylnitrosourea,Group 1,Aliphatic,K12410
E7,Microcystin LR,Group 1,Nitrogen-containing,K01595
E7,Microcystin LR,Group 1,Aromatic,K01595
E7,Mitomycin,Group 1,Nitrogen-containing,K03809
E7,Mitomycin,Group 1,Polyaromatic,K03809
E7,Mitoxantrone,Group 1,Nitrogen-containing,K01104
E7,Mitoxantrone,Group 1,Polyaromatic,K01104
E7,"N,N'-Diacetylbenzidine",Group 1,Nitrogen-containing,K03594
E7,"N,N'-Diacetylbenzidine",Group 1,Polyaromatic,K03594
E7,N-Methyl-N'-nitro-N-nitrosoguanidine,Group 1,Nitrogen-containing,K03652
E7,N-Methyl-N'-nitro-N-nitrosoguanidine,Group 1,Inorganic,K03652
E7,Nafenopin,Group 1,Polyaromatic,K01961
E7,Nafenopin,Group 1,Polyaromatic,K01962
E7,Nafenopin,Group 1,Polyaromatic,K01963
E7,Nafenopin,Group 1,Polyaromatic,K11263
E7,Naphthalene,Group 1,Polyaromatic,K14581
E7,Naphthalene,Group 1,Polyaromatic,K14581
E7,Naphthalene,Group 1,Polyaromatic,K14581
E7,Naphthalene,Group 1,Polyaromatic,K14581
E7,Naphthalene,Group 1,Polyaromatic,K14581
E7,Naphthalene,Group 1,Polyaromatic,K14581
E7,Nickel chloride,Group 1,Metal,K01507
E7,Nickel chloride,Group 1,Metal,K01507
E7,Nickel chloride,Group 1,Metal,K01507
E7,Nickel chloride,Group 1,Inorganic,K01507
E7,Nickel chloride,Group 1,Inorganic,K01507
E7,Nickel chloride,Group 1,Inorganic,K01507
E7,Nickel chloride,Group 1,Chlorinated,K01507
E7,Nickel chloride,Group 1,Chlorinated,K01507
E7,Nickel chloride,Group 1,Chlorinated,K01507
E7,Nitrate,Group 1,Nitrogen-containing,K00372
E7,Nitrate,Group 1,Inorganic,K00372
E7,Nitrate,Group 1,Nitrogen-containing,K05916
E7,Nitrate,Group 1,Inorganic,K05916
E7,Nitrite,Group 1,Nitrogen-containing,K00362
E7,Nitrite,Group 1,Inorganic,K00362
E7,Nitrite,Group 1,Nitrogen-containing,K00372
E7,Nitrite,Group 1,Inorganic,K00372
E7,Nitrite,Group 1,Nitrogen-containing,K00459
E7,Nitrite,Group 1,Inorganic,K00459
E7,Nitrite,Group 1,Nitrogen-containing,K14581
E7,Nitrite,Group 1,Inorganic,K14581
E7,Nitrobenzene,Group 1,Nitrogen-containing,K14581
E7,Nitrobenzene,Group 1,Nitrogen-containing,K14581
E7,Nitrobenzene,Group 1,Aromatic,K14581
E7,Nitrobenzene,Group 1,Aromatic,K14581
E7,Nitrogen mustard,Group 1,Chlorinated,K00130
E7,Nitrogen mustard,Group 1,Nitrogen-containing,K00130
E7,Nitromethane,Group 1,Nitrogen-containing,K00459
E7,Nitromethane,Group 1,Inorganic,K00459
E7,Nitromethane,Group 1,Nitrogen-containing,K00496
E7,Nitromethane,Group 1,Inorganic,K00496
E7,Nitromethane,Group 1,Nitrogen-containing,K01745
E7,Nitromethane,Group 1,Inorganic,K01745
E7,Nitromethane,Group 1,Nitrogen-containing,K16161
E7,Nitromethane,Group 1,Inorganic,K16161
E7,Phenacetin,Group 1,Aromatic,K01426
E7,Phenacetin,Group 1,Nitrogen-containing,K01426
E7,Phenol,Group 1,Aromatic,K01130
E7,Phenol,Group 1,Aromatic,K10804
E7,Phenol,Group 1,Aromatic,K10804
E7,Phenol,Group 1,Aromatic,K10804
E7,Phenol,Group 1,Aromatic,K10804
E7,Phenol,Group 1,Aromatic,K10804
E7,Phenol,Group 1,Aromatic,K16242
E7,Phenol,Group 1,Aromatic,K16242
E7,Phenol,Group 1,Aromatic,K16242
E7,Phenol,Group 1,Aromatic,K16242
E7,Phenol,Group 1,Aromatic,K16243
E7,Phenol,Group 1,Aromatic,K16243
E7,Phenol,Group 1,Aromatic,K16243
E7,Phenol,Group 1,Aromatic,K16243
E7,Phenol,Group 1,Aromatic,K16244
E7,Phenol,Group 1,Aromatic,K16244
E7,Phenol,Group 1,Aromatic,K16244
E7,Phenol,Group 1,Aromatic,K16244
E7,Phenol,Group 1,Aromatic,K16245
E7,Phenol,Group 1,Aromatic,K16245
E7,Phenol,Group 1,Aromatic,K16245
E7,Phenol,Group 1,Aromatic,K16245
E7,Phenol,Group 1,Aromatic,K16249
E7,Phenol,Group 1,Aromatic,K16249
E7,Phenol,Group 1,Aromatic,K16249
E7,Phenol,Group 1,Aromatic,K16249
E7,Phenol,Group 1,Aromatic,K16246
E7,Phenol,Group 1,Aromatic,K16246
E7,Phenol,Group 1,Aromatic,K16246
E7,Phenol,Group 1,Aromatic,K16246
E7,Phenylmercury acetate,Group 1,Organometallic,K04564
E7,Phenylmercury acetate,Group 1,Organometallic,K04564
E7,Phenylmercury acetate,Group 1,Aromatic,K04564
E7,Phenylmercury acetate,Group 1,Aromatic,K04564
E7,Phenylmethanesulfonyl fluoride,Group 1,Sulfur-containing,K00001
E7,Phenylmethanesulfonyl fluoride,Group 1,Aromatic,K00001
E7,Phenylmethanesulfonyl fluoride,Group 1,Sulfur-containing,K00024
E7,Phenylmethanesulfonyl fluoride,Group 1,Aromatic,K00024
E7,Salicylate,Group 1,Aromatic,K18242
E7,Salicylate,Group 1,Aromatic,K18242
E7,Salicylate,Group 1,Aromatic,K18242
E7,Salicylate,Group 1,Aromatic,K18242
E7,Salicylate,Group 1,Aromatic,K12238
E7,Salicylate,Group 1,Aromatic,K12238
E7,Salicylate,Group 1,Aromatic,K12238
E7,Salicylate,Group 1,Aromatic,K12238
E7,Salicylate,Group 1,Aromatic,K14581
E7,Salicylate,Group 1,Aromatic,K14581
E7,Salicylate,Group 1,Aromatic,K14581
E7,Salicylate,Group 1,Aromatic,K14581
E7,Simazine,Group 1,Nitrogen-containing,K01673
E7,Simazine,Group 1,Nitrogen-containing,K01673
E7,Simazine,Group 1,Chlorinated,K01673
E7,Simazine,Group 1,Chlorinated,K01673
E7,Sodium arsenite,Group 1,Inorganic,K00128
E7,Sodium arsenite,Group 1,Metal,K00128
E7,Sodium arsenite,Group 1,Inorganic,K00265
E7,Sodium arsenite,Group 1,Metal,K00265
E7,Sodium arsenite,Group 1,Inorganic,K00266
E7,Sodium arsenite,Group 1,Metal,K00266
E7,Sodium arsenite,Group 1,Inorganic,K01011
E7,Sodium arsenite,Group 1,Metal,K01011
E7,Sodium fluoride,Group 1,Inorganic,K00024
E7,Streptozocin,Group 1,Nitrogen-containing,K01027
E7,Streptozocin,Group 1,Aliphatic,K01027
E7,Streptozocin,Group 1,Nitrogen-containing,K01028
E7,Streptozocin,Group 1,Aliphatic,K01028
E7,Streptozocin,Group 1,Nitrogen-containing,K01029
E7,Streptozocin,Group 1,Aliphatic,K01029
E7,Streptozocin,Group 1,Nitrogen-containing,K01495
E7,Streptozocin,Group 1,Aliphatic,K01495
E7,Streptozocin,Group 1,Nitrogen-containing,K22278
E7,Streptozocin,Group 1,Aliphatic,K22278
E7,Strontium cation,Group 1,Metal,K00128
E7,Strontium cation,Group 1,Metal,K03333
E7,Styrene,Group 1,Aromatic,K14581
E7,Styrene,Group 1,Aromatic,K14581
E7,Styrene,Group 1,Aromatic,K14581
E7,Sulfasalazine,Group 1,Nitrogen-containing,K20956
E7,Sulfasalazine,Group 1,Sulfur-containing,K20956
E7,Sulfasalazine,Group 1,Polyaromatic,K20956
E7,Sulfasalazine,Group 1,Nitrogen-containing,K00927
E7,Sulfasalazine,Group 1,Sulfur-containing,K00927
E7,Sulfasalazine,Group 1,Polyaromatic,K00927
E7,Sulfasalazine,Group 1,Nitrogen-containing,K11444
E7,Sulfasalazine,Group 1,Sulfur-containing,K11444
E7,Sulfasalazine,Group 1,Polyaromatic,K11444
E7,Sulfasalazine,Group 1,Nitrogen-containing,K21020
E7,Sulfasalazine,Group 1,Sulfur-containing,K21020
E7,Sulfasalazine,Group 1,Polyaromatic,K21020
E7,Sulfasalazine,Group 1,Nitrogen-containing,K21023
E7,Sulfasalazine,Group 1,Sulfur-containing,K21023
E7,Sulfasalazine,Group 1,Polyaromatic,K21023
E7,Sulfasalazine,Group 1,Nitrogen-containing,K21021
E7,Sulfasalazine,Group 1,Sulfur-containing,K21021
E7,Sulfasalazine,Group 1,Polyaromatic,K21021
E7,Terephthalate,Group 1,Aromatic,K21105
E7,Terephthalate,Group 1,Aromatic,K21105
E7,Terephthalate,Group 1,Aromatic,K21105
E7,Terephthalate,Group 1,Aromatic,K21105
E7,Tetranitromethane,Group 1,Nitrogen-containing,K00278
E7,Tetranitromethane,Group 1,Inorganic,K00278
E7,Thioacetamide,Group 1,Nitrogen-containing,K01081
E7,Thioacetamide,Group 1,Sulfur-containing,K01081
E7,Thioacetamide,Group 1,Aliphatic,K01081
E7,Thioacetamide,Group 1,Nitrogen-containing,K00001
E7,Thioacetamide,Group 1,Sulfur-containing,K00001
E7,Thioacetamide,Group 1,Aliphatic,K00001
E7,Thioacetamide,Group 1,Nitrogen-containing,K00384
E7,Thioacetamide,Group 1,Sulfur-containing,K00384
E7,Thioacetamide,Group 1,Aliphatic,K00384
E7,Thioacetamide,Group 1,Nitrogen-containing,K01426
E7,Thioacetamide,Group 1,Sulfur-containing,K01426
E7,Thioacetamide,Group 1,Aliphatic,K01426
E7,Thioacetamide,Group 1,Nitrogen-containing,K01919
E7,Thioacetamide,Group 1,Sulfur-containing,K01919
E7,Thioacetamide,Group 1,Aliphatic,K01919
E7,Thioacetamide,Group 1,Nitrogen-containing,K01920
E7,Thioacetamide,Group 1,Sulfur-containing,K01920
E7,Thioacetamide,Group 1,Aliphatic,K01920
E7,Thioacetamide,Group 1,Nitrogen-containing,K03787
E7,Thioacetamide,Group 1,Sulfur-containing,K03787
E7,Thioacetamide,Group 1,Aliphatic,K03787
E7,Thioacetamide,Group 1,Nitrogen-containing,K16161
E7,Thioacetamide,Group 1,Sulfur-containing,K16161
E7,Thioacetamide,Group 1,Aliphatic,K16161
E7,Thioacetamide,Group 1,Nitrogen-containing,K11751
E7,Thioacetamide,Group 1,Sulfur-containing,K11751
E7,Thioacetamide,Group 1,Aliphatic,K11751
E7,Thiocyanate,Group 1,Sulfur-containing,K01011
E7,Thiocyanate,Group 1,Nitrogen-containing,K01011
E7,Thiouracil,Group 1,Nitrogen-containing,K00823
E7,Thiouracil,Group 1,Sulfur-containing,K00823
E7,Thiouracil,Group 1,Aliphatic,K00823
E7,Thiouracil,Group 1,Nitrogen-containing,K00433
E7,Thiouracil,Group 1,Sulfur-containing,K00433
E7,Thiouracil,Group 1,Aliphatic,K00433
E7,Thiouracil,Group 1,Nitrogen-containing,K00761
E7,Thiouracil,Group 1,Sulfur-containing,K00761
E7,Thiouracil,Group 1,Aliphatic,K00761
E7,Thiouracil,Group 1,Nitrogen-containing,K07250
E7,Thiouracil,Group 1,Sulfur-containing,K07250
E7,Thiouracil,Group 1,Aliphatic,K07250
E7,Toluene,Group 1,Aromatic,K16242
E7,Toluene,Group 1,Aromatic,K16242
E7,Toluene,Group 1,Aromatic,K16242
E7,Toluene,Group 1,Aromatic,K16242
E7,Toluene,Group 1,Aromatic,K16243
E7,Toluene,Group 1,Aromatic,K16243
E7,Toluene,Group 1,Aromatic,K16243
E7,Toluene,Group 1,Aromatic,K16243
E7,Toluene,Group 1,Aromatic,K16244
E7,Toluene,Group 1,Aromatic,K16244
E7,Toluene,Group 1,Aromatic,K16244
E7,Toluene,Group 1,Aromatic,K16244
E7,Toluene,Group 1,Aromatic,K16245
E7,Toluene,Group 1,Aromatic,K16245
E7,Toluene,Group 1,Aromatic,K16245
E7,Toluene,Group 1,Aromatic,K16245
E7,Toluene,Group 1,Aromatic,K16249
E7,Toluene,Group 1,Aromatic,K16249
E7,Toluene,Group 1,Aromatic,K16249
E7,Toluene,Group 1,Aromatic,K16249
E7,Toluene,Group 1,Aromatic,K16246
E7,Toluene,Group 1,Aromatic,K16246
E7,Toluene,Group 1,Aromatic,K16246
E7,Toluene,Group 1,Aromatic,K16246
E7,Tributyltin chloride,Group 1,Metal,K01768
E7,Tributyltin chloride,Group 1,Metal,K01768
E7,Tributyltin chloride,Group 1,Organometallic,K01768
E7,Tributyltin chloride,Group 1,Organometallic,K01768
E7,Tributyltin chloride,Group 1,Metal,K02111
E7,Tributyltin chloride,Group 1,Metal,K02111
E7,Tributyltin chloride,Group 1,Organometallic,K02111
E7,Tributyltin chloride,Group 1,Organometallic,K02111
E7,Tributyltin chloride,Group 1,Metal,K02112
E7,Tributyltin chloride,Group 1,Metal,K02112
E7,Tributyltin chloride,Group 1,Organometallic,K02112
E7,Tributyltin chloride,Group 1,Organometallic,K02112
E7,Tributyltin oxide,Group 1,Metal,K01058
E7,Tributyltin oxide,Group 1,Metal,K01058
E7,Tributyltin oxide,Group 1,Organometallic,K01058
E7,Tributyltin oxide,Group 1,Organometallic,K01058
E7,Trichloroethene,Group 1,Chlorinated,K00799
E7,Trichloroethene,Group 1,Chlorinated,K00799
E7,Trichloroethene,Group 1,Chlorinated,K00799
E7,Trichloroethene,Group 1,Chlorinated,K00799
E7,Trichloroethene,Group 1,Chlorinated,K00799
E7,Trichloroethene,Group 1,Chlorinated,K00799
E7,Trichloroethene,Group 1,Aliphatic,K00799
E7,Trichloroethene,Group 1,Aliphatic,K00799
E7,Trichloroethene,Group 1,Aliphatic,K00799
E7,Trichloroethene,Group 1,Aliphatic,K00799
E7,Trichloroethene,Group 1,Aliphatic,K00799
E7,Trichloroethene,Group 1,Aliphatic,K00799
E7,Trichloroethene,Group 1,Chlorinated,K16161
E7,Trichloroethene,Group 1,Chlorinated,K16161
E7,Trichloroethene,Group 1,Chlorinated,K16161
E7,Trichloroethene,Group 1,Chlorinated,K16161
E7,Trichloroethene,Group 1,Chlorinated,K16161
E7,Trichloroethene,Group 1,Chlorinated,K16161
E7,Trichloroethene,Group 1,Aliphatic,K16161
E7,Trichloroethene,Group 1,Aliphatic,K16161
E7,Trichloroethene,Group 1,Aliphatic,K16161
E7,Trichloroethene,Group 1,Aliphatic,K16161
E7,Trichloroethene,Group 1,Aliphatic,K16161
E7,Trichloroethene,Group 1,Aliphatic,K16161
E7,Trinitrotoluene,Group 1,Nitrogen-containing,K10679
E7,Trinitrotoluene,Group 1,Aromatic,K10679
E7,Trinitrotoluene,Group 1,Nitrogen-containing,K10680
E7,Trinitrotoluene,Group 1,Aromatic,K10680
E7,Vinyl acetate,Group 1,Aliphatic,K01046
E7,Vinyl acetate,Group 1,Aliphatic,K01434
E7,Zalcitabine,Group 1,Nitrogen-containing,K00927
E7,Zalcitabine,Group 1,Nitrogen-containing,K13378
E7,Zidovudine,Group 1,Nitrogen-containing,K00341
E7,Zidovudine,Group 1,Nitrogen-containing,K00342
E7,Zidovudine,Group 1,Nitrogen-containing,K01081
E7,Zidovudine,Group 1,Nitrogen-containing,K00330
E7,Zidovudine,Group 1,Nitrogen-containing,K00331
E7,Zidovudine,Group 1,Nitrogen-containing,K00334
E7,Zidovudine,Group 1,Nitrogen-containing,K00335
E7,Zidovudine,Group 1,Nitrogen-containing,K00336
E7,Zidovudine,Group 1,Nitrogen-containing,K00337
E7,Zidovudine,Group 1,Nitrogen-containing,K00338
E7,Zidovudine,Group 1,Nitrogen-containing,K00339
E7,Zidovudine,Group 1,Nitrogen-containing,K00340
E7,Zidovudine,Group 1,Nitrogen-containing,K00343
E7,Zidovudine,Group 1,Nitrogen-containing,K00943
E7,Zidovudine,Group 1,Nitrogen-containing,K03787
E7,Zidovudine,Group 1,Nitrogen-containing,K13378
E7,Zidovudine,Group 1,Nitrogen-containing,K11751
E7,Zinc cation,Group 1,Metal,K00004
E7,Zinc cation,Group 1,Metal,K00004
E7,Zinc cation,Group 1,Metal,K00001
E7,Zinc cation,Group 1,Metal,K00001
E7,alpha-Chlorohydrin,Group 1,Chlorinated,K00134
E7,alpha-Chlorohydrin,Group 1,Aliphatic,K00134
E7,alpha-Chlorohydrin,Group 1,Chlorinated,K00864
E7,alpha-Chlorohydrin,Group 1,Aliphatic,K00864
E7,o-Cresol,Group 1,Aromatic,K16242
E7,o-Cresol,Group 1,Aromatic,K16242
E7,o-Cresol,Group 1,Aromatic,K16243
E7,o-Cresol,Group 1,Aromatic,K16243
E7,o-Cresol,Group 1,Aromatic,K16244
E7,o-Cresol,Group 1,Aromatic,K16244
E7,o-Cresol,Group 1,Aromatic,K16245
E7,o-Cresol,Group 1,Aromatic,K16245
E7,o-Cresol,Group 1,Aromatic,K16249
E7,o-Cresol,Group 1,Aromatic,K16249
E7,o-Cresol,Group 1,Aromatic,K16246
E7,o-Cresol,Group 1,Aromatic,K16246
E7,para-Aminoazobenzene,Group 1,Nitrogen-containing,K01255
E7,para-Aminoazobenzene,Group 1,Polyaromatic,K01255
BD67,"(+)-(3S,4R)-cis-3,4-Dihydroxy-3,4-dihydrofluorene",Group 10,Polyaromatic,K14581
BD67,"(+)-(3S,4R)-cis-3,4-Dihydroxy-3,4-dihydrofluorene",Group 10,Polyaromatic,K14581
BD67,"(+)-(3S,4R)-cis-3,4-Dihydroxy-3,4-dihydrofluorene",Group 10,Polyaromatic,K14581
BD67,"(+)-(3S,4R)-cis-3,4-Dihydroxy-3,4-dihydrofluorene",Group 10,Polyaromatic,K14581
BD67,"1,1-Dimethylhydrazine",Group 10,Nitrogen-containing,K00643
BD67,"1,1-Dimethylhydrazine",Group 10,Aliphatic,K00643
BD67,"1,2-Dibromoethane",Group 10,Organometallic,K00799
BD67,"1,2-Dibromoethane",Group 10,Organometallic,K00799
BD67,"1,4-Dioxane",Group 10,Aliphatic,K00001
BD67,"1,4-Dioxane",Group 10,Aliphatic,K00001
BD67,1-Hydroxy-2-naphthoate,Group 10,Polyaromatic,K00480
BD67,1-Hydroxy-2-naphthoate,Group 10,Polyaromatic,K00480
BD67,1-Hydroxy-2-naphthoate,Group 10,Polyaromatic,K00480
BD67,1-Hydroxy-2-naphthoate,Group 10,Polyaromatic,K00480
BD67,"2,2',4,4',6,6'-Hexachlorobiphenyl",Group 10,Chlorinated,K01599
BD67,"2,2',4,4',6,6'-Hexachlorobiphenyl",Group 10,Chlorinated,K01599
BD67,"2,2',4,4',6,6'-Hexachlorobiphenyl",Group 10,Polyaromatic,K01599
BD67,"2,2',4,4',6,6'-Hexachlorobiphenyl",Group 10,Polyaromatic,K01599
BD67,"2,2',4,4'-Tetrachlorobiphenyl",Group 10,Chlorinated,K01599
BD67,"2,2',4,4'-Tetrachlorobiphenyl",Group 10,Chlorinated,K01599
BD67,"2,2',4,4'-Tetrachlorobiphenyl",Group 10,Polyaromatic,K01599
BD67,"2,2',4,4'-Tetrachlorobiphenyl",Group 10,Polyaromatic,K01599
BD67,"2,2',5,5'-Tetrachlorobiphenyl",Group 10,Chlorinated,K01599
BD67,"2,2',5,5'-Tetrachlorobiphenyl",Group 10,Chlorinated,K01599
BD67,"2,2',5,5'-Tetrachlorobiphenyl",Group 10,Polyaromatic,K01599
BD67,"2,2',5,5'-Tetrachlorobiphenyl",Group 10,Polyaromatic,K01599
BD67,"2,4-Dinitrotoluene",Group 10,Aromatic,K14581
BD67,"2,4-Dinitrotoluene",Group 10,Aromatic,K14581
BD67,"2,4-Dinitrotoluene",Group 10,Aromatic,K14581
BD67,"2,4-Dinitrotoluene",Group 10,Nitrogen-containing,K14581
BD67,"2,4-Dinitrotoluene",Group 10,Nitrogen-containing,K14581
BD67,"2,4-Dinitrotoluene",Group 10,Nitrogen-containing,K14581
BD67,2-Chlorophenol,Group 10,Aromatic,K07104
BD67,2-Chlorophenol,Group 10,Aromatic,K07104
BD67,2-Chlorophenol,Group 10,Aromatic,K07104
BD67,2-Chlorophenol,Group 10,Chlorinated,K07104
BD67,2-Chlorophenol,Group 10,Chlorinated,K07104
BD67,2-Chlorophenol,Group 10,Chlorinated,K07104
BD67,2-Ethoxyethanol,Group 10,Aliphatic,K00001
BD67,2-Methylnaphthalene,Group 10,Aromatic,K14581
BD67,2-Naphthylamine,Group 10,Nitrogen-containing,K00681
BD67,2-Naphthylamine,Group 10,Polyaromatic,K00681
BD67,2-Nitropropane,Group 10,Nitrogen-containing,K00459
BD67,2-Nitropropane,Group 10,Aliphatic,K00459
BD67,"3,3'-Dimethoxybenzidine",Group 10,Nitrogen-containing,K00404
BD67,"3,3'-Dimethoxybenzidine",Group 10,Polyaromatic,K00404
BD67,"3,3'-Dimethoxybenzidine",Group 10,Nitrogen-containing,K00405
BD67,"3,3'-Dimethoxybenzidine",Group 10,Polyaromatic,K00405
BD67,"3,3'-Dimethoxybenzidine",Group 10,Nitrogen-containing,K00406
BD67,"3,3'-Dimethoxybenzidine",Group 10,Polyaromatic,K00406
BD67,"3,3'-Dimethoxybenzidine",Group 10,Nitrogen-containing,K00407
BD67,"3,3'-Dimethoxybenzidine",Group 10,Polyaromatic,K00407
BD67,"3,3'-Dimethoxybenzidine",Group 10,Nitrogen-containing,K02274
BD67,"3,3'-Dimethoxybenzidine",Group 10,Polyaromatic,K02274
BD67,"3,3'-Dimethoxybenzidine",Group 10,Nitrogen-containing,K02275
BD67,"3,3'-Dimethoxybenzidine",Group 10,Polyaromatic,K02275
BD67,"3,3'-Dimethoxybenzidine",Group 10,Nitrogen-containing,K02276
BD67,"3,3'-Dimethoxybenzidine",Group 10,Polyaromatic,K02276
BD67,"3,4,3',4'-Tetrachlorobiphenyl",Group 10,Chlorinated,K01599
BD67,"3,4,3',4'-Tetrachlorobiphenyl",Group 10,Chlorinated,K01599
BD67,"3,4,3',4'-Tetrachlorobiphenyl",Group 10,Polyaromatic,K01599
BD67,"3,4,3',4'-Tetrachlorobiphenyl",Group 10,Polyaromatic,K01599
BD67,"3,4,5,3',4',5'-Hexachlorobiphenyl",Group 10,Chlorinated,K01599
BD67,"3,4,5,3',4',5'-Hexachlorobiphenyl",Group 10,Chlorinated,K01599
BD67,"3,4,5,3',4',5'-Hexachlorobiphenyl",Group 10,Polyaromatic,K01599
BD67,"3,4,5,3',4',5'-Hexachlorobiphenyl",Group 10,Polyaromatic,K01599
BD67,4-Methylimidazole,Group 10,Nitrogen-containing,K01673
BD67,4-Methylimidazole,Group 10,Aliphatic,K01673
BD67,4-Nitrophenol,Group 10,Aromatic,K01113
BD67,4-Nitrophenol,Group 10,Aromatic,K01113
BD67,4-Nitrophenol,Group 10,Nitrogen-containing,K01113
BD67,4-Nitrophenol,Group 10,Nitrogen-containing,K01113
BD67,Acenaphthene,Group 10,Polyaromatic,K00433
BD67,Acenaphthene,Group 10,Polyaromatic,K00433
BD67,Acetaldehyde,Group 10,Aliphatic,K00001
BD67,Acetaldehyde,Group 10,Aliphatic,K00001
BD67,Acetaldehyde,Group 10,Aliphatic,K00001
BD67,Acetaldehyde,Group 10,Aliphatic,K00121
BD67,Acetaldehyde,Group 10,Aliphatic,K00121
BD67,Acetaldehyde,Group 10,Aliphatic,K00121
BD67,Acetaldehyde,Group 10,Aliphatic,K00128
BD67,Acetaldehyde,Group 10,Aliphatic,K00128
BD67,Acetaldehyde,Group 10,Aliphatic,K00128
BD67,Acetaldehyde,Group 10,Aliphatic,K00138
BD67,Acetaldehyde,Group 10,Aliphatic,K00138
BD67,Acetaldehyde,Group 10,Aliphatic,K00138
BD67,Acetaldehyde,Group 10,Aliphatic,K00459
BD67,Acetaldehyde,Group 10,Aliphatic,K00459
BD67,Acetaldehyde,Group 10,Aliphatic,K00459
BD67,Acetaldehyde,Group 10,Aliphatic,K01619
BD67,Acetaldehyde,Group 10,Aliphatic,K01619
BD67,Acetaldehyde,Group 10,Aliphatic,K01619
BD67,Acetaldehyde,Group 10,Aliphatic,K01620
BD67,Acetaldehyde,Group 10,Aliphatic,K01620
BD67,Acetaldehyde,Group 10,Aliphatic,K01620
BD67,Acetaldehyde,Group 10,Aliphatic,K01737
BD67,Acetaldehyde,Group 10,Aliphatic,K01737
BD67,Acetaldehyde,Group 10,Aliphatic,K01737
BD67,Acetaldehyde,Group 10,Aliphatic,K02189
BD67,Acetaldehyde,Group 10,Aliphatic,K02189
BD67,Acetaldehyde,Group 10,Aliphatic,K02189
BD67,Acetaldehyde,Group 10,Aliphatic,K13541
BD67,Acetaldehyde,Group 10,Aliphatic,K13541
BD67,Acetaldehyde,Group 10,Aliphatic,K13541
BD67,Acetaldehyde,Group 10,Aliphatic,K13979
BD67,Acetaldehyde,Group 10,Aliphatic,K13979
BD67,Acetaldehyde,Group 10,Aliphatic,K13979
BD67,Acetaldehyde,Group 10,Aliphatic,K22474
BD67,Acetaldehyde,Group 10,Aliphatic,K22474
BD67,Acetaldehyde,Group 10,Aliphatic,K22474
BD67,Acetamide,Group 10,Nitrogen-containing,K01426
BD67,Acetamide,Group 10,Aliphatic,K01426
BD67,Acrylamide,Group 10,Nitrogen-containing,K01426
BD67,Acrylamide,Group 10,Aliphatic,K01426
BD67,"Aflatoxin B1-exo-8,9-epoxide",Group 10,Aromatic,K00799
BD67,"Aflatoxin B1exo-8,9-epoxide-GSH",Group 10,Aromatic,K00799
BD67,"Aflatoxin B1exo-8,9-epoxide-GSH",Group 10,Nitrogen-containing,K00799
BD67,"Aflatoxin B1exo-8,9-epoxide-GSH",Group 10,Sulfur-containing,K00799
BD67,Alachlor,Group 10,Aromatic,K00799
BD67,Alachlor,Group 10,Aromatic,K00799
BD67,Alachlor,Group 10,Chlorinated,K00799
BD67,Alachlor,Group 10,Chlorinated,K00799
BD67,Alachlor,Group 10,Nitrogen-containing,K00799
BD67,Alachlor,Group 10,Nitrogen-containing,K00799
BD67,Ammonia,Group 10,Nitrogen-containing,K00364
BD67,Ammonia,Group 10,Nitrogen-containing,K00364
BD67,Ammonia,Group 10,Nitrogen-containing,K00261
BD67,Ammonia,Group 10,Nitrogen-containing,K00261
BD67,Ammonia,Group 10,Nitrogen-containing,K00262
BD67,Ammonia,Group 10,Nitrogen-containing,K00262
BD67,Ammonia,Group 10,Nitrogen-containing,K00265
BD67,Ammonia,Group 10,Nitrogen-containing,K00265
BD67,Ammonia,Group 10,Nitrogen-containing,K00266
BD67,Ammonia,Group 10,Nitrogen-containing,K00266
BD67,Ammonia,Group 10,Nitrogen-containing,K00275
BD67,Ammonia,Group 10,Nitrogen-containing,K00275
BD67,Ammonia,Group 10,Nitrogen-containing,K00278
BD67,Ammonia,Group 10,Nitrogen-containing,K00278
BD67,Ammonia,Group 10,Nitrogen-containing,K00281
BD67,Ammonia,Group 10,Nitrogen-containing,K00281
BD67,Ammonia,Group 10,Nitrogen-containing,K00283
BD67,Ammonia,Group 10,Nitrogen-containing,K00283
BD67,Ammonia,Group 10,Nitrogen-containing,K00285
BD67,Ammonia,Group 10,Nitrogen-containing,K00285
BD67,Ammonia,Group 10,Nitrogen-containing,K00366
BD67,Ammonia,Group 10,Nitrogen-containing,K00366
BD67,Ammonia,Group 10,Nitrogen-containing,K00382
BD67,Ammonia,Group 10,Nitrogen-containing,K00382
BD67,Ammonia,Group 10,Nitrogen-containing,K00605
BD67,Ammonia,Group 10,Nitrogen-containing,K00605
BD67,Ammonia,Group 10,Nitrogen-containing,K13497
BD67,Ammonia,Group 10,Nitrogen-containing,K13497
BD67,Ammonia,Group 10,Nitrogen-containing,K00808
BD67,Ammonia,Group 10,Nitrogen-containing,K00808
BD67,Ammonia,Group 10,Nitrogen-containing,K01424
BD67,Ammonia,Group 10,Nitrogen-containing,K01424
BD67,Ammonia,Group 10,Nitrogen-containing,K13051
BD67,Ammonia,Group 10,Nitrogen-containing,K13051
BD67,Ammonia,Group 10,Nitrogen-containing,K01426
BD67,Ammonia,Group 10,Nitrogen-containing,K01426
BD67,Ammonia,Group 10,Nitrogen-containing,K01485
BD67,Ammonia,Group 10,Nitrogen-containing,K01485
BD67,Ammonia,Group 10,Nitrogen-containing,K01487
BD67,Ammonia,Group 10,Nitrogen-containing,K01487
BD67,Ammonia,Group 10,Nitrogen-containing,K11991
BD67,Ammonia,Group 10,Nitrogen-containing,K11991
BD67,Ammonia,Group 10,Nitrogen-containing,K01486
BD67,Ammonia,Group 10,Nitrogen-containing,K01486
BD67,Ammonia,Group 10,Nitrogen-containing,K01494
BD67,Ammonia,Group 10,Nitrogen-containing,K01494
BD67,Ammonia,Group 10,Nitrogen-containing,K01665
BD67,Ammonia,Group 10,Nitrogen-containing,K01665
BD67,Ammonia,Group 10,Nitrogen-containing,K03342
BD67,Ammonia,Group 10,Nitrogen-containing,K03342
BD67,Ammonia,Group 10,Nitrogen-containing,K01739
BD67,Ammonia,Group 10,Nitrogen-containing,K01739
BD67,Ammonia,Group 10,Nitrogen-containing,K01761
BD67,Ammonia,Group 10,Nitrogen-containing,K01761
BD67,Ammonia,Group 10,Nitrogen-containing,K01745
BD67,Ammonia,Group 10,Nitrogen-containing,K01745
BD67,Ammonia,Group 10,Nitrogen-containing,K01749
BD67,Ammonia,Group 10,Nitrogen-containing,K01749
BD67,Ammonia,Group 10,Nitrogen-containing,K01750
BD67,Ammonia,Group 10,Nitrogen-containing,K01750
BD67,Ammonia,Group 10,Nitrogen-containing,K19244
BD67,Ammonia,Group 10,Nitrogen-containing,K19244
BD67,Ammonia,Group 10,Nitrogen-containing,K01752
BD67,Ammonia,Group 10,Nitrogen-containing,K01752
BD67,Ammonia,Group 10,Nitrogen-containing,K01754
BD67,Ammonia,Group 10,Nitrogen-containing,K01754
BD67,Ammonia,Group 10,Nitrogen-containing,K01760
BD67,Ammonia,Group 10,Nitrogen-containing,K01760
BD67,Ammonia,Group 10,Nitrogen-containing,K01915
BD67,Ammonia,Group 10,Nitrogen-containing,K01915
BD67,Ammonia,Group 10,Nitrogen-containing,K01916
BD67,Ammonia,Group 10,Nitrogen-containing,K01916
BD67,Ammonia,Group 10,Nitrogen-containing,K01950
BD67,Ammonia,Group 10,Nitrogen-containing,K01950
BD67,Ammonia,Group 10,Nitrogen-containing,K01937
BD67,Ammonia,Group 10,Nitrogen-containing,K01937
BD67,Ammonia,Group 10,Nitrogen-containing,K01951
BD67,Ammonia,Group 10,Nitrogen-containing,K01951
BD67,Ammonia,Group 10,Nitrogen-containing,K01955
BD67,Ammonia,Group 10,Nitrogen-containing,K01955
BD67,Ammonia,Group 10,Nitrogen-containing,K01956
BD67,Ammonia,Group 10,Nitrogen-containing,K01956
BD67,Ammonia,Group 10,Nitrogen-containing,K02437
BD67,Ammonia,Group 10,Nitrogen-containing,K02437
BD67,Ammonia,Group 10,Nitrogen-containing,K02500
BD67,Ammonia,Group 10,Nitrogen-containing,K02500
BD67,Ammonia,Group 10,Nitrogen-containing,K02501
BD67,Ammonia,Group 10,Nitrogen-containing,K02501
BD67,Ammonia,Group 10,Nitrogen-containing,K07256
BD67,Ammonia,Group 10,Nitrogen-containing,K07256
BD67,Ammonia,Group 10,Nitrogen-containing,K03153
BD67,Ammonia,Group 10,Nitrogen-containing,K03153
BD67,Ammonia,Group 10,Nitrogen-containing,K03707
BD67,Ammonia,Group 10,Nitrogen-containing,K03707
BD67,Ammonia,Group 10,Nitrogen-containing,K03743
BD67,Ammonia,Group 10,Nitrogen-containing,K03743
BD67,Ammonia,Group 10,Nitrogen-containing,K09471
BD67,Ammonia,Group 10,Nitrogen-containing,K09471
BD67,Ammonia,Group 10,Nitrogen-containing,K05603
BD67,Ammonia,Group 10,Nitrogen-containing,K05603
BD67,Ammonia,Group 10,Nitrogen-containing,K05810
BD67,Ammonia,Group 10,Nitrogen-containing,K05810
BD67,Ammonia,Group 10,Nitrogen-containing,K06016
BD67,Ammonia,Group 10,Nitrogen-containing,K06016
BD67,Ammonia,Group 10,Nitrogen-containing,K06920
BD67,Ammonia,Group 10,Nitrogen-containing,K06920
BD67,Ammonia,Group 10,Nitrogen-containing,K07255
BD67,Ammonia,Group 10,Nitrogen-containing,K07255
BD67,Ammonia,Group 10,Nitrogen-containing,K08281
BD67,Ammonia,Group 10,Nitrogen-containing,K08281
BD67,Ammonia,Group 10,Nitrogen-containing,K10026
BD67,Ammonia,Group 10,Nitrogen-containing,K10026
BD67,Ammonia,Group 10,Nitrogen-containing,K10536
BD67,Ammonia,Group 10,Nitrogen-containing,K10536
BD67,Ammonia,Group 10,Nitrogen-containing,K11752
BD67,Ammonia,Group 10,Nitrogen-containing,K11752
BD67,Ammonia,Group 10,Nitrogen-containing,K13503
BD67,Ammonia,Group 10,Nitrogen-containing,K13503
BD67,Ammonia,Group 10,Nitrogen-containing,K14977
BD67,Ammonia,Group 10,Nitrogen-containing,K14977
BD67,Ammonia,Group 10,Nitrogen-containing,K15371
BD67,Ammonia,Group 10,Nitrogen-containing,K15371
BD67,Ammonia,Group 10,Nitrogen-containing,K21062
BD67,Ammonia,Group 10,Nitrogen-containing,K21062
BD67,Amsacrine,Group 10,Polyaromatic,K02469
BD67,Amsacrine,Group 10,Nitrogen-containing,K02469
BD67,Amsacrine,Group 10,Sulfur-containing,K02469
BD67,Amsacrine,Group 10,Polyaromatic,K02470
BD67,Amsacrine,Group 10,Nitrogen-containing,K02470
BD67,Amsacrine,Group 10,Sulfur-containing,K02470
BD67,Amsacrine,Group 10,Polyaromatic,K02621
BD67,Amsacrine,Group 10,Nitrogen-containing,K02621
BD67,Amsacrine,Group 10,Sulfur-containing,K02621
BD67,Amsacrine,Group 10,Polyaromatic,K02622
BD67,Amsacrine,Group 10,Nitrogen-containing,K02622
BD67,Amsacrine,Group 10,Sulfur-containing,K02622
BD67,Amsacrine,Group 10,Polyaromatic,K03168
BD67,Amsacrine,Group 10,Nitrogen-containing,K03168
BD67,Amsacrine,Group 10,Sulfur-containing,K03168
BD67,Anthracene,Group 10,Polyaromatic,K14581
BD67,Anthracene,Group 10,Polyaromatic,K14581
BD67,Anthracene,Group 10,Polyaromatic,K14581
BD67,Anthracene,Group 10,Polyaromatic,K14581
BD67,Anthracene,Group 10,Polyaromatic,K14581
BD67,"Anthracene-cis-1,2-dihydrodiol",Group 10,Polyaromatic,K14581
BD67,"Anthracene-cis-1,2-dihydrodiol",Group 10,Polyaromatic,K14581
BD67,"Anthracene-cis-1,2-dihydrodiol",Group 10,Polyaromatic,K14581
BD67,"Anthracene-cis-1,2-dihydrodiol",Group 10,Polyaromatic,K14581
BD67,Arsenic,Group 10,Metal,K04077
BD67,Arsenic,Group 10,Metal,K04077
BD67,Arsenic,Group 10,Metal,K04077
BD67,Arsenic,Group 10,Metal,K04077
BD67,Arylmercury,Group 10,Organometallic,K01179
BD67,Arylmercury,Group 10,Organometallic,K01179
BD67,Arylmercury,Group 10,Polyaromatic,K01179
BD67,Arylmercury,Group 10,Polyaromatic,K01179
BD67,Aziridine,Group 10,Nitrogen-containing,K01089
BD67,Aziridine,Group 10,Aliphatic,K01089
BD67,Aziridine,Group 10,Nitrogen-containing,K18649
BD67,Aziridine,Group 10,Aliphatic,K18649
BD67,BHC,Group 10,Chlorinated,K01053
BD67,BHC,Group 10,Chlorinated,K01053
BD67,BHC,Group 10,Chlorinated,K01053
BD67,BHC,Group 10,Chlorinated,K01053
BD67,BHC,Group 10,Aliphatic,K01053
BD67,BHC,Group 10,Aliphatic,K01053
BD67,BHC,Group 10,Aliphatic,K01053
BD67,BHC,Group 10,Aliphatic,K01053
BD67,Benzidine,Group 10,Aromatic,K00404
BD67,Benzidine,Group 10,Aromatic,K00404
BD67,Benzidine,Group 10,Aromatic,K00404
BD67,Benzidine,Group 10,Aromatic,K00404
BD67,Benzidine,Group 10,Nitrogen-containing,K00404
BD67,Benzidine,Group 10,Nitrogen-containing,K00404
BD67,Benzidine,Group 10,Nitrogen-containing,K00404
BD67,Benzidine,Group 10,Nitrogen-containing,K00404
BD67,Benzidine,Group 10,Aromatic,K02274
BD67,Benzidine,Group 10,Aromatic,K02274
BD67,Benzidine,Group 10,Aromatic,K02274
BD67,Benzidine,Group 10,Aromatic,K02274
BD67,Benzidine,Group 10,Nitrogen-containing,K02274
BD67,Benzidine,Group 10,Nitrogen-containing,K02274
BD67,Benzidine,Group 10,Nitrogen-containing,K02274
BD67,Benzidine,Group 10,Nitrogen-containing,K02274
BD67,Benzidine,Group 10,Aromatic,K02275
BD67,Benzidine,Group 10,Aromatic,K02275
BD67,Benzidine,Group 10,Aromatic,K02275
BD67,Benzidine,Group 10,Aromatic,K02275
BD67,Benzidine,Group 10,Nitrogen-containing,K02275
BD67,Benzidine,Group 10,Nitrogen-containing,K02275
BD67,Benzidine,Group 10,Nitrogen-containing,K02275
BD67,Benzidine,Group 10,Nitrogen-containing,K02275
BD67,Benzidine,Group 10,Aromatic,K02276
BD67,Benzidine,Group 10,Aromatic,K02276
BD67,Benzidine,Group 10,Aromatic,K02276
BD67,Benzidine,Group 10,Aromatic,K02276
BD67,Benzidine,Group 10,Nitrogen-containing,K02276
BD67,Benzidine,Group 10,Nitrogen-containing,K02276
BD67,Benzidine,Group 10,Nitrogen-containing,K02276
BD67,Benzidine,Group 10,Nitrogen-containing,K02276
BD67,Benzo[a]pyrene,Group 10,Polyaromatic,K14581
BD67,Benzo[a]pyrene,Group 10,Polyaromatic,K14581
BD67,Benzo[a]pyrene,Group 10,Polyaromatic,K14581
BD67,Benzo[a]pyrene,Group 10,Polyaromatic,K14581
BD67,Benzo[a]pyrene,Group 10,Polyaromatic,K14581
BD67,Benzo[a]pyrene,Group 10,Polyaromatic,K14581
BD67,Benzo[a]pyrene,Group 10,Polyaromatic,K14581
BD67,"Benzo[a]pyrene-cis-9,10-dihydrodiol",Group 10,Polyaromatic,K14581
BD67,"Benzo[a]pyrene-cis-9,10-dihydrodiol",Group 10,Polyaromatic,K14581
BD67,"Benzo[a]pyrene-cis-9,10-dihydrodiol",Group 10,Polyaromatic,K14581
BD67,"Benzo[a]pyrene-cis-9,10-dihydrodiol",Group 10,Polyaromatic,K14581
BD67,Benzofuran,Group 10,Aromatic,K00064
BD67,Bifenox,Group 10,Chlorinated,K01053
BD67,Bifenox,Group 10,Aromatic,K01053
BD67,Bifenox,Group 10,Nitrogen-containing,K01053
BD67,CO,Group 10,Inorganic,K06911
BD67,CO,Group 10,Inorganic,K07226
BD67,Cacodylate,Group 10,Inorganic,K00019
BD67,Cacodylate,Group 10,Inorganic,K00019
BD67,Cacodylate,Group 10,Metal,K00019
BD67,Cacodylate,Group 10,Metal,K00019
BD67,Cacodylate,Group 10,Inorganic,K00133
BD67,Cacodylate,Group 10,Inorganic,K00133
BD67,Cacodylate,Group 10,Metal,K00133
BD67,Cacodylate,Group 10,Metal,K00133
BD67,Cacodylate,Group 10,Inorganic,K01708
BD67,Cacodylate,Group 10,Inorganic,K01708
BD67,Cacodylate,Group 10,Metal,K01708
BD67,Cacodylate,Group 10,Metal,K01708
BD67,Cadmium chloride,Group 10,Metal,K01971
BD67,Cadmium chloride,Group 10,Metal,K01971
BD67,Cadmium chloride,Group 10,Metal,K01971
BD67,Cadmium chloride,Group 10,Inorganic,K01971
BD67,Cadmium chloride,Group 10,Inorganic,K01971
BD67,Cadmium chloride,Group 10,Inorganic,K01971
BD67,Cadmium chloride,Group 10,Chlorinated,K01971
BD67,Cadmium chloride,Group 10,Chlorinated,K01971
BD67,Cadmium chloride,Group 10,Chlorinated,K01971
BD67,Cadmium chloride,Group 10,Metal,K10747
BD67,Cadmium chloride,Group 10,Metal,K10747
BD67,Cadmium chloride,Group 10,Metal,K10747
BD67,Cadmium chloride,Group 10,Inorganic,K10747
BD67,Cadmium chloride,Group 10,Inorganic,K10747
BD67,Cadmium chloride,Group 10,Inorganic,K10747
BD67,Cadmium chloride,Group 10,Chlorinated,K10747
BD67,Cadmium chloride,Group 10,Chlorinated,K10747
BD67,Cadmium chloride,Group 10,Chlorinated,K10747
BD67,Caffeate,Group 10,Aromatic,K03186
BD67,Carbon tetrachloride,Group 10,Chlorinated,K00384
BD67,Carbon tetrachloride,Group 10,Chlorinated,K00384
BD67,Carbon tetrachloride,Group 10,Chlorinated,K00384
BD67,Carbon tetrachloride,Group 10,Chlorinated,K00384
BD67,Carbon tetrachloride,Group 10,Chlorinated,K00384
BD67,Carbon tetrachloride,Group 10,Chlorinated,K00789
BD67,Carbon tetrachloride,Group 10,Chlorinated,K00789
BD67,Carbon tetrachloride,Group 10,Chlorinated,K00789
BD67,Carbon tetrachloride,Group 10,Chlorinated,K00789
BD67,Carbon tetrachloride,Group 10,Chlorinated,K00789
BD67,Carbon tetrachloride,Group 10,Chlorinated,K01919
BD67,Carbon tetrachloride,Group 10,Chlorinated,K01919
BD67,Carbon tetrachloride,Group 10,Chlorinated,K01919
BD67,Carbon tetrachloride,Group 10,Chlorinated,K01919
BD67,Carbon tetrachloride,Group 10,Chlorinated,K01919
BD67,Carbon tetrachloride,Group 10,Chlorinated,K03787
BD67,Carbon tetrachloride,Group 10,Chlorinated,K03787
BD67,Carbon tetrachloride,Group 10,Chlorinated,K03787
BD67,Carbon tetrachloride,Group 10,Chlorinated,K03787
BD67,Carbon tetrachloride,Group 10,Chlorinated,K03787
BD67,Catechol,Group 10,Aromatic,K00480
BD67,Catechol,Group 10,Aromatic,K00480
BD67,Catechol,Group 10,Aromatic,K00480
BD67,Catechol,Group 10,Aromatic,K00480
BD67,Catechol,Group 10,Aromatic,K00480
BD67,Catechol,Group 10,Aromatic,K14581
BD67,Catechol,Group 10,Aromatic,K14581
BD67,Catechol,Group 10,Aromatic,K14581
BD67,Catechol,Group 10,Aromatic,K14581
BD67,Catechol,Group 10,Aromatic,K14581
BD67,Catechol,Group 10,Aromatic,K07104
BD67,Catechol,Group 10,Aromatic,K07104
BD67,Catechol,Group 10,Aromatic,K07104
BD67,Catechol,Group 10,Aromatic,K07104
BD67,Catechol,Group 10,Aromatic,K07104
BD67,Chloral hydrate,Group 10,Chlorinated,K00001
BD67,Chloral hydrate,Group 10,Aliphatic,K00001
BD67,Chloral hydrate,Group 10,Chlorinated,K00121
BD67,Chloral hydrate,Group 10,Aliphatic,K00121
BD67,Chloramine,Group 10,Nitrogen-containing,K03386
BD67,Chloramine,Group 10,Chlorinated,K03386
BD67,Chloramine,Group 10,Nitrogen-containing,K03564
BD67,Chloramine,Group 10,Chlorinated,K03564
BD67,Chloraminophenamide,Group 10,Nitrogen-containing,K01673
BD67,Chloraminophenamide,Group 10,Sulfur-containing,K01673
BD67,Chloraminophenamide,Group 10,Chlorinated,K01673
BD67,Chloraminophenamide,Group 10,Aromatic,K01673
BD67,Chloramphenicol,Group 10,Aromatic,K00638
BD67,Chloramphenicol,Group 10,Nitrogen-containing,K00638
BD67,Chloramphenicol,Group 10,Chlorinated,K00638
BD67,Chloroform,Group 10,Chlorinated,K01434
BD67,Chloroform,Group 10,Chlorinated,K01434
BD67,Chloroform,Group 10,Chlorinated,K01434
BD67,Chloroform,Group 10,Chlorinated,K01434
BD67,Chloroform,Group 10,Chlorinated,K01434
BD67,Chloroform,Group 10,Chlorinated,K01434
BD67,Chloroform,Group 10,Chlorinated,K01434
BD67,Chloroform,Group 10,Aliphatic,K01434
BD67,Chloroform,Group 10,Aliphatic,K01434
BD67,Chloroform,Group 10,Aliphatic,K01434
BD67,Chloroform,Group 10,Aliphatic,K01434
BD67,Chloroform,Group 10,Aliphatic,K01434
BD67,Chloroform,Group 10,Aliphatic,K01434
BD67,Chloroform,Group 10,Aliphatic,K01434
BD67,Chlorpyrifos,Group 10,Organophosphorus,K00799
BD67,Chlorpyrifos,Group 10,Organophosphorus,K00799
BD67,Chlorpyrifos,Group 10,Organophosphorus,K00799
BD67,Chlorpyrifos,Group 10,Chlorinated,K00799
BD67,Chlorpyrifos,Group 10,Chlorinated,K00799
BD67,Chlorpyrifos,Group 10,Chlorinated,K00799
BD67,Chlorpyrifos,Group 10,Organophosphorus,K10804
BD67,Chlorpyrifos,Group 10,Organophosphorus,K10804
BD67,Chlorpyrifos,Group 10,Organophosphorus,K10804
BD67,Chlorpyrifos,Group 10,Chlorinated,K10804
BD67,Chlorpyrifos,Group 10,Chlorinated,K10804
BD67,Chlorpyrifos,Group 10,Chlorinated,K10804
BD67,Chlorpyrifos,Group 10,Organophosphorus,K10805
BD67,Chlorpyrifos,Group 10,Organophosphorus,K10805
BD67,Chlorpyrifos,Group 10,Organophosphorus,K10805
BD67,Chlorpyrifos,Group 10,Chlorinated,K10805
BD67,Chlorpyrifos,Group 10,Chlorinated,K10805
BD67,Chlorpyrifos,Group 10,Chlorinated,K10805
BD67,Cobalt,Group 10,Metal,K01870
BD67,Cobaltous sulfate,Group 10,Metal,K01623
BD67,Cobaltous sulfate,Group 10,Inorganic,K01623
BD67,Cobaltous sulfate,Group 10,Metal,K01624
BD67,Cobaltous sulfate,Group 10,Inorganic,K01624
BD67,Cobaltous sulfate,Group 10,Metal,K01779
BD67,Cobaltous sulfate,Group 10,Inorganic,K01779
BD67,Cobaltous sulfate,Group 10,Metal,K05810
BD67,Cobaltous sulfate,Group 10,Inorganic,K05810
BD67,Copper,Group 10,Metal,K00404
BD67,Copper,Group 10,Metal,K00404
BD67,Copper,Group 10,Metal,K00404
BD67,Copper,Group 10,Metal,K01533
BD67,Copper,Group 10,Metal,K01533
BD67,Copper,Group 10,Metal,K01533
BD67,Copper,Group 10,Metal,K02274
BD67,Copper,Group 10,Metal,K02274
BD67,Copper,Group 10,Metal,K02274
BD67,Copper,Group 10,Metal,K02275
BD67,Copper,Group 10,Metal,K02275
BD67,Copper,Group 10,Metal,K02275
BD67,Copper,Group 10,Metal,K02276
BD67,Copper,Group 10,Metal,K02276
BD67,Copper,Group 10,Metal,K02276
BD67,Copper,Group 10,Metal,K17686
BD67,Copper,Group 10,Metal,K17686
BD67,Copper,Group 10,Metal,K17686
BD67,Cyanide ion,Group 10,Nitrogen-containing,K01011
BD67,Cyanide ion,Group 10,Nitrogen-containing,K01011
BD67,Cyanide ion,Group 10,Nitrogen-containing,K01011
BD67,Cyanide ion,Group 10,Inorganic,K01011
BD67,Cyanide ion,Group 10,Inorganic,K01011
BD67,Cyanide ion,Group 10,Inorganic,K01011
BD67,Cyclohexyl isocyanide,Group 10,Nitrogen-containing,K18199
BD67,Cyclohexyl isocyanide,Group 10,Aliphatic,K18199
BD67,Cypermethrin,Group 10,Polyaromatic,K00036
BD67,Cypermethrin,Group 10,Chlorinated,K00036
BD67,Cypermethrin,Group 10,Nitrogen-containing,K00036
BD67,Cypermethrin,Group 10,Polyaromatic,K00799
BD67,Cypermethrin,Group 10,Chlorinated,K00799
BD67,Cypermethrin,Group 10,Nitrogen-containing,K00799
BD67,Cypermethrin,Group 10,Polyaromatic,K07313
BD67,Cypermethrin,Group 10,Chlorinated,K07313
BD67,Cypermethrin,Group 10,Nitrogen-containing,K07313
BD67,Danthron,Group 10,Aromatic,K00344
BD67,Danthron,Group 10,Aromatic,K00355
BD67,Danthron,Group 10,Aromatic,K00383
BD67,Danthron,Group 10,Aromatic,K00384
BD67,Danthron,Group 10,Aromatic,K00528
BD67,Danthron,Group 10,Aromatic,K03809
BD67,Dichlorvos,Group 10,Organophosphorus,K00799
BD67,Dichlorvos,Group 10,Organophosphorus,K00799
BD67,Dichlorvos,Group 10,Organophosphorus,K00799
BD67,Dichlorvos,Group 10,Chlorinated,K00799
BD67,Dichlorvos,Group 10,Chlorinated,K00799
BD67,Dichlorvos,Group 10,Chlorinated,K00799
BD67,Dichlorvos,Group 10,Organophosphorus,K01048
BD67,Dichlorvos,Group 10,Organophosphorus,K01048
BD67,Dichlorvos,Group 10,Organophosphorus,K01048
BD67,Dichlorvos,Group 10,Chlorinated,K01048
BD67,Dichlorvos,Group 10,Chlorinated,K01048
BD67,Dichlorvos,Group 10,Chlorinated,K01048
BD67,Digoxin,Group 10,Aliphatic,K00383
BD67,Diuron,Group 10,Nitrogen-containing,K00036
BD67,Diuron,Group 10,Nitrogen-containing,K00036
BD67,Diuron,Group 10,Nitrogen-containing,K00036
BD67,Diuron,Group 10,Chlorinated,K00036
BD67,Diuron,Group 10,Chlorinated,K00036
BD67,Diuron,Group 10,Chlorinated,K00036
BD67,Diuron,Group 10,Aromatic,K00036
BD67,Diuron,Group 10,Aromatic,K00036
BD67,Diuron,Group 10,Aromatic,K00036
BD67,Endosulfan,Group 10,Chlorinated,K00799
BD67,Endosulfan,Group 10,Chlorinated,K00799
BD67,Endosulfan,Group 10,Chlorinated,K00799
BD67,Endosulfan,Group 10,Chlorinated,K00799
BD67,Endosulfan,Group 10,Inorganic,K00799
BD67,Endosulfan,Group 10,Inorganic,K00799
BD67,Endosulfan,Group 10,Inorganic,K00799
BD67,Endosulfan,Group 10,Inorganic,K00799
BD67,Epichlorohydrin,Group 10,Chlorinated,K00799
BD67,Epichlorohydrin,Group 10,Aliphatic,K00799
BD67,Epichlorohydrin,Group 10,Chlorinated,K05349
BD67,Epichlorohydrin,Group 10,Aliphatic,K05349
BD67,Epichlorohydrin,Group 10,Chlorinated,K03153
BD67,Epichlorohydrin,Group 10,Aliphatic,K03153
BD67,Ethanol,Group 10,Aliphatic,K00001
BD67,Ethanol,Group 10,Aliphatic,K00121
BD67,Ethanol,Group 10,Aliphatic,K13979
BD67,Ethanol,Group 10,Aliphatic,K22474
BD67,Ethyl acrylate,Group 10,Aliphatic,K01426
BD67,Ethyl methanesulfonate,Group 10,Organosulfur,K00560
BD67,Ethyl methanesulfonate,Group 10,Aliphatic,K00560
BD67,Ethylbenzene,Group 10,Aromatic,K14581
BD67,Ethylbenzene,Group 10,Aromatic,K14581
BD67,Ethylbenzene,Group 10,Aromatic,K14581
BD67,Ethylbenzene,Group 10,Aromatic,K14581
BD67,Fluoranthene,Group 10,Polyaromatic,K00433
BD67,Fluoranthene,Group 10,Polyaromatic,K00433
BD67,Fluoranthene,Group 10,Polyaromatic,K00433
BD67,Fluoranthene,Group 10,Polyaromatic,K00433
BD67,Fluoren-9-ol,Group 10,Polyaromatic,K14581
BD67,Fluoren-9-ol,Group 10,Polyaromatic,K14581
BD67,Fluoren-9-ol,Group 10,Polyaromatic,K14581
BD67,Fluoren-9-ol,Group 10,Polyaromatic,K14581
BD67,Fluorene,Group 10,Polyaromatic,K14581
BD67,Fluorene,Group 10,Polyaromatic,K14581
BD67,Fluorene,Group 10,Polyaromatic,K14581
BD67,Fluorene,Group 10,Polyaromatic,K14581
BD67,Fluorene,Group 10,Polyaromatic,K14581
BD67,Formaldehyde,Group 10,Aliphatic,K00148
BD67,Formaldehyde,Group 10,Aliphatic,K00148
BD67,Formaldehyde,Group 10,Aliphatic,K00148
BD67,Formaldehyde,Group 10,Aliphatic,K00302
BD67,Formaldehyde,Group 10,Aliphatic,K00302
BD67,Formaldehyde,Group 10,Aliphatic,K00302
BD67,Formaldehyde,Group 10,Aliphatic,K00303
BD67,Formaldehyde,Group 10,Aliphatic,K00303
BD67,Formaldehyde,Group 10,Aliphatic,K00303
BD67,Formaldehyde,Group 10,Aliphatic,K00304
BD67,Formaldehyde,Group 10,Aliphatic,K00304
BD67,Formaldehyde,Group 10,Aliphatic,K00304
BD67,Formaldehyde,Group 10,Aliphatic,K00305
BD67,Formaldehyde,Group 10,Aliphatic,K00305
BD67,Formaldehyde,Group 10,Aliphatic,K00305
BD67,Formaldehyde,Group 10,Aliphatic,K00479
BD67,Formaldehyde,Group 10,Aliphatic,K00479
BD67,Formaldehyde,Group 10,Aliphatic,K00479
BD67,Formaldehyde,Group 10,Aliphatic,K21832
BD67,Formaldehyde,Group 10,Aliphatic,K21832
BD67,Formaldehyde,Group 10,Aliphatic,K21832
BD67,Formaldehyde,Group 10,Aliphatic,K00606
BD67,Formaldehyde,Group 10,Aliphatic,K00606
BD67,Formaldehyde,Group 10,Aliphatic,K00606
BD67,Formaldehyde,Group 10,Aliphatic,K03781
BD67,Formaldehyde,Group 10,Aliphatic,K03781
BD67,Formaldehyde,Group 10,Aliphatic,K03781
BD67,Glycidaldehyde,Group 10,Aliphatic,K00600
BD67,Hydrochlorothiazide,Group 10,Nitrogen-containing,K00287
BD67,Hydrochlorothiazide,Group 10,Sulfur-containing,K00287
BD67,Hydrochlorothiazide,Group 10,Chlorinated,K00287
BD67,Hydrochlorothiazide,Group 10,Aromatic,K00287
BD67,Hydrochlorothiazide,Group 10,Nitrogen-containing,K01673
BD67,Hydrochlorothiazide,Group 10,Sulfur-containing,K01673
BD67,Hydrochlorothiazide,Group 10,Chlorinated,K01673
BD67,Hydrochlorothiazide,Group 10,Aromatic,K01673
BD67,Hydrogen cyanide,Group 10,Nitrogen-containing,K00799
BD67,Lead,Group 10,Metal,K00001
BD67,Lead,Group 10,Metal,K00001
BD67,Lead,Group 10,Metal,K00001
BD67,Lead,Group 10,Metal,K00001
BD67,Lead,Group 10,Metal,K00001
BD67,Lead nitrate,Group 10,Metal,K00383
BD67,Lead nitrate,Group 10,Metal,K00383
BD67,Lead nitrate,Group 10,Inorganic,K00383
BD67,Lead nitrate,Group 10,Inorganic,K00383
BD67,Lead nitrate,Group 10,Nitrogen-containing,K00383
BD67,Lead nitrate,Group 10,Nitrogen-containing,K00383
BD67,Lead nitrate,Group 10,Metal,K00620
BD67,Lead nitrate,Group 10,Metal,K00620
BD67,Lead nitrate,Group 10,Inorganic,K00620
BD67,Lead nitrate,Group 10,Inorganic,K00620
BD67,Lead nitrate,Group 10,Nitrogen-containing,K00620
BD67,Lead nitrate,Group 10,Nitrogen-containing,K00620
BD67,Lead nitrate,Group 10,Metal,K00845
BD67,Lead nitrate,Group 10,Metal,K00845
BD67,Lead nitrate,Group 10,Inorganic,K00845
BD67,Lead nitrate,Group 10,Inorganic,K00845
BD67,Lead nitrate,Group 10,Nitrogen-containing,K00845
BD67,Lead nitrate,Group 10,Nitrogen-containing,K00845
BD67,Lead nitrate,Group 10,Metal,K01749
BD67,Lead nitrate,Group 10,Metal,K01749
BD67,Lead nitrate,Group 10,Inorganic,K01749
BD67,Lead nitrate,Group 10,Inorganic,K01749
BD67,Lead nitrate,Group 10,Nitrogen-containing,K01749
BD67,Lead nitrate,Group 10,Nitrogen-containing,K01749
BD67,Mercuric chloride,Group 10,Metal,K00001
BD67,Mercuric chloride,Group 10,Metal,K00001
BD67,Mercuric chloride,Group 10,Chlorinated,K00001
BD67,Mercuric chloride,Group 10,Chlorinated,K00001
BD67,Mercuric chloride,Group 10,Metal,K00008
BD67,Mercuric chloride,Group 10,Metal,K00008
BD67,Mercuric chloride,Group 10,Chlorinated,K00008
BD67,Mercuric chloride,Group 10,Chlorinated,K00008
BD67,Mercuric chloride,Group 10,Metal,K00459
BD67,Mercuric chloride,Group 10,Metal,K00459
BD67,Mercuric chloride,Group 10,Chlorinated,K00459
BD67,Mercuric chloride,Group 10,Chlorinated,K00459
BD67,Mercuric chloride,Group 10,Metal,K05351
BD67,Mercuric chloride,Group 10,Metal,K05351
BD67,Mercuric chloride,Group 10,Chlorinated,K05351
BD67,Mercuric chloride,Group 10,Chlorinated,K05351
BD67,Merphalan,Group 10,Nitrogen-containing,K01271
BD67,Merphalan,Group 10,Chlorinated,K01271
BD67,Merphalan,Group 10,Aromatic,K01271
BD67,Methane,Group 10,Aliphatic,K06163
BD67,Methyl bromide,Group 10,Halogenated,K00567
BD67,Methyl bromide,Group 10,Aliphatic,K00567
BD67,Methyl bromide,Group 10,Halogenated,K10778
BD67,Methyl bromide,Group 10,Aliphatic,K10778
BD67,Methyl isobutyl ketone,Group 10,Aliphatic,K00001
BD67,Methyl isobutyl ketone,Group 10,Aliphatic,K00824
BD67,Methyl tert-butyl ether,Group 10,Aliphatic,K00001
BD67,Methylmercury chloride,Group 10,Organometallic,K00248
BD67,Methylmercury chloride,Group 10,Organometallic,K00248
BD67,Methylmercury chloride,Group 10,Organometallic,K00248
BD67,Methylmercury chloride,Group 10,Chlorinated,K00248
BD67,Methylmercury chloride,Group 10,Chlorinated,K00248
BD67,Methylmercury chloride,Group 10,Chlorinated,K00248
BD67,Methylmercury chloride,Group 10,Organometallic,K00249
BD67,Methylmercury chloride,Group 10,Organometallic,K00249
BD67,Methylmercury chloride,Group 10,Organometallic,K00249
BD67,Methylmercury chloride,Group 10,Chlorinated,K00249
BD67,Methylmercury chloride,Group 10,Chlorinated,K00249
BD67,Methylmercury chloride,Group 10,Chlorinated,K00249
BD67,Methylmercury chloride,Group 10,Organometallic,K00287
BD67,Methylmercury chloride,Group 10,Organometallic,K00287
BD67,Methylmercury chloride,Group 10,Organometallic,K00287
BD67,Methylmercury chloride,Group 10,Chlorinated,K00287
BD67,Methylmercury chloride,Group 10,Chlorinated,K00287
BD67,Methylmercury chloride,Group 10,Chlorinated,K00287
BD67,Methylmercury chloride,Group 10,Organometallic,K01262
BD67,Methylmercury chloride,Group 10,Organometallic,K01262
BD67,Methylmercury chloride,Group 10,Organometallic,K01262
BD67,Methylmercury chloride,Group 10,Chlorinated,K01262
BD67,Methylmercury chloride,Group 10,Chlorinated,K01262
BD67,Methylmercury chloride,Group 10,Chlorinated,K01262
BD67,Methylmercury chloride,Group 10,Organometallic,K01919
BD67,Methylmercury chloride,Group 10,Organometallic,K01919
BD67,Methylmercury chloride,Group 10,Organometallic,K01919
BD67,Methylmercury chloride,Group 10,Chlorinated,K01919
BD67,Methylmercury chloride,Group 10,Chlorinated,K01919
BD67,Methylmercury chloride,Group 10,Chlorinated,K01919
BD67,Microcystin LR,Group 10,Nitrogen-containing,K07313
BD67,Microcystin LR,Group 10,Aromatic,K07313
BD67,Mitomycin,Group 10,Nitrogen-containing,K03809
BD67,Mitomycin,Group 10,Polyaromatic,K03809
BD67,Mitoxantrone,Group 10,Nitrogen-containing,K00523
BD67,Mitoxantrone,Group 10,Polyaromatic,K00523
BD67,Mitoxantrone,Group 10,Nitrogen-containing,K01104
BD67,Mitoxantrone,Group 10,Polyaromatic,K01104
BD67,"N,N'-Diacetylbenzidine",Group 10,Nitrogen-containing,K03594
BD67,"N,N'-Diacetylbenzidine",Group 10,Polyaromatic,K03594
BD67,N-Nitrosomorpholine,Group 10,Nitrogen-containing,K00368
BD67,N-Nitrosomorpholine,Group 10,Aliphatic,K00368
BD67,Nafenopin,Group 10,Polyaromatic,K01961
BD67,Nafenopin,Group 10,Polyaromatic,K01962
BD67,Nafenopin,Group 10,Polyaromatic,K01963
BD67,Naphthalene,Group 10,Polyaromatic,K14581
BD67,Naphthalene,Group 10,Polyaromatic,K14581
BD67,Naphthalene,Group 10,Polyaromatic,K14581
BD67,Naphthalene,Group 10,Polyaromatic,K14581
BD67,Naphthalene,Group 10,Polyaromatic,K14581
BD67,Naphthalene,Group 10,Polyaromatic,K14581
BD67,"Naphthalene-1,2-diol",Group 10,Polyaromatic,K00480
BD67,"Naphthalene-1,2-diol",Group 10,Polyaromatic,K00480
BD67,"Naphthalene-1,2-diol",Group 10,Polyaromatic,K00480
BD67,"Naphthalene-1,2-diol",Group 10,Polyaromatic,K00480
BD67,Nickel chloride,Group 10,Metal,K01507
BD67,Nickel chloride,Group 10,Metal,K01507
BD67,Nickel chloride,Group 10,Metal,K01507
BD67,Nickel chloride,Group 10,Inorganic,K01507
BD67,Nickel chloride,Group 10,Inorganic,K01507
BD67,Nickel chloride,Group 10,Inorganic,K01507
BD67,Nickel chloride,Group 10,Chlorinated,K01507
BD67,Nickel chloride,Group 10,Chlorinated,K01507
BD67,Nickel chloride,Group 10,Chlorinated,K01507
BD67,Nitrate,Group 10,Nitrogen-containing,K00370
BD67,Nitrate,Group 10,Inorganic,K00370
BD67,Nitrate,Group 10,Nitrogen-containing,K00371
BD67,Nitrate,Group 10,Inorganic,K00371
BD67,Nitrate,Group 10,Nitrogen-containing,K00374
BD67,Nitrate,Group 10,Inorganic,K00374
BD67,Nitrite,Group 10,Nitrogen-containing,K00366
BD67,Nitrite,Group 10,Inorganic,K00366
BD67,Nitrite,Group 10,Nitrogen-containing,K00368
BD67,Nitrite,Group 10,Inorganic,K00368
BD67,Nitrite,Group 10,Nitrogen-containing,K00370
BD67,Nitrite,Group 10,Inorganic,K00370
BD67,Nitrite,Group 10,Nitrogen-containing,K00371
BD67,Nitrite,Group 10,Inorganic,K00371
BD67,Nitrite,Group 10,Nitrogen-containing,K00374
BD67,Nitrite,Group 10,Inorganic,K00374
BD67,Nitrite,Group 10,Nitrogen-containing,K00459
BD67,Nitrite,Group 10,Inorganic,K00459
BD67,Nitrite,Group 10,Nitrogen-containing,K14581
BD67,Nitrite,Group 10,Inorganic,K14581
BD67,Nitrobenzene,Group 10,Nitrogen-containing,K14581
BD67,Nitrobenzene,Group 10,Nitrogen-containing,K14581
BD67,Nitrobenzene,Group 10,Aromatic,K14581
BD67,Nitrobenzene,Group 10,Aromatic,K14581
BD67,Nitrogen mustard,Group 10,Chlorinated,K00130
BD67,Nitrogen mustard,Group 10,Nitrogen-containing,K00130
BD67,Nitrogen mustard,Group 10,Chlorinated,K00383
BD67,Nitrogen mustard,Group 10,Nitrogen-containing,K00383
BD67,Nitromethane,Group 10,Nitrogen-containing,K00459
BD67,Nitromethane,Group 10,Inorganic,K00459
BD67,Nitromethane,Group 10,Nitrogen-containing,K01745
BD67,Nitromethane,Group 10,Inorganic,K01745
BD67,Phenacetin,Group 10,Aromatic,K01271
BD67,Phenacetin,Group 10,Nitrogen-containing,K01271
BD67,Phenacetin,Group 10,Aromatic,K01426
BD67,Phenacetin,Group 10,Nitrogen-containing,K01426
BD67,Phenol,Group 10,Aromatic,K01130
BD67,Phenol,Group 10,Aromatic,K03186
BD67,Phenol,Group 10,Aromatic,K03186
BD67,Phenol,Group 10,Aromatic,K03186
BD67,Phenol,Group 10,Aromatic,K03186
BD67,Phenol,Group 10,Aromatic,K10804
BD67,Phenol,Group 10,Aromatic,K10804
BD67,Phenol,Group 10,Aromatic,K10804
BD67,Phenol,Group 10,Aromatic,K10804
BD67,Phenol,Group 10,Aromatic,K10804
BD67,Phenylmercury acetate,Group 10,Organometallic,K00366
BD67,Phenylmercury acetate,Group 10,Organometallic,K00366
BD67,Phenylmercury acetate,Group 10,Aromatic,K00366
BD67,Phenylmercury acetate,Group 10,Aromatic,K00366
BD67,Phenylmercury acetate,Group 10,Organometallic,K04564
BD67,Phenylmercury acetate,Group 10,Organometallic,K04564
BD67,Phenylmercury acetate,Group 10,Aromatic,K04564
BD67,Phenylmercury acetate,Group 10,Aromatic,K04564
BD67,Phenylmethanesulfonyl fluoride,Group 10,Sulfur-containing,K00001
BD67,Phenylmethanesulfonyl fluoride,Group 10,Aromatic,K00001
BD67,Phenylmethanesulfonyl fluoride,Group 10,Sulfur-containing,K00024
BD67,Phenylmethanesulfonyl fluoride,Group 10,Aromatic,K00024
BD67,Pioglitazone,Group 10,Aromatic,K01482
BD67,Pioglitazone,Group 10,Sulfur-containing,K01482
BD67,Pioglitazone,Group 10,Nitrogen-containing,K01482
BD67,Salicylate,Group 10,Aromatic,K00480
BD67,Salicylate,Group 10,Aromatic,K00480
BD67,Salicylate,Group 10,Aromatic,K00480
BD67,Salicylate,Group 10,Aromatic,K00480
BD67,Salicylate,Group 10,Aromatic,K14581
BD67,Salicylate,Group 10,Aromatic,K14581
BD67,Salicylate,Group 10,Aromatic,K14581
BD67,Salicylate,Group 10,Aromatic,K14581
BD67,Simazine,Group 10,Nitrogen-containing,K01673
BD67,Simazine,Group 10,Nitrogen-containing,K01673
BD67,Simazine,Group 10,Chlorinated,K01673
BD67,Simazine,Group 10,Chlorinated,K01673
BD67,Sodium arsenite,Group 10,Inorganic,K00128
BD67,Sodium arsenite,Group 10,Metal,K00128
BD67,Sodium arsenite,Group 10,Inorganic,K00265
BD67,Sodium arsenite,Group 10,Metal,K00265
BD67,Sodium arsenite,Group 10,Inorganic,K00266
BD67,Sodium arsenite,Group 10,Metal,K00266
BD67,Sodium arsenite,Group 10,Inorganic,K01011
BD67,Sodium arsenite,Group 10,Metal,K01011
BD67,Sodium fluoride,Group 10,Inorganic,K00024
BD67,Streptozocin,Group 10,Nitrogen-containing,K01495
BD67,Streptozocin,Group 10,Aliphatic,K01495
BD67,Strontium cation,Group 10,Metal,K00128
BD67,Styrene,Group 10,Aromatic,K14581
BD67,Styrene,Group 10,Aromatic,K14581
BD67,Styrene,Group 10,Aromatic,K14581
BD67,Sulfasalazine,Group 10,Nitrogen-containing,K00927
BD67,Sulfasalazine,Group 10,Sulfur-containing,K00927
BD67,Sulfasalazine,Group 10,Polyaromatic,K00927
BD67,Sulfasalazine,Group 10,Nitrogen-containing,K02488
BD67,Sulfasalazine,Group 10,Sulfur-containing,K02488
BD67,Sulfasalazine,Group 10,Polyaromatic,K02488
BD67,Sulfasalazine,Group 10,Nitrogen-containing,K13069
BD67,Sulfasalazine,Group 10,Sulfur-containing,K13069
BD67,Sulfasalazine,Group 10,Polyaromatic,K13069
BD67,Tetranitromethane,Group 10,Nitrogen-containing,K00033
BD67,Tetranitromethane,Group 10,Inorganic,K00033
BD67,Tetranitromethane,Group 10,Nitrogen-containing,K00278
BD67,Tetranitromethane,Group 10,Inorganic,K00278
BD67,Thioacetamide,Group 10,Nitrogen-containing,K00001
BD67,Thioacetamide,Group 10,Sulfur-containing,K00001
BD67,Thioacetamide,Group 10,Aliphatic,K00001
BD67,Thioacetamide,Group 10,Nitrogen-containing,K00384
BD67,Thioacetamide,Group 10,Sulfur-containing,K00384
BD67,Thioacetamide,Group 10,Aliphatic,K00384
BD67,Thioacetamide,Group 10,Nitrogen-containing,K01426
BD67,Thioacetamide,Group 10,Sulfur-containing,K01426
BD67,Thioacetamide,Group 10,Aliphatic,K01426
BD67,Thioacetamide,Group 10,Nitrogen-containing,K01919
BD67,Thioacetamide,Group 10,Sulfur-containing,K01919
BD67,Thioacetamide,Group 10,Aliphatic,K01919
BD67,Thioacetamide,Group 10,Nitrogen-containing,K01920
BD67,Thioacetamide,Group 10,Sulfur-containing,K01920
BD67,Thioacetamide,Group 10,Aliphatic,K01920
BD67,Thioacetamide,Group 10,Nitrogen-containing,K03787
BD67,Thioacetamide,Group 10,Sulfur-containing,K03787
BD67,Thioacetamide,Group 10,Aliphatic,K03787
BD67,Thiocyanate,Group 10,Sulfur-containing,K01011
BD67,Thiocyanate,Group 10,Nitrogen-containing,K01011
BD67,Thiouracil,Group 10,Nitrogen-containing,K00433
BD67,Thiouracil,Group 10,Sulfur-containing,K00433
BD67,Thiouracil,Group 10,Aliphatic,K00433
BD67,Thiouracil,Group 10,Nitrogen-containing,K00761
BD67,Thiouracil,Group 10,Sulfur-containing,K00761
BD67,Thiouracil,Group 10,Aliphatic,K00761
BD67,Thiouracil,Group 10,Nitrogen-containing,K01464
BD67,Thiouracil,Group 10,Sulfur-containing,K01464
BD67,Thiouracil,Group 10,Aliphatic,K01464
BD67,Thiouracil,Group 10,Nitrogen-containing,K01485
BD67,Thiouracil,Group 10,Sulfur-containing,K01485
BD67,Thiouracil,Group 10,Aliphatic,K01485
BD67,Tributyltin chloride,Group 10,Metal,K01768
BD67,Tributyltin chloride,Group 10,Metal,K01768
BD67,Tributyltin chloride,Group 10,Organometallic,K01768
BD67,Tributyltin chloride,Group 10,Organometallic,K01768
BD67,Tributyltin chloride,Group 10,Metal,K02111
BD67,Tributyltin chloride,Group 10,Metal,K02111
BD67,Tributyltin chloride,Group 10,Organometallic,K02111
BD67,Tributyltin chloride,Group 10,Organometallic,K02111
BD67,Tributyltin chloride,Group 10,Metal,K02112
BD67,Tributyltin chloride,Group 10,Metal,K02112
BD67,Tributyltin chloride,Group 10,Organometallic,K02112
BD67,Tributyltin chloride,Group 10,Organometallic,K02112
BD67,Trichloroethene,Group 10,Chlorinated,K00799
BD67,Trichloroethene,Group 10,Chlorinated,K00799
BD67,Trichloroethene,Group 10,Chlorinated,K00799
BD67,Trichloroethene,Group 10,Chlorinated,K00799
BD67,Trichloroethene,Group 10,Chlorinated,K00799
BD67,Trichloroethene,Group 10,Chlorinated,K00799
BD67,Trichloroethene,Group 10,Aliphatic,K00799
BD67,Trichloroethene,Group 10,Aliphatic,K00799
BD67,Trichloroethene,Group 10,Aliphatic,K00799
BD67,Trichloroethene,Group 10,Aliphatic,K00799
BD67,Trichloroethene,Group 10,Aliphatic,K00799
BD67,Trichloroethene,Group 10,Aliphatic,K00799
BD67,Trinitrotoluene,Group 10,Nitrogen-containing,K10680
BD67,Trinitrotoluene,Group 10,Aromatic,K10680
BD67,Vinyl acetate,Group 10,Aliphatic,K01434
BD67,Vinyl fluoride,Group 10,Halogenated,K00574
BD67,Vinyl fluoride,Group 10,Halogenated,K00574
BD67,Vinyl fluoride,Group 10,Aliphatic,K00574
BD67,Vinyl fluoride,Group 10,Aliphatic,K00574
BD67,Zalcitabine,Group 10,Nitrogen-containing,K03943
BD67,Zalcitabine,Group 10,Nitrogen-containing,K03941
BD67,Zalcitabine,Group 10,Nitrogen-containing,K00927
BD67,Zidovudine,Group 10,Nitrogen-containing,K00330
BD67,Zidovudine,Group 10,Nitrogen-containing,K00331
BD67,Zidovudine,Group 10,Nitrogen-containing,K00332
BD67,Zidovudine,Group 10,Nitrogen-containing,K00333
BD67,Zidovudine,Group 10,Nitrogen-containing,K00334
BD67,Zidovudine,Group 10,Nitrogen-containing,K03943
BD67,Zidovudine,Group 10,Nitrogen-containing,K00335
BD67,Zidovudine,Group 10,Nitrogen-containing,K00336
BD67,Zidovudine,Group 10,Nitrogen-containing,K00337
BD67,Zidovudine,Group 10,Nitrogen-containing,K00338
BD67,Zidovudine,Group 10,Nitrogen-containing,K03941
BD67,Zidovudine,Group 10,Nitrogen-containing,K00339
BD67,Zidovudine,Group 10,Nitrogen-containing,K00340
BD67,Zidovudine,Group 10,Nitrogen-containing,K00341
BD67,Zidovudine,Group 10,Nitrogen-containing,K00342
BD67,Zidovudine,Group 10,Nitrogen-containing,K00343
BD67,Zidovudine,Group 10,Nitrogen-containing,K00943
BD67,Zidovudine,Group 10,Nitrogen-containing,K03787
BD67,Zinc cation,Group 10,Metal,K00001
BD67,Zinc cation,Group 10,Metal,K00001
BD67,Zinc cation,Group 10,Metal,K00004
BD67,Zinc cation,Group 10,Metal,K00004
BD67,Zinc cation,Group 10,Metal,K00008
BD67,Zinc cation,Group 10,Metal,K00008
BD67,Zinc cation,Group 10,Metal,K05351
BD67,Zinc cation,Group 10,Metal,K05351
BD67,alpha-Chlorohydrin,Group 10,Chlorinated,K00134
BD67,alpha-Chlorohydrin,Group 10,Aliphatic,K00134
BD67,alpha-Chlorohydrin,Group 10,Chlorinated,K00864
BD67,alpha-Chlorohydrin,Group 10,Aliphatic,K00864
BD67,beta-Butyrolactone,Group 10,Aliphatic,K01053
BD67,para-Aminoazobenzene,Group 10,Nitrogen-containing,K01255
BD67,para-Aminoazobenzene,Group 10,Polyaromatic,K01255
BD67,para-Aminoazobenzene,Group 10,Nitrogen-containing,K01259
BD67,para-Aminoazobenzene,Group 10,Polyaromatic,K01259
BD69,"(+)-(3S,4R)-cis-3,4-Dihydroxy-3,4-dihydrofluorene",Group 11,Polyaromatic,K14581
BD69,"(+)-(3S,4R)-cis-3,4-Dihydroxy-3,4-dihydrofluorene",Group 11,Polyaromatic,K14581
BD69,"(+)-(3S,4R)-cis-3,4-Dihydroxy-3,4-dihydrofluorene",Group 11,Polyaromatic,K14581
BD69,"(+)-(3S,4R)-cis-3,4-Dihydroxy-3,4-dihydrofluorene",Group 11,Polyaromatic,K14581
BD69,"1,1,1-Trichloroethane",Group 11,Chlorinated,K16161
BD69,"1,1,1-Trichloroethane",Group 11,Chlorinated,K16161
BD69,"1,1,1-Trichloroethane",Group 11,Chlorinated,K16161
BD69,"1,1,1-Trichloroethane",Group 11,Chlorinated,K16161
BD69,"1,1,1-Trichloroethane",Group 11,Aliphatic,K16161
BD69,"1,1,1-Trichloroethane",Group 11,Aliphatic,K16161
BD69,"1,1,1-Trichloroethane",Group 11,Aliphatic,K16161
BD69,"1,1,1-Trichloroethane",Group 11,Aliphatic,K16161
BD69,"1,1,2,2-Tetrachloroethane",Group 11,Chlorinated,K04091
BD69,"1,1,2,2-Tetrachloroethane",Group 11,Chlorinated,K04091
BD69,"1,1,2,2-Tetrachloroethane",Group 11,Chlorinated,K04091
BD69,"1,1,2,2-Tetrachloroethane",Group 11,Chlorinated,K04091
BD69,"1,1,2,2-Tetrachloroethane",Group 11,Aliphatic,K04091
BD69,"1,1,2,2-Tetrachloroethane",Group 11,Aliphatic,K04091
BD69,"1,1,2,2-Tetrachloroethane",Group 11,Aliphatic,K04091
BD69,"1,1,2,2-Tetrachloroethane",Group 11,Aliphatic,K04091
BD69,"1,1,2,2-Tetrachloroethane",Group 11,Chlorinated,K15852
BD69,"1,1,2,2-Tetrachloroethane",Group 11,Chlorinated,K15852
BD69,"1,1,2,2-Tetrachloroethane",Group 11,Chlorinated,K15852
BD69,"1,1,2,2-Tetrachloroethane",Group 11,Chlorinated,K15852
BD69,"1,1,2,2-Tetrachloroethane",Group 11,Aliphatic,K15852
BD69,"1,1,2,2-Tetrachloroethane",Group 11,Aliphatic,K15852
BD69,"1,1,2,2-Tetrachloroethane",Group 11,Aliphatic,K15852
BD69,"1,1,2,2-Tetrachloroethane",Group 11,Aliphatic,K15852
BD69,"1,2-Dibromoethane",Group 11,Organometallic,K00799
BD69,"1,2-Dibromoethane",Group 11,Organometallic,K00799
BD69,"1,2-Dichlorobenzene",Group 11,Chlorinated,K01537
BD69,"1,2-Dichlorobenzene",Group 11,Chlorinated,K01537
BD69,"1,2-Dichlorobenzene",Group 11,Chlorinated,K01537
BD69,"1,2-Dichlorobenzene",Group 11,Chlorinated,K01537
BD69,"1,2-Dichlorobenzene",Group 11,Aromatic,K01537
BD69,"1,2-Dichlorobenzene",Group 11,Aromatic,K01537
BD69,"1,2-Dichlorobenzene",Group 11,Aromatic,K01537
BD69,"1,2-Dichlorobenzene",Group 11,Aromatic,K01537
BD69,"1,2-Epoxybutane",Group 11,Aliphatic,K16161
BD69,"1,3-Dichloro-2-propanol",Group 11,Chlorinated,K00005
BD69,"1,3-Dichloro-2-propanol",Group 11,Aliphatic,K00005
BD69,"1,4-Dioxane",Group 11,Aliphatic,K00001
BD69,"1,4-Dioxane",Group 11,Aliphatic,K00001
BD69,"1,4-Dioxane",Group 11,Aliphatic,K00005
BD69,"1,4-Dioxane",Group 11,Aliphatic,K00005
BD69,1-Hydroxy-2-naphthoate,Group 11,Polyaromatic,K00480
BD69,1-Hydroxy-2-naphthoate,Group 11,Polyaromatic,K00480
BD69,1-Hydroxy-2-naphthoate,Group 11,Polyaromatic,K00480
BD69,1-Hydroxy-2-naphthoate,Group 11,Polyaromatic,K00480
BD69,1-Organyl-2-lyso-sn-glycero-3-phosphocholine,Group 11,Nitrogen-containing,K01058
BD69,1-Organyl-2-lyso-sn-glycero-3-phosphocholine,Group 11,Organophosphorus,K01058
BD69,"2,2',4,4',6,6'-Hexachlorobiphenyl",Group 11,Chlorinated,K01599
BD69,"2,2',4,4',6,6'-Hexachlorobiphenyl",Group 11,Chlorinated,K01599
BD69,"2,2',4,4',6,6'-Hexachlorobiphenyl",Group 11,Polyaromatic,K01599
BD69,"2,2',4,4',6,6'-Hexachlorobiphenyl",Group 11,Polyaromatic,K01599
BD69,"2,2',4,4'-Tetrachlorobiphenyl",Group 11,Chlorinated,K01599
BD69,"2,2',4,4'-Tetrachlorobiphenyl",Group 11,Chlorinated,K01599
BD69,"2,2',4,4'-Tetrachlorobiphenyl",Group 11,Polyaromatic,K01599
BD69,"2,2',4,4'-Tetrachlorobiphenyl",Group 11,Polyaromatic,K01599
BD69,"2,2',5,5'-Tetrachlorobiphenyl",Group 11,Chlorinated,K01599
BD69,"2,2',5,5'-Tetrachlorobiphenyl",Group 11,Chlorinated,K01599
BD69,"2,2',5,5'-Tetrachlorobiphenyl",Group 11,Polyaromatic,K01599
BD69,"2,2',5,5'-Tetrachlorobiphenyl",Group 11,Polyaromatic,K01599
BD69,"2,3,3',4,5-Pentachlorobiphenyl",Group 11,Chlorinated,K03981
BD69,"2,3,3',4,5-Pentachlorobiphenyl",Group 11,Chlorinated,K03981
BD69,"2,3,3',4,5-Pentachlorobiphenyl",Group 11,Polyaromatic,K03981
BD69,"2,3,3',4,5-Pentachlorobiphenyl",Group 11,Polyaromatic,K03981
BD69,"2,4-Dinitrotoluene",Group 11,Aromatic,K14581
BD69,"2,4-Dinitrotoluene",Group 11,Aromatic,K14581
BD69,"2,4-Dinitrotoluene",Group 11,Aromatic,K14581
BD69,"2,4-Dinitrotoluene",Group 11,Nitrogen-containing,K14581
BD69,"2,4-Dinitrotoluene",Group 11,Nitrogen-containing,K14581
BD69,"2,4-Dinitrotoluene",Group 11,Nitrogen-containing,K14581
BD69,"2-Amino-1-methyl-6-phenylimidazo[4,5-b]pyridine",Group 11,Nitrogen-containing,K00362
BD69,"2-Amino-1-methyl-6-phenylimidazo[4,5-b]pyridine",Group 11,Aromatic,K00362
BD69,"2-Amino-1-methyl-6-phenylimidazo[4,5-b]pyridine",Group 11,Nitrogen-containing,K00363
BD69,"2-Amino-1-methyl-6-phenylimidazo[4,5-b]pyridine",Group 11,Aromatic,K00363
BD69,"2-Amino-1-methyl-6-phenylimidazo[4,5-b]pyridine",Group 11,Nitrogen-containing,K18104
BD69,"2-Amino-1-methyl-6-phenylimidazo[4,5-b]pyridine",Group 11,Aromatic,K18104
BD69,2-Chlorophenol,Group 11,Aromatic,K01612
BD69,2-Chlorophenol,Group 11,Aromatic,K01612
BD69,2-Chlorophenol,Group 11,Aromatic,K01612
BD69,2-Chlorophenol,Group 11,Chlorinated,K01612
BD69,2-Chlorophenol,Group 11,Chlorinated,K01612
BD69,2-Chlorophenol,Group 11,Chlorinated,K01612
BD69,2-Chlorophenol,Group 11,Aromatic,K03381
BD69,2-Chlorophenol,Group 11,Aromatic,K03381
BD69,2-Chlorophenol,Group 11,Aromatic,K03381
BD69,2-Chlorophenol,Group 11,Chlorinated,K03381
BD69,2-Chlorophenol,Group 11,Chlorinated,K03381
BD69,2-Chlorophenol,Group 11,Chlorinated,K03381
BD69,2-Chlorophenol,Group 11,Aromatic,K21759
BD69,2-Chlorophenol,Group 11,Aromatic,K21759
BD69,2-Chlorophenol,Group 11,Aromatic,K21759
BD69,2-Chlorophenol,Group 11,Chlorinated,K21759
BD69,2-Chlorophenol,Group 11,Chlorinated,K21759
BD69,2-Chlorophenol,Group 11,Chlorinated,K21759
BD69,2-Ethoxyethanol,Group 11,Aliphatic,K00001
BD69,2-Methylnaphthalene,Group 11,Aromatic,K14581
BD69,2-Naphthylamine,Group 11,Nitrogen-containing,K00681
BD69,2-Naphthylamine,Group 11,Polyaromatic,K00681
BD69,"3,4,3',4'-Tetrachlorobiphenyl",Group 11,Chlorinated,K01599
BD69,"3,4,3',4'-Tetrachlorobiphenyl",Group 11,Chlorinated,K01599
BD69,"3,4,3',4'-Tetrachlorobiphenyl",Group 11,Polyaromatic,K01599
BD69,"3,4,3',4'-Tetrachlorobiphenyl",Group 11,Polyaromatic,K01599
BD69,"3,4,5,3',4',5'-Hexachlorobiphenyl",Group 11,Chlorinated,K01599
BD69,"3,4,5,3',4',5'-Hexachlorobiphenyl",Group 11,Chlorinated,K01599
BD69,"3,4,5,3',4',5'-Hexachlorobiphenyl",Group 11,Polyaromatic,K01599
BD69,"3,4,5,3',4',5'-Hexachlorobiphenyl",Group 11,Polyaromatic,K01599
BD69,"3,4-Dihydroxybenzoate",Group 11,Aromatic,K00448
BD69,"3,4-Dihydroxybenzoate",Group 11,Aromatic,K00448
BD69,"3,4-Dihydroxybenzoate",Group 11,Aromatic,K00448
BD69,"3,4-Dihydroxybenzoate",Group 11,Aromatic,K00448
BD69,"3,4-Dihydroxybenzoate",Group 11,Aromatic,K00449
BD69,"3,4-Dihydroxybenzoate",Group 11,Aromatic,K00449
BD69,"3,4-Dihydroxybenzoate",Group 11,Aromatic,K00449
BD69,"3,4-Dihydroxybenzoate",Group 11,Aromatic,K00449
BD69,"3,4-Dihydroxybenzoate",Group 11,Aromatic,K00481
BD69,"3,4-Dihydroxybenzoate",Group 11,Aromatic,K00481
BD69,"3,4-Dihydroxybenzoate",Group 11,Aromatic,K00481
BD69,"3,4-Dihydroxybenzoate",Group 11,Aromatic,K00481
BD69,"3-Carboxy-cis,cis-muconate",Group 11,Aliphatic,K00448
BD69,"3-Carboxy-cis,cis-muconate",Group 11,Aliphatic,K00448
BD69,"3-Carboxy-cis,cis-muconate",Group 11,Aliphatic,K00448
BD69,"3-Carboxy-cis,cis-muconate",Group 11,Aliphatic,K00448
BD69,"3-Carboxy-cis,cis-muconate",Group 11,Aliphatic,K00449
BD69,"3-Carboxy-cis,cis-muconate",Group 11,Aliphatic,K00449
BD69,"3-Carboxy-cis,cis-muconate",Group 11,Aliphatic,K00449
BD69,"3-Carboxy-cis,cis-muconate",Group 11,Aliphatic,K00449
BD69,"3-Carboxy-cis,cis-muconate",Group 11,Aliphatic,K01857
BD69,"3-Carboxy-cis,cis-muconate",Group 11,Aliphatic,K01857
BD69,"3-Carboxy-cis,cis-muconate",Group 11,Aliphatic,K01857
BD69,"3-Carboxy-cis,cis-muconate",Group 11,Aliphatic,K01857
BD69,3-Hydroxybenzoate,Group 11,Aromatic,K22270
BD69,3-Hydroxybenzoate,Group 11,Aromatic,K22270
BD69,3-Hydroxybenzoate,Group 11,Aromatic,K22270
BD69,3-Hydroxybenzoate,Group 11,Aromatic,K22270
BD69,"4,4'-Methylenebis(N,N-dimethylaniline)",Group 11,Nitrogen-containing,K03981
BD69,"4,4'-Methylenebis(N,N-dimethylaniline)",Group 11,Polyaromatic,K03981
BD69,4-Cresol,Group 11,Aromatic,K03150
BD69,4-Cresol,Group 11,Aromatic,K03150
BD69,4-Methylimidazole,Group 11,Nitrogen-containing,K00965
BD69,4-Methylimidazole,Group 11,Aliphatic,K00965
BD69,4-Methylimidazole,Group 11,Nitrogen-containing,K01673
BD69,4-Methylimidazole,Group 11,Aliphatic,K01673
BD69,4-Methylimidazole,Group 11,Nitrogen-containing,K01674
BD69,4-Methylimidazole,Group 11,Aliphatic,K01674
BD69,4-Nitrophenol,Group 11,Aromatic,K01077
BD69,4-Nitrophenol,Group 11,Aromatic,K01077
BD69,4-Nitrophenol,Group 11,Nitrogen-containing,K01077
BD69,4-Nitrophenol,Group 11,Nitrogen-containing,K01077
BD69,4-Nitrophenol,Group 11,Aromatic,K01093
BD69,4-Nitrophenol,Group 11,Aromatic,K01093
BD69,4-Nitrophenol,Group 11,Nitrogen-containing,K01093
BD69,4-Nitrophenol,Group 11,Nitrogen-containing,K01093
BD69,4-Nitrophenol,Group 11,Aromatic,K01101
BD69,4-Nitrophenol,Group 11,Aromatic,K01101
BD69,4-Nitrophenol,Group 11,Nitrogen-containing,K01101
BD69,4-Nitrophenol,Group 11,Nitrogen-containing,K01101
BD69,4-Nitrophenol,Group 11,Aromatic,K03788
BD69,4-Nitrophenol,Group 11,Aromatic,K03788
BD69,4-Nitrophenol,Group 11,Nitrogen-containing,K03788
BD69,4-Nitrophenol,Group 11,Nitrogen-containing,K03788
BD69,Acenaphthene,Group 11,Polyaromatic,K00433
BD69,Acenaphthene,Group 11,Polyaromatic,K00433
BD69,Acenaphthene,Group 11,Polyaromatic,K18104
BD69,Acenaphthene,Group 11,Polyaromatic,K18104
BD69,Acetaldehyde,Group 11,Aliphatic,K00001
BD69,Acetaldehyde,Group 11,Aliphatic,K00001
BD69,Acetaldehyde,Group 11,Aliphatic,K00001
BD69,Acetaldehyde,Group 11,Aliphatic,K13954
BD69,Acetaldehyde,Group 11,Aliphatic,K13954
BD69,Acetaldehyde,Group 11,Aliphatic,K13954
BD69,Acetaldehyde,Group 11,Aliphatic,K00121
BD69,Acetaldehyde,Group 11,Aliphatic,K00121
BD69,Acetaldehyde,Group 11,Aliphatic,K00121
BD69,Acetaldehyde,Group 11,Aliphatic,K00138
BD69,Acetaldehyde,Group 11,Aliphatic,K00138
BD69,Acetaldehyde,Group 11,Aliphatic,K00138
BD69,Acetaldehyde,Group 11,Aliphatic,K01568
BD69,Acetaldehyde,Group 11,Aliphatic,K01568
BD69,Acetaldehyde,Group 11,Aliphatic,K01568
BD69,Acetaldehyde,Group 11,Aliphatic,K01619
BD69,Acetaldehyde,Group 11,Aliphatic,K01619
BD69,Acetaldehyde,Group 11,Aliphatic,K01619
BD69,Acetaldehyde,Group 11,Aliphatic,K01620
BD69,Acetaldehyde,Group 11,Aliphatic,K01620
BD69,Acetaldehyde,Group 11,Aliphatic,K01620
BD69,Acetaldehyde,Group 11,Aliphatic,K20801
BD69,Acetaldehyde,Group 11,Aliphatic,K20801
BD69,Acetaldehyde,Group 11,Aliphatic,K20801
BD69,Acetaldehyde,Group 11,Aliphatic,K01737
BD69,Acetaldehyde,Group 11,Aliphatic,K01737
BD69,Acetaldehyde,Group 11,Aliphatic,K01737
BD69,Acetaldehyde,Group 11,Aliphatic,K02189
BD69,Acetaldehyde,Group 11,Aliphatic,K02189
BD69,Acetaldehyde,Group 11,Aliphatic,K02189
BD69,Acetaldehyde,Group 11,Aliphatic,K03735
BD69,Acetaldehyde,Group 11,Aliphatic,K03735
BD69,Acetaldehyde,Group 11,Aliphatic,K03735
BD69,Acetaldehyde,Group 11,Aliphatic,K03736
BD69,Acetaldehyde,Group 11,Aliphatic,K03736
BD69,Acetaldehyde,Group 11,Aliphatic,K03736
BD69,Acetaldehyde,Group 11,Aliphatic,K04019
BD69,Acetaldehyde,Group 11,Aliphatic,K04019
BD69,Acetaldehyde,Group 11,Aliphatic,K04019
BD69,Acetaldehyde,Group 11,Aliphatic,K04021
BD69,Acetaldehyde,Group 11,Aliphatic,K04021
BD69,Acetaldehyde,Group 11,Aliphatic,K04021
BD69,Acetaldehyde,Group 11,Aliphatic,K04022
BD69,Acetaldehyde,Group 11,Aliphatic,K04022
BD69,Acetaldehyde,Group 11,Aliphatic,K04022
BD69,Acetaldehyde,Group 11,Aliphatic,K04072
BD69,Acetaldehyde,Group 11,Aliphatic,K04072
BD69,Acetaldehyde,Group 11,Aliphatic,K04072
BD69,Acetaldehyde,Group 11,Aliphatic,K12957
BD69,Acetaldehyde,Group 11,Aliphatic,K12957
BD69,Acetaldehyde,Group 11,Aliphatic,K12957
BD69,"Aflatoxin B1-exo-8,9-epoxide",Group 11,Aromatic,K00799
BD69,"Aflatoxin B1exo-8,9-epoxide-GSH",Group 11,Aromatic,K00799
BD69,"Aflatoxin B1exo-8,9-epoxide-GSH",Group 11,Nitrogen-containing,K00799
BD69,"Aflatoxin B1exo-8,9-epoxide-GSH",Group 11,Sulfur-containing,K00799
BD69,Alachlor,Group 11,Aromatic,K00799
BD69,Alachlor,Group 11,Aromatic,K00799
BD69,Alachlor,Group 11,Chlorinated,K00799
BD69,Alachlor,Group 11,Chlorinated,K00799
BD69,Alachlor,Group 11,Nitrogen-containing,K00799
BD69,Alachlor,Group 11,Nitrogen-containing,K00799
BD69,Ammonia,Group 11,Nitrogen-containing,K00364
BD69,Ammonia,Group 11,Nitrogen-containing,K00364
BD69,Ammonia,Group 11,Nitrogen-containing,K00262
BD69,Ammonia,Group 11,Nitrogen-containing,K00262
BD69,Ammonia,Group 11,Nitrogen-containing,K00265
BD69,Ammonia,Group 11,Nitrogen-containing,K00265
BD69,Ammonia,Group 11,Nitrogen-containing,K00266
BD69,Ammonia,Group 11,Nitrogen-containing,K00266
BD69,Ammonia,Group 11,Nitrogen-containing,K00275
BD69,Ammonia,Group 11,Nitrogen-containing,K00275
BD69,Ammonia,Group 11,Nitrogen-containing,K00278
BD69,Ammonia,Group 11,Nitrogen-containing,K00278
BD69,Ammonia,Group 11,Nitrogen-containing,K00281
BD69,Ammonia,Group 11,Nitrogen-containing,K00281
BD69,Ammonia,Group 11,Nitrogen-containing,K00283
BD69,Ammonia,Group 11,Nitrogen-containing,K00283
BD69,Ammonia,Group 11,Nitrogen-containing,K00285
BD69,Ammonia,Group 11,Nitrogen-containing,K00285
BD69,Ammonia,Group 11,Nitrogen-containing,K00362
BD69,Ammonia,Group 11,Nitrogen-containing,K00362
BD69,Ammonia,Group 11,Nitrogen-containing,K00363
BD69,Ammonia,Group 11,Nitrogen-containing,K00363
BD69,Ammonia,Group 11,Nitrogen-containing,K00382
BD69,Ammonia,Group 11,Nitrogen-containing,K00382
BD69,Ammonia,Group 11,Nitrogen-containing,K00605
BD69,Ammonia,Group 11,Nitrogen-containing,K00605
BD69,Ammonia,Group 11,Nitrogen-containing,K13497
BD69,Ammonia,Group 11,Nitrogen-containing,K13497
BD69,Ammonia,Group 11,Nitrogen-containing,K00926
BD69,Ammonia,Group 11,Nitrogen-containing,K00926
BD69,Ammonia,Group 11,Nitrogen-containing,K01488
BD69,Ammonia,Group 11,Nitrogen-containing,K01488
BD69,Ammonia,Group 11,Nitrogen-containing,K01424
BD69,Ammonia,Group 11,Nitrogen-containing,K01424
BD69,Ammonia,Group 11,Nitrogen-containing,K05597
BD69,Ammonia,Group 11,Nitrogen-containing,K05597
BD69,Ammonia,Group 11,Nitrogen-containing,K13051
BD69,Ammonia,Group 11,Nitrogen-containing,K13051
BD69,Ammonia,Group 11,Nitrogen-containing,K01425
BD69,Ammonia,Group 11,Nitrogen-containing,K01425
BD69,Ammonia,Group 11,Nitrogen-containing,K01428
BD69,Ammonia,Group 11,Nitrogen-containing,K01428
BD69,Ammonia,Group 11,Nitrogen-containing,K01429
BD69,Ammonia,Group 11,Nitrogen-containing,K01429
BD69,Ammonia,Group 11,Nitrogen-containing,K01430
BD69,Ammonia,Group 11,Nitrogen-containing,K01430
BD69,Ammonia,Group 11,Nitrogen-containing,K14048
BD69,Ammonia,Group 11,Nitrogen-containing,K14048
BD69,Ammonia,Group 11,Nitrogen-containing,K01457
BD69,Ammonia,Group 11,Nitrogen-containing,K01457
BD69,Ammonia,Group 11,Nitrogen-containing,K01478
BD69,Ammonia,Group 11,Nitrogen-containing,K01478
BD69,Ammonia,Group 11,Nitrogen-containing,K01484
BD69,Ammonia,Group 11,Nitrogen-containing,K01484
BD69,Ammonia,Group 11,Nitrogen-containing,K01486
BD69,Ammonia,Group 11,Nitrogen-containing,K01486
BD69,Ammonia,Group 11,Nitrogen-containing,K01487
BD69,Ammonia,Group 11,Nitrogen-containing,K01487
BD69,Ammonia,Group 11,Nitrogen-containing,K01493
BD69,Ammonia,Group 11,Nitrogen-containing,K01493
BD69,Ammonia,Group 11,Nitrogen-containing,K01489
BD69,Ammonia,Group 11,Nitrogen-containing,K01489
BD69,Ammonia,Group 11,Nitrogen-containing,K01494
BD69,Ammonia,Group 11,Nitrogen-containing,K01494
BD69,Ammonia,Group 11,Nitrogen-containing,K01498
BD69,Ammonia,Group 11,Nitrogen-containing,K01498
BD69,Ammonia,Group 11,Nitrogen-containing,K11752
BD69,Ammonia,Group 11,Nitrogen-containing,K11752
BD69,Ammonia,Group 11,Nitrogen-containing,K01657
BD69,Ammonia,Group 11,Nitrogen-containing,K01657
BD69,Ammonia,Group 11,Nitrogen-containing,K13503
BD69,Ammonia,Group 11,Nitrogen-containing,K13503
BD69,Ammonia,Group 11,Nitrogen-containing,K01658
BD69,Ammonia,Group 11,Nitrogen-containing,K01658
BD69,Ammonia,Group 11,Nitrogen-containing,K01664
BD69,Ammonia,Group 11,Nitrogen-containing,K01664
BD69,Ammonia,Group 11,Nitrogen-containing,K01663
BD69,Ammonia,Group 11,Nitrogen-containing,K01663
BD69,Ammonia,Group 11,Nitrogen-containing,K02500
BD69,Ammonia,Group 11,Nitrogen-containing,K02500
BD69,Ammonia,Group 11,Nitrogen-containing,K01665
BD69,Ammonia,Group 11,Nitrogen-containing,K01665
BD69,Ammonia,Group 11,Nitrogen-containing,K01667
BD69,Ammonia,Group 11,Nitrogen-containing,K01667
BD69,Ammonia,Group 11,Nitrogen-containing,K01725
BD69,Ammonia,Group 11,Nitrogen-containing,K01725
BD69,Ammonia,Group 11,Nitrogen-containing,K01739
BD69,Ammonia,Group 11,Nitrogen-containing,K01739
BD69,Ammonia,Group 11,Nitrogen-containing,K01744
BD69,Ammonia,Group 11,Nitrogen-containing,K01744
BD69,Ammonia,Group 11,Nitrogen-containing,K01745
BD69,Ammonia,Group 11,Nitrogen-containing,K01745
BD69,Ammonia,Group 11,Nitrogen-containing,K01749
BD69,Ammonia,Group 11,Nitrogen-containing,K01749
BD69,Ammonia,Group 11,Nitrogen-containing,K01751
BD69,Ammonia,Group 11,Nitrogen-containing,K01751
BD69,Ammonia,Group 11,Nitrogen-containing,K01752
BD69,Ammonia,Group 11,Nitrogen-containing,K01752
BD69,Ammonia,Group 11,Nitrogen-containing,K01753
BD69,Ammonia,Group 11,Nitrogen-containing,K01753
BD69,Ammonia,Group 11,Nitrogen-containing,K01754
BD69,Ammonia,Group 11,Nitrogen-containing,K01754
BD69,Ammonia,Group 11,Nitrogen-containing,K01760
BD69,Ammonia,Group 11,Nitrogen-containing,K01760
BD69,Ammonia,Group 11,Nitrogen-containing,K01914
BD69,Ammonia,Group 11,Nitrogen-containing,K01914
BD69,Ammonia,Group 11,Nitrogen-containing,K01915
BD69,Ammonia,Group 11,Nitrogen-containing,K01915
BD69,Ammonia,Group 11,Nitrogen-containing,K01916
BD69,Ammonia,Group 11,Nitrogen-containing,K01916
BD69,Ammonia,Group 11,Nitrogen-containing,K01937
BD69,Ammonia,Group 11,Nitrogen-containing,K01937
BD69,Ammonia,Group 11,Nitrogen-containing,K01951
BD69,Ammonia,Group 11,Nitrogen-containing,K01951
BD69,Ammonia,Group 11,Nitrogen-containing,K01953
BD69,Ammonia,Group 11,Nitrogen-containing,K01953
BD69,Ammonia,Group 11,Nitrogen-containing,K01955
BD69,Ammonia,Group 11,Nitrogen-containing,K01955
BD69,Ammonia,Group 11,Nitrogen-containing,K01956
BD69,Ammonia,Group 11,Nitrogen-containing,K01956
BD69,Ammonia,Group 11,Nitrogen-containing,K02082
BD69,Ammonia,Group 11,Nitrogen-containing,K02082
BD69,Ammonia,Group 11,Nitrogen-containing,K02437
BD69,Ammonia,Group 11,Nitrogen-containing,K02437
BD69,Ammonia,Group 11,Nitrogen-containing,K02501
BD69,Ammonia,Group 11,Nitrogen-containing,K02501
BD69,Ammonia,Group 11,Nitrogen-containing,K02564
BD69,Ammonia,Group 11,Nitrogen-containing,K02564
BD69,Ammonia,Group 11,Nitrogen-containing,K03385
BD69,Ammonia,Group 11,Nitrogen-containing,K03385
BD69,Ammonia,Group 11,Nitrogen-containing,K03412
BD69,Ammonia,Group 11,Nitrogen-containing,K03412
BD69,Ammonia,Group 11,Nitrogen-containing,K03735
BD69,Ammonia,Group 11,Nitrogen-containing,K03735
BD69,Ammonia,Group 11,Nitrogen-containing,K03736
BD69,Ammonia,Group 11,Nitrogen-containing,K03736
BD69,Ammonia,Group 11,Nitrogen-containing,K03743
BD69,Ammonia,Group 11,Nitrogen-containing,K03743
BD69,Ammonia,Group 11,Nitrogen-containing,K04016
BD69,Ammonia,Group 11,Nitrogen-containing,K04016
BD69,Ammonia,Group 11,Nitrogen-containing,K04019
BD69,Ammonia,Group 11,Nitrogen-containing,K04019
BD69,Ammonia,Group 11,Nitrogen-containing,K04835
BD69,Ammonia,Group 11,Nitrogen-containing,K04835
BD69,Ammonia,Group 11,Nitrogen-containing,K05396
BD69,Ammonia,Group 11,Nitrogen-containing,K05396
BD69,Ammonia,Group 11,Nitrogen-containing,K05601
BD69,Ammonia,Group 11,Nitrogen-containing,K05601
BD69,Ammonia,Group 11,Nitrogen-containing,K05810
BD69,Ammonia,Group 11,Nitrogen-containing,K05810
BD69,Ammonia,Group 11,Nitrogen-containing,K06920
BD69,Ammonia,Group 11,Nitrogen-containing,K06920
BD69,Ammonia,Group 11,Nitrogen-containing,K08281
BD69,Ammonia,Group 11,Nitrogen-containing,K08281
BD69,Ammonia,Group 11,Nitrogen-containing,K09022
BD69,Ammonia,Group 11,Nitrogen-containing,K09022
BD69,Ammonia,Group 11,Nitrogen-containing,K10026
BD69,Ammonia,Group 11,Nitrogen-containing,K10026
BD69,Ammonia,Group 11,Nitrogen-containing,K13566
BD69,Ammonia,Group 11,Nitrogen-containing,K13566
BD69,Ammonia,Group 11,Nitrogen-containing,K11991
BD69,Ammonia,Group 11,Nitrogen-containing,K11991
BD69,Ammonia,Group 11,Nitrogen-containing,K14155
BD69,Ammonia,Group 11,Nitrogen-containing,K14155
BD69,Ammonia,Group 11,Nitrogen-containing,K17468
BD69,Ammonia,Group 11,Nitrogen-containing,K17468
BD69,Amsacrine,Group 11,Polyaromatic,K02469
BD69,Amsacrine,Group 11,Nitrogen-containing,K02469
BD69,Amsacrine,Group 11,Sulfur-containing,K02469
BD69,Amsacrine,Group 11,Polyaromatic,K02470
BD69,Amsacrine,Group 11,Nitrogen-containing,K02470
BD69,Amsacrine,Group 11,Sulfur-containing,K02470
BD69,Amsacrine,Group 11,Polyaromatic,K02621
BD69,Amsacrine,Group 11,Nitrogen-containing,K02621
BD69,Amsacrine,Group 11,Sulfur-containing,K02621
BD69,Amsacrine,Group 11,Polyaromatic,K02622
BD69,Amsacrine,Group 11,Nitrogen-containing,K02622
BD69,Amsacrine,Group 11,Sulfur-containing,K02622
BD69,Amsacrine,Group 11,Polyaromatic,K03168
BD69,Amsacrine,Group 11,Nitrogen-containing,K03168
BD69,Amsacrine,Group 11,Sulfur-containing,K03168
BD69,Amsacrine,Group 11,Polyaromatic,K03169
BD69,Amsacrine,Group 11,Nitrogen-containing,K03169
BD69,Amsacrine,Group 11,Sulfur-containing,K03169
BD69,Anthracene,Group 11,Polyaromatic,K14581
BD69,Anthracene,Group 11,Polyaromatic,K14581
BD69,Anthracene,Group 11,Polyaromatic,K14581
BD69,Anthracene,Group 11,Polyaromatic,K14581
BD69,Anthracene,Group 11,Polyaromatic,K14581
BD69,"Anthracene-cis-1,2-dihydrodiol",Group 11,Polyaromatic,K14581
BD69,"Anthracene-cis-1,2-dihydrodiol",Group 11,Polyaromatic,K14581
BD69,"Anthracene-cis-1,2-dihydrodiol",Group 11,Polyaromatic,K14581
BD69,"Anthracene-cis-1,2-dihydrodiol",Group 11,Polyaromatic,K14581
BD69,Aristolochic acid,Group 11,Polyaromatic,K01058
BD69,Aristolochic acid,Group 11,Nitrogen-containing,K01058
BD69,Arsenic,Group 11,Metal,K01584
BD69,Arsenic,Group 11,Metal,K01584
BD69,Arsenic,Group 11,Metal,K01584
BD69,Arsenic,Group 11,Metal,K01584
BD69,Arsenic,Group 11,Metal,K01585
BD69,Arsenic,Group 11,Metal,K01585
BD69,Arsenic,Group 11,Metal,K01585
BD69,Arsenic,Group 11,Metal,K01585
BD69,Arsenic,Group 11,Metal,K04077
BD69,Arsenic,Group 11,Metal,K04077
BD69,Arsenic,Group 11,Metal,K04077
BD69,Arsenic,Group 11,Metal,K04077
BD69,Arylmercury,Group 11,Organometallic,K01584
BD69,Arylmercury,Group 11,Organometallic,K01584
BD69,Arylmercury,Group 11,Polyaromatic,K01584
BD69,Arylmercury,Group 11,Polyaromatic,K01584
BD69,Arylmercury,Group 11,Organometallic,K01585
BD69,Arylmercury,Group 11,Organometallic,K01585
BD69,Arylmercury,Group 11,Polyaromatic,K01585
BD69,Arylmercury,Group 11,Polyaromatic,K01585
BD69,Arylmercury,Group 11,Organometallic,K20542
BD69,Arylmercury,Group 11,Organometallic,K20542
BD69,Arylmercury,Group 11,Polyaromatic,K20542
BD69,Arylmercury,Group 11,Polyaromatic,K20542
BD69,Aziridine,Group 11,Nitrogen-containing,K01089
BD69,Aziridine,Group 11,Aliphatic,K01089
BD69,Benzo[a]pyrene,Group 11,Polyaromatic,K14581
BD69,Benzo[a]pyrene,Group 11,Polyaromatic,K14581
BD69,Benzo[a]pyrene,Group 11,Polyaromatic,K14581
BD69,Benzo[a]pyrene,Group 11,Polyaromatic,K14581
BD69,Benzo[a]pyrene,Group 11,Polyaromatic,K14581
BD69,Benzo[a]pyrene,Group 11,Polyaromatic,K14581
BD69,Benzo[a]pyrene,Group 11,Polyaromatic,K14581
BD69,"Benzo[a]pyrene-cis-9,10-dihydrodiol",Group 11,Polyaromatic,K14581
BD69,"Benzo[a]pyrene-cis-9,10-dihydrodiol",Group 11,Polyaromatic,K14581
BD69,"Benzo[a]pyrene-cis-9,10-dihydrodiol",Group 11,Polyaromatic,K14581
BD69,"Benzo[a]pyrene-cis-9,10-dihydrodiol",Group 11,Polyaromatic,K14581
BD69,Benzo[k]fluoranthene,Group 11,Polyaromatic,K01183
BD69,Benzo[k]fluoranthene,Group 11,Polyaromatic,K01183
BD69,Benzo[k]fluoranthene,Group 11,Polyaromatic,K01183
BD69,Benzo[k]fluoranthene,Group 11,Polyaromatic,K01183
BD69,CO,Group 11,Inorganic,K00196
BD69,CO,Group 11,Inorganic,K03147
BD69,CO,Group 11,Inorganic,K03518
BD69,CO,Group 11,Inorganic,K06911
BD69,Cacodylate,Group 11,Inorganic,K00133
BD69,Cacodylate,Group 11,Inorganic,K00133
BD69,Cacodylate,Group 11,Metal,K00133
BD69,Cacodylate,Group 11,Metal,K00133
BD69,Cacodylate,Group 11,Inorganic,K01708
BD69,Cacodylate,Group 11,Inorganic,K01708
BD69,Cacodylate,Group 11,Metal,K01708
BD69,Cacodylate,Group 11,Metal,K01708
BD69,Caffeate,Group 11,Aromatic,K03186
BD69,Captafol,Group 11,Chlorinated,K00652
BD69,Captafol,Group 11,Nitrogen-containing,K00652
BD69,Captafol,Group 11,Sulfur-containing,K00652
BD69,Carbon tetrachloride,Group 11,Chlorinated,K00384
BD69,Carbon tetrachloride,Group 11,Chlorinated,K00384
BD69,Carbon tetrachloride,Group 11,Chlorinated,K00384
BD69,Carbon tetrachloride,Group 11,Chlorinated,K00384
BD69,Carbon tetrachloride,Group 11,Chlorinated,K00384
BD69,Carbon tetrachloride,Group 11,Chlorinated,K00789
BD69,Carbon tetrachloride,Group 11,Chlorinated,K00789
BD69,Carbon tetrachloride,Group 11,Chlorinated,K00789
BD69,Carbon tetrachloride,Group 11,Chlorinated,K00789
BD69,Carbon tetrachloride,Group 11,Chlorinated,K00789
BD69,Carbon tetrachloride,Group 11,Chlorinated,K02566
BD69,Carbon tetrachloride,Group 11,Chlorinated,K02566
BD69,Carbon tetrachloride,Group 11,Chlorinated,K02566
BD69,Carbon tetrachloride,Group 11,Chlorinated,K02566
BD69,Carbon tetrachloride,Group 11,Chlorinated,K02566
BD69,Carbon tetrachloride,Group 11,Chlorinated,K01919
BD69,Carbon tetrachloride,Group 11,Chlorinated,K01919
BD69,Carbon tetrachloride,Group 11,Chlorinated,K01919
BD69,Carbon tetrachloride,Group 11,Chlorinated,K01919
BD69,Carbon tetrachloride,Group 11,Chlorinated,K01919
BD69,Carbon tetrachloride,Group 11,Chlorinated,K03787
BD69,Carbon tetrachloride,Group 11,Chlorinated,K03787
BD69,Carbon tetrachloride,Group 11,Chlorinated,K03787
BD69,Carbon tetrachloride,Group 11,Chlorinated,K03787
BD69,Carbon tetrachloride,Group 11,Chlorinated,K03787
BD69,Carbon tetrachloride,Group 11,Chlorinated,K06048
BD69,Carbon tetrachloride,Group 11,Chlorinated,K06048
BD69,Carbon tetrachloride,Group 11,Chlorinated,K06048
BD69,Carbon tetrachloride,Group 11,Chlorinated,K06048
BD69,Carbon tetrachloride,Group 11,Chlorinated,K06048
BD69,Carbon tetrachloride,Group 11,Chlorinated,K11751
BD69,Carbon tetrachloride,Group 11,Chlorinated,K11751
BD69,Carbon tetrachloride,Group 11,Chlorinated,K11751
BD69,Carbon tetrachloride,Group 11,Chlorinated,K11751
BD69,Carbon tetrachloride,Group 11,Chlorinated,K11751
BD69,Catechol,Group 11,Aromatic,K00480
BD69,Catechol,Group 11,Aromatic,K00480
BD69,Catechol,Group 11,Aromatic,K00480
BD69,Catechol,Group 11,Aromatic,K00480
BD69,Catechol,Group 11,Aromatic,K00480
BD69,Catechol,Group 11,Aromatic,K03381
BD69,Catechol,Group 11,Aromatic,K03381
BD69,Catechol,Group 11,Aromatic,K03381
BD69,Catechol,Group 11,Aromatic,K03381
BD69,Catechol,Group 11,Aromatic,K03381
BD69,Catechol,Group 11,Aromatic,K05783
BD69,Catechol,Group 11,Aromatic,K05783
BD69,Catechol,Group 11,Aromatic,K05783
BD69,Catechol,Group 11,Aromatic,K05783
BD69,Catechol,Group 11,Aromatic,K05783
BD69,Catechol,Group 11,Aromatic,K14581
BD69,Catechol,Group 11,Aromatic,K14581
BD69,Catechol,Group 11,Aromatic,K14581
BD69,Catechol,Group 11,Aromatic,K14581
BD69,Catechol,Group 11,Aromatic,K14581
BD69,Chloral hydrate,Group 11,Chlorinated,K00001
BD69,Chloral hydrate,Group 11,Aliphatic,K00001
BD69,Chloral hydrate,Group 11,Chlorinated,K13954
BD69,Chloral hydrate,Group 11,Aliphatic,K13954
BD69,Chloral hydrate,Group 11,Chlorinated,K00121
BD69,Chloral hydrate,Group 11,Aliphatic,K00121
BD69,Chloral hydrate,Group 11,Chlorinated,K04072
BD69,Chloral hydrate,Group 11,Aliphatic,K04072
BD69,Chloramine,Group 11,Nitrogen-containing,K03386
BD69,Chloramine,Group 11,Chlorinated,K03386
BD69,Chloramine,Group 11,Nitrogen-containing,K03564
BD69,Chloramine,Group 11,Chlorinated,K03564
BD69,Chloramine,Group 11,Nitrogen-containing,K11065
BD69,Chloramine,Group 11,Chlorinated,K11065
BD69,Chloraminophenamide,Group 11,Nitrogen-containing,K01673
BD69,Chloraminophenamide,Group 11,Sulfur-containing,K01673
BD69,Chloraminophenamide,Group 11,Chlorinated,K01673
BD69,Chloraminophenamide,Group 11,Aromatic,K01673
BD69,Chloraminophenamide,Group 11,Nitrogen-containing,K01674
BD69,Chloraminophenamide,Group 11,Sulfur-containing,K01674
BD69,Chloraminophenamide,Group 11,Chlorinated,K01674
BD69,Chloraminophenamide,Group 11,Aromatic,K01674
BD69,Chlorothalonil,Group 11,Chlorinated,K11216
BD69,Chlorothalonil,Group 11,Aromatic,K11216
BD69,Chlorothalonil,Group 11,Nitrogen-containing,K11216
BD69,Chlorpyrifos,Group 11,Organophosphorus,K00799
BD69,Chlorpyrifos,Group 11,Organophosphorus,K00799
BD69,Chlorpyrifos,Group 11,Organophosphorus,K00799
BD69,Chlorpyrifos,Group 11,Chlorinated,K00799
BD69,Chlorpyrifos,Group 11,Chlorinated,K00799
BD69,Chlorpyrifos,Group 11,Chlorinated,K00799
BD69,Chlorpyrifos,Group 11,Organophosphorus,K10804
BD69,Chlorpyrifos,Group 11,Organophosphorus,K10804
BD69,Chlorpyrifos,Group 11,Organophosphorus,K10804
BD69,Chlorpyrifos,Group 11,Chlorinated,K10804
BD69,Chlorpyrifos,Group 11,Chlorinated,K10804
BD69,Chlorpyrifos,Group 11,Chlorinated,K10804
BD69,Chlorpyrifos,Group 11,Organophosphorus,K10805
BD69,Chlorpyrifos,Group 11,Organophosphorus,K10805
BD69,Chlorpyrifos,Group 11,Organophosphorus,K10805
BD69,Chlorpyrifos,Group 11,Chlorinated,K10805
BD69,Chlorpyrifos,Group 11,Chlorinated,K10805
BD69,Chlorpyrifos,Group 11,Chlorinated,K10805
BD69,Cobalt,Group 11,Metal,K01870
BD69,Cobaltous sulfate,Group 11,Metal,K01488
BD69,Cobaltous sulfate,Group 11,Inorganic,K01488
BD69,Cobaltous sulfate,Group 11,Metal,K01624
BD69,Cobaltous sulfate,Group 11,Inorganic,K01624
BD69,Cobaltous sulfate,Group 11,Metal,K01779
BD69,Cobaltous sulfate,Group 11,Inorganic,K01779
BD69,Cobaltous sulfate,Group 11,Metal,K05810
BD69,Cobaltous sulfate,Group 11,Inorganic,K05810
BD69,Cobaltous sulfate,Group 11,Metal,K11645
BD69,Cobaltous sulfate,Group 11,Inorganic,K11645
BD69,Copper,Group 11,Metal,K17686
BD69,Copper,Group 11,Metal,K17686
BD69,Copper,Group 11,Metal,K17686
BD69,Cyanide ion,Group 11,Nitrogen-containing,K01011
BD69,Cyanide ion,Group 11,Nitrogen-containing,K01011
BD69,Cyanide ion,Group 11,Nitrogen-containing,K01011
BD69,Cyanide ion,Group 11,Inorganic,K01011
BD69,Cyanide ion,Group 11,Inorganic,K01011
BD69,Cyanide ion,Group 11,Inorganic,K01011
BD69,Cyanide ion,Group 11,Nitrogen-containing,K02439
BD69,Cyanide ion,Group 11,Nitrogen-containing,K02439
BD69,Cyanide ion,Group 11,Nitrogen-containing,K02439
BD69,Cyanide ion,Group 11,Inorganic,K02439
BD69,Cyanide ion,Group 11,Inorganic,K02439
BD69,Cyanide ion,Group 11,Inorganic,K02439
BD69,Cyclosporin A,Group 11,Nitrogen-containing,K18104
BD69,Cypermethrin,Group 11,Polyaromatic,K00036
BD69,Cypermethrin,Group 11,Chlorinated,K00036
BD69,Cypermethrin,Group 11,Nitrogen-containing,K00036
BD69,Cypermethrin,Group 11,Polyaromatic,K00688
BD69,Cypermethrin,Group 11,Chlorinated,K00688
BD69,Cypermethrin,Group 11,Nitrogen-containing,K00688
BD69,Cypermethrin,Group 11,Polyaromatic,K00799
BD69,Cypermethrin,Group 11,Chlorinated,K00799
BD69,Cypermethrin,Group 11,Nitrogen-containing,K00799
BD69,Cypermethrin,Group 11,Polyaromatic,K00823
BD69,Cypermethrin,Group 11,Chlorinated,K00823
BD69,Cypermethrin,Group 11,Nitrogen-containing,K00823
BD69,Cypermethrin,Group 11,Polyaromatic,K07250
BD69,Cypermethrin,Group 11,Chlorinated,K07250
BD69,Cypermethrin,Group 11,Nitrogen-containing,K07250
BD69,Cypermethrin,Group 11,Polyaromatic,K03788
BD69,Cypermethrin,Group 11,Chlorinated,K03788
BD69,Cypermethrin,Group 11,Nitrogen-containing,K03788
BD69,Cypermethrin,Group 11,Polyaromatic,K07313
BD69,Cypermethrin,Group 11,Chlorinated,K07313
BD69,Cypermethrin,Group 11,Nitrogen-containing,K07313
BD69,Cypermethrin,Group 11,Polyaromatic,K18104
BD69,Cypermethrin,Group 11,Chlorinated,K18104
BD69,Cypermethrin,Group 11,Nitrogen-containing,K18104
BD69,Danthron,Group 11,Aromatic,K00344
BD69,Danthron,Group 11,Aromatic,K00383
BD69,Danthron,Group 11,Aromatic,K00384
BD69,Danthron,Group 11,Aromatic,K00528
BD69,Danthron,Group 11,Aromatic,K03809
BD69,Danthron,Group 11,Aromatic,K19267
BD69,Dichlorvos,Group 11,Organophosphorus,K00799
BD69,Dichlorvos,Group 11,Organophosphorus,K00799
BD69,Dichlorvos,Group 11,Organophosphorus,K00799
BD69,Dichlorvos,Group 11,Chlorinated,K00799
BD69,Dichlorvos,Group 11,Chlorinated,K00799
BD69,Dichlorvos,Group 11,Chlorinated,K00799
BD69,Dichlorvos,Group 11,Organophosphorus,K01048
BD69,Dichlorvos,Group 11,Organophosphorus,K01048
BD69,Dichlorvos,Group 11,Organophosphorus,K01048
BD69,Dichlorvos,Group 11,Chlorinated,K01048
BD69,Dichlorvos,Group 11,Chlorinated,K01048
BD69,Dichlorvos,Group 11,Chlorinated,K01048
BD69,Dichlorvos,Group 11,Organophosphorus,K03788
BD69,Dichlorvos,Group 11,Organophosphorus,K03788
BD69,Dichlorvos,Group 11,Organophosphorus,K03788
BD69,Dichlorvos,Group 11,Chlorinated,K03788
BD69,Dichlorvos,Group 11,Chlorinated,K03788
BD69,Dichlorvos,Group 11,Chlorinated,K03788
BD69,Digoxin,Group 11,Aliphatic,K00383
BD69,Digoxin,Group 11,Aliphatic,K18104
BD69,Diuron,Group 11,Nitrogen-containing,K00036
BD69,Diuron,Group 11,Nitrogen-containing,K00036
BD69,Diuron,Group 11,Nitrogen-containing,K00036
BD69,Diuron,Group 11,Chlorinated,K00036
BD69,Diuron,Group 11,Chlorinated,K00036
BD69,Diuron,Group 11,Chlorinated,K00036
BD69,Diuron,Group 11,Aromatic,K00036
BD69,Diuron,Group 11,Aromatic,K00036
BD69,Diuron,Group 11,Aromatic,K00036
BD69,Diuron,Group 11,Nitrogen-containing,K03981
BD69,Diuron,Group 11,Nitrogen-containing,K03981
BD69,Diuron,Group 11,Nitrogen-containing,K03981
BD69,Diuron,Group 11,Chlorinated,K03981
BD69,Diuron,Group 11,Chlorinated,K03981
BD69,Diuron,Group 11,Chlorinated,K03981
BD69,Diuron,Group 11,Aromatic,K03981
BD69,Diuron,Group 11,Aromatic,K03981
BD69,Diuron,Group 11,Aromatic,K03981
BD69,Endosulfan,Group 11,Chlorinated,K00799
BD69,Endosulfan,Group 11,Chlorinated,K00799
BD69,Endosulfan,Group 11,Chlorinated,K00799
BD69,Endosulfan,Group 11,Chlorinated,K00799
BD69,Endosulfan,Group 11,Inorganic,K00799
BD69,Endosulfan,Group 11,Inorganic,K00799
BD69,Endosulfan,Group 11,Inorganic,K00799
BD69,Endosulfan,Group 11,Inorganic,K00799
BD69,Endosulfan,Group 11,Chlorinated,K18104
BD69,Endosulfan,Group 11,Chlorinated,K18104
BD69,Endosulfan,Group 11,Chlorinated,K18104
BD69,Endosulfan,Group 11,Chlorinated,K18104
BD69,Endosulfan,Group 11,Inorganic,K18104
BD69,Endosulfan,Group 11,Inorganic,K18104
BD69,Endosulfan,Group 11,Inorganic,K18104
BD69,Endosulfan,Group 11,Inorganic,K18104
BD69,Epichlorohydrin,Group 11,Chlorinated,K00799
BD69,Epichlorohydrin,Group 11,Aliphatic,K00799
BD69,Epichlorohydrin,Group 11,Chlorinated,K05350
BD69,Epichlorohydrin,Group 11,Aliphatic,K05350
BD69,Epichlorohydrin,Group 11,Chlorinated,K05349
BD69,Epichlorohydrin,Group 11,Aliphatic,K05349
BD69,Epichlorohydrin,Group 11,Chlorinated,K16161
BD69,Epichlorohydrin,Group 11,Aliphatic,K16161
BD69,Ethanol,Group 11,Aliphatic,K00001
BD69,Ethanol,Group 11,Aliphatic,K13954
BD69,Ethanol,Group 11,Aliphatic,K00121
BD69,Ethanol,Group 11,Aliphatic,K04022
BD69,Ethanol,Group 11,Aliphatic,K04072
BD69,Ethanol,Group 11,Aliphatic,K12957
BD69,Ethyl methanesulfonate,Group 11,Organosulfur,K00560
BD69,Ethyl methanesulfonate,Group 11,Aliphatic,K00560
BD69,Ethylbenzene,Group 11,Aromatic,K14581
BD69,Ethylbenzene,Group 11,Aromatic,K14581
BD69,Ethylbenzene,Group 11,Aromatic,K14581
BD69,Ethylbenzene,Group 11,Aromatic,K14581
BD69,Etoposide,Group 11,Polyaromatic,K00432
BD69,Etoposide,Group 11,Polyaromatic,K18104
BD69,Fluoranthene,Group 11,Polyaromatic,K00433
BD69,Fluoranthene,Group 11,Polyaromatic,K00433
BD69,Fluoranthene,Group 11,Polyaromatic,K00433
BD69,Fluoranthene,Group 11,Polyaromatic,K00433
BD69,Fluoren-9-ol,Group 11,Polyaromatic,K14581
BD69,Fluoren-9-ol,Group 11,Polyaromatic,K14581
BD69,Fluoren-9-ol,Group 11,Polyaromatic,K14581
BD69,Fluoren-9-ol,Group 11,Polyaromatic,K14581
BD69,Fluorene,Group 11,Polyaromatic,K14581
BD69,Fluorene,Group 11,Polyaromatic,K14581
BD69,Fluorene,Group 11,Polyaromatic,K14581
BD69,Fluorene,Group 11,Polyaromatic,K14581
BD69,Fluorene,Group 11,Polyaromatic,K14581
BD69,Formaldehyde,Group 11,Aliphatic,K00299
BD69,Formaldehyde,Group 11,Aliphatic,K00299
BD69,Formaldehyde,Group 11,Aliphatic,K00299
BD69,Formaldehyde,Group 11,Aliphatic,K00606
BD69,Formaldehyde,Group 11,Aliphatic,K00606
BD69,Formaldehyde,Group 11,Aliphatic,K00606
BD69,Formaldehyde,Group 11,Aliphatic,K03781
BD69,Formaldehyde,Group 11,Aliphatic,K03781
BD69,Formaldehyde,Group 11,Aliphatic,K03781
BD69,Formaldehyde,Group 11,Aliphatic,K03782
BD69,Formaldehyde,Group 11,Aliphatic,K03782
BD69,Formaldehyde,Group 11,Aliphatic,K03782
BD69,Formaldehyde,Group 11,Aliphatic,K04091
BD69,Formaldehyde,Group 11,Aliphatic,K04091
BD69,Formaldehyde,Group 11,Aliphatic,K04091
BD69,Formaldehyde,Group 11,Aliphatic,K07217
BD69,Formaldehyde,Group 11,Aliphatic,K07217
BD69,Formaldehyde,Group 11,Aliphatic,K07217
BD69,Glu-P-1,Group 11,Nitrogen-containing,K00675
BD69,Glu-P-1,Group 11,Aliphatic,K00675
BD69,Glycidaldehyde,Group 11,Aliphatic,K00600
BD69,Hg,Group 11,Metal,K00520
BD69,Hg,Group 11,Metal,K00520
BD69,Hydrochlorothiazide,Group 11,Nitrogen-containing,K00287
BD69,Hydrochlorothiazide,Group 11,Sulfur-containing,K00287
BD69,Hydrochlorothiazide,Group 11,Chlorinated,K00287
BD69,Hydrochlorothiazide,Group 11,Aromatic,K00287
BD69,Hydrochlorothiazide,Group 11,Nitrogen-containing,K18590
BD69,Hydrochlorothiazide,Group 11,Sulfur-containing,K18590
BD69,Hydrochlorothiazide,Group 11,Chlorinated,K18590
BD69,Hydrochlorothiazide,Group 11,Aromatic,K18590
BD69,Hydrochlorothiazide,Group 11,Nitrogen-containing,K01673
BD69,Hydrochlorothiazide,Group 11,Sulfur-containing,K01673
BD69,Hydrochlorothiazide,Group 11,Chlorinated,K01673
BD69,Hydrochlorothiazide,Group 11,Aromatic,K01673
BD69,Hydrochlorothiazide,Group 11,Nitrogen-containing,K01674
BD69,Hydrochlorothiazide,Group 11,Sulfur-containing,K01674
BD69,Hydrochlorothiazide,Group 11,Chlorinated,K01674
BD69,Hydrochlorothiazide,Group 11,Aromatic,K01674
BD69,Hydrochlorothiazide,Group 11,Nitrogen-containing,K13938
BD69,Hydrochlorothiazide,Group 11,Sulfur-containing,K13938
BD69,Hydrochlorothiazide,Group 11,Chlorinated,K13938
BD69,Hydrochlorothiazide,Group 11,Aromatic,K13938
BD69,Hydrochlorothiazide,Group 11,Nitrogen-containing,K18104
BD69,Hydrochlorothiazide,Group 11,Sulfur-containing,K18104
BD69,Hydrochlorothiazide,Group 11,Chlorinated,K18104
BD69,Hydrochlorothiazide,Group 11,Aromatic,K18104
BD69,Hydrogen cyanide,Group 11,Nitrogen-containing,K00799
BD69,Lead,Group 11,Metal,K00001
BD69,Lead,Group 11,Metal,K00001
BD69,Lead,Group 11,Metal,K00001
BD69,Lead,Group 11,Metal,K00001
BD69,Lead,Group 11,Metal,K00001
BD69,Lead nitrate,Group 11,Metal,K00383
BD69,Lead nitrate,Group 11,Metal,K00383
BD69,Lead nitrate,Group 11,Inorganic,K00383
BD69,Lead nitrate,Group 11,Inorganic,K00383
BD69,Lead nitrate,Group 11,Nitrogen-containing,K00383
BD69,Lead nitrate,Group 11,Nitrogen-containing,K00383
BD69,Lead nitrate,Group 11,Metal,K00520
BD69,Lead nitrate,Group 11,Metal,K00520
BD69,Lead nitrate,Group 11,Inorganic,K00520
BD69,Lead nitrate,Group 11,Inorganic,K00520
BD69,Lead nitrate,Group 11,Nitrogen-containing,K00520
BD69,Lead nitrate,Group 11,Nitrogen-containing,K00520
BD69,Lead nitrate,Group 11,Metal,K00845
BD69,Lead nitrate,Group 11,Metal,K00845
BD69,Lead nitrate,Group 11,Inorganic,K00845
BD69,Lead nitrate,Group 11,Inorganic,K00845
BD69,Lead nitrate,Group 11,Nitrogen-containing,K00845
BD69,Lead nitrate,Group 11,Nitrogen-containing,K00845
BD69,Lead nitrate,Group 11,Metal,K01749
BD69,Lead nitrate,Group 11,Metal,K01749
BD69,Lead nitrate,Group 11,Inorganic,K01749
BD69,Lead nitrate,Group 11,Inorganic,K01749
BD69,Lead nitrate,Group 11,Nitrogen-containing,K01749
BD69,Lead nitrate,Group 11,Nitrogen-containing,K01749
BD69,Mercuric chloride,Group 11,Metal,K00001
BD69,Mercuric chloride,Group 11,Metal,K00001
BD69,Mercuric chloride,Group 11,Chlorinated,K00001
BD69,Mercuric chloride,Group 11,Chlorinated,K00001
BD69,Mercuric chloride,Group 11,Metal,K00005
BD69,Mercuric chloride,Group 11,Metal,K00005
BD69,Mercuric chloride,Group 11,Chlorinated,K00005
BD69,Mercuric chloride,Group 11,Chlorinated,K00005
BD69,Mercury(2+),Group 11,Metal,K00520
BD69,Mercury(2+),Group 11,Metal,K00520
BD69,Merphalan,Group 11,Nitrogen-containing,K01271
BD69,Merphalan,Group 11,Chlorinated,K01271
BD69,Merphalan,Group 11,Aromatic,K01271
BD69,Merphalan,Group 11,Nitrogen-containing,K18104
BD69,Merphalan,Group 11,Chlorinated,K18104
BD69,Merphalan,Group 11,Aromatic,K18104
BD69,Methane,Group 11,Aliphatic,K16161
BD69,Methane,Group 11,Aliphatic,K06163
BD69,Methyl bromide,Group 11,Halogenated,K00567
BD69,Methyl bromide,Group 11,Aliphatic,K00567
BD69,Methyl bromide,Group 11,Halogenated,K10778
BD69,Methyl bromide,Group 11,Aliphatic,K10778
BD69,Methyl chloride,Group 11,Chlorinated,K16161
BD69,Methyl chloride,Group 11,Chlorinated,K16161
BD69,Methyl chloride,Group 11,Aliphatic,K16161
BD69,Methyl chloride,Group 11,Aliphatic,K16161
BD69,Methyl isobutyl ketone,Group 11,Aliphatic,K00001
BD69,Methyl tert-butyl ether,Group 11,Aliphatic,K00001
BD69,Methylmercury chloride,Group 11,Organometallic,K00249
BD69,Methylmercury chloride,Group 11,Organometallic,K00249
BD69,Methylmercury chloride,Group 11,Organometallic,K00249
BD69,Methylmercury chloride,Group 11,Chlorinated,K00249
BD69,Methylmercury chloride,Group 11,Chlorinated,K00249
BD69,Methylmercury chloride,Group 11,Chlorinated,K00249
BD69,Methylmercury chloride,Group 11,Organometallic,K00287
BD69,Methylmercury chloride,Group 11,Organometallic,K00287
BD69,Methylmercury chloride,Group 11,Organometallic,K00287
BD69,Methylmercury chloride,Group 11,Chlorinated,K00287
BD69,Methylmercury chloride,Group 11,Chlorinated,K00287
BD69,Methylmercury chloride,Group 11,Chlorinated,K00287
BD69,Methylmercury chloride,Group 11,Organometallic,K18590
BD69,Methylmercury chloride,Group 11,Organometallic,K18590
BD69,Methylmercury chloride,Group 11,Organometallic,K18590
BD69,Methylmercury chloride,Group 11,Chlorinated,K18590
BD69,Methylmercury chloride,Group 11,Chlorinated,K18590
BD69,Methylmercury chloride,Group 11,Chlorinated,K18590
BD69,Methylmercury chloride,Group 11,Organometallic,K01262
BD69,Methylmercury chloride,Group 11,Organometallic,K01262
BD69,Methylmercury chloride,Group 11,Organometallic,K01262
BD69,Methylmercury chloride,Group 11,Chlorinated,K01262
BD69,Methylmercury chloride,Group 11,Chlorinated,K01262
BD69,Methylmercury chloride,Group 11,Chlorinated,K01262
BD69,Methylmercury chloride,Group 11,Organometallic,K01919
BD69,Methylmercury chloride,Group 11,Organometallic,K01919
BD69,Methylmercury chloride,Group 11,Organometallic,K01919
BD69,Methylmercury chloride,Group 11,Chlorinated,K01919
BD69,Methylmercury chloride,Group 11,Chlorinated,K01919
BD69,Methylmercury chloride,Group 11,Chlorinated,K01919
BD69,Methylmercury chloride,Group 11,Organometallic,K13938
BD69,Methylmercury chloride,Group 11,Organometallic,K13938
BD69,Methylmercury chloride,Group 11,Organometallic,K13938
BD69,Methylmercury chloride,Group 11,Chlorinated,K13938
BD69,Methylmercury chloride,Group 11,Chlorinated,K13938
BD69,Methylmercury chloride,Group 11,Chlorinated,K13938
BD69,Methylmercury chloride,Group 11,Organometallic,K06048
BD69,Methylmercury chloride,Group 11,Organometallic,K06048
BD69,Methylmercury chloride,Group 11,Organometallic,K06048
BD69,Methylmercury chloride,Group 11,Chlorinated,K06048
BD69,Methylmercury chloride,Group 11,Chlorinated,K06048
BD69,Methylmercury chloride,Group 11,Chlorinated,K06048
BD69,Methylnitrosourea,Group 11,Nitrogen-containing,K12410
BD69,Methylnitrosourea,Group 11,Aliphatic,K12410
BD69,Microcystin LR,Group 11,Nitrogen-containing,K01595
BD69,Microcystin LR,Group 11,Aromatic,K01595
BD69,Microcystin LR,Group 11,Nitrogen-containing,K07313
BD69,Microcystin LR,Group 11,Aromatic,K07313
BD69,Mitomycin,Group 11,Nitrogen-containing,K00758
BD69,Mitomycin,Group 11,Polyaromatic,K00758
BD69,Mitomycin,Group 11,Nitrogen-containing,K03809
BD69,Mitomycin,Group 11,Polyaromatic,K03809
BD69,Mitomycin,Group 11,Nitrogen-containing,K19267
BD69,Mitomycin,Group 11,Polyaromatic,K19267
BD69,Mitoxantrone,Group 11,Nitrogen-containing,K00523
BD69,Mitoxantrone,Group 11,Polyaromatic,K00523
BD69,Mitoxantrone,Group 11,Nitrogen-containing,K01104
BD69,Mitoxantrone,Group 11,Polyaromatic,K01104
BD69,Mitoxantrone,Group 11,Nitrogen-containing,K18104
BD69,Mitoxantrone,Group 11,Polyaromatic,K18104
BD69,"N,N'-Diacetylbenzidine",Group 11,Nitrogen-containing,K03594
BD69,"N,N'-Diacetylbenzidine",Group 11,Polyaromatic,K03594
BD69,N-Methyl-N'-nitro-N-nitrosoguanidine,Group 11,Nitrogen-containing,K13529
BD69,N-Methyl-N'-nitro-N-nitrosoguanidine,Group 11,Inorganic,K13529
BD69,Nafenopin,Group 11,Polyaromatic,K01961
BD69,Nafenopin,Group 11,Polyaromatic,K01962
BD69,Nafenopin,Group 11,Polyaromatic,K01963
BD69,Naphthalene,Group 11,Polyaromatic,K14581
BD69,Naphthalene,Group 11,Polyaromatic,K14581
BD69,Naphthalene,Group 11,Polyaromatic,K14581
BD69,Naphthalene,Group 11,Polyaromatic,K14581
BD69,Naphthalene,Group 11,Polyaromatic,K14581
BD69,Naphthalene,Group 11,Polyaromatic,K14581
BD69,"Naphthalene-1,2-diol",Group 11,Polyaromatic,K00480
BD69,"Naphthalene-1,2-diol",Group 11,Polyaromatic,K00480
BD69,"Naphthalene-1,2-diol",Group 11,Polyaromatic,K00480
BD69,"Naphthalene-1,2-diol",Group 11,Polyaromatic,K00480
BD69,Nickel chloride,Group 11,Metal,K01507
BD69,Nickel chloride,Group 11,Metal,K01507
BD69,Nickel chloride,Group 11,Metal,K01507
BD69,Nickel chloride,Group 11,Inorganic,K01507
BD69,Nickel chloride,Group 11,Inorganic,K01507
BD69,Nickel chloride,Group 11,Inorganic,K01507
BD69,Nickel chloride,Group 11,Chlorinated,K01507
BD69,Nickel chloride,Group 11,Chlorinated,K01507
BD69,Nickel chloride,Group 11,Chlorinated,K01507
BD69,Nitrate,Group 11,Nitrogen-containing,K00370
BD69,Nitrate,Group 11,Inorganic,K00370
BD69,Nitrate,Group 11,Nitrogen-containing,K00371
BD69,Nitrate,Group 11,Inorganic,K00371
BD69,Nitrate,Group 11,Nitrogen-containing,K00374
BD69,Nitrate,Group 11,Inorganic,K00374
BD69,Nitrate,Group 11,Nitrogen-containing,K02567
BD69,Nitrate,Group 11,Inorganic,K02567
BD69,Nitrate,Group 11,Nitrogen-containing,K02568
BD69,Nitrate,Group 11,Inorganic,K02568
BD69,Nitrate,Group 11,Nitrogen-containing,K05916
BD69,Nitrate,Group 11,Inorganic,K05916
BD69,Nitrite,Group 11,Nitrogen-containing,K00362
BD69,Nitrite,Group 11,Inorganic,K00362
BD69,Nitrite,Group 11,Nitrogen-containing,K00363
BD69,Nitrite,Group 11,Inorganic,K00363
BD69,Nitrite,Group 11,Nitrogen-containing,K00370
BD69,Nitrite,Group 11,Inorganic,K00370
BD69,Nitrite,Group 11,Nitrogen-containing,K00371
BD69,Nitrite,Group 11,Inorganic,K00371
BD69,Nitrite,Group 11,Nitrogen-containing,K00374
BD69,Nitrite,Group 11,Inorganic,K00374
BD69,Nitrite,Group 11,Nitrogen-containing,K02567
BD69,Nitrite,Group 11,Inorganic,K02567
BD69,Nitrite,Group 11,Nitrogen-containing,K02568
BD69,Nitrite,Group 11,Inorganic,K02568
BD69,Nitrite,Group 11,Nitrogen-containing,K03385
BD69,Nitrite,Group 11,Inorganic,K03385
BD69,Nitrite,Group 11,Nitrogen-containing,K04016
BD69,Nitrite,Group 11,Inorganic,K04016
BD69,Nitrite,Group 11,Nitrogen-containing,K14581
BD69,Nitrite,Group 11,Inorganic,K14581
BD69,Nitrobenzene,Group 11,Nitrogen-containing,K14581
BD69,Nitrobenzene,Group 11,Nitrogen-containing,K14581
BD69,Nitrobenzene,Group 11,Aromatic,K14581
BD69,Nitrobenzene,Group 11,Aromatic,K14581
BD69,Nitrogen mustard,Group 11,Chlorinated,K00130
BD69,Nitrogen mustard,Group 11,Nitrogen-containing,K00130
BD69,Nitrogen mustard,Group 11,Chlorinated,K00383
BD69,Nitrogen mustard,Group 11,Nitrogen-containing,K00383
BD69,Nitromethane,Group 11,Nitrogen-containing,K01745
BD69,Nitromethane,Group 11,Inorganic,K01745
BD69,Nitromethane,Group 11,Nitrogen-containing,K16161
BD69,Nitromethane,Group 11,Inorganic,K16161
BD69,Ochratoxin A,Group 11,Polyaromatic,K18104
BD69,Ochratoxin A,Group 11,Chlorinated,K18104
BD69,Ochratoxin A,Group 11,Nitrogen-containing,K18104
BD69,Phenacetin,Group 11,Aromatic,K01271
BD69,Phenacetin,Group 11,Nitrogen-containing,K01271
BD69,Phenol,Group 11,Aromatic,K01612
BD69,Phenol,Group 11,Aromatic,K01612
BD69,Phenol,Group 11,Aromatic,K01612
BD69,Phenol,Group 11,Aromatic,K01612
BD69,Phenol,Group 11,Aromatic,K03186
BD69,Phenol,Group 11,Aromatic,K03186
BD69,Phenol,Group 11,Aromatic,K03186
BD69,Phenol,Group 11,Aromatic,K03186
BD69,Phenol,Group 11,Aromatic,K10804
BD69,Phenol,Group 11,Aromatic,K10804
BD69,Phenol,Group 11,Aromatic,K10804
BD69,Phenol,Group 11,Aromatic,K10804
BD69,Phenol,Group 11,Aromatic,K10804
BD69,Phenol,Group 11,Aromatic,K21759
BD69,Phenol,Group 11,Aromatic,K21759
BD69,Phenol,Group 11,Aromatic,K21759
BD69,Phenol,Group 11,Aromatic,K21759
BD69,Phenylmercury acetate,Group 11,Organometallic,K04564
BD69,Phenylmercury acetate,Group 11,Organometallic,K04564
BD69,Phenylmercury acetate,Group 11,Aromatic,K04564
BD69,Phenylmercury acetate,Group 11,Aromatic,K04564
BD69,Phenylmethanesulfonyl fluoride,Group 11,Sulfur-containing,K00001
BD69,Phenylmethanesulfonyl fluoride,Group 11,Aromatic,K00001
BD69,Phenylmethanesulfonyl fluoride,Group 11,Sulfur-containing,K00024
BD69,Phenylmethanesulfonyl fluoride,Group 11,Aromatic,K00024
BD69,Salicylate,Group 11,Aromatic,K00480
BD69,Salicylate,Group 11,Aromatic,K00480
BD69,Salicylate,Group 11,Aromatic,K00480
BD69,Salicylate,Group 11,Aromatic,K00480
BD69,Salicylate,Group 11,Aromatic,K12238
BD69,Salicylate,Group 11,Aromatic,K12238
BD69,Salicylate,Group 11,Aromatic,K12238
BD69,Salicylate,Group 11,Aromatic,K12238
BD69,Salicylate,Group 11,Aromatic,K14581
BD69,Salicylate,Group 11,Aromatic,K14581
BD69,Salicylate,Group 11,Aromatic,K14581
BD69,Salicylate,Group 11,Aromatic,K14581
BD69,Simazine,Group 11,Nitrogen-containing,K01673
BD69,Simazine,Group 11,Nitrogen-containing,K01673
BD69,Simazine,Group 11,Chlorinated,K01673
BD69,Simazine,Group 11,Chlorinated,K01673
BD69,Simazine,Group 11,Nitrogen-containing,K01674
BD69,Simazine,Group 11,Nitrogen-containing,K01674
BD69,Simazine,Group 11,Chlorinated,K01674
BD69,Simazine,Group 11,Chlorinated,K01674
BD69,Sodium arsenite,Group 11,Inorganic,K00265
BD69,Sodium arsenite,Group 11,Metal,K00265
BD69,Sodium arsenite,Group 11,Inorganic,K00266
BD69,Sodium arsenite,Group 11,Metal,K00266
BD69,Sodium arsenite,Group 11,Inorganic,K01011
BD69,Sodium arsenite,Group 11,Metal,K01011
BD69,Sodium arsenite,Group 11,Inorganic,K02439
BD69,Sodium arsenite,Group 11,Metal,K02439
BD69,Sodium fluoride,Group 11,Inorganic,K00024
BD69,Streptozocin,Group 11,Nitrogen-containing,K01027
BD69,Streptozocin,Group 11,Aliphatic,K01027
BD69,Streptozocin,Group 11,Nitrogen-containing,K01029
BD69,Streptozocin,Group 11,Aliphatic,K01029
BD69,Streptozocin,Group 11,Nitrogen-containing,K01495
BD69,Streptozocin,Group 11,Aliphatic,K01495
BD69,Styrene,Group 11,Aromatic,K14581
BD69,Styrene,Group 11,Aromatic,K14581
BD69,Styrene,Group 11,Aromatic,K14581
BD69,Sulfasalazine,Group 11,Nitrogen-containing,K00927
BD69,Sulfasalazine,Group 11,Sulfur-containing,K00927
BD69,Sulfasalazine,Group 11,Polyaromatic,K00927
BD69,Sulfasalazine,Group 11,Nitrogen-containing,K13069
BD69,Sulfasalazine,Group 11,Sulfur-containing,K13069
BD69,Sulfasalazine,Group 11,Polyaromatic,K13069
BD69,Sulfasalazine,Group 11,Nitrogen-containing,K18968
BD69,Sulfasalazine,Group 11,Sulfur-containing,K18968
BD69,Sulfasalazine,Group 11,Polyaromatic,K18968
BD69,Sulfasalazine,Group 11,Nitrogen-containing,K21088
BD69,Sulfasalazine,Group 11,Sulfur-containing,K21088
BD69,Sulfasalazine,Group 11,Polyaromatic,K21088
BD69,Sulfasalazine,Group 11,Nitrogen-containing,K20956
BD69,Sulfasalazine,Group 11,Sulfur-containing,K20956
BD69,Sulfasalazine,Group 11,Polyaromatic,K20956
BD69,Sulfasalazine,Group 11,Nitrogen-containing,K21021
BD69,Sulfasalazine,Group 11,Sulfur-containing,K21021
BD69,Sulfasalazine,Group 11,Polyaromatic,K21021
BD69,Sulfasalazine,Group 11,Nitrogen-containing,K21084
BD69,Sulfasalazine,Group 11,Sulfur-containing,K21084
BD69,Sulfasalazine,Group 11,Polyaromatic,K21084
BD69,Sulfasalazine,Group 11,Nitrogen-containing,K21085
BD69,Sulfasalazine,Group 11,Sulfur-containing,K21085
BD69,Sulfasalazine,Group 11,Polyaromatic,K21085
BD69,Tetranitromethane,Group 11,Nitrogen-containing,K00033
BD69,Tetranitromethane,Group 11,Inorganic,K00033
BD69,Tetranitromethane,Group 11,Nitrogen-containing,K00278
BD69,Tetranitromethane,Group 11,Inorganic,K00278
BD69,Thioacetamide,Group 11,Nitrogen-containing,K00001
BD69,Thioacetamide,Group 11,Sulfur-containing,K00001
BD69,Thioacetamide,Group 11,Aliphatic,K00001
BD69,Thioacetamide,Group 11,Nitrogen-containing,K00384
BD69,Thioacetamide,Group 11,Sulfur-containing,K00384
BD69,Thioacetamide,Group 11,Aliphatic,K00384
BD69,Thioacetamide,Group 11,Nitrogen-containing,K02566
BD69,Thioacetamide,Group 11,Sulfur-containing,K02566
BD69,Thioacetamide,Group 11,Aliphatic,K02566
BD69,Thioacetamide,Group 11,Nitrogen-containing,K01919
BD69,Thioacetamide,Group 11,Sulfur-containing,K01919
BD69,Thioacetamide,Group 11,Aliphatic,K01919
BD69,Thioacetamide,Group 11,Nitrogen-containing,K01920
BD69,Thioacetamide,Group 11,Sulfur-containing,K01920
BD69,Thioacetamide,Group 11,Aliphatic,K01920
BD69,Thioacetamide,Group 11,Nitrogen-containing,K03787
BD69,Thioacetamide,Group 11,Sulfur-containing,K03787
BD69,Thioacetamide,Group 11,Aliphatic,K03787
BD69,Thioacetamide,Group 11,Nitrogen-containing,K16161
BD69,Thioacetamide,Group 11,Sulfur-containing,K16161
BD69,Thioacetamide,Group 11,Aliphatic,K16161
BD69,Thioacetamide,Group 11,Nitrogen-containing,K11751
BD69,Thioacetamide,Group 11,Sulfur-containing,K11751
BD69,Thioacetamide,Group 11,Aliphatic,K11751
BD69,Thiocyanate,Group 11,Sulfur-containing,K01011
BD69,Thiocyanate,Group 11,Nitrogen-containing,K01011
BD69,Thiocyanate,Group 11,Sulfur-containing,K02439
BD69,Thiocyanate,Group 11,Nitrogen-containing,K02439
BD69,Thiouracil,Group 11,Nitrogen-containing,K00433
BD69,Thiouracil,Group 11,Sulfur-containing,K00433
BD69,Thiouracil,Group 11,Aliphatic,K00433
BD69,Thiouracil,Group 11,Nitrogen-containing,K00761
BD69,Thiouracil,Group 11,Sulfur-containing,K00761
BD69,Thiouracil,Group 11,Aliphatic,K00761
BD69,Thiouracil,Group 11,Nitrogen-containing,K00823
BD69,Thiouracil,Group 11,Sulfur-containing,K00823
BD69,Thiouracil,Group 11,Aliphatic,K00823
BD69,Thiouracil,Group 11,Nitrogen-containing,K07250
BD69,Thiouracil,Group 11,Sulfur-containing,K07250
BD69,Thiouracil,Group 11,Aliphatic,K07250
BD69,Thiouracil,Group 11,Nitrogen-containing,K14268
BD69,Thiouracil,Group 11,Sulfur-containing,K14268
BD69,Thiouracil,Group 11,Aliphatic,K14268
BD69,Thiouracil,Group 11,Nitrogen-containing,K01464
BD69,Thiouracil,Group 11,Sulfur-containing,K01464
BD69,Thiouracil,Group 11,Aliphatic,K01464
BD69,Thiouracil,Group 11,Nitrogen-containing,K16329
BD69,Thiouracil,Group 11,Sulfur-containing,K16329
BD69,Thiouracil,Group 11,Aliphatic,K16329
BD69,Tributyltin chloride,Group 11,Metal,K02111
BD69,Tributyltin chloride,Group 11,Metal,K02111
BD69,Tributyltin chloride,Group 11,Organometallic,K02111
BD69,Tributyltin chloride,Group 11,Organometallic,K02111
BD69,Tributyltin chloride,Group 11,Metal,K02112
BD69,Tributyltin chloride,Group 11,Metal,K02112
BD69,Tributyltin chloride,Group 11,Organometallic,K02112
BD69,Tributyltin chloride,Group 11,Organometallic,K02112
BD69,Tributyltin chloride,Group 11,Metal,K05851
BD69,Tributyltin chloride,Group 11,Metal,K05851
BD69,Tributyltin chloride,Group 11,Organometallic,K05851
BD69,Tributyltin chloride,Group 11,Organometallic,K05851
BD69,Tributyltin oxide,Group 11,Metal,K01058
BD69,Tributyltin oxide,Group 11,Metal,K01058
BD69,Tributyltin oxide,Group 11,Organometallic,K01058
BD69,Tributyltin oxide,Group 11,Organometallic,K01058
BD69,Trichloroethene,Group 11,Chlorinated,K00799
BD69,Trichloroethene,Group 11,Chlorinated,K00799
BD69,Trichloroethene,Group 11,Chlorinated,K00799
BD69,Trichloroethene,Group 11,Chlorinated,K00799
BD69,Trichloroethene,Group 11,Chlorinated,K00799
BD69,Trichloroethene,Group 11,Chlorinated,K00799
BD69,Trichloroethene,Group 11,Aliphatic,K00799
BD69,Trichloroethene,Group 11,Aliphatic,K00799
BD69,Trichloroethene,Group 11,Aliphatic,K00799
BD69,Trichloroethene,Group 11,Aliphatic,K00799
BD69,Trichloroethene,Group 11,Aliphatic,K00799
BD69,Trichloroethene,Group 11,Aliphatic,K00799
BD69,Trichloroethene,Group 11,Chlorinated,K16161
BD69,Trichloroethene,Group 11,Chlorinated,K16161
BD69,Trichloroethene,Group 11,Chlorinated,K16161
BD69,Trichloroethene,Group 11,Chlorinated,K16161
BD69,Trichloroethene,Group 11,Chlorinated,K16161
BD69,Trichloroethene,Group 11,Chlorinated,K16161
BD69,Trichloroethene,Group 11,Aliphatic,K16161
BD69,Trichloroethene,Group 11,Aliphatic,K16161
BD69,Trichloroethene,Group 11,Aliphatic,K16161
BD69,Trichloroethene,Group 11,Aliphatic,K16161
BD69,Trichloroethene,Group 11,Aliphatic,K16161
BD69,Trichloroethene,Group 11,Aliphatic,K16161
BD69,Trinitrotoluene,Group 11,Nitrogen-containing,K10678
BD69,Trinitrotoluene,Group 11,Aromatic,K10678
BD69,Trinitrotoluene,Group 11,Nitrogen-containing,K10679
BD69,Trinitrotoluene,Group 11,Aromatic,K10679
BD69,Trinitrotoluene,Group 11,Nitrogen-containing,K10680
BD69,Trinitrotoluene,Group 11,Aromatic,K10680
BD69,Vinyl fluoride,Group 11,Halogenated,K00574
BD69,Vinyl fluoride,Group 11,Halogenated,K00574
BD69,Vinyl fluoride,Group 11,Aliphatic,K00574
BD69,Vinyl fluoride,Group 11,Aliphatic,K00574
BD69,Zalcitabine,Group 11,Nitrogen-containing,K00857
BD69,Zalcitabine,Group 11,Nitrogen-containing,K00927
BD69,Zalcitabine,Group 11,Nitrogen-containing,K01489
BD69,Zalcitabine,Group 11,Nitrogen-containing,K13378
BD69,Zalcitabine,Group 11,Nitrogen-containing,K18104
BD69,Zidovudine,Group 11,Nitrogen-containing,K00330
BD69,Zidovudine,Group 11,Nitrogen-containing,K00331
BD69,Zidovudine,Group 11,Nitrogen-containing,K00334
BD69,Zidovudine,Group 11,Nitrogen-containing,K00335
BD69,Zidovudine,Group 11,Nitrogen-containing,K00336
BD69,Zidovudine,Group 11,Nitrogen-containing,K00337
BD69,Zidovudine,Group 11,Nitrogen-containing,K00338
BD69,Zidovudine,Group 11,Nitrogen-containing,K00339
BD69,Zidovudine,Group 11,Nitrogen-containing,K00340
BD69,Zidovudine,Group 11,Nitrogen-containing,K00341
BD69,Zidovudine,Group 11,Nitrogen-containing,K00342
BD69,Zidovudine,Group 11,Nitrogen-containing,K00343
BD69,Zidovudine,Group 11,Nitrogen-containing,K00757
BD69,Zidovudine,Group 11,Nitrogen-containing,K00758
BD69,Zidovudine,Group 11,Nitrogen-containing,K00857
BD69,Zidovudine,Group 11,Nitrogen-containing,K00943
BD69,Zidovudine,Group 11,Nitrogen-containing,K02566
BD69,Zidovudine,Group 11,Nitrogen-containing,K01489
BD69,Zidovudine,Group 11,Nitrogen-containing,K03787
BD69,Zidovudine,Group 11,Nitrogen-containing,K11751
BD69,Zidovudine,Group 11,Nitrogen-containing,K13378
BD69,Zinc cation,Group 11,Metal,K00001
BD69,Zinc cation,Group 11,Metal,K00001
BD69,Zinc cation,Group 11,Metal,K00005
BD69,Zinc cation,Group 11,Metal,K00005
BD69,Zinc cation,Group 11,Metal,K00009
BD69,Zinc cation,Group 11,Metal,K00009
BD69,alpha-Chlorohydrin,Group 11,Chlorinated,K00005
BD69,alpha-Chlorohydrin,Group 11,Aliphatic,K00005
BD69,alpha-Chlorohydrin,Group 11,Chlorinated,K00134
BD69,alpha-Chlorohydrin,Group 11,Aliphatic,K00134
BD69,alpha-Chlorohydrin,Group 11,Chlorinated,K00864
BD69,alpha-Chlorohydrin,Group 11,Aliphatic,K00864
BD69,para-Aminoazobenzene,Group 11,Nitrogen-containing,K01255
BD69,para-Aminoazobenzene,Group 11,Polyaromatic,K01255
BD117,"1,4-Dioxane",Group 16,Aliphatic,K00001
BD117,"1,4-Dioxane",Group 16,Aliphatic,K00001
BD117,"2,2',4,4',6,6'-Hexachlorobiphenyl",Group 16,Chlorinated,K01599
BD117,"2,2',4,4',6,6'-Hexachlorobiphenyl",Group 16,Chlorinated,K01599
BD117,"2,2',4,4',6,6'-Hexachlorobiphenyl",Group 16,Polyaromatic,K01599
BD117,"2,2',4,4',6,6'-Hexachlorobiphenyl",Group 16,Polyaromatic,K01599
BD117,"2,2',4,4'-Tetrachlorobiphenyl",Group 16,Chlorinated,K01599
BD117,"2,2',4,4'-Tetrachlorobiphenyl",Group 16,Chlorinated,K01599
BD117,"2,2',4,4'-Tetrachlorobiphenyl",Group 16,Polyaromatic,K01599
BD117,"2,2',4,4'-Tetrachlorobiphenyl",Group 16,Polyaromatic,K01599
BD117,"2,2',5,5'-Tetrachlorobiphenyl",Group 16,Chlorinated,K01599
BD117,"2,2',5,5'-Tetrachlorobiphenyl",Group 16,Chlorinated,K01599
BD117,"2,2',5,5'-Tetrachlorobiphenyl",Group 16,Polyaromatic,K01599
BD117,"2,2',5,5'-Tetrachlorobiphenyl",Group 16,Polyaromatic,K01599
BD117,"2,6-Dimethylaniline",Group 16,Aromatic,K03928
BD117,"2,6-Dimethylaniline",Group 16,Nitrogen-containing,K03928
BD117,2-Chlorophenol,Group 16,Aromatic,K03380
BD117,2-Chlorophenol,Group 16,Aromatic,K03380
BD117,2-Chlorophenol,Group 16,Aromatic,K03380
BD117,2-Chlorophenol,Group 16,Chlorinated,K03380
BD117,2-Chlorophenol,Group 16,Chlorinated,K03380
BD117,2-Chlorophenol,Group 16,Chlorinated,K03380
BD117,2-Ethoxyethanol,Group 16,Aliphatic,K00001
BD117,2-Ethoxyethanol,Group 16,Aliphatic,K03928
BD117,2-Nitropropane,Group 16,Nitrogen-containing,K00459
BD117,2-Nitropropane,Group 16,Aliphatic,K00459
BD117,"3,3'-Dimethoxybenzidine",Group 16,Nitrogen-containing,K02274
BD117,"3,3'-Dimethoxybenzidine",Group 16,Polyaromatic,K02274
BD117,"3,3'-Dimethoxybenzidine",Group 16,Nitrogen-containing,K02275
BD117,"3,3'-Dimethoxybenzidine",Group 16,Polyaromatic,K02275
BD117,"3,3'-Dimethoxybenzidine",Group 16,Nitrogen-containing,K02276
BD117,"3,3'-Dimethoxybenzidine",Group 16,Polyaromatic,K02276
BD117,"3,4,3',4'-Tetrachlorobiphenyl",Group 16,Chlorinated,K01599
BD117,"3,4,3',4'-Tetrachlorobiphenyl",Group 16,Chlorinated,K01599
BD117,"3,4,3',4'-Tetrachlorobiphenyl",Group 16,Polyaromatic,K01599
BD117,"3,4,3',4'-Tetrachlorobiphenyl",Group 16,Polyaromatic,K01599
BD117,"3,4,5,3',4',5'-Hexachlorobiphenyl",Group 16,Chlorinated,K01599
BD117,"3,4,5,3',4',5'-Hexachlorobiphenyl",Group 16,Chlorinated,K01599
BD117,"3,4,5,3',4',5'-Hexachlorobiphenyl",Group 16,Polyaromatic,K01599
BD117,"3,4,5,3',4',5'-Hexachlorobiphenyl",Group 16,Polyaromatic,K01599
BD117,3-Cresol,Group 16,Aromatic,K03380
BD117,4-Cresol,Group 16,Aromatic,K03380
BD117,4-Cresol,Group 16,Aromatic,K03380
BD117,4-Methylimidazole,Group 16,Nitrogen-containing,K01673
BD117,4-Methylimidazole,Group 16,Aliphatic,K01673
BD117,4-Nitrophenol,Group 16,Aromatic,K01113
BD117,4-Nitrophenol,Group 16,Aromatic,K01113
BD117,4-Nitrophenol,Group 16,Nitrogen-containing,K01113
BD117,4-Nitrophenol,Group 16,Nitrogen-containing,K01113
BD117,4-Nonylphenol,Group 16,Aromatic,K16045
BD117,4-Nonylphenol,Group 16,Aromatic,K16045
BD117,4-Nonylphenol,Group 16,Aromatic,K16045
BD117,Acetaldehyde,Group 16,Aliphatic,K00001
BD117,Acetaldehyde,Group 16,Aliphatic,K00001
BD117,Acetaldehyde,Group 16,Aliphatic,K00001
BD117,Acetaldehyde,Group 16,Aliphatic,K00128
BD117,Acetaldehyde,Group 16,Aliphatic,K00128
BD117,Acetaldehyde,Group 16,Aliphatic,K00128
BD117,Acetaldehyde,Group 16,Aliphatic,K00138
BD117,Acetaldehyde,Group 16,Aliphatic,K00138
BD117,Acetaldehyde,Group 16,Aliphatic,K00138
BD117,Acetaldehyde,Group 16,Aliphatic,K00459
BD117,Acetaldehyde,Group 16,Aliphatic,K00459
BD117,Acetaldehyde,Group 16,Aliphatic,K00459
BD117,Acetaldehyde,Group 16,Aliphatic,K01619
BD117,Acetaldehyde,Group 16,Aliphatic,K01619
BD117,Acetaldehyde,Group 16,Aliphatic,K01619
BD117,Acetaldehyde,Group 16,Aliphatic,K01620
BD117,Acetaldehyde,Group 16,Aliphatic,K01620
BD117,Acetaldehyde,Group 16,Aliphatic,K01620
BD117,Acetaldehyde,Group 16,Aliphatic,K13953
BD117,Acetaldehyde,Group 16,Aliphatic,K13953
BD117,Acetaldehyde,Group 16,Aliphatic,K13953
BD117,Acetamide,Group 16,Nitrogen-containing,K01426
BD117,Acetamide,Group 16,Aliphatic,K01426
BD117,Acetone,Group 16,Aliphatic,K18370
BD117,Acrylamide,Group 16,Nitrogen-containing,K01426
BD117,Acrylamide,Group 16,Aliphatic,K01426
BD117,Ammonia,Group 16,Nitrogen-containing,K00278
BD117,Ammonia,Group 16,Nitrogen-containing,K00278
BD117,Ammonia,Group 16,Nitrogen-containing,K00259
BD117,Ammonia,Group 16,Nitrogen-containing,K00259
BD117,Ammonia,Group 16,Nitrogen-containing,K00261
BD117,Ammonia,Group 16,Nitrogen-containing,K00261
BD117,Ammonia,Group 16,Nitrogen-containing,K00262
BD117,Ammonia,Group 16,Nitrogen-containing,K00262
BD117,Ammonia,Group 16,Nitrogen-containing,K00265
BD117,Ammonia,Group 16,Nitrogen-containing,K00265
BD117,Ammonia,Group 16,Nitrogen-containing,K00266
BD117,Ammonia,Group 16,Nitrogen-containing,K00266
BD117,Ammonia,Group 16,Nitrogen-containing,K00274
BD117,Ammonia,Group 16,Nitrogen-containing,K00274
BD117,Ammonia,Group 16,Nitrogen-containing,K03343
BD117,Ammonia,Group 16,Nitrogen-containing,K03343
BD117,Ammonia,Group 16,Nitrogen-containing,K00281
BD117,Ammonia,Group 16,Nitrogen-containing,K00281
BD117,Ammonia,Group 16,Nitrogen-containing,K00283
BD117,Ammonia,Group 16,Nitrogen-containing,K00283
BD117,Ammonia,Group 16,Nitrogen-containing,K00366
BD117,Ammonia,Group 16,Nitrogen-containing,K00366
BD117,Ammonia,Group 16,Nitrogen-containing,K00382
BD117,Ammonia,Group 16,Nitrogen-containing,K00382
BD117,Ammonia,Group 16,Nitrogen-containing,K00605
BD117,Ammonia,Group 16,Nitrogen-containing,K00605
BD117,Ammonia,Group 16,Nitrogen-containing,K01425
BD117,Ammonia,Group 16,Nitrogen-containing,K01425
BD117,Ammonia,Group 16,Nitrogen-containing,K01426
BD117,Ammonia,Group 16,Nitrogen-containing,K01426
BD117,Ammonia,Group 16,Nitrogen-containing,K01428
BD117,Ammonia,Group 16,Nitrogen-containing,K01428
BD117,Ammonia,Group 16,Nitrogen-containing,K01429
BD117,Ammonia,Group 16,Nitrogen-containing,K01429
BD117,Ammonia,Group 16,Nitrogen-containing,K14048
BD117,Ammonia,Group 16,Nitrogen-containing,K14048
BD117,Ammonia,Group 16,Nitrogen-containing,K01430
BD117,Ammonia,Group 16,Nitrogen-containing,K01430
BD117,Ammonia,Group 16,Nitrogen-containing,K01485
BD117,Ammonia,Group 16,Nitrogen-containing,K01485
BD117,Ammonia,Group 16,Nitrogen-containing,K11991
BD117,Ammonia,Group 16,Nitrogen-containing,K11991
BD117,Ammonia,Group 16,Nitrogen-containing,K01488
BD117,Ammonia,Group 16,Nitrogen-containing,K01488
BD117,Ammonia,Group 16,Nitrogen-containing,K01489
BD117,Ammonia,Group 16,Nitrogen-containing,K01489
BD117,Ammonia,Group 16,Nitrogen-containing,K01494
BD117,Ammonia,Group 16,Nitrogen-containing,K01494
BD117,Ammonia,Group 16,Nitrogen-containing,K01657
BD117,Ammonia,Group 16,Nitrogen-containing,K01657
BD117,Ammonia,Group 16,Nitrogen-containing,K01665
BD117,Ammonia,Group 16,Nitrogen-containing,K01665
BD117,Ammonia,Group 16,Nitrogen-containing,K03342
BD117,Ammonia,Group 16,Nitrogen-containing,K03342
BD117,Ammonia,Group 16,Nitrogen-containing,K13950
BD117,Ammonia,Group 16,Nitrogen-containing,K13950
BD117,Ammonia,Group 16,Nitrogen-containing,K02500
BD117,Ammonia,Group 16,Nitrogen-containing,K02500
BD117,Ammonia,Group 16,Nitrogen-containing,K01658
BD117,Ammonia,Group 16,Nitrogen-containing,K01658
BD117,Ammonia,Group 16,Nitrogen-containing,K01664
BD117,Ammonia,Group 16,Nitrogen-containing,K01664
BD117,Ammonia,Group 16,Nitrogen-containing,K01739
BD117,Ammonia,Group 16,Nitrogen-containing,K01739
BD117,Ammonia,Group 16,Nitrogen-containing,K01758
BD117,Ammonia,Group 16,Nitrogen-containing,K01758
BD117,Ammonia,Group 16,Nitrogen-containing,K01745
BD117,Ammonia,Group 16,Nitrogen-containing,K01745
BD117,Ammonia,Group 16,Nitrogen-containing,K01749
BD117,Ammonia,Group 16,Nitrogen-containing,K01749
BD117,Ammonia,Group 16,Nitrogen-containing,K01750
BD117,Ammonia,Group 16,Nitrogen-containing,K01750
BD117,Ammonia,Group 16,Nitrogen-containing,K16182
BD117,Ammonia,Group 16,Nitrogen-containing,K16182
BD117,Ammonia,Group 16,Nitrogen-containing,K01752
BD117,Ammonia,Group 16,Nitrogen-containing,K01752
BD117,Ammonia,Group 16,Nitrogen-containing,K01754
BD117,Ammonia,Group 16,Nitrogen-containing,K01754
BD117,Ammonia,Group 16,Nitrogen-containing,K01915
BD117,Ammonia,Group 16,Nitrogen-containing,K01915
BD117,Ammonia,Group 16,Nitrogen-containing,K01916
BD117,Ammonia,Group 16,Nitrogen-containing,K01916
BD117,Ammonia,Group 16,Nitrogen-containing,K01937
BD117,Ammonia,Group 16,Nitrogen-containing,K01937
BD117,Ammonia,Group 16,Nitrogen-containing,K01951
BD117,Ammonia,Group 16,Nitrogen-containing,K01951
BD117,Ammonia,Group 16,Nitrogen-containing,K01953
BD117,Ammonia,Group 16,Nitrogen-containing,K01953
BD117,Ammonia,Group 16,Nitrogen-containing,K01955
BD117,Ammonia,Group 16,Nitrogen-containing,K01955
BD117,Ammonia,Group 16,Nitrogen-containing,K01956
BD117,Ammonia,Group 16,Nitrogen-containing,K01956
BD117,Ammonia,Group 16,Nitrogen-containing,K02083
BD117,Ammonia,Group 16,Nitrogen-containing,K02083
BD117,Ammonia,Group 16,Nitrogen-containing,K06016
BD117,Ammonia,Group 16,Nitrogen-containing,K06016
BD117,Ammonia,Group 16,Nitrogen-containing,K02437
BD117,Ammonia,Group 16,Nitrogen-containing,K02437
BD117,Ammonia,Group 16,Nitrogen-containing,K02501
BD117,Ammonia,Group 16,Nitrogen-containing,K02501
BD117,Ammonia,Group 16,Nitrogen-containing,K03153
BD117,Ammonia,Group 16,Nitrogen-containing,K03153
BD117,Ammonia,Group 16,Nitrogen-containing,K03743
BD117,Ammonia,Group 16,Nitrogen-containing,K03743
BD117,Ammonia,Group 16,Nitrogen-containing,K05810
BD117,Ammonia,Group 16,Nitrogen-containing,K05810
BD117,Ammonia,Group 16,Nitrogen-containing,K06215
BD117,Ammonia,Group 16,Nitrogen-containing,K06215
BD117,Ammonia,Group 16,Nitrogen-containing,K08281
BD117,Ammonia,Group 16,Nitrogen-containing,K08281
BD117,Ammonia,Group 16,Nitrogen-containing,K08681
BD117,Ammonia,Group 16,Nitrogen-containing,K08681
BD117,Ammonia,Group 16,Nitrogen-containing,K10536
BD117,Ammonia,Group 16,Nitrogen-containing,K10536
BD117,Ammonia,Group 16,Nitrogen-containing,K11752
BD117,Ammonia,Group 16,Nitrogen-containing,K11752
BD117,Ammonia,Group 16,Nitrogen-containing,K20814
BD117,Ammonia,Group 16,Nitrogen-containing,K20814
BD117,Amsacrine,Group 16,Polyaromatic,K02469
BD117,Amsacrine,Group 16,Nitrogen-containing,K02469
BD117,Amsacrine,Group 16,Sulfur-containing,K02469
BD117,Amsacrine,Group 16,Polyaromatic,K02470
BD117,Amsacrine,Group 16,Nitrogen-containing,K02470
BD117,Amsacrine,Group 16,Sulfur-containing,K02470
BD117,Amsacrine,Group 16,Polyaromatic,K03168
BD117,Amsacrine,Group 16,Nitrogen-containing,K03168
BD117,Amsacrine,Group 16,Sulfur-containing,K03168
BD117,Arsenic,Group 16,Metal,K04077
BD117,Arsenic,Group 16,Metal,K04077
BD117,Arsenic,Group 16,Metal,K04077
BD117,Arsenic,Group 16,Metal,K04077
BD117,Auramine,Group 16,Nitrogen-containing,K15733
BD117,Auramine,Group 16,Polyaromatic,K15733
BD117,Aziridine,Group 16,Nitrogen-containing,K01089
BD117,Aziridine,Group 16,Aliphatic,K01089
BD117,Aziridine,Group 16,Nitrogen-containing,K05602
BD117,Aziridine,Group 16,Aliphatic,K05602
BD117,Benzidine,Group 16,Aromatic,K02274
BD117,Benzidine,Group 16,Aromatic,K02274
BD117,Benzidine,Group 16,Aromatic,K02274
BD117,Benzidine,Group 16,Aromatic,K02274
BD117,Benzidine,Group 16,Nitrogen-containing,K02274
BD117,Benzidine,Group 16,Nitrogen-containing,K02274
BD117,Benzidine,Group 16,Nitrogen-containing,K02274
BD117,Benzidine,Group 16,Nitrogen-containing,K02274
BD117,Benzidine,Group 16,Aromatic,K02275
BD117,Benzidine,Group 16,Aromatic,K02275
BD117,Benzidine,Group 16,Aromatic,K02275
BD117,Benzidine,Group 16,Aromatic,K02275
BD117,Benzidine,Group 16,Nitrogen-containing,K02275
BD117,Benzidine,Group 16,Nitrogen-containing,K02275
BD117,Benzidine,Group 16,Nitrogen-containing,K02275
BD117,Benzidine,Group 16,Nitrogen-containing,K02275
BD117,Benzidine,Group 16,Aromatic,K02276
BD117,Benzidine,Group 16,Aromatic,K02276
BD117,Benzidine,Group 16,Aromatic,K02276
BD117,Benzidine,Group 16,Aromatic,K02276
BD117,Benzidine,Group 16,Nitrogen-containing,K02276
BD117,Benzidine,Group 16,Nitrogen-containing,K02276
BD117,Benzidine,Group 16,Nitrogen-containing,K02276
BD117,Benzidine,Group 16,Nitrogen-containing,K02276
BD117,CO,Group 16,Inorganic,K03147
BD117,Cacodylate,Group 16,Inorganic,K00133
BD117,Cacodylate,Group 16,Inorganic,K00133
BD117,Cacodylate,Group 16,Metal,K00133
BD117,Cacodylate,Group 16,Metal,K00133
BD117,Cadmium chloride,Group 16,Metal,K16045
BD117,Cadmium chloride,Group 16,Metal,K16045
BD117,Cadmium chloride,Group 16,Metal,K16045
BD117,Cadmium chloride,Group 16,Inorganic,K16045
BD117,Cadmium chloride,Group 16,Inorganic,K16045
BD117,Cadmium chloride,Group 16,Inorganic,K16045
BD117,Cadmium chloride,Group 16,Chlorinated,K16045
BD117,Cadmium chloride,Group 16,Chlorinated,K16045
BD117,Cadmium chloride,Group 16,Chlorinated,K16045
BD117,Carbon tetrachloride,Group 16,Chlorinated,K00384
BD117,Carbon tetrachloride,Group 16,Chlorinated,K00384
BD117,Carbon tetrachloride,Group 16,Chlorinated,K00384
BD117,Carbon tetrachloride,Group 16,Chlorinated,K00384
BD117,Carbon tetrachloride,Group 16,Chlorinated,K00384
BD117,Carbon tetrachloride,Group 16,Chlorinated,K00789
BD117,Carbon tetrachloride,Group 16,Chlorinated,K00789
BD117,Carbon tetrachloride,Group 16,Chlorinated,K00789
BD117,Carbon tetrachloride,Group 16,Chlorinated,K00789
BD117,Carbon tetrachloride,Group 16,Chlorinated,K00789
BD117,Carbon tetrachloride,Group 16,Chlorinated,K01081
BD117,Carbon tetrachloride,Group 16,Chlorinated,K01081
BD117,Carbon tetrachloride,Group 16,Chlorinated,K01081
BD117,Carbon tetrachloride,Group 16,Chlorinated,K01081
BD117,Carbon tetrachloride,Group 16,Chlorinated,K01081
BD117,Carbon tetrachloride,Group 16,Chlorinated,K06048
BD117,Carbon tetrachloride,Group 16,Chlorinated,K06048
BD117,Carbon tetrachloride,Group 16,Chlorinated,K06048
BD117,Carbon tetrachloride,Group 16,Chlorinated,K06048
BD117,Carbon tetrachloride,Group 16,Chlorinated,K06048
BD117,Catechol,Group 16,Aromatic,K03380
BD117,Catechol,Group 16,Aromatic,K03380
BD117,Catechol,Group 16,Aromatic,K03380
BD117,Catechol,Group 16,Aromatic,K03380
BD117,Catechol,Group 16,Aromatic,K03380
BD117,Chloral hydrate,Group 16,Chlorinated,K00001
BD117,Chloral hydrate,Group 16,Aliphatic,K00001
BD117,Chloral hydrate,Group 16,Chlorinated,K13953
BD117,Chloral hydrate,Group 16,Aliphatic,K13953
BD117,Chloramine,Group 16,Nitrogen-containing,K03386
BD117,Chloramine,Group 16,Chlorinated,K03386
BD117,Chloramine,Group 16,Nitrogen-containing,K03564
BD117,Chloramine,Group 16,Chlorinated,K03564
BD117,Chloramine,Group 16,Nitrogen-containing,K11065
BD117,Chloramine,Group 16,Chlorinated,K11065
BD117,Chloraminophenamide,Group 16,Nitrogen-containing,K01673
BD117,Chloraminophenamide,Group 16,Sulfur-containing,K01673
BD117,Chloraminophenamide,Group 16,Chlorinated,K01673
BD117,Chloraminophenamide,Group 16,Aromatic,K01673
BD117,Chlorpyrifos,Group 16,Organophosphorus,K03928
BD117,Chlorpyrifos,Group 16,Organophosphorus,K03928
BD117,Chlorpyrifos,Group 16,Organophosphorus,K03928
BD117,Chlorpyrifos,Group 16,Chlorinated,K03928
BD117,Chlorpyrifos,Group 16,Chlorinated,K03928
BD117,Chlorpyrifos,Group 16,Chlorinated,K03928
BD117,Chlorpyrifos,Group 16,Organophosphorus,K10805
BD117,Chlorpyrifos,Group 16,Organophosphorus,K10805
BD117,Chlorpyrifos,Group 16,Organophosphorus,K10805
BD117,Chlorpyrifos,Group 16,Chlorinated,K10805
BD117,Chlorpyrifos,Group 16,Chlorinated,K10805
BD117,Chlorpyrifos,Group 16,Chlorinated,K10805
BD117,Chlorpyrifos-methyl,Group 16,Organophosphorus,K03928
BD117,Chlorpyrifos-methyl,Group 16,Chlorinated,K03928
BD117,Chlorpyrifos-methyl,Group 16,Nitrogen-containing,K03928
BD117,Chlorpyrifos-methyl,Group 16,Sulfur-containing,K03928
BD117,Cobalt,Group 16,Metal,K01870
BD117,Cobaltous sulfate,Group 16,Metal,K01488
BD117,Cobaltous sulfate,Group 16,Inorganic,K01488
BD117,Cobaltous sulfate,Group 16,Metal,K01624
BD117,Cobaltous sulfate,Group 16,Inorganic,K01624
BD117,Cobaltous sulfate,Group 16,Metal,K05810
BD117,Cobaltous sulfate,Group 16,Inorganic,K05810
BD117,Copper,Group 16,Metal,K01533
BD117,Copper,Group 16,Metal,K01533
BD117,Copper,Group 16,Metal,K01533
BD117,Copper,Group 16,Metal,K17686
BD117,Copper,Group 16,Metal,K17686
BD117,Copper,Group 16,Metal,K17686
BD117,Copper,Group 16,Metal,K02274
BD117,Copper,Group 16,Metal,K02274
BD117,Copper,Group 16,Metal,K02274
BD117,Copper,Group 16,Metal,K02275
BD117,Copper,Group 16,Metal,K02275
BD117,Copper,Group 16,Metal,K02275
BD117,Copper,Group 16,Metal,K02276
BD117,Copper,Group 16,Metal,K02276
BD117,Copper,Group 16,Metal,K02276
BD117,Cyanide ion,Group 16,Nitrogen-containing,K01011
BD117,Cyanide ion,Group 16,Nitrogen-containing,K01011
BD117,Cyanide ion,Group 16,Nitrogen-containing,K01011
BD117,Cyanide ion,Group 16,Inorganic,K01011
BD117,Cyanide ion,Group 16,Inorganic,K01011
BD117,Cyanide ion,Group 16,Inorganic,K01011
BD117,Cypermethrin,Group 16,Polyaromatic,K00036
BD117,Cypermethrin,Group 16,Chlorinated,K00036
BD117,Cypermethrin,Group 16,Nitrogen-containing,K00036
BD117,Cypermethrin,Group 16,Polyaromatic,K03928
BD117,Cypermethrin,Group 16,Chlorinated,K03928
BD117,Cypermethrin,Group 16,Nitrogen-containing,K03928
BD117,Cypermethrin,Group 16,Polyaromatic,K07250
BD117,Cypermethrin,Group 16,Chlorinated,K07250
BD117,Cypermethrin,Group 16,Nitrogen-containing,K07250
BD117,Danthron,Group 16,Aromatic,K00344
BD117,Danthron,Group 16,Aromatic,K00384
BD117,Danthron,Group 16,Aromatic,K00528
BD117,Di-n-octyl phthalate,Group 16,Aromatic,K16045
BD117,Di-n-octyl phthalate,Group 16,Aromatic,K16045
BD117,Dibutyl phthalate,Group 16,Aromatic,K03928
BD117,Dibutyl phthalate,Group 16,Aromatic,K03928
BD117,Dibutyl phthalate,Group 16,Aromatic,K03928
BD117,Dibutyl phthalate,Group 16,Aromatic,K03928
BD117,Dibutyl phthalate,Group 16,Aromatic,K16045
BD117,Dibutyl phthalate,Group 16,Aromatic,K16045
BD117,Dibutyl phthalate,Group 16,Aromatic,K16045
BD117,Dibutyl phthalate,Group 16,Aromatic,K16045
BD117,Dichlorvos,Group 16,Organophosphorus,K03928
BD117,Dichlorvos,Group 16,Organophosphorus,K03928
BD117,Dichlorvos,Group 16,Organophosphorus,K03928
BD117,Dichlorvos,Group 16,Chlorinated,K03928
BD117,Dichlorvos,Group 16,Chlorinated,K03928
BD117,Dichlorvos,Group 16,Chlorinated,K03928
BD117,Dimethoate,Group 16,Nitrogen-containing,K03928
BD117,Dimethoate,Group 16,Organophosphorus,K03928
BD117,Dimethoate,Group 16,Sulfur-containing,K03928
BD117,Disperse Blue 1,Group 16,Nitrogen-containing,K15733
BD117,Disperse Blue 1,Group 16,Polyaromatic,K15733
BD117,Diuron,Group 16,Nitrogen-containing,K00036
BD117,Diuron,Group 16,Nitrogen-containing,K00036
BD117,Diuron,Group 16,Nitrogen-containing,K00036
BD117,Diuron,Group 16,Chlorinated,K00036
BD117,Diuron,Group 16,Chlorinated,K00036
BD117,Diuron,Group 16,Chlorinated,K00036
BD117,Diuron,Group 16,Aromatic,K00036
BD117,Diuron,Group 16,Aromatic,K00036
BD117,Diuron,Group 16,Aromatic,K00036
BD117,Diuron,Group 16,Nitrogen-containing,K03889
BD117,Diuron,Group 16,Nitrogen-containing,K03889
BD117,Diuron,Group 16,Nitrogen-containing,K03889
BD117,Diuron,Group 16,Chlorinated,K03889
BD117,Diuron,Group 16,Chlorinated,K03889
BD117,Diuron,Group 16,Chlorinated,K03889
BD117,Diuron,Group 16,Aromatic,K03889
BD117,Diuron,Group 16,Aromatic,K03889
BD117,Diuron,Group 16,Aromatic,K03889
BD117,Diuron,Group 16,Nitrogen-containing,K03890
BD117,Diuron,Group 16,Nitrogen-containing,K03890
BD117,Diuron,Group 16,Nitrogen-containing,K03890
BD117,Diuron,Group 16,Chlorinated,K03890
BD117,Diuron,Group 16,Chlorinated,K03890
BD117,Diuron,Group 16,Chlorinated,K03890
BD117,Diuron,Group 16,Aromatic,K03890
BD117,Diuron,Group 16,Aromatic,K03890
BD117,Diuron,Group 16,Aromatic,K03890
BD117,Diuron,Group 16,Nitrogen-containing,K03891
BD117,Diuron,Group 16,Nitrogen-containing,K03891
BD117,Diuron,Group 16,Nitrogen-containing,K03891
BD117,Diuron,Group 16,Chlorinated,K03891
BD117,Diuron,Group 16,Chlorinated,K03891
BD117,Diuron,Group 16,Chlorinated,K03891
BD117,Diuron,Group 16,Aromatic,K03891
BD117,Diuron,Group 16,Aromatic,K03891
BD117,Diuron,Group 16,Aromatic,K03891
BD117,Epichlorohydrin,Group 16,Chlorinated,K03153
BD117,Epichlorohydrin,Group 16,Aliphatic,K03153
BD117,Ethanol,Group 16,Aliphatic,K00001
BD117,Ethanol,Group 16,Aliphatic,K13953
BD117,Ethyl acrylate,Group 16,Aliphatic,K01426
BD117,Ethyl methanesulfonate,Group 16,Organosulfur,K00560
BD117,Ethyl methanesulfonate,Group 16,Aliphatic,K00560
BD117,Ethylene oxide,Group 16,Aliphatic,K22363
BD117,Ethylene oxide,Group 16,Aliphatic,K22363
BD117,Formaldehyde,Group 16,Aliphatic,K00148
BD117,Formaldehyde,Group 16,Aliphatic,K00148
BD117,Formaldehyde,Group 16,Aliphatic,K00148
BD117,Formaldehyde,Group 16,Aliphatic,K00299
BD117,Formaldehyde,Group 16,Aliphatic,K00299
BD117,Formaldehyde,Group 16,Aliphatic,K00299
BD117,Formaldehyde,Group 16,Aliphatic,K00301
BD117,Formaldehyde,Group 16,Aliphatic,K00301
BD117,Formaldehyde,Group 16,Aliphatic,K00301
BD117,Formaldehyde,Group 16,Aliphatic,K00606
BD117,Formaldehyde,Group 16,Aliphatic,K00606
BD117,Formaldehyde,Group 16,Aliphatic,K00606
BD117,Formaldehyde,Group 16,Aliphatic,K03781
BD117,Formaldehyde,Group 16,Aliphatic,K03781
BD117,Formaldehyde,Group 16,Aliphatic,K03781
BD117,Glycidaldehyde,Group 16,Aliphatic,K00600
BD117,Hg,Group 16,Metal,K00520
BD117,Hg,Group 16,Metal,K00520
BD117,Hydrazine,Group 16,Nitrogen-containing,K03928
BD117,Hydrazine,Group 16,Nitrogen-containing,K03928
BD117,Hydrochlorothiazide,Group 16,Nitrogen-containing,K00287
BD117,Hydrochlorothiazide,Group 16,Sulfur-containing,K00287
BD117,Hydrochlorothiazide,Group 16,Chlorinated,K00287
BD117,Hydrochlorothiazide,Group 16,Aromatic,K00287
BD117,Hydrochlorothiazide,Group 16,Nitrogen-containing,K01673
BD117,Hydrochlorothiazide,Group 16,Sulfur-containing,K01673
BD117,Hydrochlorothiazide,Group 16,Chlorinated,K01673
BD117,Hydrochlorothiazide,Group 16,Aromatic,K01673
BD117,Lead,Group 16,Metal,K00001
BD117,Lead,Group 16,Metal,K00001
BD117,Lead,Group 16,Metal,K00001
BD117,Lead,Group 16,Metal,K00001
BD117,Lead,Group 16,Metal,K00001
BD117,Lead nitrate,Group 16,Metal,K00520
BD117,Lead nitrate,Group 16,Metal,K00520
BD117,Lead nitrate,Group 16,Inorganic,K00520
BD117,Lead nitrate,Group 16,Inorganic,K00520
BD117,Lead nitrate,Group 16,Nitrogen-containing,K00520
BD117,Lead nitrate,Group 16,Nitrogen-containing,K00520
BD117,Lead nitrate,Group 16,Metal,K00619
BD117,Lead nitrate,Group 16,Metal,K00619
BD117,Lead nitrate,Group 16,Inorganic,K00619
BD117,Lead nitrate,Group 16,Inorganic,K00619
BD117,Lead nitrate,Group 16,Nitrogen-containing,K00619
BD117,Lead nitrate,Group 16,Nitrogen-containing,K00619
BD117,Lead nitrate,Group 16,Metal,K00620
BD117,Lead nitrate,Group 16,Metal,K00620
BD117,Lead nitrate,Group 16,Inorganic,K00620
BD117,Lead nitrate,Group 16,Inorganic,K00620
BD117,Lead nitrate,Group 16,Nitrogen-containing,K00620
BD117,Lead nitrate,Group 16,Nitrogen-containing,K00620
BD117,Lead nitrate,Group 16,Metal,K00845
BD117,Lead nitrate,Group 16,Metal,K00845
BD117,Lead nitrate,Group 16,Inorganic,K00845
BD117,Lead nitrate,Group 16,Inorganic,K00845
BD117,Lead nitrate,Group 16,Nitrogen-containing,K00845
BD117,Lead nitrate,Group 16,Nitrogen-containing,K00845
BD117,Lead nitrate,Group 16,Metal,K01749
BD117,Lead nitrate,Group 16,Metal,K01749
BD117,Lead nitrate,Group 16,Inorganic,K01749
BD117,Lead nitrate,Group 16,Inorganic,K01749
BD117,Lead nitrate,Group 16,Nitrogen-containing,K01749
BD117,Lead nitrate,Group 16,Nitrogen-containing,K01749
BD117,Mercuric chloride,Group 16,Metal,K00001
BD117,Mercuric chloride,Group 16,Metal,K00001
BD117,Mercuric chloride,Group 16,Chlorinated,K00001
BD117,Mercuric chloride,Group 16,Chlorinated,K00001
BD117,Mercuric chloride,Group 16,Metal,K00459
BD117,Mercuric chloride,Group 16,Metal,K00459
BD117,Mercuric chloride,Group 16,Chlorinated,K00459
BD117,Mercuric chloride,Group 16,Chlorinated,K00459
BD117,Mercury(2+),Group 16,Metal,K00221
BD117,Mercury(2+),Group 16,Metal,K00221
BD117,Mercury(2+),Group 16,Metal,K00520
BD117,Mercury(2+),Group 16,Metal,K00520
BD117,Methane,Group 16,Aliphatic,K00221
BD117,Methoxychlor,Group 16,Chlorinated,K16045
BD117,Methoxychlor,Group 16,Polyaromatic,K16045
BD117,Methyl bromide,Group 16,Halogenated,K00567
BD117,Methyl bromide,Group 16,Aliphatic,K00567
BD117,Methyl bromide,Group 16,Halogenated,K10778
BD117,Methyl bromide,Group 16,Aliphatic,K10778
BD117,Methyl isobutyl ketone,Group 16,Aliphatic,K00001
BD117,Methyl isobutyl ketone,Group 16,Aliphatic,K00274
BD117,Methyl tert-butyl ether,Group 16,Aliphatic,K00001
BD117,Methylmercury,Group 16,Metal,K00221
BD117,Methylmercury,Group 16,Metal,K00221
BD117,Methylmercury,Group 16,Metal,K00221
BD117,Methylmercury,Group 16,Metal,K00221
BD117,Methylmercury,Group 16,Organometallic,K00221
BD117,Methylmercury,Group 16,Organometallic,K00221
BD117,Methylmercury,Group 16,Organometallic,K00221
BD117,Methylmercury,Group 16,Organometallic,K00221
BD117,Methylmercury chloride,Group 16,Organometallic,K00221
BD117,Methylmercury chloride,Group 16,Organometallic,K00221
BD117,Methylmercury chloride,Group 16,Organometallic,K00221
BD117,Methylmercury chloride,Group 16,Chlorinated,K00221
BD117,Methylmercury chloride,Group 16,Chlorinated,K00221
BD117,Methylmercury chloride,Group 16,Chlorinated,K00221
BD117,Methylmercury chloride,Group 16,Organometallic,K00248
BD117,Methylmercury chloride,Group 16,Organometallic,K00248
BD117,Methylmercury chloride,Group 16,Organometallic,K00248
BD117,Methylmercury chloride,Group 16,Chlorinated,K00248
BD117,Methylmercury chloride,Group 16,Chlorinated,K00248
BD117,Methylmercury chloride,Group 16,Chlorinated,K00248
BD117,Methylmercury chloride,Group 16,Organometallic,K00287
BD117,Methylmercury chloride,Group 16,Organometallic,K00287
BD117,Methylmercury chloride,Group 16,Organometallic,K00287
BD117,Methylmercury chloride,Group 16,Chlorinated,K00287
BD117,Methylmercury chloride,Group 16,Chlorinated,K00287
BD117,Methylmercury chloride,Group 16,Chlorinated,K00287
BD117,Methylmercury chloride,Group 16,Organometallic,K01262
BD117,Methylmercury chloride,Group 16,Organometallic,K01262
BD117,Methylmercury chloride,Group 16,Organometallic,K01262
BD117,Methylmercury chloride,Group 16,Chlorinated,K01262
BD117,Methylmercury chloride,Group 16,Chlorinated,K01262
BD117,Methylmercury chloride,Group 16,Chlorinated,K01262
BD117,Methylmercury chloride,Group 16,Organometallic,K06048
BD117,Methylmercury chloride,Group 16,Organometallic,K06048
BD117,Methylmercury chloride,Group 16,Organometallic,K06048
BD117,Methylmercury chloride,Group 16,Chlorinated,K06048
BD117,Methylmercury chloride,Group 16,Chlorinated,K06048
BD117,Methylmercury chloride,Group 16,Chlorinated,K06048
BD117,Methylnitrosourea,Group 16,Nitrogen-containing,K12410
BD117,Methylnitrosourea,Group 16,Aliphatic,K12410
BD117,Mitomycin,Group 16,Nitrogen-containing,K00758
BD117,Mitomycin,Group 16,Polyaromatic,K00758
BD117,Mitoxantrone,Group 16,Nitrogen-containing,K01104
BD117,Mitoxantrone,Group 16,Polyaromatic,K01104
BD117,N-Methyl-N'-nitro-N-nitrosoguanidine,Group 16,Nitrogen-containing,K03652
BD117,N-Methyl-N'-nitro-N-nitrosoguanidine,Group 16,Inorganic,K03652
BD117,Nafenopin,Group 16,Polyaromatic,K11263
BD117,Nickel chloride,Group 16,Metal,K01507
BD117,Nickel chloride,Group 16,Metal,K01507
BD117,Nickel chloride,Group 16,Metal,K01507
BD117,Nickel chloride,Group 16,Inorganic,K01507
BD117,Nickel chloride,Group 16,Inorganic,K01507
BD117,Nickel chloride,Group 16,Inorganic,K01507
BD117,Nickel chloride,Group 16,Chlorinated,K01507
BD117,Nickel chloride,Group 16,Chlorinated,K01507
BD117,Nickel chloride,Group 16,Chlorinated,K01507
BD117,Nitrate,Group 16,Nitrogen-containing,K05916
BD117,Nitrate,Group 16,Inorganic,K05916
BD117,Nitrite,Group 16,Nitrogen-containing,K00366
BD117,Nitrite,Group 16,Inorganic,K00366
BD117,Nitrite,Group 16,Nitrogen-containing,K00459
BD117,Nitrite,Group 16,Inorganic,K00459
BD117,Nitrofen,Group 16,Chlorinated,K00231
BD117,Nitrofen,Group 16,Polyaromatic,K00231
BD117,Nitrofen,Group 16,Nitrogen-containing,K00231
BD117,Nitrogen mustard,Group 16,Chlorinated,K17755
BD117,Nitrogen mustard,Group 16,Nitrogen-containing,K17755
BD117,Nitromethane,Group 16,Nitrogen-containing,K00459
BD117,Nitromethane,Group 16,Inorganic,K00459
BD117,Nitromethane,Group 16,Nitrogen-containing,K01745
BD117,Nitromethane,Group 16,Inorganic,K01745
BD117,Perfluorooctanesulfonic acid,Group 16,Sulfur-containing,K00232
BD117,Perfluorooctanesulfonic acid,Group 16,Sulfur-containing,K00232
BD117,Perfluorooctanesulfonic acid,Group 16,Sulfur-containing,K00232
BD117,Perfluorooctanesulfonic acid,Group 16,Halogenated,K00232
BD117,Perfluorooctanesulfonic acid,Group 16,Halogenated,K00232
BD117,Perfluorooctanesulfonic acid,Group 16,Halogenated,K00232
BD117,Phenacetin,Group 16,Aromatic,K01426
BD117,Phenacetin,Group 16,Nitrogen-containing,K01426
BD117,Phenacetin,Group 16,Aromatic,K03928
BD117,Phenacetin,Group 16,Nitrogen-containing,K03928
BD117,Phenol,Group 16,Aromatic,K03380
BD117,Phenol,Group 16,Aromatic,K03380
BD117,Phenol,Group 16,Aromatic,K03380
BD117,Phenol,Group 16,Aromatic,K03380
BD117,Phenylmercury acetate,Group 16,Organometallic,K00366
BD117,Phenylmercury acetate,Group 16,Organometallic,K00366
BD117,Phenylmercury acetate,Group 16,Aromatic,K00366
BD117,Phenylmercury acetate,Group 16,Aromatic,K00366
BD117,Phenylmercury acetate,Group 16,Organometallic,K04564
BD117,Phenylmercury acetate,Group 16,Organometallic,K04564
BD117,Phenylmercury acetate,Group 16,Aromatic,K04564
BD117,Phenylmercury acetate,Group 16,Aromatic,K04564
BD117,Phenylmethanesulfonyl fluoride,Group 16,Sulfur-containing,K00001
BD117,Phenylmethanesulfonyl fluoride,Group 16,Aromatic,K00001
BD117,Phenylmethanesulfonyl fluoride,Group 16,Sulfur-containing,K00024
BD117,Phenylmethanesulfonyl fluoride,Group 16,Aromatic,K00024
BD117,Phthalate,Group 16,Aromatic,K15733
BD117,Phthalate,Group 16,Aromatic,K15733
BD117,Phthalate,Group 16,Aromatic,K15733
BD117,Phthalate,Group 16,Aromatic,K15733
BD117,Pioglitazone,Group 16,Aromatic,K00274
BD117,Pioglitazone,Group 16,Sulfur-containing,K00274
BD117,Pioglitazone,Group 16,Nitrogen-containing,K00274
BD117,Simazine,Group 16,Nitrogen-containing,K01673
BD117,Simazine,Group 16,Nitrogen-containing,K01673
BD117,Simazine,Group 16,Chlorinated,K01673
BD117,Simazine,Group 16,Chlorinated,K01673
BD117,Sodium arsenite,Group 16,Inorganic,K00128
BD117,Sodium arsenite,Group 16,Metal,K00128
BD117,Sodium arsenite,Group 16,Inorganic,K00265
BD117,Sodium arsenite,Group 16,Metal,K00265
BD117,Sodium arsenite,Group 16,Inorganic,K00266
BD117,Sodium arsenite,Group 16,Metal,K00266
BD117,Sodium arsenite,Group 16,Inorganic,K01011
BD117,Sodium arsenite,Group 16,Metal,K01011
BD117,Sodium fluoride,Group 16,Inorganic,K00024
BD117,Streptozocin,Group 16,Nitrogen-containing,K01028
BD117,Streptozocin,Group 16,Aliphatic,K01028
BD117,Streptozocin,Group 16,Nitrogen-containing,K01029
BD117,Streptozocin,Group 16,Aliphatic,K01029
BD117,Streptozocin,Group 16,Nitrogen-containing,K01495
BD117,Streptozocin,Group 16,Aliphatic,K01495
BD117,Streptozocin,Group 16,Nitrogen-containing,K01758
BD117,Streptozocin,Group 16,Aliphatic,K01758
BD117,Strontium cation,Group 16,Metal,K00128
BD117,Sulfasalazine,Group 16,Nitrogen-containing,K00927
BD117,Sulfasalazine,Group 16,Sulfur-containing,K00927
BD117,Sulfasalazine,Group 16,Polyaromatic,K00927
BD117,Tetranitromethane,Group 16,Nitrogen-containing,K00033
BD117,Tetranitromethane,Group 16,Inorganic,K00033
BD117,Tetranitromethane,Group 16,Nitrogen-containing,K00278
BD117,Tetranitromethane,Group 16,Inorganic,K00278
BD117,Thioacetamide,Group 16,Nitrogen-containing,K00001
BD117,Thioacetamide,Group 16,Sulfur-containing,K00001
BD117,Thioacetamide,Group 16,Aliphatic,K00001
BD117,Thioacetamide,Group 16,Nitrogen-containing,K00384
BD117,Thioacetamide,Group 16,Sulfur-containing,K00384
BD117,Thioacetamide,Group 16,Aliphatic,K00384
BD117,Thioacetamide,Group 16,Nitrogen-containing,K01081
BD117,Thioacetamide,Group 16,Sulfur-containing,K01081
BD117,Thioacetamide,Group 16,Aliphatic,K01081
BD117,Thioacetamide,Group 16,Nitrogen-containing,K01426
BD117,Thioacetamide,Group 16,Sulfur-containing,K01426
BD117,Thioacetamide,Group 16,Aliphatic,K01426
BD117,Thiocyanate,Group 16,Sulfur-containing,K01011
BD117,Thiocyanate,Group 16,Nitrogen-containing,K01011
BD117,Thiouracil,Group 16,Nitrogen-containing,K00761
BD117,Thiouracil,Group 16,Sulfur-containing,K00761
BD117,Thiouracil,Group 16,Aliphatic,K00761
BD117,Thiouracil,Group 16,Nitrogen-containing,K01485
BD117,Thiouracil,Group 16,Sulfur-containing,K01485
BD117,Thiouracil,Group 16,Aliphatic,K01485
BD117,Thiouracil,Group 16,Nitrogen-containing,K02825
BD117,Thiouracil,Group 16,Sulfur-containing,K02825
BD117,Thiouracil,Group 16,Aliphatic,K02825
BD117,Thiouracil,Group 16,Nitrogen-containing,K07250
BD117,Thiouracil,Group 16,Sulfur-containing,K07250
BD117,Thiouracil,Group 16,Aliphatic,K07250
BD117,Tributyltin chloride,Group 16,Metal,K01768
BD117,Tributyltin chloride,Group 16,Metal,K01768
BD117,Tributyltin chloride,Group 16,Organometallic,K01768
BD117,Tributyltin chloride,Group 16,Organometallic,K01768
BD117,Tributyltin chloride,Group 16,Metal,K02111
BD117,Tributyltin chloride,Group 16,Metal,K02111
BD117,Tributyltin chloride,Group 16,Organometallic,K02111
BD117,Tributyltin chloride,Group 16,Organometallic,K02111
BD117,Tributyltin chloride,Group 16,Metal,K02112
BD117,Tributyltin chloride,Group 16,Metal,K02112
BD117,Tributyltin chloride,Group 16,Organometallic,K02112
BD117,Tributyltin chloride,Group 16,Organometallic,K02112
BD117,Trinitrotoluene,Group 16,Nitrogen-containing,K10680
BD117,Trinitrotoluene,Group 16,Aromatic,K10680
BD117,Vinyl acetate,Group 16,Aliphatic,K03928
BD117,Zalcitabine,Group 16,Nitrogen-containing,K00857
BD117,Zalcitabine,Group 16,Nitrogen-containing,K00927
BD117,Zalcitabine,Group 16,Nitrogen-containing,K01489
BD117,Zidovudine,Group 16,Nitrogen-containing,K00758
BD117,Zidovudine,Group 16,Nitrogen-containing,K00857
BD117,Zidovudine,Group 16,Nitrogen-containing,K00943
BD117,Zidovudine,Group 16,Nitrogen-containing,K01081
BD117,Zidovudine,Group 16,Nitrogen-containing,K01489
BD117,Zinc cation,Group 16,Metal,K00001
BD117,Zinc cation,Group 16,Metal,K00001
BD117,Zinc cation,Group 16,Metal,K00004
BD117,Zinc cation,Group 16,Metal,K00004
BD117,alpha-Chlorohydrin,Group 16,Chlorinated,K00134
BD117,alpha-Chlorohydrin,Group 16,Aliphatic,K00134
BD117,alpha-Chlorohydrin,Group 16,Chlorinated,K00864
BD117,alpha-Chlorohydrin,Group 16,Aliphatic,K00864
BD117,ortho-Toluidine,Group 16,Aromatic,K03928
BD117,ortho-Toluidine,Group 16,Nitrogen-containing,K03928
BD117,para-Aminoazobenzene,Group 16,Nitrogen-containing,K01255
BD117,para-Aminoazobenzene,Group 16,Polyaromatic,K01255
BD117,para-Aminoazobenzene,Group 16,Nitrogen-containing,K01259
BD117,para-Aminoazobenzene,Group 16,Polyaromatic,K01259
BD143,"1,1,2,2-Tetrachloroethane",Group 18,Chlorinated,K04091
BD143,"1,1,2,2-Tetrachloroethane",Group 18,Chlorinated,K04091
BD143,"1,1,2,2-Tetrachloroethane",Group 18,Chlorinated,K04091
BD143,"1,1,2,2-Tetrachloroethane",Group 18,Chlorinated,K04091
BD143,"1,1,2,2-Tetrachloroethane",Group 18,Aliphatic,K04091
BD143,"1,1,2,2-Tetrachloroethane",Group 18,Aliphatic,K04091
BD143,"1,1,2,2-Tetrachloroethane",Group 18,Aliphatic,K04091
BD143,"1,1,2,2-Tetrachloroethane",Group 18,Aliphatic,K04091
BD143,"1,1,2-Trichloroethane",Group 18,Chlorinated,K01563
BD143,"1,1,2-Trichloroethane",Group 18,Chlorinated,K01563
BD143,"1,1,2-Trichloroethane",Group 18,Aliphatic,K01563
BD143,"1,1,2-Trichloroethane",Group 18,Aliphatic,K01563
BD143,"1,2,3-Trichloropropane",Group 18,Chlorinated,K01563
BD143,"1,2,3-Trichloropropane",Group 18,Aliphatic,K01563
BD143,"1,2-Dibromo-3-chloropropane",Group 18,Chlorinated,K01563
BD143,"1,2-Dibromo-3-chloropropane",Group 18,Chlorinated,K01563
BD143,"1,2-Dibromo-3-chloropropane",Group 18,Halogenated,K01563
BD143,"1,2-Dibromo-3-chloropropane",Group 18,Halogenated,K01563
BD143,"1,2-Dichlorobenzene",Group 18,Chlorinated,K01537
BD143,"1,2-Dichlorobenzene",Group 18,Chlorinated,K01537
BD143,"1,2-Dichlorobenzene",Group 18,Chlorinated,K01537
BD143,"1,2-Dichlorobenzene",Group 18,Chlorinated,K01537
BD143,"1,2-Dichlorobenzene",Group 18,Aromatic,K01537
BD143,"1,2-Dichlorobenzene",Group 18,Aromatic,K01537
BD143,"1,2-Dichlorobenzene",Group 18,Aromatic,K01537
BD143,"1,2-Dichlorobenzene",Group 18,Aromatic,K01537
BD143,"1,2-Dichloroethane",Group 18,Chlorinated,K01563
BD143,"1,2-Dichloroethane",Group 18,Chlorinated,K01563
BD143,"1,2-Dichloroethane",Group 18,Chlorinated,K01563
BD143,"1,2-Dichloroethane",Group 18,Chlorinated,K01563
BD143,"1,2-Dichloroethane",Group 18,Chlorinated,K01563
BD143,"1,2-Dichloroethane",Group 18,Chlorinated,K01563
BD143,"1,2-Dichloroethane",Group 18,Chlorinated,K01563
BD143,"1,2-Dichloroethane",Group 18,Aliphatic,K01563
BD143,"1,2-Dichloroethane",Group 18,Aliphatic,K01563
BD143,"1,2-Dichloroethane",Group 18,Aliphatic,K01563
BD143,"1,2-Dichloroethane",Group 18,Aliphatic,K01563
BD143,"1,2-Dichloroethane",Group 18,Aliphatic,K01563
BD143,"1,2-Dichloroethane",Group 18,Aliphatic,K01563
BD143,"1,2-Dichloroethane",Group 18,Aliphatic,K01563
BD143,"1,4-Dioxane",Group 18,Aliphatic,K00001
BD143,"1,4-Dioxane",Group 18,Aliphatic,K00001
BD143,"2,2',4,4',6,6'-Hexachlorobiphenyl",Group 18,Chlorinated,K01599
BD143,"2,2',4,4',6,6'-Hexachlorobiphenyl",Group 18,Chlorinated,K01599
BD143,"2,2',4,4',6,6'-Hexachlorobiphenyl",Group 18,Polyaromatic,K01599
BD143,"2,2',4,4',6,6'-Hexachlorobiphenyl",Group 18,Polyaromatic,K01599
BD143,"2,2',4,4'-Tetrachlorobiphenyl",Group 18,Chlorinated,K01599
BD143,"2,2',4,4'-Tetrachlorobiphenyl",Group 18,Chlorinated,K01599
BD143,"2,2',4,4'-Tetrachlorobiphenyl",Group 18,Polyaromatic,K01599
BD143,"2,2',4,4'-Tetrachlorobiphenyl",Group 18,Polyaromatic,K01599
BD143,"2,2',5,5'-Tetrachlorobiphenyl",Group 18,Chlorinated,K01599
BD143,"2,2',5,5'-Tetrachlorobiphenyl",Group 18,Chlorinated,K01599
BD143,"2,2',5,5'-Tetrachlorobiphenyl",Group 18,Polyaromatic,K01599
BD143,"2,2',5,5'-Tetrachlorobiphenyl",Group 18,Polyaromatic,K01599
BD143,"2,6-Dimethylaniline",Group 18,Aromatic,K03928
BD143,"2,6-Dimethylaniline",Group 18,Nitrogen-containing,K03928
BD143,2-(4-Chlorophenoxy)propionic acid,Group 18,Aromatic,K01046
BD143,2-(4-Chlorophenoxy)propionic acid,Group 18,Chlorinated,K01046
BD143,"2-Amino-1-methyl-6-phenylimidazo[4,5-b]pyridine",Group 18,Nitrogen-containing,K00362
BD143,"2-Amino-1-methyl-6-phenylimidazo[4,5-b]pyridine",Group 18,Aromatic,K00362
BD143,"2-Amino-1-methyl-6-phenylimidazo[4,5-b]pyridine",Group 18,Nitrogen-containing,K00363
BD143,"2-Amino-1-methyl-6-phenylimidazo[4,5-b]pyridine",Group 18,Aromatic,K00363
BD143,"2-Amino-1-methyl-6-phenylimidazo[4,5-b]pyridine",Group 18,Nitrogen-containing,K14338
BD143,"2-Amino-1-methyl-6-phenylimidazo[4,5-b]pyridine",Group 18,Aromatic,K14338
BD143,2-Chlorophenol,Group 18,Aromatic,K07104
BD143,2-Chlorophenol,Group 18,Aromatic,K07104
BD143,2-Chlorophenol,Group 18,Aromatic,K07104
BD143,2-Chlorophenol,Group 18,Chlorinated,K07104
BD143,2-Chlorophenol,Group 18,Chlorinated,K07104
BD143,2-Chlorophenol,Group 18,Chlorinated,K07104
BD143,2-Ethoxyethanol,Group 18,Aliphatic,K00001
BD143,2-Ethoxyethanol,Group 18,Aliphatic,K03928
BD143,2-Naphthylamine,Group 18,Nitrogen-containing,K00681
BD143,2-Naphthylamine,Group 18,Polyaromatic,K00681
BD143,2-Nitropropane,Group 18,Nitrogen-containing,K00459
BD143,2-Nitropropane,Group 18,Aliphatic,K00459
BD143,"3,3'-Dimethoxybenzidine",Group 18,Nitrogen-containing,K02274
BD143,"3,3'-Dimethoxybenzidine",Group 18,Polyaromatic,K02274
BD143,"3,3'-Dimethoxybenzidine",Group 18,Nitrogen-containing,K02275
BD143,"3,3'-Dimethoxybenzidine",Group 18,Polyaromatic,K02275
BD143,"3,3'-Dimethoxybenzidine",Group 18,Nitrogen-containing,K02276
BD143,"3,3'-Dimethoxybenzidine",Group 18,Polyaromatic,K02276
BD143,"3,3'-Dimethoxybenzidine",Group 18,Nitrogen-containing,K02277
BD143,"3,3'-Dimethoxybenzidine",Group 18,Polyaromatic,K02277
BD143,"3,4,3',4'-Tetrachlorobiphenyl",Group 18,Chlorinated,K01599
BD143,"3,4,3',4'-Tetrachlorobiphenyl",Group 18,Chlorinated,K01599
BD143,"3,4,3',4'-Tetrachlorobiphenyl",Group 18,Polyaromatic,K01599
BD143,"3,4,3',4'-Tetrachlorobiphenyl",Group 18,Polyaromatic,K01599
BD143,"3,4,5,3',4',5'-Hexachlorobiphenyl",Group 18,Chlorinated,K01599
BD143,"3,4,5,3',4',5'-Hexachlorobiphenyl",Group 18,Chlorinated,K01599
BD143,"3,4,5,3',4',5'-Hexachlorobiphenyl",Group 18,Polyaromatic,K01599
BD143,"3,4,5,3',4',5'-Hexachlorobiphenyl",Group 18,Polyaromatic,K01599
BD143,3-Chloro-2-methylpropene,Group 18,Chlorinated,K01563
BD143,3-Chloro-2-methylpropene,Group 18,Aliphatic,K01563
BD143,3-Cresol,Group 18,Aromatic,K15765
BD143,4-(N-Nitrosomethylamino)-1-(3-pyridyl)-1-butanone,Group 18,Nitrogen-containing,K14338
BD143,4-(N-Nitrosomethylamino)-1-(3-pyridyl)-1-butanone,Group 18,Aliphatic,K14338
BD143,4-Cresol,Group 18,Aromatic,K15765
BD143,4-Cresol,Group 18,Aromatic,K15765
BD143,4-Methylimidazole,Group 18,Nitrogen-containing,K00965
BD143,4-Methylimidazole,Group 18,Aliphatic,K00965
BD143,4-Methylimidazole,Group 18,Nitrogen-containing,K01673
BD143,4-Methylimidazole,Group 18,Aliphatic,K01673
BD143,4-Nitrophenol,Group 18,Aromatic,K01077
BD143,4-Nitrophenol,Group 18,Aromatic,K01077
BD143,4-Nitrophenol,Group 18,Nitrogen-containing,K01077
BD143,4-Nitrophenol,Group 18,Nitrogen-containing,K01077
BD143,4-Nitrophenol,Group 18,Aromatic,K01101
BD143,4-Nitrophenol,Group 18,Aromatic,K01101
BD143,4-Nitrophenol,Group 18,Nitrogen-containing,K01101
BD143,4-Nitrophenol,Group 18,Nitrogen-containing,K01101
BD143,4-Nitrophenol,Group 18,Aromatic,K01113
BD143,4-Nitrophenol,Group 18,Aromatic,K01113
BD143,4-Nitrophenol,Group 18,Nitrogen-containing,K01113
BD143,4-Nitrophenol,Group 18,Nitrogen-containing,K01113
BD143,Acenaphthene,Group 18,Polyaromatic,K14338
BD143,Acenaphthene,Group 18,Polyaromatic,K14338
BD143,Acetaldehyde,Group 18,Aliphatic,K00001
BD143,Acetaldehyde,Group 18,Aliphatic,K00001
BD143,Acetaldehyde,Group 18,Aliphatic,K00001
BD143,Acetaldehyde,Group 18,Aliphatic,K00121
BD143,Acetaldehyde,Group 18,Aliphatic,K00121
BD143,Acetaldehyde,Group 18,Aliphatic,K00121
BD143,Acetaldehyde,Group 18,Aliphatic,K00128
BD143,Acetaldehyde,Group 18,Aliphatic,K00128
BD143,Acetaldehyde,Group 18,Aliphatic,K00128
BD143,Acetaldehyde,Group 18,Aliphatic,K00459
BD143,Acetaldehyde,Group 18,Aliphatic,K00459
BD143,Acetaldehyde,Group 18,Aliphatic,K00459
BD143,Acetaldehyde,Group 18,Aliphatic,K01619
BD143,Acetaldehyde,Group 18,Aliphatic,K01619
BD143,Acetaldehyde,Group 18,Aliphatic,K01619
BD143,Acetaldehyde,Group 18,Aliphatic,K01737
BD143,Acetaldehyde,Group 18,Aliphatic,K01737
BD143,Acetaldehyde,Group 18,Aliphatic,K01737
BD143,Acetaldehyde,Group 18,Aliphatic,K11440
BD143,Acetaldehyde,Group 18,Aliphatic,K11440
BD143,Acetaldehyde,Group 18,Aliphatic,K11440
BD143,Acetaldehyde,Group 18,Aliphatic,K13954
BD143,Acetaldehyde,Group 18,Aliphatic,K13954
BD143,Acetaldehyde,Group 18,Aliphatic,K13954
BD143,Acetaldehyde,Group 18,Aliphatic,K13979
BD143,Acetaldehyde,Group 18,Aliphatic,K13979
BD143,Acetaldehyde,Group 18,Aliphatic,K13979
BD143,Acetamide,Group 18,Nitrogen-containing,K01426
BD143,Acetamide,Group 18,Aliphatic,K01426
BD143,Acrylamide,Group 18,Nitrogen-containing,K01426
BD143,Acrylamide,Group 18,Aliphatic,K01426
BD143,Aflatoxin B1,Group 18,Aromatic,K14338
BD143,"Aflatoxin B1-endo-8,9-epoxide",Group 18,Aromatic,K14338
BD143,"Aflatoxin B1-exo-8,9-epoxide",Group 18,Aromatic,K14338
BD143,Aflatoxin M1,Group 18,Aromatic,K14338
BD143,Aflatoxin M1,Group 18,Aromatic,K14338
BD143,Aflatoxin Q1,Group 18,Aromatic,K14338
BD143,"Aflatoxin-M1-8,9-epoxide",Group 18,Aromatic,K14338
BD143,Ammonia,Group 18,Nitrogen-containing,K00259
BD143,Ammonia,Group 18,Nitrogen-containing,K00259
BD143,Ammonia,Group 18,Nitrogen-containing,K00260
BD143,Ammonia,Group 18,Nitrogen-containing,K00260
BD143,Ammonia,Group 18,Nitrogen-containing,K00262
BD143,Ammonia,Group 18,Nitrogen-containing,K00262
BD143,Ammonia,Group 18,Nitrogen-containing,K00263
BD143,Ammonia,Group 18,Nitrogen-containing,K00263
BD143,Ammonia,Group 18,Nitrogen-containing,K00265
BD143,Ammonia,Group 18,Nitrogen-containing,K00265
BD143,Ammonia,Group 18,Nitrogen-containing,K00284
BD143,Ammonia,Group 18,Nitrogen-containing,K00284
BD143,Ammonia,Group 18,Nitrogen-containing,K00266
BD143,Ammonia,Group 18,Nitrogen-containing,K00266
BD143,Ammonia,Group 18,Nitrogen-containing,K00278
BD143,Ammonia,Group 18,Nitrogen-containing,K00278
BD143,Ammonia,Group 18,Nitrogen-containing,K00282
BD143,Ammonia,Group 18,Nitrogen-containing,K00282
BD143,Ammonia,Group 18,Nitrogen-containing,K00283
BD143,Ammonia,Group 18,Nitrogen-containing,K00283
BD143,Ammonia,Group 18,Nitrogen-containing,K00285
BD143,Ammonia,Group 18,Nitrogen-containing,K00285
BD143,Ammonia,Group 18,Nitrogen-containing,K03153
BD143,Ammonia,Group 18,Nitrogen-containing,K03153
BD143,Ammonia,Group 18,Nitrogen-containing,K00362
BD143,Ammonia,Group 18,Nitrogen-containing,K00362
BD143,Ammonia,Group 18,Nitrogen-containing,K00363
BD143,Ammonia,Group 18,Nitrogen-containing,K00363
BD143,Ammonia,Group 18,Nitrogen-containing,K00382
BD143,Ammonia,Group 18,Nitrogen-containing,K00382
BD143,Ammonia,Group 18,Nitrogen-containing,K00605
BD143,Ammonia,Group 18,Nitrogen-containing,K00605
BD143,Ammonia,Group 18,Nitrogen-containing,K00686
BD143,Ammonia,Group 18,Nitrogen-containing,K00686
BD143,Ammonia,Group 18,Nitrogen-containing,K13497
BD143,Ammonia,Group 18,Nitrogen-containing,K13497
BD143,Ammonia,Group 18,Nitrogen-containing,K01424
BD143,Ammonia,Group 18,Nitrogen-containing,K01424
BD143,Ammonia,Group 18,Nitrogen-containing,K01425
BD143,Ammonia,Group 18,Nitrogen-containing,K01425
BD143,Ammonia,Group 18,Nitrogen-containing,K01426
BD143,Ammonia,Group 18,Nitrogen-containing,K01426
BD143,Ammonia,Group 18,Nitrogen-containing,K01486
BD143,Ammonia,Group 18,Nitrogen-containing,K01486
BD143,Ammonia,Group 18,Nitrogen-containing,K01487
BD143,Ammonia,Group 18,Nitrogen-containing,K01487
BD143,Ammonia,Group 18,Nitrogen-containing,K01489
BD143,Ammonia,Group 18,Nitrogen-containing,K01489
BD143,Ammonia,Group 18,Nitrogen-containing,K01493
BD143,Ammonia,Group 18,Nitrogen-containing,K01493
BD143,Ammonia,Group 18,Nitrogen-containing,K01657
BD143,Ammonia,Group 18,Nitrogen-containing,K01657
BD143,Ammonia,Group 18,Nitrogen-containing,K01664
BD143,Ammonia,Group 18,Nitrogen-containing,K01664
BD143,Ammonia,Group 18,Nitrogen-containing,K01665
BD143,Ammonia,Group 18,Nitrogen-containing,K01665
BD143,Ammonia,Group 18,Nitrogen-containing,K01739
BD143,Ammonia,Group 18,Nitrogen-containing,K01739
BD143,Ammonia,Group 18,Nitrogen-containing,K01744
BD143,Ammonia,Group 18,Nitrogen-containing,K01744
BD143,Ammonia,Group 18,Nitrogen-containing,K01749
BD143,Ammonia,Group 18,Nitrogen-containing,K01749
BD143,Ammonia,Group 18,Nitrogen-containing,K01752
BD143,Ammonia,Group 18,Nitrogen-containing,K01752
BD143,Ammonia,Group 18,Nitrogen-containing,K01754
BD143,Ammonia,Group 18,Nitrogen-containing,K01754
BD143,Ammonia,Group 18,Nitrogen-containing,K01760
BD143,Ammonia,Group 18,Nitrogen-containing,K01760
BD143,Ammonia,Group 18,Nitrogen-containing,K17217
BD143,Ammonia,Group 18,Nitrogen-containing,K17217
BD143,Ammonia,Group 18,Nitrogen-containing,K01915
BD143,Ammonia,Group 18,Nitrogen-containing,K01915
BD143,Ammonia,Group 18,Nitrogen-containing,K01916
BD143,Ammonia,Group 18,Nitrogen-containing,K01916
BD143,Ammonia,Group 18,Nitrogen-containing,K01937
BD143,Ammonia,Group 18,Nitrogen-containing,K01937
BD143,Ammonia,Group 18,Nitrogen-containing,K01951
BD143,Ammonia,Group 18,Nitrogen-containing,K01951
BD143,Ammonia,Group 18,Nitrogen-containing,K01953
BD143,Ammonia,Group 18,Nitrogen-containing,K01953
BD143,Ammonia,Group 18,Nitrogen-containing,K01955
BD143,Ammonia,Group 18,Nitrogen-containing,K01955
BD143,Ammonia,Group 18,Nitrogen-containing,K01956
BD143,Ammonia,Group 18,Nitrogen-containing,K01956
BD143,Ammonia,Group 18,Nitrogen-containing,K02437
BD143,Ammonia,Group 18,Nitrogen-containing,K02437
BD143,Ammonia,Group 18,Nitrogen-containing,K02500
BD143,Ammonia,Group 18,Nitrogen-containing,K02500
BD143,Ammonia,Group 18,Nitrogen-containing,K02501
BD143,Ammonia,Group 18,Nitrogen-containing,K02501
BD143,Ammonia,Group 18,Nitrogen-containing,K02564
BD143,Ammonia,Group 18,Nitrogen-containing,K02564
BD143,Ammonia,Group 18,Nitrogen-containing,K03411
BD143,Ammonia,Group 18,Nitrogen-containing,K03411
BD143,Ammonia,Group 18,Nitrogen-containing,K03412
BD143,Ammonia,Group 18,Nitrogen-containing,K03412
BD143,Ammonia,Group 18,Nitrogen-containing,K03707
BD143,Ammonia,Group 18,Nitrogen-containing,K03707
BD143,Ammonia,Group 18,Nitrogen-containing,K03742
BD143,Ammonia,Group 18,Nitrogen-containing,K03742
BD143,Ammonia,Group 18,Nitrogen-containing,K03743
BD143,Ammonia,Group 18,Nitrogen-containing,K03743
BD143,Ammonia,Group 18,Nitrogen-containing,K05810
BD143,Ammonia,Group 18,Nitrogen-containing,K05810
BD143,Ammonia,Group 18,Nitrogen-containing,K06215
BD143,Ammonia,Group 18,Nitrogen-containing,K06215
BD143,Ammonia,Group 18,Nitrogen-containing,K06920
BD143,Ammonia,Group 18,Nitrogen-containing,K06920
BD143,Ammonia,Group 18,Nitrogen-containing,K08681
BD143,Ammonia,Group 18,Nitrogen-containing,K08681
BD143,Ammonia,Group 18,Nitrogen-containing,K09022
BD143,Ammonia,Group 18,Nitrogen-containing,K09022
BD143,Ammonia,Group 18,Nitrogen-containing,K10026
BD143,Ammonia,Group 18,Nitrogen-containing,K10026
BD143,Ammonia,Group 18,Nitrogen-containing,K11752
BD143,Ammonia,Group 18,Nitrogen-containing,K11752
BD143,Ammonia,Group 18,Nitrogen-containing,K11991
BD143,Ammonia,Group 18,Nitrogen-containing,K11991
BD143,Ammonia,Group 18,Nitrogen-containing,K13566
BD143,Ammonia,Group 18,Nitrogen-containing,K13566
BD143,Ammonia,Group 18,Nitrogen-containing,K14155
BD143,Ammonia,Group 18,Nitrogen-containing,K14155
BD143,Amsacrine,Group 18,Polyaromatic,K02469
BD143,Amsacrine,Group 18,Nitrogen-containing,K02469
BD143,Amsacrine,Group 18,Sulfur-containing,K02469
BD143,Amsacrine,Group 18,Polyaromatic,K02470
BD143,Amsacrine,Group 18,Nitrogen-containing,K02470
BD143,Amsacrine,Group 18,Sulfur-containing,K02470
BD143,Amsacrine,Group 18,Polyaromatic,K02621
BD143,Amsacrine,Group 18,Nitrogen-containing,K02621
BD143,Amsacrine,Group 18,Sulfur-containing,K02621
BD143,Amsacrine,Group 18,Polyaromatic,K02622
BD143,Amsacrine,Group 18,Nitrogen-containing,K02622
BD143,Amsacrine,Group 18,Sulfur-containing,K02622
BD143,Amsacrine,Group 18,Polyaromatic,K03168
BD143,Amsacrine,Group 18,Nitrogen-containing,K03168
BD143,Amsacrine,Group 18,Sulfur-containing,K03168
BD143,Amsacrine,Group 18,Polyaromatic,K03169
BD143,Amsacrine,Group 18,Nitrogen-containing,K03169
BD143,Amsacrine,Group 18,Sulfur-containing,K03169
BD143,Aromatic primary alcohol,Group 18,Aromatic,K00055
BD143,Arsenic,Group 18,Metal,K01585
BD143,Arsenic,Group 18,Metal,K01585
BD143,Arsenic,Group 18,Metal,K01585
BD143,Arsenic,Group 18,Metal,K01585
BD143,Arsenic,Group 18,Metal,K04077
BD143,Arsenic,Group 18,Metal,K04077
BD143,Arsenic,Group 18,Metal,K04077
BD143,Arsenic,Group 18,Metal,K04077
BD143,Arylmercury,Group 18,Organometallic,K01179
BD143,Arylmercury,Group 18,Organometallic,K01179
BD143,Arylmercury,Group 18,Polyaromatic,K01179
BD143,Arylmercury,Group 18,Polyaromatic,K01179
BD143,Arylmercury,Group 18,Organometallic,K01585
BD143,Arylmercury,Group 18,Organometallic,K01585
BD143,Arylmercury,Group 18,Polyaromatic,K01585
BD143,Arylmercury,Group 18,Polyaromatic,K01585
BD143,Aziridine,Group 18,Nitrogen-containing,K04486
BD143,Aziridine,Group 18,Aliphatic,K04486
BD143,Benzidine,Group 18,Aromatic,K02274
BD143,Benzidine,Group 18,Aromatic,K02274
BD143,Benzidine,Group 18,Aromatic,K02274
BD143,Benzidine,Group 18,Aromatic,K02274
BD143,Benzidine,Group 18,Nitrogen-containing,K02274
BD143,Benzidine,Group 18,Nitrogen-containing,K02274
BD143,Benzidine,Group 18,Nitrogen-containing,K02274
BD143,Benzidine,Group 18,Nitrogen-containing,K02274
BD143,Benzidine,Group 18,Aromatic,K02275
BD143,Benzidine,Group 18,Aromatic,K02275
BD143,Benzidine,Group 18,Aromatic,K02275
BD143,Benzidine,Group 18,Aromatic,K02275
BD143,Benzidine,Group 18,Nitrogen-containing,K02275
BD143,Benzidine,Group 18,Nitrogen-containing,K02275
BD143,Benzidine,Group 18,Nitrogen-containing,K02275
BD143,Benzidine,Group 18,Nitrogen-containing,K02275
BD143,Benzidine,Group 18,Aromatic,K02276
BD143,Benzidine,Group 18,Aromatic,K02276
BD143,Benzidine,Group 18,Aromatic,K02276
BD143,Benzidine,Group 18,Aromatic,K02276
BD143,Benzidine,Group 18,Nitrogen-containing,K02276
BD143,Benzidine,Group 18,Nitrogen-containing,K02276
BD143,Benzidine,Group 18,Nitrogen-containing,K02276
BD143,Benzidine,Group 18,Nitrogen-containing,K02276
BD143,Benzidine,Group 18,Aromatic,K02277
BD143,Benzidine,Group 18,Aromatic,K02277
BD143,Benzidine,Group 18,Aromatic,K02277
BD143,Benzidine,Group 18,Aromatic,K02277
BD143,Benzidine,Group 18,Nitrogen-containing,K02277
BD143,Benzidine,Group 18,Nitrogen-containing,K02277
BD143,Benzidine,Group 18,Nitrogen-containing,K02277
BD143,Benzidine,Group 18,Nitrogen-containing,K02277
BD143,Benzo[a]pyrene,Group 18,Polyaromatic,K14338
BD143,Benzo[a]pyrene,Group 18,Polyaromatic,K14338
BD143,Benzo[a]pyrene,Group 18,Polyaromatic,K14338
BD143,Benzo[a]pyrene,Group 18,Polyaromatic,K14338
BD143,Benzo[a]pyrene,Group 18,Polyaromatic,K14338
BD143,Benzo[a]pyrene,Group 18,Polyaromatic,K14338
BD143,Benzo[a]pyrene,Group 18,Polyaromatic,K14338
BD143,Benzophenone,Group 18,Polyaromatic,K16216
BD143,Benzyl alcohol,Group 18,Aromatic,K00055
BD143,Benzyl alcohol,Group 18,Aromatic,K15765
BD143,Bis(2-chloroethyl)ether,Group 18,Chlorinated,K01563
BD143,Bis(2-chloroethyl)ether,Group 18,Chlorinated,K01563
BD143,Bis(2-chloroethyl)ether,Group 18,Chlorinated,K01563
BD143,Bis(2-chloroethyl)ether,Group 18,Aliphatic,K01563
BD143,Bis(2-chloroethyl)ether,Group 18,Aliphatic,K01563
BD143,Bis(2-chloroethyl)ether,Group 18,Aliphatic,K01563
BD143,Bromide,Group 18,Inorganic,K01563
BD143,CO,Group 18,Inorganic,K03147
BD143,CO,Group 18,Inorganic,K07155
BD143,CO,Group 18,Inorganic,K08967
BD143,Cacodylate,Group 18,Inorganic,K00133
BD143,Cacodylate,Group 18,Inorganic,K00133
BD143,Cacodylate,Group 18,Metal,K00133
BD143,Cacodylate,Group 18,Metal,K00133
BD143,Cadmium chloride,Group 18,Metal,K01971
BD143,Cadmium chloride,Group 18,Metal,K01971
BD143,Cadmium chloride,Group 18,Metal,K01971
BD143,Cadmium chloride,Group 18,Inorganic,K01971
BD143,Cadmium chloride,Group 18,Inorganic,K01971
BD143,Cadmium chloride,Group 18,Inorganic,K01971
BD143,Cadmium chloride,Group 18,Chlorinated,K01971
BD143,Cadmium chloride,Group 18,Chlorinated,K01971
BD143,Cadmium chloride,Group 18,Chlorinated,K01971
BD143,Caffeate,Group 18,Aromatic,K13727
BD143,Carbon tetrachloride,Group 18,Chlorinated,K00384
BD143,Carbon tetrachloride,Group 18,Chlorinated,K00384
BD143,Carbon tetrachloride,Group 18,Chlorinated,K00384
BD143,Carbon tetrachloride,Group 18,Chlorinated,K00384
BD143,Carbon tetrachloride,Group 18,Chlorinated,K00384
BD143,Carbon tetrachloride,Group 18,Chlorinated,K00789
BD143,Carbon tetrachloride,Group 18,Chlorinated,K00789
BD143,Carbon tetrachloride,Group 18,Chlorinated,K00789
BD143,Carbon tetrachloride,Group 18,Chlorinated,K00789
BD143,Carbon tetrachloride,Group 18,Chlorinated,K00789
BD143,Carbon tetrachloride,Group 18,Chlorinated,K01081
BD143,Carbon tetrachloride,Group 18,Chlorinated,K01081
BD143,Carbon tetrachloride,Group 18,Chlorinated,K01081
BD143,Carbon tetrachloride,Group 18,Chlorinated,K01081
BD143,Carbon tetrachloride,Group 18,Chlorinated,K01081
BD143,Carbon tetrachloride,Group 18,Chlorinated,K08693
BD143,Carbon tetrachloride,Group 18,Chlorinated,K08693
BD143,Carbon tetrachloride,Group 18,Chlorinated,K08693
BD143,Carbon tetrachloride,Group 18,Chlorinated,K08693
BD143,Carbon tetrachloride,Group 18,Chlorinated,K08693
BD143,Carbon tetrachloride,Group 18,Chlorinated,K11751
BD143,Carbon tetrachloride,Group 18,Chlorinated,K11751
BD143,Carbon tetrachloride,Group 18,Chlorinated,K11751
BD143,Carbon tetrachloride,Group 18,Chlorinated,K11751
BD143,Carbon tetrachloride,Group 18,Chlorinated,K11751
BD143,Carbon tetrachloride,Group 18,Chlorinated,K01563
BD143,Carbon tetrachloride,Group 18,Chlorinated,K01563
BD143,Carbon tetrachloride,Group 18,Chlorinated,K01563
BD143,Carbon tetrachloride,Group 18,Chlorinated,K01563
BD143,Carbon tetrachloride,Group 18,Chlorinated,K01563
BD143,Catechol,Group 18,Aromatic,K07104
BD143,Catechol,Group 18,Aromatic,K07104
BD143,Catechol,Group 18,Aromatic,K07104
BD143,Catechol,Group 18,Aromatic,K07104
BD143,Catechol,Group 18,Aromatic,K07104
BD143,Chloral,Group 18,Chlorinated,K14338
BD143,Chloral,Group 18,Aliphatic,K14338
BD143,Chloral hydrate,Group 18,Chlorinated,K00001
BD143,Chloral hydrate,Group 18,Aliphatic,K00001
BD143,Chloral hydrate,Group 18,Chlorinated,K00121
BD143,Chloral hydrate,Group 18,Aliphatic,K00121
BD143,Chloral hydrate,Group 18,Chlorinated,K11440
BD143,Chloral hydrate,Group 18,Aliphatic,K11440
BD143,Chloral hydrate,Group 18,Chlorinated,K13954
BD143,Chloral hydrate,Group 18,Aliphatic,K13954
BD143,Chloramine,Group 18,Nitrogen-containing,K03564
BD143,Chloramine,Group 18,Chlorinated,K03564
BD143,Chloramine,Group 18,Nitrogen-containing,K11065
BD143,Chloramine,Group 18,Chlorinated,K11065
BD143,Chloraminophenamide,Group 18,Nitrogen-containing,K01673
BD143,Chloraminophenamide,Group 18,Sulfur-containing,K01673
BD143,Chloraminophenamide,Group 18,Chlorinated,K01673
BD143,Chloraminophenamide,Group 18,Aromatic,K01673
BD143,Chloramphenicol,Group 18,Aromatic,K19271
BD143,Chloramphenicol,Group 18,Nitrogen-containing,K19271
BD143,Chloramphenicol,Group 18,Chlorinated,K19271
BD143,Chlorfenvinphos,Group 18,Organophosphorus,K01303
BD143,Chlorfenvinphos,Group 18,Organophosphorus,K01303
BD143,Chlorfenvinphos,Group 18,Chlorinated,K01303
BD143,Chlorfenvinphos,Group 18,Chlorinated,K01303
BD143,Chlorfenvinphos,Group 18,Aromatic,K01303
BD143,Chlorfenvinphos,Group 18,Aromatic,K01303
BD143,Chloroform,Group 18,Chlorinated,K01563
BD143,Chloroform,Group 18,Chlorinated,K01563
BD143,Chloroform,Group 18,Chlorinated,K01563
BD143,Chloroform,Group 18,Chlorinated,K01563
BD143,Chloroform,Group 18,Chlorinated,K01563
BD143,Chloroform,Group 18,Chlorinated,K01563
BD143,Chloroform,Group 18,Chlorinated,K01563
BD143,Chloroform,Group 18,Aliphatic,K01563
BD143,Chloroform,Group 18,Aliphatic,K01563
BD143,Chloroform,Group 18,Aliphatic,K01563
BD143,Chloroform,Group 18,Aliphatic,K01563
BD143,Chloroform,Group 18,Aliphatic,K01563
BD143,Chloroform,Group 18,Aliphatic,K01563
BD143,Chloroform,Group 18,Aliphatic,K01563
BD143,Chlorpyrifos,Group 18,Organophosphorus,K00686
BD143,Chlorpyrifos,Group 18,Organophosphorus,K00686
BD143,Chlorpyrifos,Group 18,Organophosphorus,K00686
BD143,Chlorpyrifos,Group 18,Chlorinated,K00686
BD143,Chlorpyrifos,Group 18,Chlorinated,K00686
BD143,Chlorpyrifos,Group 18,Chlorinated,K00686
BD143,Chlorpyrifos,Group 18,Organophosphorus,K01303
BD143,Chlorpyrifos,Group 18,Organophosphorus,K01303
BD143,Chlorpyrifos,Group 18,Organophosphorus,K01303
BD143,Chlorpyrifos,Group 18,Chlorinated,K01303
BD143,Chlorpyrifos,Group 18,Chlorinated,K01303
BD143,Chlorpyrifos,Group 18,Chlorinated,K01303
BD143,Chlorpyrifos,Group 18,Organophosphorus,K03928
BD143,Chlorpyrifos,Group 18,Organophosphorus,K03928
BD143,Chlorpyrifos,Group 18,Organophosphorus,K03928
BD143,Chlorpyrifos,Group 18,Chlorinated,K03928
BD143,Chlorpyrifos,Group 18,Chlorinated,K03928
BD143,Chlorpyrifos,Group 18,Chlorinated,K03928
BD143,Chlorpyrifos-methyl,Group 18,Organophosphorus,K01303
BD143,Chlorpyrifos-methyl,Group 18,Chlorinated,K01303
BD143,Chlorpyrifos-methyl,Group 18,Nitrogen-containing,K01303
BD143,Chlorpyrifos-methyl,Group 18,Sulfur-containing,K01303
BD143,Chlorpyrifos-methyl,Group 18,Organophosphorus,K03928
BD143,Chlorpyrifos-methyl,Group 18,Chlorinated,K03928
BD143,Chlorpyrifos-methyl,Group 18,Nitrogen-containing,K03928
BD143,Chlorpyrifos-methyl,Group 18,Sulfur-containing,K03928
BD143,Cobalt,Group 18,Metal,K01870
BD143,Cobaltous sulfate,Group 18,Metal,K01624
BD143,Cobaltous sulfate,Group 18,Inorganic,K01624
BD143,Cobaltous sulfate,Group 18,Metal,K01779
BD143,Cobaltous sulfate,Group 18,Inorganic,K01779
BD143,Cobaltous sulfate,Group 18,Metal,K05810
BD143,Cobaltous sulfate,Group 18,Inorganic,K05810
BD143,Copper,Group 18,Metal,K17686
BD143,Copper,Group 18,Metal,K17686
BD143,Copper,Group 18,Metal,K17686
BD143,Copper,Group 18,Metal,K02274
BD143,Copper,Group 18,Metal,K02274
BD143,Copper,Group 18,Metal,K02274
BD143,Copper,Group 18,Metal,K02275
BD143,Copper,Group 18,Metal,K02275
BD143,Copper,Group 18,Metal,K02275
BD143,Copper,Group 18,Metal,K02276
BD143,Copper,Group 18,Metal,K02276
BD143,Copper,Group 18,Metal,K02276
BD143,Copper,Group 18,Metal,K02277
BD143,Copper,Group 18,Metal,K02277
BD143,Copper,Group 18,Metal,K02277
BD143,Cypermethrin,Group 18,Polyaromatic,K00036
BD143,Cypermethrin,Group 18,Chlorinated,K00036
BD143,Cypermethrin,Group 18,Nitrogen-containing,K00036
BD143,Cypermethrin,Group 18,Polyaromatic,K00823
BD143,Cypermethrin,Group 18,Chlorinated,K00823
BD143,Cypermethrin,Group 18,Nitrogen-containing,K00823
BD143,Cypermethrin,Group 18,Polyaromatic,K07250
BD143,Cypermethrin,Group 18,Chlorinated,K07250
BD143,Cypermethrin,Group 18,Nitrogen-containing,K07250
BD143,Cypermethrin,Group 18,Polyaromatic,K01090
BD143,Cypermethrin,Group 18,Chlorinated,K01090
BD143,Cypermethrin,Group 18,Nitrogen-containing,K01090
BD143,Cypermethrin,Group 18,Polyaromatic,K03928
BD143,Cypermethrin,Group 18,Chlorinated,K03928
BD143,Cypermethrin,Group 18,Nitrogen-containing,K03928
BD143,Danthron,Group 18,Aromatic,K00344
BD143,Danthron,Group 18,Aromatic,K00355
BD143,Danthron,Group 18,Aromatic,K00384
BD143,Danthron,Group 18,Aromatic,K03809
BD143,Danthron,Group 18,Aromatic,K19267
BD143,Danthron,Group 18,Aromatic,K21567
BD143,Dibutyl phthalate,Group 18,Aromatic,K03928
BD143,Dibutyl phthalate,Group 18,Aromatic,K03928
BD143,Dibutyl phthalate,Group 18,Aromatic,K03928
BD143,Dibutyl phthalate,Group 18,Aromatic,K03928
BD143,Dichlorvos,Group 18,Organophosphorus,K01048
BD143,Dichlorvos,Group 18,Organophosphorus,K01048
BD143,Dichlorvos,Group 18,Organophosphorus,K01048
BD143,Dichlorvos,Group 18,Chlorinated,K01048
BD143,Dichlorvos,Group 18,Chlorinated,K01048
BD143,Dichlorvos,Group 18,Chlorinated,K01048
BD143,Dichlorvos,Group 18,Organophosphorus,K03928
BD143,Dichlorvos,Group 18,Organophosphorus,K03928
BD143,Dichlorvos,Group 18,Organophosphorus,K03928
BD143,Dichlorvos,Group 18,Chlorinated,K03928
BD143,Dichlorvos,Group 18,Chlorinated,K03928
BD143,Dichlorvos,Group 18,Chlorinated,K03928
BD143,Diethyl phthalate,Group 18,Aromatic,K01046
BD143,Dimethoate,Group 18,Nitrogen-containing,K03928
BD143,Dimethoate,Group 18,Organophosphorus,K03928
BD143,Dimethoate,Group 18,Sulfur-containing,K03928
BD143,Diuron,Group 18,Nitrogen-containing,K00036
BD143,Diuron,Group 18,Nitrogen-containing,K00036
BD143,Diuron,Group 18,Nitrogen-containing,K00036
BD143,Diuron,Group 18,Chlorinated,K00036
BD143,Diuron,Group 18,Chlorinated,K00036
BD143,Diuron,Group 18,Chlorinated,K00036
BD143,Diuron,Group 18,Aromatic,K00036
BD143,Diuron,Group 18,Aromatic,K00036
BD143,Diuron,Group 18,Aromatic,K00036
BD143,Diuron,Group 18,Nitrogen-containing,K00284
BD143,Diuron,Group 18,Nitrogen-containing,K00284
BD143,Diuron,Group 18,Nitrogen-containing,K00284
BD143,Diuron,Group 18,Chlorinated,K00284
BD143,Diuron,Group 18,Chlorinated,K00284
BD143,Diuron,Group 18,Chlorinated,K00284
BD143,Diuron,Group 18,Aromatic,K00284
BD143,Diuron,Group 18,Aromatic,K00284
BD143,Diuron,Group 18,Aromatic,K00284
BD143,Diuron,Group 18,Nitrogen-containing,K03886
BD143,Diuron,Group 18,Nitrogen-containing,K03886
BD143,Diuron,Group 18,Nitrogen-containing,K03886
BD143,Diuron,Group 18,Chlorinated,K03886
BD143,Diuron,Group 18,Chlorinated,K03886
BD143,Diuron,Group 18,Chlorinated,K03886
BD143,Diuron,Group 18,Aromatic,K03886
BD143,Diuron,Group 18,Aromatic,K03886
BD143,Diuron,Group 18,Aromatic,K03886
BD143,Diuron,Group 18,Nitrogen-containing,K03887
BD143,Diuron,Group 18,Nitrogen-containing,K03887
BD143,Diuron,Group 18,Nitrogen-containing,K03887
BD143,Diuron,Group 18,Chlorinated,K03887
BD143,Diuron,Group 18,Chlorinated,K03887
BD143,Diuron,Group 18,Chlorinated,K03887
BD143,Diuron,Group 18,Aromatic,K03887
BD143,Diuron,Group 18,Aromatic,K03887
BD143,Diuron,Group 18,Aromatic,K03887
BD143,Diuron,Group 18,Nitrogen-containing,K03888
BD143,Diuron,Group 18,Nitrogen-containing,K03888
BD143,Diuron,Group 18,Nitrogen-containing,K03888
BD143,Diuron,Group 18,Chlorinated,K03888
BD143,Diuron,Group 18,Chlorinated,K03888
BD143,Diuron,Group 18,Chlorinated,K03888
BD143,Diuron,Group 18,Aromatic,K03888
BD143,Diuron,Group 18,Aromatic,K03888
BD143,Diuron,Group 18,Aromatic,K03888
BD143,Epichlorohydrin,Group 18,Chlorinated,K03153
BD143,Epichlorohydrin,Group 18,Aliphatic,K03153
BD143,Epichlorohydrin,Group 18,Chlorinated,K05350
BD143,Epichlorohydrin,Group 18,Aliphatic,K05350
BD143,Epichlorohydrin,Group 18,Chlorinated,K01563
BD143,Epichlorohydrin,Group 18,Aliphatic,K01563
BD143,Ethanol,Group 18,Aliphatic,K00001
BD143,Ethanol,Group 18,Aliphatic,K00121
BD143,Ethanol,Group 18,Aliphatic,K11440
BD143,Ethanol,Group 18,Aliphatic,K13954
BD143,Ethanol,Group 18,Aliphatic,K13979
BD143,Ethyl acrylate,Group 18,Aliphatic,K01426
BD143,Ethyl methanesulfonate,Group 18,Organosulfur,K00560
BD143,Ethyl methanesulfonate,Group 18,Aliphatic,K00560
BD143,Etoposide,Group 18,Polyaromatic,K00432
BD143,Formaldehyde,Group 18,Aliphatic,K00148
BD143,Formaldehyde,Group 18,Aliphatic,K00148
BD143,Formaldehyde,Group 18,Aliphatic,K00148
BD143,Formaldehyde,Group 18,Aliphatic,K00606
BD143,Formaldehyde,Group 18,Aliphatic,K00606
BD143,Formaldehyde,Group 18,Aliphatic,K00606
BD143,Formaldehyde,Group 18,Aliphatic,K01563
BD143,Formaldehyde,Group 18,Aliphatic,K01563
BD143,Formaldehyde,Group 18,Aliphatic,K01563
BD143,Formaldehyde,Group 18,Aliphatic,K07145
BD143,Formaldehyde,Group 18,Aliphatic,K07145
BD143,Formaldehyde,Group 18,Aliphatic,K07145
BD143,Formaldehyde,Group 18,Aliphatic,K03781
BD143,Formaldehyde,Group 18,Aliphatic,K03781
BD143,Formaldehyde,Group 18,Aliphatic,K03781
BD143,Formaldehyde,Group 18,Aliphatic,K04091
BD143,Formaldehyde,Group 18,Aliphatic,K04091
BD143,Formaldehyde,Group 18,Aliphatic,K04091
BD143,Formaldehyde,Group 18,Aliphatic,K15765
BD143,Formaldehyde,Group 18,Aliphatic,K15765
BD143,Formaldehyde,Group 18,Aliphatic,K15765
BD143,Formaldehyde,Group 18,Aliphatic,K07217
BD143,Formaldehyde,Group 18,Aliphatic,K07217
BD143,Formaldehyde,Group 18,Aliphatic,K07217
BD143,Formaldehyde,Group 18,Aliphatic,K08093
BD143,Formaldehyde,Group 18,Aliphatic,K08093
BD143,Formaldehyde,Group 18,Aliphatic,K08093
BD143,Formaldehyde,Group 18,Aliphatic,K14338
BD143,Formaldehyde,Group 18,Aliphatic,K14338
BD143,Formaldehyde,Group 18,Aliphatic,K14338
BD143,Glu-P-1,Group 18,Nitrogen-containing,K00675
BD143,Glu-P-1,Group 18,Aliphatic,K00675
BD143,Glycidaldehyde,Group 18,Aliphatic,K00600
BD143,Hydrazine,Group 18,Nitrogen-containing,K03928
BD143,Hydrazine,Group 18,Nitrogen-containing,K03928
BD143,Hydrochlorothiazide,Group 18,Nitrogen-containing,K00287
BD143,Hydrochlorothiazide,Group 18,Sulfur-containing,K00287
BD143,Hydrochlorothiazide,Group 18,Chlorinated,K00287
BD143,Hydrochlorothiazide,Group 18,Aromatic,K00287
BD143,Hydrochlorothiazide,Group 18,Nitrogen-containing,K01673
BD143,Hydrochlorothiazide,Group 18,Sulfur-containing,K01673
BD143,Hydrochlorothiazide,Group 18,Chlorinated,K01673
BD143,Hydrochlorothiazide,Group 18,Aromatic,K01673
BD143,Lead,Group 18,Metal,K00001
BD143,Lead,Group 18,Metal,K00001
BD143,Lead,Group 18,Metal,K00001
BD143,Lead,Group 18,Metal,K00001
BD143,Lead,Group 18,Metal,K00001
BD143,Lead nitrate,Group 18,Metal,K00620
BD143,Lead nitrate,Group 18,Metal,K00620
BD143,Lead nitrate,Group 18,Inorganic,K00620
BD143,Lead nitrate,Group 18,Inorganic,K00620
BD143,Lead nitrate,Group 18,Nitrogen-containing,K00620
BD143,Lead nitrate,Group 18,Nitrogen-containing,K00620
BD143,Lead nitrate,Group 18,Metal,K00845
BD143,Lead nitrate,Group 18,Metal,K00845
BD143,Lead nitrate,Group 18,Inorganic,K00845
BD143,Lead nitrate,Group 18,Inorganic,K00845
BD143,Lead nitrate,Group 18,Nitrogen-containing,K00845
BD143,Lead nitrate,Group 18,Nitrogen-containing,K00845
BD143,Lead nitrate,Group 18,Metal,K01181
BD143,Lead nitrate,Group 18,Metal,K01181
BD143,Lead nitrate,Group 18,Inorganic,K01181
BD143,Lead nitrate,Group 18,Inorganic,K01181
BD143,Lead nitrate,Group 18,Nitrogen-containing,K01181
BD143,Lead nitrate,Group 18,Nitrogen-containing,K01181
BD143,Lead nitrate,Group 18,Metal,K01749
BD143,Lead nitrate,Group 18,Metal,K01749
BD143,Lead nitrate,Group 18,Inorganic,K01749
BD143,Lead nitrate,Group 18,Inorganic,K01749
BD143,Lead nitrate,Group 18,Nitrogen-containing,K01749
BD143,Lead nitrate,Group 18,Nitrogen-containing,K01749
BD143,Manganese(2+),Group 18,Metal,K06324
BD143,Mercuric chloride,Group 18,Metal,K00001
BD143,Mercuric chloride,Group 18,Metal,K00001
BD143,Mercuric chloride,Group 18,Chlorinated,K00001
BD143,Mercuric chloride,Group 18,Chlorinated,K00001
BD143,Mercuric chloride,Group 18,Metal,K00008
BD143,Mercuric chloride,Group 18,Metal,K00008
BD143,Mercuric chloride,Group 18,Chlorinated,K00008
BD143,Mercuric chloride,Group 18,Chlorinated,K00008
BD143,Mercuric chloride,Group 18,Metal,K00459
BD143,Mercuric chloride,Group 18,Metal,K00459
BD143,Mercuric chloride,Group 18,Chlorinated,K00459
BD143,Mercuric chloride,Group 18,Chlorinated,K00459
BD143,Merphalan,Group 18,Nitrogen-containing,K01271
BD143,Merphalan,Group 18,Chlorinated,K01271
BD143,Merphalan,Group 18,Aromatic,K01271
BD143,Methyl bromide,Group 18,Halogenated,K00567
BD143,Methyl bromide,Group 18,Aliphatic,K00567
BD143,Methyl bromide,Group 18,Halogenated,K13531
BD143,Methyl bromide,Group 18,Aliphatic,K13531
BD143,Methyl bromide,Group 18,Halogenated,K10778
BD143,Methyl bromide,Group 18,Aliphatic,K10778
BD143,Methyl chloride,Group 18,Chlorinated,K01563
BD143,Methyl chloride,Group 18,Chlorinated,K01563
BD143,Methyl chloride,Group 18,Aliphatic,K01563
BD143,Methyl chloride,Group 18,Aliphatic,K01563
BD143,Methyl isobutyl ketone,Group 18,Aliphatic,K00001
BD143,Methyl isobutyl ketone,Group 18,Aliphatic,K00263
BD143,Methyl isobutyl ketone,Group 18,Aliphatic,K00824
BD143,Methyl tert-butyl ether,Group 18,Aliphatic,K00001
BD143,Methylmercury chloride,Group 18,Organometallic,K00248
BD143,Methylmercury chloride,Group 18,Organometallic,K00248
BD143,Methylmercury chloride,Group 18,Organometallic,K00248
BD143,Methylmercury chloride,Group 18,Chlorinated,K00248
BD143,Methylmercury chloride,Group 18,Chlorinated,K00248
BD143,Methylmercury chloride,Group 18,Chlorinated,K00248
BD143,Methylmercury chloride,Group 18,Organometallic,K00287
BD143,Methylmercury chloride,Group 18,Organometallic,K00287
BD143,Methylmercury chloride,Group 18,Organometallic,K00287
BD143,Methylmercury chloride,Group 18,Chlorinated,K00287
BD143,Methylmercury chloride,Group 18,Chlorinated,K00287
BD143,Methylmercury chloride,Group 18,Chlorinated,K00287
BD143,Methylmercury chloride,Group 18,Organometallic,K01262
BD143,Methylmercury chloride,Group 18,Organometallic,K01262
BD143,Methylmercury chloride,Group 18,Organometallic,K01262
BD143,Methylmercury chloride,Group 18,Chlorinated,K01262
BD143,Methylmercury chloride,Group 18,Chlorinated,K01262
BD143,Methylmercury chloride,Group 18,Chlorinated,K01262
BD143,Methylnitrosourea,Group 18,Nitrogen-containing,K12410
BD143,Methylnitrosourea,Group 18,Aliphatic,K12410
BD143,Microcystin LR,Group 18,Nitrogen-containing,K01090
BD143,Microcystin LR,Group 18,Aromatic,K01090
BD143,Mitomycin,Group 18,Nitrogen-containing,K03809
BD143,Mitomycin,Group 18,Polyaromatic,K03809
BD143,Mitomycin,Group 18,Nitrogen-containing,K19267
BD143,Mitomycin,Group 18,Polyaromatic,K19267
BD143,Mitoxantrone,Group 18,Nitrogen-containing,K01104
BD143,Mitoxantrone,Group 18,Polyaromatic,K01104
BD143,Mitoxantrone,Group 18,Nitrogen-containing,K14338
BD143,Mitoxantrone,Group 18,Polyaromatic,K14338
BD143,Nafenopin,Group 18,Polyaromatic,K01961
BD143,Nafenopin,Group 18,Polyaromatic,K01962
BD143,Nafenopin,Group 18,Polyaromatic,K01963
BD143,Naled,Group 18,Organophosphorus,K01303
BD143,Naled,Group 18,Chlorinated,K01303
BD143,Naled,Group 18,Halogenated,K01303
BD143,Naphthalene,Group 18,Polyaromatic,K14338
BD143,Naphthalene,Group 18,Polyaromatic,K14338
BD143,Naphthalene,Group 18,Polyaromatic,K14338
BD143,Naphthalene,Group 18,Polyaromatic,K14338
BD143,Naphthalene,Group 18,Polyaromatic,K14338
BD143,Naphthalene,Group 18,Polyaromatic,K14338
BD143,Nickel chloride,Group 18,Metal,K06019
BD143,Nickel chloride,Group 18,Metal,K06019
BD143,Nickel chloride,Group 18,Metal,K06019
BD143,Nickel chloride,Group 18,Inorganic,K06019
BD143,Nickel chloride,Group 18,Inorganic,K06019
BD143,Nickel chloride,Group 18,Inorganic,K06019
BD143,Nickel chloride,Group 18,Chlorinated,K06019
BD143,Nickel chloride,Group 18,Chlorinated,K06019
BD143,Nickel chloride,Group 18,Chlorinated,K06019
BD143,Nitrate,Group 18,Nitrogen-containing,K00372
BD143,Nitrate,Group 18,Inorganic,K00372
BD143,Nitrate,Group 18,Nitrogen-containing,K05916
BD143,Nitrate,Group 18,Inorganic,K05916
BD143,Nitrite,Group 18,Nitrogen-containing,K00362
BD143,Nitrite,Group 18,Inorganic,K00362
BD143,Nitrite,Group 18,Nitrogen-containing,K00363
BD143,Nitrite,Group 18,Inorganic,K00363
BD143,Nitrite,Group 18,Nitrogen-containing,K00372
BD143,Nitrite,Group 18,Inorganic,K00372
BD143,Nitrite,Group 18,Nitrogen-containing,K00459
BD143,Nitrite,Group 18,Inorganic,K00459
BD143,Nitrofen,Group 18,Chlorinated,K00231
BD143,Nitrofen,Group 18,Polyaromatic,K00231
BD143,Nitrofen,Group 18,Nitrogen-containing,K00231
BD143,Nitrogen mustard,Group 18,Chlorinated,K00130
BD143,Nitrogen mustard,Group 18,Nitrogen-containing,K00130
BD143,Nitromethane,Group 18,Nitrogen-containing,K00459
BD143,Nitromethane,Group 18,Inorganic,K00459
BD143,Parathion,Group 18,Organophosphorus,K14338
BD143,Parathion,Group 18,Organophosphorus,K14338
BD143,Parathion,Group 18,Nitrogen-containing,K14338
BD143,Parathion,Group 18,Nitrogen-containing,K14338
BD143,Parathion,Group 18,Aromatic,K14338
BD143,Parathion,Group 18,Aromatic,K14338
BD143,Phenacetin,Group 18,Aromatic,K01271
BD143,Phenacetin,Group 18,Nitrogen-containing,K01271
BD143,Phenacetin,Group 18,Aromatic,K01426
BD143,Phenacetin,Group 18,Nitrogen-containing,K01426
BD143,Phenacetin,Group 18,Aromatic,K03928
BD143,Phenacetin,Group 18,Nitrogen-containing,K03928
BD143,Phenolphthalein,Group 18,Polyaromatic,K14338
BD143,Phenylmercury acetate,Group 18,Organometallic,K04564
BD143,Phenylmercury acetate,Group 18,Organometallic,K04564
BD143,Phenylmercury acetate,Group 18,Aromatic,K04564
BD143,Phenylmercury acetate,Group 18,Aromatic,K04564
BD143,Phenylmethanesulfonyl fluoride,Group 18,Sulfur-containing,K00001
BD143,Phenylmethanesulfonyl fluoride,Group 18,Aromatic,K00001
BD143,Phenylmethanesulfonyl fluoride,Group 18,Sulfur-containing,K00024
BD143,Phenylmethanesulfonyl fluoride,Group 18,Aromatic,K00024
BD143,Propylthiouracil,Group 18,Sulfur-containing,K14338
BD143,Propylthiouracil,Group 18,Aliphatic,K14338
BD143,Simazine,Group 18,Nitrogen-containing,K01673
BD143,Simazine,Group 18,Nitrogen-containing,K01673
BD143,Simazine,Group 18,Chlorinated,K01673
BD143,Simazine,Group 18,Chlorinated,K01673
BD143,Sodium arsenite,Group 18,Inorganic,K00128
BD143,Sodium arsenite,Group 18,Metal,K00128
BD143,Sodium arsenite,Group 18,Inorganic,K00265
BD143,Sodium arsenite,Group 18,Metal,K00265
BD143,Sodium arsenite,Group 18,Inorganic,K00266
BD143,Sodium arsenite,Group 18,Metal,K00266
BD143,Sodium fluoride,Group 18,Inorganic,K00024
BD143,Streptozocin,Group 18,Nitrogen-containing,K01495
BD143,Streptozocin,Group 18,Aliphatic,K01495
BD143,Streptozocin,Group 18,Nitrogen-containing,K17217
BD143,Streptozocin,Group 18,Aliphatic,K17217
BD143,Streptozocin,Group 18,Nitrogen-containing,K09007
BD143,Streptozocin,Group 18,Aliphatic,K09007
BD143,Streptozocin,Group 18,Nitrogen-containing,K22278
BD143,Streptozocin,Group 18,Aliphatic,K22278
BD143,Strontium cation,Group 18,Metal,K00128
BD143,Styrene,Group 18,Aromatic,K13727
BD143,Styrene,Group 18,Aromatic,K13727
BD143,Styrene,Group 18,Aromatic,K13727
BD143,Sulfasalazine,Group 18,Nitrogen-containing,K00927
BD143,Sulfasalazine,Group 18,Sulfur-containing,K00927
BD143,Sulfasalazine,Group 18,Polyaromatic,K00927
BD143,Sulfasalazine,Group 18,Nitrogen-containing,K18967
BD143,Sulfasalazine,Group 18,Sulfur-containing,K18967
BD143,Sulfasalazine,Group 18,Polyaromatic,K18967
BD143,Sulfasalazine,Group 18,Nitrogen-containing,K21023
BD143,Sulfasalazine,Group 18,Sulfur-containing,K21023
BD143,Sulfasalazine,Group 18,Polyaromatic,K21023
BD143,Tamoxifen,Group 18,Polyaromatic,K14338
BD143,Tamoxifen,Group 18,Nitrogen-containing,K14338
BD143,Tetranitromethane,Group 18,Nitrogen-containing,K00033
BD143,Tetranitromethane,Group 18,Inorganic,K00033
BD143,Tetranitromethane,Group 18,Nitrogen-containing,K00278
BD143,Tetranitromethane,Group 18,Inorganic,K00278
BD143,Thioacetamide,Group 18,Nitrogen-containing,K00001
BD143,Thioacetamide,Group 18,Sulfur-containing,K00001
BD143,Thioacetamide,Group 18,Aliphatic,K00001
BD143,Thioacetamide,Group 18,Nitrogen-containing,K00384
BD143,Thioacetamide,Group 18,Sulfur-containing,K00384
BD143,Thioacetamide,Group 18,Aliphatic,K00384
BD143,Thioacetamide,Group 18,Nitrogen-containing,K01081
BD143,Thioacetamide,Group 18,Sulfur-containing,K01081
BD143,Thioacetamide,Group 18,Aliphatic,K01081
BD143,Thioacetamide,Group 18,Nitrogen-containing,K08693
BD143,Thioacetamide,Group 18,Sulfur-containing,K08693
BD143,Thioacetamide,Group 18,Aliphatic,K08693
BD143,Thioacetamide,Group 18,Nitrogen-containing,K11751
BD143,Thioacetamide,Group 18,Sulfur-containing,K11751
BD143,Thioacetamide,Group 18,Aliphatic,K11751
BD143,Thioacetamide,Group 18,Nitrogen-containing,K01426
BD143,Thioacetamide,Group 18,Sulfur-containing,K01426
BD143,Thioacetamide,Group 18,Aliphatic,K01426
BD143,Thiouracil,Group 18,Nitrogen-containing,K00761
BD143,Thiouracil,Group 18,Sulfur-containing,K00761
BD143,Thiouracil,Group 18,Aliphatic,K00761
BD143,Thiouracil,Group 18,Nitrogen-containing,K00823
BD143,Thiouracil,Group 18,Sulfur-containing,K00823
BD143,Thiouracil,Group 18,Aliphatic,K00823
BD143,Thiouracil,Group 18,Nitrogen-containing,K07250
BD143,Thiouracil,Group 18,Sulfur-containing,K07250
BD143,Thiouracil,Group 18,Aliphatic,K07250
BD143,Thiouracil,Group 18,Nitrogen-containing,K02825
BD143,Thiouracil,Group 18,Sulfur-containing,K02825
BD143,Thiouracil,Group 18,Aliphatic,K02825
BD143,Toluene,Group 18,Aromatic,K15765
BD143,Toluene,Group 18,Aromatic,K15765
BD143,Toluene,Group 18,Aromatic,K15765
BD143,Toluene,Group 18,Aromatic,K15765
BD143,Tributyltin chloride,Group 18,Metal,K02111
BD143,Tributyltin chloride,Group 18,Metal,K02111
BD143,Tributyltin chloride,Group 18,Organometallic,K02111
BD143,Tributyltin chloride,Group 18,Organometallic,K02111
BD143,Tributyltin chloride,Group 18,Metal,K02112
BD143,Tributyltin chloride,Group 18,Metal,K02112
BD143,Tributyltin chloride,Group 18,Organometallic,K02112
BD143,Tributyltin chloride,Group 18,Organometallic,K02112
BD143,Trichloroethene,Group 18,Chlorinated,K14338
BD143,Trichloroethene,Group 18,Chlorinated,K14338
BD143,Trichloroethene,Group 18,Chlorinated,K14338
BD143,Trichloroethene,Group 18,Chlorinated,K14338
BD143,Trichloroethene,Group 18,Chlorinated,K14338
BD143,Trichloroethene,Group 18,Chlorinated,K14338
BD143,Trichloroethene,Group 18,Aliphatic,K14338
BD143,Trichloroethene,Group 18,Aliphatic,K14338
BD143,Trichloroethene,Group 18,Aliphatic,K14338
BD143,Trichloroethene,Group 18,Aliphatic,K14338
BD143,Trichloroethene,Group 18,Aliphatic,K14338
BD143,Trichloroethene,Group 18,Aliphatic,K14338
BD143,Vinyl acetate,Group 18,Aliphatic,K00929
BD143,Vinyl acetate,Group 18,Aliphatic,K01046
BD143,Vinyl acetate,Group 18,Aliphatic,K03928
BD143,Zalcitabine,Group 18,Nitrogen-containing,K00857
BD143,Zalcitabine,Group 18,Nitrogen-containing,K00927
BD143,Zalcitabine,Group 18,Nitrogen-containing,K01489
BD143,Zalcitabine,Group 18,Nitrogen-containing,K15519
BD143,Zidovudine,Group 18,Nitrogen-containing,K00857
BD143,Zidovudine,Group 18,Nitrogen-containing,K00943
BD143,Zidovudine,Group 18,Nitrogen-containing,K01081
BD143,Zidovudine,Group 18,Nitrogen-containing,K08693
BD143,Zidovudine,Group 18,Nitrogen-containing,K11751
BD143,Zidovudine,Group 18,Nitrogen-containing,K01489
BD143,Zinc cation,Group 18,Metal,K00001
BD143,Zinc cation,Group 18,Metal,K00001
BD143,Zinc cation,Group 18,Metal,K00004
BD143,Zinc cation,Group 18,Metal,K00004
BD143,Zinc cation,Group 18,Metal,K00008
BD143,Zinc cation,Group 18,Metal,K00008
BD143,Zinc cation,Group 18,Metal,K00009
BD143,Zinc cation,Group 18,Metal,K00009
BD143,alpha-Chlorohydrin,Group 18,Chlorinated,K00134
BD143,alpha-Chlorohydrin,Group 18,Aliphatic,K00134
BD143,alpha-Chlorohydrin,Group 18,Chlorinated,K00864
BD143,alpha-Chlorohydrin,Group 18,Aliphatic,K00864
BD143,alpha-Chlorohydrin,Group 18,Chlorinated,K01563
BD143,alpha-Chlorohydrin,Group 18,Aliphatic,K01563
BD143,alpha-Hexachlorocyclohexane,Group 18,Chlorinated,K01563
BD143,alpha-Hexachlorocyclohexane,Group 18,Chlorinated,K01563
BD143,alpha-Hexachlorocyclohexane,Group 18,Aliphatic,K01563
BD143,alpha-Hexachlorocyclohexane,Group 18,Aliphatic,K01563
BD143,"beta-1,2,3,4,5,6-Hexachlorocyclohexane",Group 18,Aliphatic,K01563
BD143,"beta-1,2,3,4,5,6-Hexachlorocyclohexane",Group 18,Aliphatic,K01563
BD143,"beta-1,2,3,4,5,6-Hexachlorocyclohexane",Group 18,Aliphatic,K01563
BD143,"beta-1,2,3,4,5,6-Hexachlorocyclohexane",Group 18,Aliphatic,K01563
BD143,"beta-1,2,3,4,5,6-Hexachlorocyclohexane",Group 18,Chlorinated,K01563
BD143,"beta-1,2,3,4,5,6-Hexachlorocyclohexane",Group 18,Chlorinated,K01563
BD143,"beta-1,2,3,4,5,6-Hexachlorocyclohexane",Group 18,Chlorinated,K01563
BD143,"beta-1,2,3,4,5,6-Hexachlorocyclohexane",Group 18,Chlorinated,K01563
BD143,"cis-1,3-Dichloropropene",Group 18,Chlorinated,K01563
BD143,"cis-1,3-Dichloropropene",Group 18,Chlorinated,K01563
BD143,"cis-1,3-Dichloropropene",Group 18,Aliphatic,K01563
BD143,"cis-1,3-Dichloropropene",Group 18,Aliphatic,K01563
BD143,ortho-Toluidine,Group 18,Aromatic,K03928
BD143,ortho-Toluidine,Group 18,Nitrogen-containing,K03928
BD143,para-Aminoazobenzene,Group 18,Nitrogen-containing,K01255
BD143,para-Aminoazobenzene,Group 18,Polyaromatic,K01255
BD143,"trans-1,3-Dichloropropene",Group 18,Chlorinated,K01563
BD143,"trans-1,3-Dichloropropene",Group 18,Chlorinated,K01563
BD143,"trans-1,3-Dichloropropene",Group 18,Chlorinated,K01563
BD143,"trans-1,3-Dichloropropene",Group 18,Aliphatic,K01563
BD143,"trans-1,3-Dichloropropene",Group 18,Aliphatic,K01563
BD143,"trans-1,3-Dichloropropene",Group 18,Aliphatic,K01563
BD149,"1,1,2,2-Tetrachloroethane",Group 18,Chlorinated,K04091
BD149,"1,1,2,2-Tetrachloroethane",Group 18,Chlorinated,K04091
BD149,"1,1,2,2-Tetrachloroethane",Group 18,Chlorinated,K04091
BD149,"1,1,2,2-Tetrachloroethane",Group 18,Chlorinated,K04091
BD149,"1,1,2,2-Tetrachloroethane",Group 18,Aliphatic,K04091
BD149,"1,1,2,2-Tetrachloroethane",Group 18,Aliphatic,K04091
BD149,"1,1,2,2-Tetrachloroethane",Group 18,Aliphatic,K04091
BD149,"1,1,2,2-Tetrachloroethane",Group 18,Aliphatic,K04091
BD149,"1,1,2-Trichloroethane",Group 18,Chlorinated,K01563
BD149,"1,1,2-Trichloroethane",Group 18,Chlorinated,K01563
BD149,"1,1,2-Trichloroethane",Group 18,Aliphatic,K01563
BD149,"1,1,2-Trichloroethane",Group 18,Aliphatic,K01563
BD149,"1,2,3-Trichloropropane",Group 18,Chlorinated,K01563
BD149,"1,2,3-Trichloropropane",Group 18,Aliphatic,K01563
BD149,"1,2-Dibromo-3-chloropropane",Group 18,Chlorinated,K01563
BD149,"1,2-Dibromo-3-chloropropane",Group 18,Chlorinated,K01563
BD149,"1,2-Dibromo-3-chloropropane",Group 18,Halogenated,K01563
BD149,"1,2-Dibromo-3-chloropropane",Group 18,Halogenated,K01563
BD149,"1,2-Dichlorobenzene",Group 18,Chlorinated,K01537
BD149,"1,2-Dichlorobenzene",Group 18,Chlorinated,K01537
BD149,"1,2-Dichlorobenzene",Group 18,Chlorinated,K01537
BD149,"1,2-Dichlorobenzene",Group 18,Chlorinated,K01537
BD149,"1,2-Dichlorobenzene",Group 18,Aromatic,K01537
BD149,"1,2-Dichlorobenzene",Group 18,Aromatic,K01537
BD149,"1,2-Dichlorobenzene",Group 18,Aromatic,K01537
BD149,"1,2-Dichlorobenzene",Group 18,Aromatic,K01537
BD149,"1,2-Dichloroethane",Group 18,Chlorinated,K01563
BD149,"1,2-Dichloroethane",Group 18,Chlorinated,K01563
BD149,"1,2-Dichloroethane",Group 18,Chlorinated,K01563
BD149,"1,2-Dichloroethane",Group 18,Chlorinated,K01563
BD149,"1,2-Dichloroethane",Group 18,Chlorinated,K01563
BD149,"1,2-Dichloroethane",Group 18,Chlorinated,K01563
BD149,"1,2-Dichloroethane",Group 18,Chlorinated,K01563
BD149,"1,2-Dichloroethane",Group 18,Aliphatic,K01563
BD149,"1,2-Dichloroethane",Group 18,Aliphatic,K01563
BD149,"1,2-Dichloroethane",Group 18,Aliphatic,K01563
BD149,"1,2-Dichloroethane",Group 18,Aliphatic,K01563
BD149,"1,2-Dichloroethane",Group 18,Aliphatic,K01563
BD149,"1,2-Dichloroethane",Group 18,Aliphatic,K01563
BD149,"1,2-Dichloroethane",Group 18,Aliphatic,K01563
BD149,"1,4-Dioxane",Group 18,Aliphatic,K00001
BD149,"1,4-Dioxane",Group 18,Aliphatic,K00001
BD149,"2,2',4,4',6,6'-Hexachlorobiphenyl",Group 18,Chlorinated,K01599
BD149,"2,2',4,4',6,6'-Hexachlorobiphenyl",Group 18,Chlorinated,K01599
BD149,"2,2',4,4',6,6'-Hexachlorobiphenyl",Group 18,Polyaromatic,K01599
BD149,"2,2',4,4',6,6'-Hexachlorobiphenyl",Group 18,Polyaromatic,K01599
BD149,"2,2',4,4'-Tetrachlorobiphenyl",Group 18,Chlorinated,K01599
BD149,"2,2',4,4'-Tetrachlorobiphenyl",Group 18,Chlorinated,K01599
BD149,"2,2',4,4'-Tetrachlorobiphenyl",Group 18,Polyaromatic,K01599
BD149,"2,2',4,4'-Tetrachlorobiphenyl",Group 18,Polyaromatic,K01599
BD149,"2,2',5,5'-Tetrachlorobiphenyl",Group 18,Chlorinated,K01599
BD149,"2,2',5,5'-Tetrachlorobiphenyl",Group 18,Chlorinated,K01599
BD149,"2,2',5,5'-Tetrachlorobiphenyl",Group 18,Polyaromatic,K01599
BD149,"2,2',5,5'-Tetrachlorobiphenyl",Group 18,Polyaromatic,K01599
BD149,"2,6-Dimethylaniline",Group 18,Aromatic,K03928
BD149,"2,6-Dimethylaniline",Group 18,Nitrogen-containing,K03928
BD149,2-(4-Chlorophenoxy)propionic acid,Group 18,Aromatic,K01046
BD149,2-(4-Chlorophenoxy)propionic acid,Group 18,Chlorinated,K01046
BD149,"2-Amino-1-methyl-6-phenylimidazo[4,5-b]pyridine",Group 18,Nitrogen-containing,K00362
BD149,"2-Amino-1-methyl-6-phenylimidazo[4,5-b]pyridine",Group 18,Aromatic,K00362
BD149,"2-Amino-1-methyl-6-phenylimidazo[4,5-b]pyridine",Group 18,Nitrogen-containing,K00363
BD149,"2-Amino-1-methyl-6-phenylimidazo[4,5-b]pyridine",Group 18,Aromatic,K00363
BD149,"2-Amino-1-methyl-6-phenylimidazo[4,5-b]pyridine",Group 18,Nitrogen-containing,K14338
BD149,"2-Amino-1-methyl-6-phenylimidazo[4,5-b]pyridine",Group 18,Aromatic,K14338
BD149,2-Chlorophenol,Group 18,Aromatic,K07104
BD149,2-Chlorophenol,Group 18,Aromatic,K07104
BD149,2-Chlorophenol,Group 18,Aromatic,K07104
BD149,2-Chlorophenol,Group 18,Chlorinated,K07104
BD149,2-Chlorophenol,Group 18,Chlorinated,K07104
BD149,2-Chlorophenol,Group 18,Chlorinated,K07104
BD149,2-Ethoxyethanol,Group 18,Aliphatic,K00001
BD149,2-Ethoxyethanol,Group 18,Aliphatic,K03928
BD149,2-Naphthylamine,Group 18,Nitrogen-containing,K00681
BD149,2-Naphthylamine,Group 18,Polyaromatic,K00681
BD149,2-Nitropropane,Group 18,Nitrogen-containing,K00459
BD149,2-Nitropropane,Group 18,Aliphatic,K00459
BD149,"3,3'-Dimethoxybenzidine",Group 18,Nitrogen-containing,K02274
BD149,"3,3'-Dimethoxybenzidine",Group 18,Polyaromatic,K02274
BD149,"3,3'-Dimethoxybenzidine",Group 18,Nitrogen-containing,K02275
BD149,"3,3'-Dimethoxybenzidine",Group 18,Polyaromatic,K02275
BD149,"3,3'-Dimethoxybenzidine",Group 18,Nitrogen-containing,K02276
BD149,"3,3'-Dimethoxybenzidine",Group 18,Polyaromatic,K02276
BD149,"3,3'-Dimethoxybenzidine",Group 18,Nitrogen-containing,K02277
BD149,"3,3'-Dimethoxybenzidine",Group 18,Polyaromatic,K02277
BD149,"3,4,3',4'-Tetrachlorobiphenyl",Group 18,Chlorinated,K01599
BD149,"3,4,3',4'-Tetrachlorobiphenyl",Group 18,Chlorinated,K01599
BD149,"3,4,3',4'-Tetrachlorobiphenyl",Group 18,Polyaromatic,K01599
BD149,"3,4,3',4'-Tetrachlorobiphenyl",Group 18,Polyaromatic,K01599
BD149,"3,4,5,3',4',5'-Hexachlorobiphenyl",Group 18,Chlorinated,K01599
BD149,"3,4,5,3',4',5'-Hexachlorobiphenyl",Group 18,Chlorinated,K01599
BD149,"3,4,5,3',4',5'-Hexachlorobiphenyl",Group 18,Polyaromatic,K01599
BD149,"3,4,5,3',4',5'-Hexachlorobiphenyl",Group 18,Polyaromatic,K01599
BD149,3-Chloro-2-methylpropene,Group 18,Chlorinated,K01563
BD149,3-Chloro-2-methylpropene,Group 18,Aliphatic,K01563
BD149,3-Cresol,Group 18,Aromatic,K15765
BD149,4-(N-Nitrosomethylamino)-1-(3-pyridyl)-1-butanone,Group 18,Nitrogen-containing,K14338
BD149,4-(N-Nitrosomethylamino)-1-(3-pyridyl)-1-butanone,Group 18,Aliphatic,K14338
BD149,4-Cresol,Group 18,Aromatic,K15765
BD149,4-Cresol,Group 18,Aromatic,K15765
BD149,4-Methylimidazole,Group 18,Nitrogen-containing,K00965
BD149,4-Methylimidazole,Group 18,Aliphatic,K00965
BD149,4-Methylimidazole,Group 18,Nitrogen-containing,K01673
BD149,4-Methylimidazole,Group 18,Aliphatic,K01673
BD149,4-Nitrophenol,Group 18,Aromatic,K01077
BD149,4-Nitrophenol,Group 18,Aromatic,K01077
BD149,4-Nitrophenol,Group 18,Nitrogen-containing,K01077
BD149,4-Nitrophenol,Group 18,Nitrogen-containing,K01077
BD149,4-Nitrophenol,Group 18,Aromatic,K01101
BD149,4-Nitrophenol,Group 18,Aromatic,K01101
BD149,4-Nitrophenol,Group 18,Nitrogen-containing,K01101
BD149,4-Nitrophenol,Group 18,Nitrogen-containing,K01101
BD149,4-Nitrophenol,Group 18,Aromatic,K01113
BD149,4-Nitrophenol,Group 18,Aromatic,K01113
BD149,4-Nitrophenol,Group 18,Nitrogen-containing,K01113
BD149,4-Nitrophenol,Group 18,Nitrogen-containing,K01113
BD149,Acenaphthene,Group 18,Polyaromatic,K14338
BD149,Acenaphthene,Group 18,Polyaromatic,K14338
BD149,Acetaldehyde,Group 18,Aliphatic,K00001
BD149,Acetaldehyde,Group 18,Aliphatic,K00001
BD149,Acetaldehyde,Group 18,Aliphatic,K00001
BD149,Acetaldehyde,Group 18,Aliphatic,K00121
BD149,Acetaldehyde,Group 18,Aliphatic,K00121
BD149,Acetaldehyde,Group 18,Aliphatic,K00121
BD149,Acetaldehyde,Group 18,Aliphatic,K00128
BD149,Acetaldehyde,Group 18,Aliphatic,K00128
BD149,Acetaldehyde,Group 18,Aliphatic,K00128
BD149,Acetaldehyde,Group 18,Aliphatic,K00459
BD149,Acetaldehyde,Group 18,Aliphatic,K00459
BD149,Acetaldehyde,Group 18,Aliphatic,K00459
BD149,Acetaldehyde,Group 18,Aliphatic,K01619
BD149,Acetaldehyde,Group 18,Aliphatic,K01619
BD149,Acetaldehyde,Group 18,Aliphatic,K01619
BD149,Acetaldehyde,Group 18,Aliphatic,K01737
BD149,Acetaldehyde,Group 18,Aliphatic,K01737
BD149,Acetaldehyde,Group 18,Aliphatic,K01737
BD149,Acetaldehyde,Group 18,Aliphatic,K11440
BD149,Acetaldehyde,Group 18,Aliphatic,K11440
BD149,Acetaldehyde,Group 18,Aliphatic,K11440
BD149,Acetaldehyde,Group 18,Aliphatic,K13954
BD149,Acetaldehyde,Group 18,Aliphatic,K13954
BD149,Acetaldehyde,Group 18,Aliphatic,K13954
BD149,Acetaldehyde,Group 18,Aliphatic,K13979
BD149,Acetaldehyde,Group 18,Aliphatic,K13979
BD149,Acetaldehyde,Group 18,Aliphatic,K13979
BD149,Acetamide,Group 18,Nitrogen-containing,K01426
BD149,Acetamide,Group 18,Aliphatic,K01426
BD149,Acrylamide,Group 18,Nitrogen-containing,K01426
BD149,Acrylamide,Group 18,Aliphatic,K01426
BD149,Aflatoxin B1,Group 18,Aromatic,K14338
BD149,"Aflatoxin B1-endo-8,9-epoxide",Group 18,Aromatic,K14338
BD149,"Aflatoxin B1-exo-8,9-epoxide",Group 18,Aromatic,K14338
BD149,Aflatoxin M1,Group 18,Aromatic,K14338
BD149,Aflatoxin M1,Group 18,Aromatic,K14338
BD149,Aflatoxin Q1,Group 18,Aromatic,K14338
BD149,"Aflatoxin-M1-8,9-epoxide",Group 18,Aromatic,K14338
BD149,Ammonia,Group 18,Nitrogen-containing,K00259
BD149,Ammonia,Group 18,Nitrogen-containing,K00259
BD149,Ammonia,Group 18,Nitrogen-containing,K00260
BD149,Ammonia,Group 18,Nitrogen-containing,K00260
BD149,Ammonia,Group 18,Nitrogen-containing,K00262
BD149,Ammonia,Group 18,Nitrogen-containing,K00262
BD149,Ammonia,Group 18,Nitrogen-containing,K00263
BD149,Ammonia,Group 18,Nitrogen-containing,K00263
BD149,Ammonia,Group 18,Nitrogen-containing,K00265
BD149,Ammonia,Group 18,Nitrogen-containing,K00265
BD149,Ammonia,Group 18,Nitrogen-containing,K00284
BD149,Ammonia,Group 18,Nitrogen-containing,K00284
BD149,Ammonia,Group 18,Nitrogen-containing,K00266
BD149,Ammonia,Group 18,Nitrogen-containing,K00266
BD149,Ammonia,Group 18,Nitrogen-containing,K00278
BD149,Ammonia,Group 18,Nitrogen-containing,K00278
BD149,Ammonia,Group 18,Nitrogen-containing,K00282
BD149,Ammonia,Group 18,Nitrogen-containing,K00282
BD149,Ammonia,Group 18,Nitrogen-containing,K00283
BD149,Ammonia,Group 18,Nitrogen-containing,K00283
BD149,Ammonia,Group 18,Nitrogen-containing,K00285
BD149,Ammonia,Group 18,Nitrogen-containing,K00285
BD149,Ammonia,Group 18,Nitrogen-containing,K03153
BD149,Ammonia,Group 18,Nitrogen-containing,K03153
BD149,Ammonia,Group 18,Nitrogen-containing,K00362
BD149,Ammonia,Group 18,Nitrogen-containing,K00362
BD149,Ammonia,Group 18,Nitrogen-containing,K00363
BD149,Ammonia,Group 18,Nitrogen-containing,K00363
BD149,Ammonia,Group 18,Nitrogen-containing,K00382
BD149,Ammonia,Group 18,Nitrogen-containing,K00382
BD149,Ammonia,Group 18,Nitrogen-containing,K00605
BD149,Ammonia,Group 18,Nitrogen-containing,K00605
BD149,Ammonia,Group 18,Nitrogen-containing,K00686
BD149,Ammonia,Group 18,Nitrogen-containing,K00686
BD149,Ammonia,Group 18,Nitrogen-containing,K13497
BD149,Ammonia,Group 18,Nitrogen-containing,K13497
BD149,Ammonia,Group 18,Nitrogen-containing,K01424
BD149,Ammonia,Group 18,Nitrogen-containing,K01424
BD149,Ammonia,Group 18,Nitrogen-containing,K01425
BD149,Ammonia,Group 18,Nitrogen-containing,K01425
BD149,Ammonia,Group 18,Nitrogen-containing,K01426
BD149,Ammonia,Group 18,Nitrogen-containing,K01426
BD149,Ammonia,Group 18,Nitrogen-containing,K01486
BD149,Ammonia,Group 18,Nitrogen-containing,K01486
BD149,Ammonia,Group 18,Nitrogen-containing,K01487
BD149,Ammonia,Group 18,Nitrogen-containing,K01487
BD149,Ammonia,Group 18,Nitrogen-containing,K01489
BD149,Ammonia,Group 18,Nitrogen-containing,K01489
BD149,Ammonia,Group 18,Nitrogen-containing,K01493
BD149,Ammonia,Group 18,Nitrogen-containing,K01493
BD149,Ammonia,Group 18,Nitrogen-containing,K01657
BD149,Ammonia,Group 18,Nitrogen-containing,K01657
BD149,Ammonia,Group 18,Nitrogen-containing,K01664
BD149,Ammonia,Group 18,Nitrogen-containing,K01664
BD149,Ammonia,Group 18,Nitrogen-containing,K01665
BD149,Ammonia,Group 18,Nitrogen-containing,K01665
BD149,Ammonia,Group 18,Nitrogen-containing,K01739
BD149,Ammonia,Group 18,Nitrogen-containing,K01739
BD149,Ammonia,Group 18,Nitrogen-containing,K01744
BD149,Ammonia,Group 18,Nitrogen-containing,K01744
BD149,Ammonia,Group 18,Nitrogen-containing,K01749
BD149,Ammonia,Group 18,Nitrogen-containing,K01749
BD149,Ammonia,Group 18,Nitrogen-containing,K01752
BD149,Ammonia,Group 18,Nitrogen-containing,K01752
BD149,Ammonia,Group 18,Nitrogen-containing,K01754
BD149,Ammonia,Group 18,Nitrogen-containing,K01754
BD149,Ammonia,Group 18,Nitrogen-containing,K01760
BD149,Ammonia,Group 18,Nitrogen-containing,K01760
BD149,Ammonia,Group 18,Nitrogen-containing,K17217
BD149,Ammonia,Group 18,Nitrogen-containing,K17217
BD149,Ammonia,Group 18,Nitrogen-containing,K01915
BD149,Ammonia,Group 18,Nitrogen-containing,K01915
BD149,Ammonia,Group 18,Nitrogen-containing,K01916
BD149,Ammonia,Group 18,Nitrogen-containing,K01916
BD149,Ammonia,Group 18,Nitrogen-containing,K01937
BD149,Ammonia,Group 18,Nitrogen-containing,K01937
BD149,Ammonia,Group 18,Nitrogen-containing,K01951
BD149,Ammonia,Group 18,Nitrogen-containing,K01951
BD149,Ammonia,Group 18,Nitrogen-containing,K01953
BD149,Ammonia,Group 18,Nitrogen-containing,K01953
BD149,Ammonia,Group 18,Nitrogen-containing,K01955
BD149,Ammonia,Group 18,Nitrogen-containing,K01955
BD149,Ammonia,Group 18,Nitrogen-containing,K01956
BD149,Ammonia,Group 18,Nitrogen-containing,K01956
BD149,Ammonia,Group 18,Nitrogen-containing,K02437
BD149,Ammonia,Group 18,Nitrogen-containing,K02437
BD149,Ammonia,Group 18,Nitrogen-containing,K02500
BD149,Ammonia,Group 18,Nitrogen-containing,K02500
BD149,Ammonia,Group 18,Nitrogen-containing,K02501
BD149,Ammonia,Group 18,Nitrogen-containing,K02501
BD149,Ammonia,Group 18,Nitrogen-containing,K02564
BD149,Ammonia,Group 18,Nitrogen-containing,K02564
BD149,Ammonia,Group 18,Nitrogen-containing,K03411
BD149,Ammonia,Group 18,Nitrogen-containing,K03411
BD149,Ammonia,Group 18,Nitrogen-containing,K03412
BD149,Ammonia,Group 18,Nitrogen-containing,K03412
BD149,Ammonia,Group 18,Nitrogen-containing,K03707
BD149,Ammonia,Group 18,Nitrogen-containing,K03707
BD149,Ammonia,Group 18,Nitrogen-containing,K03742
BD149,Ammonia,Group 18,Nitrogen-containing,K03742
BD149,Ammonia,Group 18,Nitrogen-containing,K03743
BD149,Ammonia,Group 18,Nitrogen-containing,K03743
BD149,Ammonia,Group 18,Nitrogen-containing,K05810
BD149,Ammonia,Group 18,Nitrogen-containing,K05810
BD149,Ammonia,Group 18,Nitrogen-containing,K06215
BD149,Ammonia,Group 18,Nitrogen-containing,K06215
BD149,Ammonia,Group 18,Nitrogen-containing,K06920
BD149,Ammonia,Group 18,Nitrogen-containing,K06920
BD149,Ammonia,Group 18,Nitrogen-containing,K08681
BD149,Ammonia,Group 18,Nitrogen-containing,K08681
BD149,Ammonia,Group 18,Nitrogen-containing,K09022
BD149,Ammonia,Group 18,Nitrogen-containing,K09022
BD149,Ammonia,Group 18,Nitrogen-containing,K10026
BD149,Ammonia,Group 18,Nitrogen-containing,K10026
BD149,Ammonia,Group 18,Nitrogen-containing,K11752
BD149,Ammonia,Group 18,Nitrogen-containing,K11752
BD149,Ammonia,Group 18,Nitrogen-containing,K11991
BD149,Ammonia,Group 18,Nitrogen-containing,K11991
BD149,Ammonia,Group 18,Nitrogen-containing,K13566
BD149,Ammonia,Group 18,Nitrogen-containing,K13566
BD149,Ammonia,Group 18,Nitrogen-containing,K14155
BD149,Ammonia,Group 18,Nitrogen-containing,K14155
BD149,Amsacrine,Group 18,Polyaromatic,K02469
BD149,Amsacrine,Group 18,Nitrogen-containing,K02469
BD149,Amsacrine,Group 18,Sulfur-containing,K02469
BD149,Amsacrine,Group 18,Polyaromatic,K02470
BD149,Amsacrine,Group 18,Nitrogen-containing,K02470
BD149,Amsacrine,Group 18,Sulfur-containing,K02470
BD149,Amsacrine,Group 18,Polyaromatic,K02621
BD149,Amsacrine,Group 18,Nitrogen-containing,K02621
BD149,Amsacrine,Group 18,Sulfur-containing,K02621
BD149,Amsacrine,Group 18,Polyaromatic,K02622
BD149,Amsacrine,Group 18,Nitrogen-containing,K02622
BD149,Amsacrine,Group 18,Sulfur-containing,K02622
BD149,Amsacrine,Group 18,Polyaromatic,K03168
BD149,Amsacrine,Group 18,Nitrogen-containing,K03168
BD149,Amsacrine,Group 18,Sulfur-containing,K03168
BD149,Amsacrine,Group 18,Polyaromatic,K03169
BD149,Amsacrine,Group 18,Nitrogen-containing,K03169
BD149,Amsacrine,Group 18,Sulfur-containing,K03169
BD149,Aromatic primary alcohol,Group 18,Aromatic,K00055
BD149,Arsenic,Group 18,Metal,K01585
BD149,Arsenic,Group 18,Metal,K01585
BD149,Arsenic,Group 18,Metal,K01585
BD149,Arsenic,Group 18,Metal,K01585
BD149,Arsenic,Group 18,Metal,K04077
BD149,Arsenic,Group 18,Metal,K04077
BD149,Arsenic,Group 18,Metal,K04077
BD149,Arsenic,Group 18,Metal,K04077
BD149,Arylmercury,Group 18,Organometallic,K01179
BD149,Arylmercury,Group 18,Organometallic,K01179
BD149,Arylmercury,Group 18,Polyaromatic,K01179
BD149,Arylmercury,Group 18,Polyaromatic,K01179
BD149,Arylmercury,Group 18,Organometallic,K01585
BD149,Arylmercury,Group 18,Organometallic,K01585
BD149,Arylmercury,Group 18,Polyaromatic,K01585
BD149,Arylmercury,Group 18,Polyaromatic,K01585
BD149,Aziridine,Group 18,Nitrogen-containing,K04486
BD149,Aziridine,Group 18,Aliphatic,K04486
BD149,Benzidine,Group 18,Aromatic,K02274
BD149,Benzidine,Group 18,Aromatic,K02274
BD149,Benzidine,Group 18,Aromatic,K02274
BD149,Benzidine,Group 18,Aromatic,K02274
BD149,Benzidine,Group 18,Nitrogen-containing,K02274
BD149,Benzidine,Group 18,Nitrogen-containing,K02274
BD149,Benzidine,Group 18,Nitrogen-containing,K02274
BD149,Benzidine,Group 18,Nitrogen-containing,K02274
BD149,Benzidine,Group 18,Aromatic,K02275
BD149,Benzidine,Group 18,Aromatic,K02275
BD149,Benzidine,Group 18,Aromatic,K02275
BD149,Benzidine,Group 18,Aromatic,K02275
BD149,Benzidine,Group 18,Nitrogen-containing,K02275
BD149,Benzidine,Group 18,Nitrogen-containing,K02275
BD149,Benzidine,Group 18,Nitrogen-containing,K02275
BD149,Benzidine,Group 18,Nitrogen-containing,K02275
BD149,Benzidine,Group 18,Aromatic,K02276
BD149,Benzidine,Group 18,Aromatic,K02276
BD149,Benzidine,Group 18,Aromatic,K02276
BD149,Benzidine,Group 18,Aromatic,K02276
BD149,Benzidine,Group 18,Nitrogen-containing,K02276
BD149,Benzidine,Group 18,Nitrogen-containing,K02276
BD149,Benzidine,Group 18,Nitrogen-containing,K02276
BD149,Benzidine,Group 18,Nitrogen-containing,K02276
BD149,Benzidine,Group 18,Aromatic,K02277
BD149,Benzidine,Group 18,Aromatic,K02277
BD149,Benzidine,Group 18,Aromatic,K02277
BD149,Benzidine,Group 18,Aromatic,K02277
BD149,Benzidine,Group 18,Nitrogen-containing,K02277
BD149,Benzidine,Group 18,Nitrogen-containing,K02277
BD149,Benzidine,Group 18,Nitrogen-containing,K02277
BD149,Benzidine,Group 18,Nitrogen-containing,K02277
BD149,Benzo[a]pyrene,Group 18,Polyaromatic,K14338
BD149,Benzo[a]pyrene,Group 18,Polyaromatic,K14338
BD149,Benzo[a]pyrene,Group 18,Polyaromatic,K14338
BD149,Benzo[a]pyrene,Group 18,Polyaromatic,K14338
BD149,Benzo[a]pyrene,Group 18,Polyaromatic,K14338
BD149,Benzo[a]pyrene,Group 18,Polyaromatic,K14338
BD149,Benzo[a]pyrene,Group 18,Polyaromatic,K14338
BD149,Benzophenone,Group 18,Polyaromatic,K16216
BD149,Benzyl alcohol,Group 18,Aromatic,K00055
BD149,Benzyl alcohol,Group 18,Aromatic,K15765
BD149,Bis(2-chloroethyl)ether,Group 18,Chlorinated,K01563
BD149,Bis(2-chloroethyl)ether,Group 18,Chlorinated,K01563
BD149,Bis(2-chloroethyl)ether,Group 18,Chlorinated,K01563
BD149,Bis(2-chloroethyl)ether,Group 18,Aliphatic,K01563
BD149,Bis(2-chloroethyl)ether,Group 18,Aliphatic,K01563
BD149,Bis(2-chloroethyl)ether,Group 18,Aliphatic,K01563
BD149,Bromide,Group 18,Inorganic,K01563
BD149,CO,Group 18,Inorganic,K03147
BD149,CO,Group 18,Inorganic,K07155
BD149,CO,Group 18,Inorganic,K08967
BD149,Cacodylate,Group 18,Inorganic,K00133
BD149,Cacodylate,Group 18,Inorganic,K00133
BD149,Cacodylate,Group 18,Metal,K00133
BD149,Cacodylate,Group 18,Metal,K00133
BD149,Cadmium chloride,Group 18,Metal,K01971
BD149,Cadmium chloride,Group 18,Metal,K01971
BD149,Cadmium chloride,Group 18,Metal,K01971
BD149,Cadmium chloride,Group 18,Inorganic,K01971
BD149,Cadmium chloride,Group 18,Inorganic,K01971
BD149,Cadmium chloride,Group 18,Inorganic,K01971
BD149,Cadmium chloride,Group 18,Chlorinated,K01971
BD149,Cadmium chloride,Group 18,Chlorinated,K01971
BD149,Cadmium chloride,Group 18,Chlorinated,K01971
BD149,Caffeate,Group 18,Aromatic,K13727
BD149,Carbon tetrachloride,Group 18,Chlorinated,K00384
BD149,Carbon tetrachloride,Group 18,Chlorinated,K00384
BD149,Carbon tetrachloride,Group 18,Chlorinated,K00384
BD149,Carbon tetrachloride,Group 18,Chlorinated,K00384
BD149,Carbon tetrachloride,Group 18,Chlorinated,K00384
BD149,Carbon tetrachloride,Group 18,Chlorinated,K00789
BD149,Carbon tetrachloride,Group 18,Chlorinated,K00789
BD149,Carbon tetrachloride,Group 18,Chlorinated,K00789
BD149,Carbon tetrachloride,Group 18,Chlorinated,K00789
BD149,Carbon tetrachloride,Group 18,Chlorinated,K00789
BD149,Carbon tetrachloride,Group 18,Chlorinated,K01081
BD149,Carbon tetrachloride,Group 18,Chlorinated,K01081
BD149,Carbon tetrachloride,Group 18,Chlorinated,K01081
BD149,Carbon tetrachloride,Group 18,Chlorinated,K01081
BD149,Carbon tetrachloride,Group 18,Chlorinated,K01081
BD149,Carbon tetrachloride,Group 18,Chlorinated,K08693
BD149,Carbon tetrachloride,Group 18,Chlorinated,K08693
BD149,Carbon tetrachloride,Group 18,Chlorinated,K08693
BD149,Carbon tetrachloride,Group 18,Chlorinated,K08693
BD149,Carbon tetrachloride,Group 18,Chlorinated,K08693
BD149,Carbon tetrachloride,Group 18,Chlorinated,K11751
BD149,Carbon tetrachloride,Group 18,Chlorinated,K11751
BD149,Carbon tetrachloride,Group 18,Chlorinated,K11751
BD149,Carbon tetrachloride,Group 18,Chlorinated,K11751
BD149,Carbon tetrachloride,Group 18,Chlorinated,K11751
BD149,Carbon tetrachloride,Group 18,Chlorinated,K01563
BD149,Carbon tetrachloride,Group 18,Chlorinated,K01563
BD149,Carbon tetrachloride,Group 18,Chlorinated,K01563
BD149,Carbon tetrachloride,Group 18,Chlorinated,K01563
BD149,Carbon tetrachloride,Group 18,Chlorinated,K01563
BD149,Catechol,Group 18,Aromatic,K07104
BD149,Catechol,Group 18,Aromatic,K07104
BD149,Catechol,Group 18,Aromatic,K07104
BD149,Catechol,Group 18,Aromatic,K07104
BD149,Catechol,Group 18,Aromatic,K07104
BD149,Chloral,Group 18,Chlorinated,K14338
BD149,Chloral,Group 18,Aliphatic,K14338
BD149,Chloral hydrate,Group 18,Chlorinated,K00001
BD149,Chloral hydrate,Group 18,Aliphatic,K00001
BD149,Chloral hydrate,Group 18,Chlorinated,K00121
BD149,Chloral hydrate,Group 18,Aliphatic,K00121
BD149,Chloral hydrate,Group 18,Chlorinated,K11440
BD149,Chloral hydrate,Group 18,Aliphatic,K11440
BD149,Chloral hydrate,Group 18,Chlorinated,K13954
BD149,Chloral hydrate,Group 18,Aliphatic,K13954
BD149,Chloramine,Group 18,Nitrogen-containing,K03564
BD149,Chloramine,Group 18,Chlorinated,K03564
BD149,Chloramine,Group 18,Nitrogen-containing,K11065
BD149,Chloramine,Group 18,Chlorinated,K11065
BD149,Chloraminophenamide,Group 18,Nitrogen-containing,K01673
BD149,Chloraminophenamide,Group 18,Sulfur-containing,K01673
BD149,Chloraminophenamide,Group 18,Chlorinated,K01673
BD149,Chloraminophenamide,Group 18,Aromatic,K01673
BD149,Chloramphenicol,Group 18,Aromatic,K19271
BD149,Chloramphenicol,Group 18,Nitrogen-containing,K19271
BD149,Chloramphenicol,Group 18,Chlorinated,K19271
BD149,Chlorfenvinphos,Group 18,Organophosphorus,K01303
BD149,Chlorfenvinphos,Group 18,Organophosphorus,K01303
BD149,Chlorfenvinphos,Group 18,Chlorinated,K01303
BD149,Chlorfenvinphos,Group 18,Chlorinated,K01303
BD149,Chlorfenvinphos,Group 18,Aromatic,K01303
BD149,Chlorfenvinphos,Group 18,Aromatic,K01303
BD149,Chloroform,Group 18,Chlorinated,K01563
BD149,Chloroform,Group 18,Chlorinated,K01563
BD149,Chloroform,Group 18,Chlorinated,K01563
BD149,Chloroform,Group 18,Chlorinated,K01563
BD149,Chloroform,Group 18,Chlorinated,K01563
BD149,Chloroform,Group 18,Chlorinated,K01563
BD149,Chloroform,Group 18,Chlorinated,K01563
BD149,Chloroform,Group 18,Aliphatic,K01563
BD149,Chloroform,Group 18,Aliphatic,K01563
BD149,Chloroform,Group 18,Aliphatic,K01563
BD149,Chloroform,Group 18,Aliphatic,K01563
BD149,Chloroform,Group 18,Aliphatic,K01563
BD149,Chloroform,Group 18,Aliphatic,K01563
BD149,Chloroform,Group 18,Aliphatic,K01563
BD149,Chlorpyrifos,Group 18,Organophosphorus,K00686
BD149,Chlorpyrifos,Group 18,Organophosphorus,K00686
BD149,Chlorpyrifos,Group 18,Organophosphorus,K00686
BD149,Chlorpyrifos,Group 18,Chlorinated,K00686
BD149,Chlorpyrifos,Group 18,Chlorinated,K00686
BD149,Chlorpyrifos,Group 18,Chlorinated,K00686
BD149,Chlorpyrifos,Group 18,Organophosphorus,K01303
BD149,Chlorpyrifos,Group 18,Organophosphorus,K01303
BD149,Chlorpyrifos,Group 18,Organophosphorus,K01303
BD149,Chlorpyrifos,Group 18,Chlorinated,K01303
BD149,Chlorpyrifos,Group 18,Chlorinated,K01303
BD149,Chlorpyrifos,Group 18,Chlorinated,K01303
BD149,Chlorpyrifos,Group 18,Organophosphorus,K03928
BD149,Chlorpyrifos,Group 18,Organophosphorus,K03928
BD149,Chlorpyrifos,Group 18,Organophosphorus,K03928
BD149,Chlorpyrifos,Group 18,Chlorinated,K03928
BD149,Chlorpyrifos,Group 18,Chlorinated,K03928
BD149,Chlorpyrifos,Group 18,Chlorinated,K03928
BD149,Chlorpyrifos-methyl,Group 18,Organophosphorus,K01303
BD149,Chlorpyrifos-methyl,Group 18,Chlorinated,K01303
BD149,Chlorpyrifos-methyl,Group 18,Nitrogen-containing,K01303
BD149,Chlorpyrifos-methyl,Group 18,Sulfur-containing,K01303
BD149,Chlorpyrifos-methyl,Group 18,Organophosphorus,K03928
BD149,Chlorpyrifos-methyl,Group 18,Chlorinated,K03928
BD149,Chlorpyrifos-methyl,Group 18,Nitrogen-containing,K03928
BD149,Chlorpyrifos-methyl,Group 18,Sulfur-containing,K03928
BD149,Cobalt,Group 18,Metal,K01870
BD149,Cobaltous sulfate,Group 18,Metal,K01624
BD149,Cobaltous sulfate,Group 18,Inorganic,K01624
BD149,Cobaltous sulfate,Group 18,Metal,K01779
BD149,Cobaltous sulfate,Group 18,Inorganic,K01779
BD149,Cobaltous sulfate,Group 18,Metal,K05810
BD149,Cobaltous sulfate,Group 18,Inorganic,K05810
BD149,Copper,Group 18,Metal,K17686
BD149,Copper,Group 18,Metal,K17686
BD149,Copper,Group 18,Metal,K17686
BD149,Copper,Group 18,Metal,K02274
BD149,Copper,Group 18,Metal,K02274
BD149,Copper,Group 18,Metal,K02274
BD149,Copper,Group 18,Metal,K02275
BD149,Copper,Group 18,Metal,K02275
BD149,Copper,Group 18,Metal,K02275
BD149,Copper,Group 18,Metal,K02276
BD149,Copper,Group 18,Metal,K02276
BD149,Copper,Group 18,Metal,K02276
BD149,Copper,Group 18,Metal,K02277
BD149,Copper,Group 18,Metal,K02277
BD149,Copper,Group 18,Metal,K02277
BD149,Cypermethrin,Group 18,Polyaromatic,K00036
BD149,Cypermethrin,Group 18,Chlorinated,K00036
BD149,Cypermethrin,Group 18,Nitrogen-containing,K00036
BD149,Cypermethrin,Group 18,Polyaromatic,K00823
BD149,Cypermethrin,Group 18,Chlorinated,K00823
BD149,Cypermethrin,Group 18,Nitrogen-containing,K00823
BD149,Cypermethrin,Group 18,Polyaromatic,K07250
BD149,Cypermethrin,Group 18,Chlorinated,K07250
BD149,Cypermethrin,Group 18,Nitrogen-containing,K07250
BD149,Cypermethrin,Group 18,Polyaromatic,K01090
BD149,Cypermethrin,Group 18,Chlorinated,K01090
BD149,Cypermethrin,Group 18,Nitrogen-containing,K01090
BD149,Cypermethrin,Group 18,Polyaromatic,K03928
BD149,Cypermethrin,Group 18,Chlorinated,K03928
BD149,Cypermethrin,Group 18,Nitrogen-containing,K03928
BD149,Danthron,Group 18,Aromatic,K00344
BD149,Danthron,Group 18,Aromatic,K00355
BD149,Danthron,Group 18,Aromatic,K00384
BD149,Danthron,Group 18,Aromatic,K03809
BD149,Danthron,Group 18,Aromatic,K19267
BD149,Danthron,Group 18,Aromatic,K21567
BD149,Dibutyl phthalate,Group 18,Aromatic,K03928
BD149,Dibutyl phthalate,Group 18,Aromatic,K03928
BD149,Dibutyl phthalate,Group 18,Aromatic,K03928
BD149,Dibutyl phthalate,Group 18,Aromatic,K03928
BD149,Dichlorvos,Group 18,Organophosphorus,K01048
BD149,Dichlorvos,Group 18,Organophosphorus,K01048
BD149,Dichlorvos,Group 18,Organophosphorus,K01048
BD149,Dichlorvos,Group 18,Chlorinated,K01048
BD149,Dichlorvos,Group 18,Chlorinated,K01048
BD149,Dichlorvos,Group 18,Chlorinated,K01048
BD149,Dichlorvos,Group 18,Organophosphorus,K03928
BD149,Dichlorvos,Group 18,Organophosphorus,K03928
BD149,Dichlorvos,Group 18,Organophosphorus,K03928
BD149,Dichlorvos,Group 18,Chlorinated,K03928
BD149,Dichlorvos,Group 18,Chlorinated,K03928
BD149,Dichlorvos,Group 18,Chlorinated,K03928
BD149,Diethyl phthalate,Group 18,Aromatic,K01046
BD149,Dimethoate,Group 18,Nitrogen-containing,K03928
BD149,Dimethoate,Group 18,Organophosphorus,K03928
BD149,Dimethoate,Group 18,Sulfur-containing,K03928
BD149,Diuron,Group 18,Nitrogen-containing,K00036
BD149,Diuron,Group 18,Nitrogen-containing,K00036
BD149,Diuron,Group 18,Nitrogen-containing,K00036
BD149,Diuron,Group 18,Chlorinated,K00036
BD149,Diuron,Group 18,Chlorinated,K00036
BD149,Diuron,Group 18,Chlorinated,K00036
BD149,Diuron,Group 18,Aromatic,K00036
BD149,Diuron,Group 18,Aromatic,K00036
BD149,Diuron,Group 18,Aromatic,K00036
BD149,Diuron,Group 18,Nitrogen-containing,K00284
BD149,Diuron,Group 18,Nitrogen-containing,K00284
BD149,Diuron,Group 18,Nitrogen-containing,K00284
BD149,Diuron,Group 18,Chlorinated,K00284
BD149,Diuron,Group 18,Chlorinated,K00284
BD149,Diuron,Group 18,Chlorinated,K00284
BD149,Diuron,Group 18,Aromatic,K00284
BD149,Diuron,Group 18,Aromatic,K00284
BD149,Diuron,Group 18,Aromatic,K00284
BD149,Diuron,Group 18,Nitrogen-containing,K03886
BD149,Diuron,Group 18,Nitrogen-containing,K03886
BD149,Diuron,Group 18,Nitrogen-containing,K03886
BD149,Diuron,Group 18,Chlorinated,K03886
BD149,Diuron,Group 18,Chlorinated,K03886
BD149,Diuron,Group 18,Chlorinated,K03886
BD149,Diuron,Group 18,Aromatic,K03886
BD149,Diuron,Group 18,Aromatic,K03886
BD149,Diuron,Group 18,Aromatic,K03886
BD149,Diuron,Group 18,Nitrogen-containing,K03887
BD149,Diuron,Group 18,Nitrogen-containing,K03887
BD149,Diuron,Group 18,Nitrogen-containing,K03887
BD149,Diuron,Group 18,Chlorinated,K03887
BD149,Diuron,Group 18,Chlorinated,K03887
BD149,Diuron,Group 18,Chlorinated,K03887
BD149,Diuron,Group 18,Aromatic,K03887
BD149,Diuron,Group 18,Aromatic,K03887
BD149,Diuron,Group 18,Aromatic,K03887
BD149,Diuron,Group 18,Nitrogen-containing,K03888
BD149,Diuron,Group 18,Nitrogen-containing,K03888
BD149,Diuron,Group 18,Nitrogen-containing,K03888
BD149,Diuron,Group 18,Chlorinated,K03888
BD149,Diuron,Group 18,Chlorinated,K03888
BD149,Diuron,Group 18,Chlorinated,K03888
BD149,Diuron,Group 18,Aromatic,K03888
BD149,Diuron,Group 18,Aromatic,K03888
BD149,Diuron,Group 18,Aromatic,K03888
BD149,Epichlorohydrin,Group 18,Chlorinated,K03153
BD149,Epichlorohydrin,Group 18,Aliphatic,K03153
BD149,Epichlorohydrin,Group 18,Chlorinated,K05350
BD149,Epichlorohydrin,Group 18,Aliphatic,K05350
BD149,Epichlorohydrin,Group 18,Chlorinated,K01563
BD149,Epichlorohydrin,Group 18,Aliphatic,K01563
BD149,Ethanol,Group 18,Aliphatic,K00001
BD149,Ethanol,Group 18,Aliphatic,K00121
BD149,Ethanol,Group 18,Aliphatic,K11440
BD149,Ethanol,Group 18,Aliphatic,K13954
BD149,Ethanol,Group 18,Aliphatic,K13979
BD149,Ethyl acrylate,Group 18,Aliphatic,K01426
BD149,Ethyl methanesulfonate,Group 18,Organosulfur,K00560
BD149,Ethyl methanesulfonate,Group 18,Aliphatic,K00560
BD149,Etoposide,Group 18,Polyaromatic,K00432
BD149,Formaldehyde,Group 18,Aliphatic,K00148
BD149,Formaldehyde,Group 18,Aliphatic,K00148
BD149,Formaldehyde,Group 18,Aliphatic,K00148
BD149,Formaldehyde,Group 18,Aliphatic,K00606
BD149,Formaldehyde,Group 18,Aliphatic,K00606
BD149,Formaldehyde,Group 18,Aliphatic,K00606
BD149,Formaldehyde,Group 18,Aliphatic,K01563
BD149,Formaldehyde,Group 18,Aliphatic,K01563
BD149,Formaldehyde,Group 18,Aliphatic,K01563
BD149,Formaldehyde,Group 18,Aliphatic,K07145
BD149,Formaldehyde,Group 18,Aliphatic,K07145
BD149,Formaldehyde,Group 18,Aliphatic,K07145
BD149,Formaldehyde,Group 18,Aliphatic,K03781
BD149,Formaldehyde,Group 18,Aliphatic,K03781
BD149,Formaldehyde,Group 18,Aliphatic,K03781
BD149,Formaldehyde,Group 18,Aliphatic,K04091
BD149,Formaldehyde,Group 18,Aliphatic,K04091
BD149,Formaldehyde,Group 18,Aliphatic,K04091
BD149,Formaldehyde,Group 18,Aliphatic,K15765
BD149,Formaldehyde,Group 18,Aliphatic,K15765
BD149,Formaldehyde,Group 18,Aliphatic,K15765
BD149,Formaldehyde,Group 18,Aliphatic,K07217
BD149,Formaldehyde,Group 18,Aliphatic,K07217
BD149,Formaldehyde,Group 18,Aliphatic,K07217
BD149,Formaldehyde,Group 18,Aliphatic,K08093
BD149,Formaldehyde,Group 18,Aliphatic,K08093
BD149,Formaldehyde,Group 18,Aliphatic,K08093
BD149,Formaldehyde,Group 18,Aliphatic,K14338
BD149,Formaldehyde,Group 18,Aliphatic,K14338
BD149,Formaldehyde,Group 18,Aliphatic,K14338
BD149,Glu-P-1,Group 18,Nitrogen-containing,K00675
BD149,Glu-P-1,Group 18,Aliphatic,K00675
BD149,Glycidaldehyde,Group 18,Aliphatic,K00600
BD149,Hydrazine,Group 18,Nitrogen-containing,K03928
BD149,Hydrazine,Group 18,Nitrogen-containing,K03928
BD149,Hydrochlorothiazide,Group 18,Nitrogen-containing,K00287
BD149,Hydrochlorothiazide,Group 18,Sulfur-containing,K00287
BD149,Hydrochlorothiazide,Group 18,Chlorinated,K00287
BD149,Hydrochlorothiazide,Group 18,Aromatic,K00287
BD149,Hydrochlorothiazide,Group 18,Nitrogen-containing,K01673
BD149,Hydrochlorothiazide,Group 18,Sulfur-containing,K01673
BD149,Hydrochlorothiazide,Group 18,Chlorinated,K01673
BD149,Hydrochlorothiazide,Group 18,Aromatic,K01673
BD149,Lead,Group 18,Metal,K00001
BD149,Lead,Group 18,Metal,K00001
BD149,Lead,Group 18,Metal,K00001
BD149,Lead,Group 18,Metal,K00001
BD149,Lead,Group 18,Metal,K00001
BD149,Lead nitrate,Group 18,Metal,K00620
BD149,Lead nitrate,Group 18,Metal,K00620
BD149,Lead nitrate,Group 18,Inorganic,K00620
BD149,Lead nitrate,Group 18,Inorganic,K00620
BD149,Lead nitrate,Group 18,Nitrogen-containing,K00620
BD149,Lead nitrate,Group 18,Nitrogen-containing,K00620
BD149,Lead nitrate,Group 18,Metal,K00845
BD149,Lead nitrate,Group 18,Metal,K00845
BD149,Lead nitrate,Group 18,Inorganic,K00845
BD149,Lead nitrate,Group 18,Inorganic,K00845
BD149,Lead nitrate,Group 18,Nitrogen-containing,K00845
BD149,Lead nitrate,Group 18,Nitrogen-containing,K00845
BD149,Lead nitrate,Group 18,Metal,K01181
BD149,Lead nitrate,Group 18,Metal,K01181
BD149,Lead nitrate,Group 18,Inorganic,K01181
BD149,Lead nitrate,Group 18,Inorganic,K01181
BD149,Lead nitrate,Group 18,Nitrogen-containing,K01181
BD149,Lead nitrate,Group 18,Nitrogen-containing,K01181
BD149,Lead nitrate,Group 18,Metal,K01749
BD149,Lead nitrate,Group 18,Metal,K01749
BD149,Lead nitrate,Group 18,Inorganic,K01749
BD149,Lead nitrate,Group 18,Inorganic,K01749
BD149,Lead nitrate,Group 18,Nitrogen-containing,K01749
BD149,Lead nitrate,Group 18,Nitrogen-containing,K01749
BD149,Manganese(2+),Group 18,Metal,K06324
BD149,Mercuric chloride,Group 18,Metal,K00001
BD149,Mercuric chloride,Group 18,Metal,K00001
BD149,Mercuric chloride,Group 18,Chlorinated,K00001
BD149,Mercuric chloride,Group 18,Chlorinated,K00001
BD149,Mercuric chloride,Group 18,Metal,K00008
BD149,Mercuric chloride,Group 18,Metal,K00008
BD149,Mercuric chloride,Group 18,Chlorinated,K00008
BD149,Mercuric chloride,Group 18,Chlorinated,K00008
BD149,Mercuric chloride,Group 18,Metal,K00459
BD149,Mercuric chloride,Group 18,Metal,K00459
BD149,Mercuric chloride,Group 18,Chlorinated,K00459
BD149,Mercuric chloride,Group 18,Chlorinated,K00459
BD149,Merphalan,Group 18,Nitrogen-containing,K01271
BD149,Merphalan,Group 18,Chlorinated,K01271
BD149,Merphalan,Group 18,Aromatic,K01271
BD149,Methyl bromide,Group 18,Halogenated,K00567
BD149,Methyl bromide,Group 18,Aliphatic,K00567
BD149,Methyl bromide,Group 18,Halogenated,K13531
BD149,Methyl bromide,Group 18,Aliphatic,K13531
BD149,Methyl bromide,Group 18,Halogenated,K10778
BD149,Methyl bromide,Group 18,Aliphatic,K10778
BD149,Methyl chloride,Group 18,Chlorinated,K01563
BD149,Methyl chloride,Group 18,Chlorinated,K01563
BD149,Methyl chloride,Group 18,Aliphatic,K01563
BD149,Methyl chloride,Group 18,Aliphatic,K01563
BD149,Methyl isobutyl ketone,Group 18,Aliphatic,K00001
BD149,Methyl isobutyl ketone,Group 18,Aliphatic,K00263
BD149,Methyl isobutyl ketone,Group 18,Aliphatic,K00824
BD149,Methyl tert-butyl ether,Group 18,Aliphatic,K00001
BD149,Methylmercury chloride,Group 18,Organometallic,K00248
BD149,Methylmercury chloride,Group 18,Organometallic,K00248
BD149,Methylmercury chloride,Group 18,Organometallic,K00248
BD149,Methylmercury chloride,Group 18,Chlorinated,K00248
BD149,Methylmercury chloride,Group 18,Chlorinated,K00248
BD149,Methylmercury chloride,Group 18,Chlorinated,K00248
BD149,Methylmercury chloride,Group 18,Organometallic,K00287
BD149,Methylmercury chloride,Group 18,Organometallic,K00287
BD149,Methylmercury chloride,Group 18,Organometallic,K00287
BD149,Methylmercury chloride,Group 18,Chlorinated,K00287
BD149,Methylmercury chloride,Group 18,Chlorinated,K00287
BD149,Methylmercury chloride,Group 18,Chlorinated,K00287
BD149,Methylmercury chloride,Group 18,Organometallic,K01262
BD149,Methylmercury chloride,Group 18,Organometallic,K01262
BD149,Methylmercury chloride,Group 18,Organometallic,K01262
BD149,Methylmercury chloride,Group 18,Chlorinated,K01262
BD149,Methylmercury chloride,Group 18,Chlorinated,K01262
BD149,Methylmercury chloride,Group 18,Chlorinated,K01262
BD149,Methylnitrosourea,Group 18,Nitrogen-containing,K12410
BD149,Methylnitrosourea,Group 18,Aliphatic,K12410
BD149,Microcystin LR,Group 18,Nitrogen-containing,K01090
BD149,Microcystin LR,Group 18,Aromatic,K01090
BD149,Mitomycin,Group 18,Nitrogen-containing,K03809
BD149,Mitomycin,Group 18,Polyaromatic,K03809
BD149,Mitomycin,Group 18,Nitrogen-containing,K19267
BD149,Mitomycin,Group 18,Polyaromatic,K19267
BD149,Mitoxantrone,Group 18,Nitrogen-containing,K01104
BD149,Mitoxantrone,Group 18,Polyaromatic,K01104
BD149,Mitoxantrone,Group 18,Nitrogen-containing,K14338
BD149,Mitoxantrone,Group 18,Polyaromatic,K14338
BD149,Nafenopin,Group 18,Polyaromatic,K01961
BD149,Nafenopin,Group 18,Polyaromatic,K01962
BD149,Nafenopin,Group 18,Polyaromatic,K01963
BD149,Naled,Group 18,Organophosphorus,K01303
BD149,Naled,Group 18,Chlorinated,K01303
BD149,Naled,Group 18,Halogenated,K01303
BD149,Naphthalene,Group 18,Polyaromatic,K14338
BD149,Naphthalene,Group 18,Polyaromatic,K14338
BD149,Naphthalene,Group 18,Polyaromatic,K14338
BD149,Naphthalene,Group 18,Polyaromatic,K14338
BD149,Naphthalene,Group 18,Polyaromatic,K14338
BD149,Naphthalene,Group 18,Polyaromatic,K14338
BD149,Nickel chloride,Group 18,Metal,K06019
BD149,Nickel chloride,Group 18,Metal,K06019
BD149,Nickel chloride,Group 18,Metal,K06019
BD149,Nickel chloride,Group 18,Inorganic,K06019
BD149,Nickel chloride,Group 18,Inorganic,K06019
BD149,Nickel chloride,Group 18,Inorganic,K06019
BD149,Nickel chloride,Group 18,Chlorinated,K06019
BD149,Nickel chloride,Group 18,Chlorinated,K06019
BD149,Nickel chloride,Group 18,Chlorinated,K06019
BD149,Nitrate,Group 18,Nitrogen-containing,K00372
BD149,Nitrate,Group 18,Inorganic,K00372
BD149,Nitrate,Group 18,Nitrogen-containing,K05916
BD149,Nitrate,Group 18,Inorganic,K05916
BD149,Nitrite,Group 18,Nitrogen-containing,K00362
BD149,Nitrite,Group 18,Inorganic,K00362
BD149,Nitrite,Group 18,Nitrogen-containing,K00363
BD149,Nitrite,Group 18,Inorganic,K00363
BD149,Nitrite,Group 18,Nitrogen-containing,K00372
BD149,Nitrite,Group 18,Inorganic,K00372
BD149,Nitrite,Group 18,Nitrogen-containing,K00459
BD149,Nitrite,Group 18,Inorganic,K00459
BD149,Nitrofen,Group 18,Chlorinated,K00231
BD149,Nitrofen,Group 18,Polyaromatic,K00231
BD149,Nitrofen,Group 18,Nitrogen-containing,K00231
BD149,Nitrogen mustard,Group 18,Chlorinated,K00130
BD149,Nitrogen mustard,Group 18,Nitrogen-containing,K00130
BD149,Nitromethane,Group 18,Nitrogen-containing,K00459
BD149,Nitromethane,Group 18,Inorganic,K00459
BD149,Parathion,Group 18,Organophosphorus,K14338
BD149,Parathion,Group 18,Organophosphorus,K14338
BD149,Parathion,Group 18,Nitrogen-containing,K14338
BD149,Parathion,Group 18,Nitrogen-containing,K14338
BD149,Parathion,Group 18,Aromatic,K14338
BD149,Parathion,Group 18,Aromatic,K14338
BD149,Phenacetin,Group 18,Aromatic,K01271
BD149,Phenacetin,Group 18,Nitrogen-containing,K01271
BD149,Phenacetin,Group 18,Aromatic,K01426
BD149,Phenacetin,Group 18,Nitrogen-containing,K01426
BD149,Phenacetin,Group 18,Aromatic,K03928
BD149,Phenacetin,Group 18,Nitrogen-containing,K03928
BD149,Phenolphthalein,Group 18,Polyaromatic,K14338
BD149,Phenylmercury acetate,Group 18,Organometallic,K04564
BD149,Phenylmercury acetate,Group 18,Organometallic,K04564
BD149,Phenylmercury acetate,Group 18,Aromatic,K04564
BD149,Phenylmercury acetate,Group 18,Aromatic,K04564
BD149,Phenylmethanesulfonyl fluoride,Group 18,Sulfur-containing,K00001
BD149,Phenylmethanesulfonyl fluoride,Group 18,Aromatic,K00001
BD149,Phenylmethanesulfonyl fluoride,Group 18,Sulfur-containing,K00024
BD149,Phenylmethanesulfonyl fluoride,Group 18,Aromatic,K00024
BD149,Propylthiouracil,Group 18,Sulfur-containing,K14338
BD149,Propylthiouracil,Group 18,Aliphatic,K14338
BD149,Simazine,Group 18,Nitrogen-containing,K01673
BD149,Simazine,Group 18,Nitrogen-containing,K01673
BD149,Simazine,Group 18,Chlorinated,K01673
BD149,Simazine,Group 18,Chlorinated,K01673
BD149,Sodium arsenite,Group 18,Inorganic,K00128
BD149,Sodium arsenite,Group 18,Metal,K00128
BD149,Sodium arsenite,Group 18,Inorganic,K00265
BD149,Sodium arsenite,Group 18,Metal,K00265
BD149,Sodium arsenite,Group 18,Inorganic,K00266
BD149,Sodium arsenite,Group 18,Metal,K00266
BD149,Sodium fluoride,Group 18,Inorganic,K00024
BD149,Streptozocin,Group 18,Nitrogen-containing,K01495
BD149,Streptozocin,Group 18,Aliphatic,K01495
BD149,Streptozocin,Group 18,Nitrogen-containing,K17217
BD149,Streptozocin,Group 18,Aliphatic,K17217
BD149,Streptozocin,Group 18,Nitrogen-containing,K09007
BD149,Streptozocin,Group 18,Aliphatic,K09007
BD149,Streptozocin,Group 18,Nitrogen-containing,K22278
BD149,Streptozocin,Group 18,Aliphatic,K22278
BD149,Strontium cation,Group 18,Metal,K00128
BD149,Styrene,Group 18,Aromatic,K13727
BD149,Styrene,Group 18,Aromatic,K13727
BD149,Styrene,Group 18,Aromatic,K13727
BD149,Sulfasalazine,Group 18,Nitrogen-containing,K00927
BD149,Sulfasalazine,Group 18,Sulfur-containing,K00927
BD149,Sulfasalazine,Group 18,Polyaromatic,K00927
BD149,Sulfasalazine,Group 18,Nitrogen-containing,K18967
BD149,Sulfasalazine,Group 18,Sulfur-containing,K18967
BD149,Sulfasalazine,Group 18,Polyaromatic,K18967
BD149,Sulfasalazine,Group 18,Nitrogen-containing,K21023
BD149,Sulfasalazine,Group 18,Sulfur-containing,K21023
BD149,Sulfasalazine,Group 18,Polyaromatic,K21023
BD149,Tamoxifen,Group 18,Polyaromatic,K14338
BD149,Tamoxifen,Group 18,Nitrogen-containing,K14338
BD149,Tetranitromethane,Group 18,Nitrogen-containing,K00033
BD149,Tetranitromethane,Group 18,Inorganic,K00033
BD149,Tetranitromethane,Group 18,Nitrogen-containing,K00278
BD149,Tetranitromethane,Group 18,Inorganic,K00278
BD149,Thioacetamide,Group 18,Nitrogen-containing,K00001
BD149,Thioacetamide,Group 18,Sulfur-containing,K00001
BD149,Thioacetamide,Group 18,Aliphatic,K00001
BD149,Thioacetamide,Group 18,Nitrogen-containing,K00384
BD149,Thioacetamide,Group 18,Sulfur-containing,K00384
BD149,Thioacetamide,Group 18,Aliphatic,K00384
BD149,Thioacetamide,Group 18,Nitrogen-containing,K01081
BD149,Thioacetamide,Group 18,Sulfur-containing,K01081
BD149,Thioacetamide,Group 18,Aliphatic,K01081
BD149,Thioacetamide,Group 18,Nitrogen-containing,K08693
BD149,Thioacetamide,Group 18,Sulfur-containing,K08693
BD149,Thioacetamide,Group 18,Aliphatic,K08693
BD149,Thioacetamide,Group 18,Nitrogen-containing,K11751
BD149,Thioacetamide,Group 18,Sulfur-containing,K11751
BD149,Thioacetamide,Group 18,Aliphatic,K11751
BD149,Thioacetamide,Group 18,Nitrogen-containing,K01426
BD149,Thioacetamide,Group 18,Sulfur-containing,K01426
BD149,Thioacetamide,Group 18,Aliphatic,K01426
BD149,Thiouracil,Group 18,Nitrogen-containing,K00761
BD149,Thiouracil,Group 18,Sulfur-containing,K00761
BD149,Thiouracil,Group 18,Aliphatic,K00761
BD149,Thiouracil,Group 18,Nitrogen-containing,K00823
BD149,Thiouracil,Group 18,Sulfur-containing,K00823
BD149,Thiouracil,Group 18,Aliphatic,K00823
BD149,Thiouracil,Group 18,Nitrogen-containing,K07250
BD149,Thiouracil,Group 18,Sulfur-containing,K07250
BD149,Thiouracil,Group 18,Aliphatic,K07250
BD149,Thiouracil,Group 18,Nitrogen-containing,K02825
BD149,Thiouracil,Group 18,Sulfur-containing,K02825
BD149,Thiouracil,Group 18,Aliphatic,K02825
BD149,Toluene,Group 18,Aromatic,K15765
BD149,Toluene,Group 18,Aromatic,K15765
BD149,Toluene,Group 18,Aromatic,K15765
BD149,Toluene,Group 18,Aromatic,K15765
BD149,Tributyltin chloride,Group 18,Metal,K02111
BD149,Tributyltin chloride,Group 18,Metal,K02111
BD149,Tributyltin chloride,Group 18,Organometallic,K02111
BD149,Tributyltin chloride,Group 18,Organometallic,K02111
BD149,Tributyltin chloride,Group 18,Metal,K02112
BD149,Tributyltin chloride,Group 18,Metal,K02112
BD149,Tributyltin chloride,Group 18,Organometallic,K02112
BD149,Tributyltin chloride,Group 18,Organometallic,K02112
BD149,Trichloroethene,Group 18,Chlorinated,K14338
BD149,Trichloroethene,Group 18,Chlorinated,K14338
BD149,Trichloroethene,Group 18,Chlorinated,K14338
BD149,Trichloroethene,Group 18,Chlorinated,K14338
BD149,Trichloroethene,Group 18,Chlorinated,K14338
BD149,Trichloroethene,Group 18,Chlorinated,K14338
BD149,Trichloroethene,Group 18,Aliphatic,K14338
BD149,Trichloroethene,Group 18,Aliphatic,K14338
BD149,Trichloroethene,Group 18,Aliphatic,K14338
BD149,Trichloroethene,Group 18,Aliphatic,K14338
BD149,Trichloroethene,Group 18,Aliphatic,K14338
BD149,Trichloroethene,Group 18,Aliphatic,K14338
BD149,Vinyl acetate,Group 18,Aliphatic,K00929
BD149,Vinyl acetate,Group 18,Aliphatic,K01046
BD149,Vinyl acetate,Group 18,Aliphatic,K03928
BD149,Zalcitabine,Group 18,Nitrogen-containing,K00857
BD149,Zalcitabine,Group 18,Nitrogen-containing,K00927
BD149,Zalcitabine,Group 18,Nitrogen-containing,K01489
BD149,Zalcitabine,Group 18,Nitrogen-containing,K15519
BD149,Zidovudine,Group 18,Nitrogen-containing,K00857
BD149,Zidovudine,Group 18,Nitrogen-containing,K00943
BD149,Zidovudine,Group 18,Nitrogen-containing,K01081
BD149,Zidovudine,Group 18,Nitrogen-containing,K08693
BD149,Zidovudine,Group 18,Nitrogen-containing,K11751
BD149,Zidovudine,Group 18,Nitrogen-containing,K01489
BD149,Zinc cation,Group 18,Metal,K00001
BD149,Zinc cation,Group 18,Metal,K00001
BD149,Zinc cation,Group 18,Metal,K00004
BD149,Zinc cation,Group 18,Metal,K00004
BD149,Zinc cation,Group 18,Metal,K00008
BD149,Zinc cation,Group 18,Metal,K00008
BD149,Zinc cation,Group 18,Metal,K00009
BD149,Zinc cation,Group 18,Metal,K00009
BD149,alpha-Chlorohydrin,Group 18,Chlorinated,K00134
BD149,alpha-Chlorohydrin,Group 18,Aliphatic,K00134
BD149,alpha-Chlorohydrin,Group 18,Chlorinated,K00864
BD149,alpha-Chlorohydrin,Group 18,Aliphatic,K00864
BD149,alpha-Chlorohydrin,Group 18,Chlorinated,K01563
BD149,alpha-Chlorohydrin,Group 18,Aliphatic,K01563
BD149,alpha-Hexachlorocyclohexane,Group 18,Chlorinated,K01563
BD149,alpha-Hexachlorocyclohexane,Group 18,Chlorinated,K01563
BD149,alpha-Hexachlorocyclohexane,Group 18,Aliphatic,K01563
BD149,alpha-Hexachlorocyclohexane,Group 18,Aliphatic,K01563
BD149,"beta-1,2,3,4,5,6-Hexachlorocyclohexane",Group 18,Aliphatic,K01563
BD149,"beta-1,2,3,4,5,6-Hexachlorocyclohexane",Group 18,Aliphatic,K01563
BD149,"beta-1,2,3,4,5,6-Hexachlorocyclohexane",Group 18,Aliphatic,K01563
BD149,"beta-1,2,3,4,5,6-Hexachlorocyclohexane",Group 18,Aliphatic,K01563
BD149,"beta-1,2,3,4,5,6-Hexachlorocyclohexane",Group 18,Chlorinated,K01563
BD149,"beta-1,2,3,4,5,6-Hexachlorocyclohexane",Group 18,Chlorinated,K01563
BD149,"beta-1,2,3,4,5,6-Hexachlorocyclohexane",Group 18,Chlorinated,K01563
BD149,"beta-1,2,3,4,5,6-Hexachlorocyclohexane",Group 18,Chlorinated,K01563
BD149,"cis-1,3-Dichloropropene",Group 18,Chlorinated,K01563
BD149,"cis-1,3-Dichloropropene",Group 18,Chlorinated,K01563
BD149,"cis-1,3-Dichloropropene",Group 18,Aliphatic,K01563
BD149,"cis-1,3-Dichloropropene",Group 18,Aliphatic,K01563
BD149,ortho-Toluidine,Group 18,Aromatic,K03928
BD149,ortho-Toluidine,Group 18,Nitrogen-containing,K03928
BD149,para-Aminoazobenzene,Group 18,Nitrogen-containing,K01255
BD149,para-Aminoazobenzene,Group 18,Polyaromatic,K01255
BD149,"trans-1,3-Dichloropropene",Group 18,Chlorinated,K01563
BD149,"trans-1,3-Dichloropropene",Group 18,Chlorinated,K01563
BD149,"trans-1,3-Dichloropropene",Group 18,Chlorinated,K01563
BD149,"trans-1,3-Dichloropropene",Group 18,Aliphatic,K01563
BD149,"trans-1,3-Dichloropropene",Group 18,Aliphatic,K01563
BD149,"trans-1,3-Dichloropropene",Group 18,Aliphatic,K01563
BD160,"1,1,2,2-Tetrachloroethane",Group 18,Chlorinated,K04091
BD160,"1,1,2,2-Tetrachloroethane",Group 18,Chlorinated,K04091
BD160,"1,1,2,2-Tetrachloroethane",Group 18,Chlorinated,K04091
BD160,"1,1,2,2-Tetrachloroethane",Group 18,Chlorinated,K04091
BD160,"1,1,2,2-Tetrachloroethane",Group 18,Aliphatic,K04091
BD160,"1,1,2,2-Tetrachloroethane",Group 18,Aliphatic,K04091
BD160,"1,1,2,2-Tetrachloroethane",Group 18,Aliphatic,K04091
BD160,"1,1,2,2-Tetrachloroethane",Group 18,Aliphatic,K04091
BD160,"1,1,2-Trichloroethane",Group 18,Chlorinated,K01563
BD160,"1,1,2-Trichloroethane",Group 18,Chlorinated,K01563
BD160,"1,1,2-Trichloroethane",Group 18,Aliphatic,K01563
BD160,"1,1,2-Trichloroethane",Group 18,Aliphatic,K01563
BD160,"1,2,3-Trichloropropane",Group 18,Chlorinated,K01563
BD160,"1,2,3-Trichloropropane",Group 18,Aliphatic,K01563
BD160,"1,2-Dibromo-3-chloropropane",Group 18,Chlorinated,K01563
BD160,"1,2-Dibromo-3-chloropropane",Group 18,Chlorinated,K01563
BD160,"1,2-Dibromo-3-chloropropane",Group 18,Halogenated,K01563
BD160,"1,2-Dibromo-3-chloropropane",Group 18,Halogenated,K01563
BD160,"1,2-Dichlorobenzene",Group 18,Chlorinated,K01537
BD160,"1,2-Dichlorobenzene",Group 18,Chlorinated,K01537
BD160,"1,2-Dichlorobenzene",Group 18,Chlorinated,K01537
BD160,"1,2-Dichlorobenzene",Group 18,Chlorinated,K01537
BD160,"1,2-Dichlorobenzene",Group 18,Aromatic,K01537
BD160,"1,2-Dichlorobenzene",Group 18,Aromatic,K01537
BD160,"1,2-Dichlorobenzene",Group 18,Aromatic,K01537
BD160,"1,2-Dichlorobenzene",Group 18,Aromatic,K01537
BD160,"1,2-Dichloroethane",Group 18,Chlorinated,K01563
BD160,"1,2-Dichloroethane",Group 18,Chlorinated,K01563
BD160,"1,2-Dichloroethane",Group 18,Chlorinated,K01563
BD160,"1,2-Dichloroethane",Group 18,Chlorinated,K01563
BD160,"1,2-Dichloroethane",Group 18,Chlorinated,K01563
BD160,"1,2-Dichloroethane",Group 18,Chlorinated,K01563
BD160,"1,2-Dichloroethane",Group 18,Chlorinated,K01563
BD160,"1,2-Dichloroethane",Group 18,Aliphatic,K01563
BD160,"1,2-Dichloroethane",Group 18,Aliphatic,K01563
BD160,"1,2-Dichloroethane",Group 18,Aliphatic,K01563
BD160,"1,2-Dichloroethane",Group 18,Aliphatic,K01563
BD160,"1,2-Dichloroethane",Group 18,Aliphatic,K01563
BD160,"1,2-Dichloroethane",Group 18,Aliphatic,K01563
BD160,"1,2-Dichloroethane",Group 18,Aliphatic,K01563
BD160,"1,4-Dioxane",Group 18,Aliphatic,K00001
BD160,"1,4-Dioxane",Group 18,Aliphatic,K00001
BD160,"2,2',4,4',6,6'-Hexachlorobiphenyl",Group 18,Chlorinated,K01599
BD160,"2,2',4,4',6,6'-Hexachlorobiphenyl",Group 18,Chlorinated,K01599
BD160,"2,2',4,4',6,6'-Hexachlorobiphenyl",Group 18,Polyaromatic,K01599
BD160,"2,2',4,4',6,6'-Hexachlorobiphenyl",Group 18,Polyaromatic,K01599
BD160,"2,2',4,4'-Tetrachlorobiphenyl",Group 18,Chlorinated,K01599
BD160,"2,2',4,4'-Tetrachlorobiphenyl",Group 18,Chlorinated,K01599
BD160,"2,2',4,4'-Tetrachlorobiphenyl",Group 18,Polyaromatic,K01599
BD160,"2,2',4,4'-Tetrachlorobiphenyl",Group 18,Polyaromatic,K01599
BD160,"2,2',5,5'-Tetrachlorobiphenyl",Group 18,Chlorinated,K01599
BD160,"2,2',5,5'-Tetrachlorobiphenyl",Group 18,Chlorinated,K01599
BD160,"2,2',5,5'-Tetrachlorobiphenyl",Group 18,Polyaromatic,K01599
BD160,"2,2',5,5'-Tetrachlorobiphenyl",Group 18,Polyaromatic,K01599
BD160,"2,6-Dimethylaniline",Group 18,Aromatic,K03928
BD160,"2,6-Dimethylaniline",Group 18,Nitrogen-containing,K03928
BD160,2-(4-Chlorophenoxy)propionic acid,Group 18,Aromatic,K01046
BD160,2-(4-Chlorophenoxy)propionic acid,Group 18,Chlorinated,K01046
BD160,"2-Amino-1-methyl-6-phenylimidazo[4,5-b]pyridine",Group 18,Nitrogen-containing,K00362
BD160,"2-Amino-1-methyl-6-phenylimidazo[4,5-b]pyridine",Group 18,Aromatic,K00362
BD160,"2-Amino-1-methyl-6-phenylimidazo[4,5-b]pyridine",Group 18,Nitrogen-containing,K00363
BD160,"2-Amino-1-methyl-6-phenylimidazo[4,5-b]pyridine",Group 18,Aromatic,K00363
BD160,"2-Amino-1-methyl-6-phenylimidazo[4,5-b]pyridine",Group 18,Nitrogen-containing,K14338
BD160,"2-Amino-1-methyl-6-phenylimidazo[4,5-b]pyridine",Group 18,Aromatic,K14338
BD160,2-Chlorophenol,Group 18,Aromatic,K07104
BD160,2-Chlorophenol,Group 18,Aromatic,K07104
BD160,2-Chlorophenol,Group 18,Aromatic,K07104
BD160,2-Chlorophenol,Group 18,Chlorinated,K07104
BD160,2-Chlorophenol,Group 18,Chlorinated,K07104
BD160,2-Chlorophenol,Group 18,Chlorinated,K07104
BD160,2-Ethoxyethanol,Group 18,Aliphatic,K00001
BD160,2-Ethoxyethanol,Group 18,Aliphatic,K03928
BD160,2-Naphthylamine,Group 18,Nitrogen-containing,K00681
BD160,2-Naphthylamine,Group 18,Polyaromatic,K00681
BD160,2-Nitropropane,Group 18,Nitrogen-containing,K00459
BD160,2-Nitropropane,Group 18,Aliphatic,K00459
BD160,"3,3'-Dimethoxybenzidine",Group 18,Nitrogen-containing,K02274
BD160,"3,3'-Dimethoxybenzidine",Group 18,Polyaromatic,K02274
BD160,"3,3'-Dimethoxybenzidine",Group 18,Nitrogen-containing,K02275
BD160,"3,3'-Dimethoxybenzidine",Group 18,Polyaromatic,K02275
BD160,"3,3'-Dimethoxybenzidine",Group 18,Nitrogen-containing,K02276
BD160,"3,3'-Dimethoxybenzidine",Group 18,Polyaromatic,K02276
BD160,"3,3'-Dimethoxybenzidine",Group 18,Nitrogen-containing,K02277
BD160,"3,3'-Dimethoxybenzidine",Group 18,Polyaromatic,K02277
BD160,"3,4,3',4'-Tetrachlorobiphenyl",Group 18,Chlorinated,K01599
BD160,"3,4,3',4'-Tetrachlorobiphenyl",Group 18,Chlorinated,K01599
BD160,"3,4,3',4'-Tetrachlorobiphenyl",Group 18,Polyaromatic,K01599
BD160,"3,4,3',4'-Tetrachlorobiphenyl",Group 18,Polyaromatic,K01599
BD160,"3,4,5,3',4',5'-Hexachlorobiphenyl",Group 18,Chlorinated,K01599
BD160,"3,4,5,3',4',5'-Hexachlorobiphenyl",Group 18,Chlorinated,K01599
BD160,"3,4,5,3',4',5'-Hexachlorobiphenyl",Group 18,Polyaromatic,K01599
BD160,"3,4,5,3',4',5'-Hexachlorobiphenyl",Group 18,Polyaromatic,K01599
BD160,3-Chloro-2-methylpropene,Group 18,Chlorinated,K01563
BD160,3-Chloro-2-methylpropene,Group 18,Aliphatic,K01563
BD160,3-Cresol,Group 18,Aromatic,K15765
BD160,4-(N-Nitrosomethylamino)-1-(3-pyridyl)-1-butanone,Group 18,Nitrogen-containing,K14338
BD160,4-(N-Nitrosomethylamino)-1-(3-pyridyl)-1-butanone,Group 18,Aliphatic,K14338
BD160,4-Cresol,Group 18,Aromatic,K15765
BD160,4-Cresol,Group 18,Aromatic,K15765
BD160,4-Methylimidazole,Group 18,Nitrogen-containing,K00965
BD160,4-Methylimidazole,Group 18,Aliphatic,K00965
BD160,4-Methylimidazole,Group 18,Nitrogen-containing,K01673
BD160,4-Methylimidazole,Group 18,Aliphatic,K01673
BD160,4-Nitrophenol,Group 18,Aromatic,K01077
BD160,4-Nitrophenol,Group 18,Aromatic,K01077
BD160,4-Nitrophenol,Group 18,Nitrogen-containing,K01077
BD160,4-Nitrophenol,Group 18,Nitrogen-containing,K01077
BD160,4-Nitrophenol,Group 18,Aromatic,K01101
BD160,4-Nitrophenol,Group 18,Aromatic,K01101
BD160,4-Nitrophenol,Group 18,Nitrogen-containing,K01101
BD160,4-Nitrophenol,Group 18,Nitrogen-containing,K01101
BD160,4-Nitrophenol,Group 18,Aromatic,K01113
BD160,4-Nitrophenol,Group 18,Aromatic,K01113
BD160,4-Nitrophenol,Group 18,Nitrogen-containing,K01113
BD160,4-Nitrophenol,Group 18,Nitrogen-containing,K01113
BD160,Acenaphthene,Group 18,Polyaromatic,K14338
BD160,Acenaphthene,Group 18,Polyaromatic,K14338
BD160,Acetaldehyde,Group 18,Aliphatic,K00001
BD160,Acetaldehyde,Group 18,Aliphatic,K00001
BD160,Acetaldehyde,Group 18,Aliphatic,K00001
BD160,Acetaldehyde,Group 18,Aliphatic,K00121
BD160,Acetaldehyde,Group 18,Aliphatic,K00121
BD160,Acetaldehyde,Group 18,Aliphatic,K00121
BD160,Acetaldehyde,Group 18,Aliphatic,K00128
BD160,Acetaldehyde,Group 18,Aliphatic,K00128
BD160,Acetaldehyde,Group 18,Aliphatic,K00128
BD160,Acetaldehyde,Group 18,Aliphatic,K00459
BD160,Acetaldehyde,Group 18,Aliphatic,K00459
BD160,Acetaldehyde,Group 18,Aliphatic,K00459
BD160,Acetaldehyde,Group 18,Aliphatic,K01619
BD160,Acetaldehyde,Group 18,Aliphatic,K01619
BD160,Acetaldehyde,Group 18,Aliphatic,K01619
BD160,Acetaldehyde,Group 18,Aliphatic,K01737
BD160,Acetaldehyde,Group 18,Aliphatic,K01737
BD160,Acetaldehyde,Group 18,Aliphatic,K01737
BD160,Acetaldehyde,Group 18,Aliphatic,K11440
BD160,Acetaldehyde,Group 18,Aliphatic,K11440
BD160,Acetaldehyde,Group 18,Aliphatic,K11440
BD160,Acetaldehyde,Group 18,Aliphatic,K13954
BD160,Acetaldehyde,Group 18,Aliphatic,K13954
BD160,Acetaldehyde,Group 18,Aliphatic,K13954
BD160,Acetaldehyde,Group 18,Aliphatic,K13979
BD160,Acetaldehyde,Group 18,Aliphatic,K13979
BD160,Acetaldehyde,Group 18,Aliphatic,K13979
BD160,Acetamide,Group 18,Nitrogen-containing,K01426
BD160,Acetamide,Group 18,Aliphatic,K01426
BD160,Acrylamide,Group 18,Nitrogen-containing,K01426
BD160,Acrylamide,Group 18,Aliphatic,K01426
BD160,Aflatoxin B1,Group 18,Aromatic,K14338
BD160,"Aflatoxin B1-endo-8,9-epoxide",Group 18,Aromatic,K14338
BD160,"Aflatoxin B1-exo-8,9-epoxide",Group 18,Aromatic,K14338
BD160,Aflatoxin M1,Group 18,Aromatic,K14338
BD160,Aflatoxin M1,Group 18,Aromatic,K14338
BD160,Aflatoxin Q1,Group 18,Aromatic,K14338
BD160,"Aflatoxin-M1-8,9-epoxide",Group 18,Aromatic,K14338
BD160,Ammonia,Group 18,Nitrogen-containing,K00259
BD160,Ammonia,Group 18,Nitrogen-containing,K00259
BD160,Ammonia,Group 18,Nitrogen-containing,K00260
BD160,Ammonia,Group 18,Nitrogen-containing,K00260
BD160,Ammonia,Group 18,Nitrogen-containing,K00262
BD160,Ammonia,Group 18,Nitrogen-containing,K00262
BD160,Ammonia,Group 18,Nitrogen-containing,K00263
BD160,Ammonia,Group 18,Nitrogen-containing,K00263
BD160,Ammonia,Group 18,Nitrogen-containing,K00265
BD160,Ammonia,Group 18,Nitrogen-containing,K00265
BD160,Ammonia,Group 18,Nitrogen-containing,K00284
BD160,Ammonia,Group 18,Nitrogen-containing,K00284
BD160,Ammonia,Group 18,Nitrogen-containing,K00266
BD160,Ammonia,Group 18,Nitrogen-containing,K00266
BD160,Ammonia,Group 18,Nitrogen-containing,K00278
BD160,Ammonia,Group 18,Nitrogen-containing,K00278
BD160,Ammonia,Group 18,Nitrogen-containing,K00282
BD160,Ammonia,Group 18,Nitrogen-containing,K00282
BD160,Ammonia,Group 18,Nitrogen-containing,K00283
BD160,Ammonia,Group 18,Nitrogen-containing,K00283
BD160,Ammonia,Group 18,Nitrogen-containing,K00285
BD160,Ammonia,Group 18,Nitrogen-containing,K00285
BD160,Ammonia,Group 18,Nitrogen-containing,K03153
BD160,Ammonia,Group 18,Nitrogen-containing,K03153
BD160,Ammonia,Group 18,Nitrogen-containing,K00362
BD160,Ammonia,Group 18,Nitrogen-containing,K00362
BD160,Ammonia,Group 18,Nitrogen-containing,K00363
BD160,Ammonia,Group 18,Nitrogen-containing,K00363
BD160,Ammonia,Group 18,Nitrogen-containing,K00382
BD160,Ammonia,Group 18,Nitrogen-containing,K00382
BD160,Ammonia,Group 18,Nitrogen-containing,K00605
BD160,Ammonia,Group 18,Nitrogen-containing,K00605
BD160,Ammonia,Group 18,Nitrogen-containing,K00686
BD160,Ammonia,Group 18,Nitrogen-containing,K00686
BD160,Ammonia,Group 18,Nitrogen-containing,K13497
BD160,Ammonia,Group 18,Nitrogen-containing,K13497
BD160,Ammonia,Group 18,Nitrogen-containing,K01424
BD160,Ammonia,Group 18,Nitrogen-containing,K01424
BD160,Ammonia,Group 18,Nitrogen-containing,K01425
BD160,Ammonia,Group 18,Nitrogen-containing,K01425
BD160,Ammonia,Group 18,Nitrogen-containing,K01426
BD160,Ammonia,Group 18,Nitrogen-containing,K01426
BD160,Ammonia,Group 18,Nitrogen-containing,K01486
BD160,Ammonia,Group 18,Nitrogen-containing,K01486
BD160,Ammonia,Group 18,Nitrogen-containing,K01487
BD160,Ammonia,Group 18,Nitrogen-containing,K01487
BD160,Ammonia,Group 18,Nitrogen-containing,K01489
BD160,Ammonia,Group 18,Nitrogen-containing,K01489
BD160,Ammonia,Group 18,Nitrogen-containing,K01493
BD160,Ammonia,Group 18,Nitrogen-containing,K01493
BD160,Ammonia,Group 18,Nitrogen-containing,K01657
BD160,Ammonia,Group 18,Nitrogen-containing,K01657
BD160,Ammonia,Group 18,Nitrogen-containing,K01664
BD160,Ammonia,Group 18,Nitrogen-containing,K01664
BD160,Ammonia,Group 18,Nitrogen-containing,K01665
BD160,Ammonia,Group 18,Nitrogen-containing,K01665
BD160,Ammonia,Group 18,Nitrogen-containing,K01739
BD160,Ammonia,Group 18,Nitrogen-containing,K01739
BD160,Ammonia,Group 18,Nitrogen-containing,K01744
BD160,Ammonia,Group 18,Nitrogen-containing,K01744
BD160,Ammonia,Group 18,Nitrogen-containing,K01749
BD160,Ammonia,Group 18,Nitrogen-containing,K01749
BD160,Ammonia,Group 18,Nitrogen-containing,K01752
BD160,Ammonia,Group 18,Nitrogen-containing,K01752
BD160,Ammonia,Group 18,Nitrogen-containing,K01754
BD160,Ammonia,Group 18,Nitrogen-containing,K01754
BD160,Ammonia,Group 18,Nitrogen-containing,K01760
BD160,Ammonia,Group 18,Nitrogen-containing,K01760
BD160,Ammonia,Group 18,Nitrogen-containing,K17217
BD160,Ammonia,Group 18,Nitrogen-containing,K17217
BD160,Ammonia,Group 18,Nitrogen-containing,K01915
BD160,Ammonia,Group 18,Nitrogen-containing,K01915
BD160,Ammonia,Group 18,Nitrogen-containing,K01916
BD160,Ammonia,Group 18,Nitrogen-containing,K01916
BD160,Ammonia,Group 18,Nitrogen-containing,K01937
BD160,Ammonia,Group 18,Nitrogen-containing,K01937
BD160,Ammonia,Group 18,Nitrogen-containing,K01951
BD160,Ammonia,Group 18,Nitrogen-containing,K01951
BD160,Ammonia,Group 18,Nitrogen-containing,K01953
BD160,Ammonia,Group 18,Nitrogen-containing,K01953
BD160,Ammonia,Group 18,Nitrogen-containing,K01955
BD160,Ammonia,Group 18,Nitrogen-containing,K01955
BD160,Ammonia,Group 18,Nitrogen-containing,K01956
BD160,Ammonia,Group 18,Nitrogen-containing,K01956
BD160,Ammonia,Group 18,Nitrogen-containing,K02437
BD160,Ammonia,Group 18,Nitrogen-containing,K02437
BD160,Ammonia,Group 18,Nitrogen-containing,K02500
BD160,Ammonia,Group 18,Nitrogen-containing,K02500
BD160,Ammonia,Group 18,Nitrogen-containing,K02501
BD160,Ammonia,Group 18,Nitrogen-containing,K02501
BD160,Ammonia,Group 18,Nitrogen-containing,K02564
BD160,Ammonia,Group 18,Nitrogen-containing,K02564
BD160,Ammonia,Group 18,Nitrogen-containing,K03411
BD160,Ammonia,Group 18,Nitrogen-containing,K03411
BD160,Ammonia,Group 18,Nitrogen-containing,K03412
BD160,Ammonia,Group 18,Nitrogen-containing,K03412
BD160,Ammonia,Group 18,Nitrogen-containing,K03707
BD160,Ammonia,Group 18,Nitrogen-containing,K03707
BD160,Ammonia,Group 18,Nitrogen-containing,K03742
BD160,Ammonia,Group 18,Nitrogen-containing,K03742
BD160,Ammonia,Group 18,Nitrogen-containing,K03743
BD160,Ammonia,Group 18,Nitrogen-containing,K03743
BD160,Ammonia,Group 18,Nitrogen-containing,K05810
BD160,Ammonia,Group 18,Nitrogen-containing,K05810
BD160,Ammonia,Group 18,Nitrogen-containing,K06215
BD160,Ammonia,Group 18,Nitrogen-containing,K06215
BD160,Ammonia,Group 18,Nitrogen-containing,K06920
BD160,Ammonia,Group 18,Nitrogen-containing,K06920
BD160,Ammonia,Group 18,Nitrogen-containing,K08681
BD160,Ammonia,Group 18,Nitrogen-containing,K08681
BD160,Ammonia,Group 18,Nitrogen-containing,K09022
BD160,Ammonia,Group 18,Nitrogen-containing,K09022
BD160,Ammonia,Group 18,Nitrogen-containing,K10026
BD160,Ammonia,Group 18,Nitrogen-containing,K10026
BD160,Ammonia,Group 18,Nitrogen-containing,K11752
BD160,Ammonia,Group 18,Nitrogen-containing,K11752
BD160,Ammonia,Group 18,Nitrogen-containing,K11991
BD160,Ammonia,Group 18,Nitrogen-containing,K11991
BD160,Ammonia,Group 18,Nitrogen-containing,K13566
BD160,Ammonia,Group 18,Nitrogen-containing,K13566
BD160,Ammonia,Group 18,Nitrogen-containing,K14155
BD160,Ammonia,Group 18,Nitrogen-containing,K14155
BD160,Amsacrine,Group 18,Polyaromatic,K02469
BD160,Amsacrine,Group 18,Nitrogen-containing,K02469
BD160,Amsacrine,Group 18,Sulfur-containing,K02469
BD160,Amsacrine,Group 18,Polyaromatic,K02470
BD160,Amsacrine,Group 18,Nitrogen-containing,K02470
BD160,Amsacrine,Group 18,Sulfur-containing,K02470
BD160,Amsacrine,Group 18,Polyaromatic,K02621
BD160,Amsacrine,Group 18,Nitrogen-containing,K02621
BD160,Amsacrine,Group 18,Sulfur-containing,K02621
BD160,Amsacrine,Group 18,Polyaromatic,K02622
BD160,Amsacrine,Group 18,Nitrogen-containing,K02622
BD160,Amsacrine,Group 18,Sulfur-containing,K02622
BD160,Amsacrine,Group 18,Polyaromatic,K03168
BD160,Amsacrine,Group 18,Nitrogen-containing,K03168
BD160,Amsacrine,Group 18,Sulfur-containing,K03168
BD160,Amsacrine,Group 18,Polyaromatic,K03169
BD160,Amsacrine,Group 18,Nitrogen-containing,K03169
BD160,Amsacrine,Group 18,Sulfur-containing,K03169
BD160,Aromatic primary alcohol,Group 18,Aromatic,K00055
BD160,Arsenic,Group 18,Metal,K01585
BD160,Arsenic,Group 18,Metal,K01585
BD160,Arsenic,Group 18,Metal,K01585
BD160,Arsenic,Group 18,Metal,K01585
BD160,Arsenic,Group 18,Metal,K04077
BD160,Arsenic,Group 18,Metal,K04077
BD160,Arsenic,Group 18,Metal,K04077
BD160,Arsenic,Group 18,Metal,K04077
BD160,Arylmercury,Group 18,Organometallic,K01179
BD160,Arylmercury,Group 18,Organometallic,K01179
BD160,Arylmercury,Group 18,Polyaromatic,K01179
BD160,Arylmercury,Group 18,Polyaromatic,K01179
BD160,Arylmercury,Group 18,Organometallic,K01585
BD160,Arylmercury,Group 18,Organometallic,K01585
BD160,Arylmercury,Group 18,Polyaromatic,K01585
BD160,Arylmercury,Group 18,Polyaromatic,K01585
BD160,Aziridine,Group 18,Nitrogen-containing,K04486
BD160,Aziridine,Group 18,Aliphatic,K04486
BD160,Benzidine,Group 18,Aromatic,K02274
BD160,Benzidine,Group 18,Aromatic,K02274
BD160,Benzidine,Group 18,Aromatic,K02274
BD160,Benzidine,Group 18,Aromatic,K02274
BD160,Benzidine,Group 18,Nitrogen-containing,K02274
BD160,Benzidine,Group 18,Nitrogen-containing,K02274
BD160,Benzidine,Group 18,Nitrogen-containing,K02274
BD160,Benzidine,Group 18,Nitrogen-containing,K02274
BD160,Benzidine,Group 18,Aromatic,K02275
BD160,Benzidine,Group 18,Aromatic,K02275
BD160,Benzidine,Group 18,Aromatic,K02275
BD160,Benzidine,Group 18,Aromatic,K02275
BD160,Benzidine,Group 18,Nitrogen-containing,K02275
BD160,Benzidine,Group 18,Nitrogen-containing,K02275
BD160,Benzidine,Group 18,Nitrogen-containing,K02275
BD160,Benzidine,Group 18,Nitrogen-containing,K02275
BD160,Benzidine,Group 18,Aromatic,K02276
BD160,Benzidine,Group 18,Aromatic,K02276
BD160,Benzidine,Group 18,Aromatic,K02276
BD160,Benzidine,Group 18,Aromatic,K02276
BD160,Benzidine,Group 18,Nitrogen-containing,K02276
BD160,Benzidine,Group 18,Nitrogen-containing,K02276
BD160,Benzidine,Group 18,Nitrogen-containing,K02276
BD160,Benzidine,Group 18,Nitrogen-containing,K02276
BD160,Benzidine,Group 18,Aromatic,K02277
BD160,Benzidine,Group 18,Aromatic,K02277
BD160,Benzidine,Group 18,Aromatic,K02277
BD160,Benzidine,Group 18,Aromatic,K02277
BD160,Benzidine,Group 18,Nitrogen-containing,K02277
BD160,Benzidine,Group 18,Nitrogen-containing,K02277
BD160,Benzidine,Group 18,Nitrogen-containing,K02277
BD160,Benzidine,Group 18,Nitrogen-containing,K02277
BD160,Benzo[a]pyrene,Group 18,Polyaromatic,K14338
BD160,Benzo[a]pyrene,Group 18,Polyaromatic,K14338
BD160,Benzo[a]pyrene,Group 18,Polyaromatic,K14338
BD160,Benzo[a]pyrene,Group 18,Polyaromatic,K14338
BD160,Benzo[a]pyrene,Group 18,Polyaromatic,K14338
BD160,Benzo[a]pyrene,Group 18,Polyaromatic,K14338
BD160,Benzo[a]pyrene,Group 18,Polyaromatic,K14338
BD160,Benzophenone,Group 18,Polyaromatic,K16216
BD160,Benzyl alcohol,Group 18,Aromatic,K00055
BD160,Benzyl alcohol,Group 18,Aromatic,K15765
BD160,Bis(2-chloroethyl)ether,Group 18,Chlorinated,K01563
BD160,Bis(2-chloroethyl)ether,Group 18,Chlorinated,K01563
BD160,Bis(2-chloroethyl)ether,Group 18,Chlorinated,K01563
BD160,Bis(2-chloroethyl)ether,Group 18,Aliphatic,K01563
BD160,Bis(2-chloroethyl)ether,Group 18,Aliphatic,K01563
BD160,Bis(2-chloroethyl)ether,Group 18,Aliphatic,K01563
BD160,Bromide,Group 18,Inorganic,K01563
BD160,CO,Group 18,Inorganic,K03147
BD160,CO,Group 18,Inorganic,K07155
BD160,CO,Group 18,Inorganic,K08967
BD160,Cacodylate,Group 18,Inorganic,K00133
BD160,Cacodylate,Group 18,Inorganic,K00133
BD160,Cacodylate,Group 18,Metal,K00133
BD160,Cacodylate,Group 18,Metal,K00133
BD160,Cadmium chloride,Group 18,Metal,K01971
BD160,Cadmium chloride,Group 18,Metal,K01971
BD160,Cadmium chloride,Group 18,Metal,K01971
BD160,Cadmium chloride,Group 18,Inorganic,K01971
BD160,Cadmium chloride,Group 18,Inorganic,K01971
BD160,Cadmium chloride,Group 18,Inorganic,K01971
BD160,Cadmium chloride,Group 18,Chlorinated,K01971
BD160,Cadmium chloride,Group 18,Chlorinated,K01971
BD160,Cadmium chloride,Group 18,Chlorinated,K01971
BD160,Caffeate,Group 18,Aromatic,K13727
BD160,Carbon tetrachloride,Group 18,Chlorinated,K00384
BD160,Carbon tetrachloride,Group 18,Chlorinated,K00384
BD160,Carbon tetrachloride,Group 18,Chlorinated,K00384
BD160,Carbon tetrachloride,Group 18,Chlorinated,K00384
BD160,Carbon tetrachloride,Group 18,Chlorinated,K00384
BD160,Carbon tetrachloride,Group 18,Chlorinated,K00789
BD160,Carbon tetrachloride,Group 18,Chlorinated,K00789
BD160,Carbon tetrachloride,Group 18,Chlorinated,K00789
BD160,Carbon tetrachloride,Group 18,Chlorinated,K00789
BD160,Carbon tetrachloride,Group 18,Chlorinated,K00789
BD160,Carbon tetrachloride,Group 18,Chlorinated,K01081
BD160,Carbon tetrachloride,Group 18,Chlorinated,K01081
BD160,Carbon tetrachloride,Group 18,Chlorinated,K01081
BD160,Carbon tetrachloride,Group 18,Chlorinated,K01081
BD160,Carbon tetrachloride,Group 18,Chlorinated,K01081
BD160,Carbon tetrachloride,Group 18,Chlorinated,K08693
BD160,Carbon tetrachloride,Group 18,Chlorinated,K08693
BD160,Carbon tetrachloride,Group 18,Chlorinated,K08693
BD160,Carbon tetrachloride,Group 18,Chlorinated,K08693
BD160,Carbon tetrachloride,Group 18,Chlorinated,K08693
BD160,Carbon tetrachloride,Group 18,Chlorinated,K11751
BD160,Carbon tetrachloride,Group 18,Chlorinated,K11751
BD160,Carbon tetrachloride,Group 18,Chlorinated,K11751
BD160,Carbon tetrachloride,Group 18,Chlorinated,K11751
BD160,Carbon tetrachloride,Group 18,Chlorinated,K11751
BD160,Carbon tetrachloride,Group 18,Chlorinated,K01563
BD160,Carbon tetrachloride,Group 18,Chlorinated,K01563
BD160,Carbon tetrachloride,Group 18,Chlorinated,K01563
BD160,Carbon tetrachloride,Group 18,Chlorinated,K01563
BD160,Carbon tetrachloride,Group 18,Chlorinated,K01563
BD160,Catechol,Group 18,Aromatic,K07104
BD160,Catechol,Group 18,Aromatic,K07104
BD160,Catechol,Group 18,Aromatic,K07104
BD160,Catechol,Group 18,Aromatic,K07104
BD160,Catechol,Group 18,Aromatic,K07104
BD160,Chloral,Group 18,Chlorinated,K14338
BD160,Chloral,Group 18,Aliphatic,K14338
BD160,Chloral hydrate,Group 18,Chlorinated,K00001
BD160,Chloral hydrate,Group 18,Aliphatic,K00001
BD160,Chloral hydrate,Group 18,Chlorinated,K00121
BD160,Chloral hydrate,Group 18,Aliphatic,K00121
BD160,Chloral hydrate,Group 18,Chlorinated,K11440
BD160,Chloral hydrate,Group 18,Aliphatic,K11440
BD160,Chloral hydrate,Group 18,Chlorinated,K13954
BD160,Chloral hydrate,Group 18,Aliphatic,K13954
BD160,Chloramine,Group 18,Nitrogen-containing,K03564
BD160,Chloramine,Group 18,Chlorinated,K03564
BD160,Chloramine,Group 18,Nitrogen-containing,K11065
BD160,Chloramine,Group 18,Chlorinated,K11065
BD160,Chloraminophenamide,Group 18,Nitrogen-containing,K01673
BD160,Chloraminophenamide,Group 18,Sulfur-containing,K01673
BD160,Chloraminophenamide,Group 18,Chlorinated,K01673
BD160,Chloraminophenamide,Group 18,Aromatic,K01673
BD160,Chloramphenicol,Group 18,Aromatic,K19271
BD160,Chloramphenicol,Group 18,Nitrogen-containing,K19271
BD160,Chloramphenicol,Group 18,Chlorinated,K19271
BD160,Chlorfenvinphos,Group 18,Organophosphorus,K01303
BD160,Chlorfenvinphos,Group 18,Organophosphorus,K01303
BD160,Chlorfenvinphos,Group 18,Chlorinated,K01303
BD160,Chlorfenvinphos,Group 18,Chlorinated,K01303
BD160,Chlorfenvinphos,Group 18,Aromatic,K01303
BD160,Chlorfenvinphos,Group 18,Aromatic,K01303
BD160,Chloroform,Group 18,Chlorinated,K01563
BD160,Chloroform,Group 18,Chlorinated,K01563
BD160,Chloroform,Group 18,Chlorinated,K01563
BD160,Chloroform,Group 18,Chlorinated,K01563
BD160,Chloroform,Group 18,Chlorinated,K01563
BD160,Chloroform,Group 18,Chlorinated,K01563
BD160,Chloroform,Group 18,Chlorinated,K01563
BD160,Chloroform,Group 18,Aliphatic,K01563
BD160,Chloroform,Group 18,Aliphatic,K01563
BD160,Chloroform,Group 18,Aliphatic,K01563
BD160,Chloroform,Group 18,Aliphatic,K01563
BD160,Chloroform,Group 18,Aliphatic,K01563
BD160,Chloroform,Group 18,Aliphatic,K01563
BD160,Chloroform,Group 18,Aliphatic,K01563
BD160,Chlorpyrifos,Group 18,Organophosphorus,K00686
BD160,Chlorpyrifos,Group 18,Organophosphorus,K00686
BD160,Chlorpyrifos,Group 18,Organophosphorus,K00686
BD160,Chlorpyrifos,Group 18,Chlorinated,K00686
BD160,Chlorpyrifos,Group 18,Chlorinated,K00686
BD160,Chlorpyrifos,Group 18,Chlorinated,K00686
BD160,Chlorpyrifos,Group 18,Organophosphorus,K01303
BD160,Chlorpyrifos,Group 18,Organophosphorus,K01303
BD160,Chlorpyrifos,Group 18,Organophosphorus,K01303
BD160,Chlorpyrifos,Group 18,Chlorinated,K01303
BD160,Chlorpyrifos,Group 18,Chlorinated,K01303
BD160,Chlorpyrifos,Group 18,Chlorinated,K01303
BD160,Chlorpyrifos,Group 18,Organophosphorus,K03928
BD160,Chlorpyrifos,Group 18,Organophosphorus,K03928
BD160,Chlorpyrifos,Group 18,Organophosphorus,K03928
BD160,Chlorpyrifos,Group 18,Chlorinated,K03928
BD160,Chlorpyrifos,Group 18,Chlorinated,K03928
BD160,Chlorpyrifos,Group 18,Chlorinated,K03928
BD160,Chlorpyrifos-methyl,Group 18,Organophosphorus,K01303
BD160,Chlorpyrifos-methyl,Group 18,Chlorinated,K01303
BD160,Chlorpyrifos-methyl,Group 18,Nitrogen-containing,K01303
BD160,Chlorpyrifos-methyl,Group 18,Sulfur-containing,K01303
BD160,Chlorpyrifos-methyl,Group 18,Organophosphorus,K03928
BD160,Chlorpyrifos-methyl,Group 18,Chlorinated,K03928
BD160,Chlorpyrifos-methyl,Group 18,Nitrogen-containing,K03928
BD160,Chlorpyrifos-methyl,Group 18,Sulfur-containing,K03928
BD160,Cobalt,Group 18,Metal,K01870
BD160,Cobaltous sulfate,Group 18,Metal,K01624
BD160,Cobaltous sulfate,Group 18,Inorganic,K01624
BD160,Cobaltous sulfate,Group 18,Metal,K01779
BD160,Cobaltous sulfate,Group 18,Inorganic,K01779
BD160,Cobaltous sulfate,Group 18,Metal,K05810
BD160,Cobaltous sulfate,Group 18,Inorganic,K05810
BD160,Copper,Group 18,Metal,K17686
BD160,Copper,Group 18,Metal,K17686
BD160,Copper,Group 18,Metal,K17686
BD160,Copper,Group 18,Metal,K02274
BD160,Copper,Group 18,Metal,K02274
BD160,Copper,Group 18,Metal,K02274
BD160,Copper,Group 18,Metal,K02275
BD160,Copper,Group 18,Metal,K02275
BD160,Copper,Group 18,Metal,K02275
BD160,Copper,Group 18,Metal,K02276
BD160,Copper,Group 18,Metal,K02276
BD160,Copper,Group 18,Metal,K02276
BD160,Copper,Group 18,Metal,K02277
BD160,Copper,Group 18,Metal,K02277
BD160,Copper,Group 18,Metal,K02277
BD160,Cypermethrin,Group 18,Polyaromatic,K00036
BD160,Cypermethrin,Group 18,Chlorinated,K00036
BD160,Cypermethrin,Group 18,Nitrogen-containing,K00036
BD160,Cypermethrin,Group 18,Polyaromatic,K00823
BD160,Cypermethrin,Group 18,Chlorinated,K00823
BD160,Cypermethrin,Group 18,Nitrogen-containing,K00823
BD160,Cypermethrin,Group 18,Polyaromatic,K07250
BD160,Cypermethrin,Group 18,Chlorinated,K07250
BD160,Cypermethrin,Group 18,Nitrogen-containing,K07250
BD160,Cypermethrin,Group 18,Polyaromatic,K01090
BD160,Cypermethrin,Group 18,Chlorinated,K01090
BD160,Cypermethrin,Group 18,Nitrogen-containing,K01090
BD160,Cypermethrin,Group 18,Polyaromatic,K03928
BD160,Cypermethrin,Group 18,Chlorinated,K03928
BD160,Cypermethrin,Group 18,Nitrogen-containing,K03928
BD160,Danthron,Group 18,Aromatic,K00344
BD160,Danthron,Group 18,Aromatic,K00355
BD160,Danthron,Group 18,Aromatic,K00384
BD160,Danthron,Group 18,Aromatic,K03809
BD160,Danthron,Group 18,Aromatic,K19267
BD160,Danthron,Group 18,Aromatic,K21567
BD160,Dibutyl phthalate,Group 18,Aromatic,K03928
BD160,Dibutyl phthalate,Group 18,Aromatic,K03928
BD160,Dibutyl phthalate,Group 18,Aromatic,K03928
BD160,Dibutyl phthalate,Group 18,Aromatic,K03928
BD160,Dichlorvos,Group 18,Organophosphorus,K01048
BD160,Dichlorvos,Group 18,Organophosphorus,K01048
BD160,Dichlorvos,Group 18,Organophosphorus,K01048
BD160,Dichlorvos,Group 18,Chlorinated,K01048
BD160,Dichlorvos,Group 18,Chlorinated,K01048
BD160,Dichlorvos,Group 18,Chlorinated,K01048
BD160,Dichlorvos,Group 18,Organophosphorus,K03928
BD160,Dichlorvos,Group 18,Organophosphorus,K03928
BD160,Dichlorvos,Group 18,Organophosphorus,K03928
BD160,Dichlorvos,Group 18,Chlorinated,K03928
BD160,Dichlorvos,Group 18,Chlorinated,K03928
BD160,Dichlorvos,Group 18,Chlorinated,K03928
BD160,Diethyl phthalate,Group 18,Aromatic,K01046
BD160,Dimethoate,Group 18,Nitrogen-containing,K03928
BD160,Dimethoate,Group 18,Organophosphorus,K03928
BD160,Dimethoate,Group 18,Sulfur-containing,K03928
BD160,Diuron,Group 18,Nitrogen-containing,K00036
BD160,Diuron,Group 18,Nitrogen-containing,K00036
BD160,Diuron,Group 18,Nitrogen-containing,K00036
BD160,Diuron,Group 18,Chlorinated,K00036
BD160,Diuron,Group 18,Chlorinated,K00036
BD160,Diuron,Group 18,Chlorinated,K00036
BD160,Diuron,Group 18,Aromatic,K00036
BD160,Diuron,Group 18,Aromatic,K00036
BD160,Diuron,Group 18,Aromatic,K00036
BD160,Diuron,Group 18,Nitrogen-containing,K00284
BD160,Diuron,Group 18,Nitrogen-containing,K00284
BD160,Diuron,Group 18,Nitrogen-containing,K00284
BD160,Diuron,Group 18,Chlorinated,K00284
BD160,Diuron,Group 18,Chlorinated,K00284
BD160,Diuron,Group 18,Chlorinated,K00284
BD160,Diuron,Group 18,Aromatic,K00284
BD160,Diuron,Group 18,Aromatic,K00284
BD160,Diuron,Group 18,Aromatic,K00284
BD160,Diuron,Group 18,Nitrogen-containing,K03886
BD160,Diuron,Group 18,Nitrogen-containing,K03886
BD160,Diuron,Group 18,Nitrogen-containing,K03886
BD160,Diuron,Group 18,Chlorinated,K03886
BD160,Diuron,Group 18,Chlorinated,K03886
BD160,Diuron,Group 18,Chlorinated,K03886
BD160,Diuron,Group 18,Aromatic,K03886
BD160,Diuron,Group 18,Aromatic,K03886
BD160,Diuron,Group 18,Aromatic,K03886
BD160,Diuron,Group 18,Nitrogen-containing,K03887
BD160,Diuron,Group 18,Nitrogen-containing,K03887
BD160,Diuron,Group 18,Nitrogen-containing,K03887
BD160,Diuron,Group 18,Chlorinated,K03887
BD160,Diuron,Group 18,Chlorinated,K03887
BD160,Diuron,Group 18,Chlorinated,K03887
BD160,Diuron,Group 18,Aromatic,K03887
BD160,Diuron,Group 18,Aromatic,K03887
BD160,Diuron,Group 18,Aromatic,K03887
BD160,Diuron,Group 18,Nitrogen-containing,K03888
BD160,Diuron,Group 18,Nitrogen-containing,K03888
BD160,Diuron,Group 18,Nitrogen-containing,K03888
BD160,Diuron,Group 18,Chlorinated,K03888
BD160,Diuron,Group 18,Chlorinated,K03888
BD160,Diuron,Group 18,Chlorinated,K03888
BD160,Diuron,Group 18,Aromatic,K03888
BD160,Diuron,Group 18,Aromatic,K03888
BD160,Diuron,Group 18,Aromatic,K03888
BD160,Epichlorohydrin,Group 18,Chlorinated,K03153
BD160,Epichlorohydrin,Group 18,Aliphatic,K03153
BD160,Epichlorohydrin,Group 18,Chlorinated,K05350
BD160,Epichlorohydrin,Group 18,Aliphatic,K05350
BD160,Epichlorohydrin,Group 18,Chlorinated,K01563
BD160,Epichlorohydrin,Group 18,Aliphatic,K01563
BD160,Ethanol,Group 18,Aliphatic,K00001
BD160,Ethanol,Group 18,Aliphatic,K00121
BD160,Ethanol,Group 18,Aliphatic,K11440
BD160,Ethanol,Group 18,Aliphatic,K13954
BD160,Ethanol,Group 18,Aliphatic,K13979
BD160,Ethyl acrylate,Group 18,Aliphatic,K01426
BD160,Ethyl methanesulfonate,Group 18,Organosulfur,K00560
BD160,Ethyl methanesulfonate,Group 18,Aliphatic,K00560
BD160,Etoposide,Group 18,Polyaromatic,K00432
BD160,Formaldehyde,Group 18,Aliphatic,K00148
BD160,Formaldehyde,Group 18,Aliphatic,K00148
BD160,Formaldehyde,Group 18,Aliphatic,K00148
BD160,Formaldehyde,Group 18,Aliphatic,K00606
BD160,Formaldehyde,Group 18,Aliphatic,K00606
BD160,Formaldehyde,Group 18,Aliphatic,K00606
BD160,Formaldehyde,Group 18,Aliphatic,K01563
BD160,Formaldehyde,Group 18,Aliphatic,K01563
BD160,Formaldehyde,Group 18,Aliphatic,K01563
BD160,Formaldehyde,Group 18,Aliphatic,K07145
BD160,Formaldehyde,Group 18,Aliphatic,K07145
BD160,Formaldehyde,Group 18,Aliphatic,K07145
BD160,Formaldehyde,Group 18,Aliphatic,K03781
BD160,Formaldehyde,Group 18,Aliphatic,K03781
BD160,Formaldehyde,Group 18,Aliphatic,K03781
BD160,Formaldehyde,Group 18,Aliphatic,K04091
BD160,Formaldehyde,Group 18,Aliphatic,K04091
BD160,Formaldehyde,Group 18,Aliphatic,K04091
BD160,Formaldehyde,Group 18,Aliphatic,K15765
BD160,Formaldehyde,Group 18,Aliphatic,K15765
BD160,Formaldehyde,Group 18,Aliphatic,K15765
BD160,Formaldehyde,Group 18,Aliphatic,K07217
BD160,Formaldehyde,Group 18,Aliphatic,K07217
BD160,Formaldehyde,Group 18,Aliphatic,K07217
BD160,Formaldehyde,Group 18,Aliphatic,K08093
BD160,Formaldehyde,Group 18,Aliphatic,K08093
BD160,Formaldehyde,Group 18,Aliphatic,K08093
BD160,Formaldehyde,Group 18,Aliphatic,K14338
BD160,Formaldehyde,Group 18,Aliphatic,K14338
BD160,Formaldehyde,Group 18,Aliphatic,K14338
BD160,Glu-P-1,Group 18,Nitrogen-containing,K00675
BD160,Glu-P-1,Group 18,Aliphatic,K00675
BD160,Glycidaldehyde,Group 18,Aliphatic,K00600
BD160,Hydrazine,Group 18,Nitrogen-containing,K03928
BD160,Hydrazine,Group 18,Nitrogen-containing,K03928
BD160,Hydrochlorothiazide,Group 18,Nitrogen-containing,K00287
BD160,Hydrochlorothiazide,Group 18,Sulfur-containing,K00287
BD160,Hydrochlorothiazide,Group 18,Chlorinated,K00287
BD160,Hydrochlorothiazide,Group 18,Aromatic,K00287
BD160,Hydrochlorothiazide,Group 18,Nitrogen-containing,K01673
BD160,Hydrochlorothiazide,Group 18,Sulfur-containing,K01673
BD160,Hydrochlorothiazide,Group 18,Chlorinated,K01673
BD160,Hydrochlorothiazide,Group 18,Aromatic,K01673
BD160,Lead,Group 18,Metal,K00001
BD160,Lead,Group 18,Metal,K00001
BD160,Lead,Group 18,Metal,K00001
BD160,Lead,Group 18,Metal,K00001
BD160,Lead,Group 18,Metal,K00001
BD160,Lead nitrate,Group 18,Metal,K00620
BD160,Lead nitrate,Group 18,Metal,K00620
BD160,Lead nitrate,Group 18,Inorganic,K00620
BD160,Lead nitrate,Group 18,Inorganic,K00620
BD160,Lead nitrate,Group 18,Nitrogen-containing,K00620
BD160,Lead nitrate,Group 18,Nitrogen-containing,K00620
BD160,Lead nitrate,Group 18,Metal,K00845
BD160,Lead nitrate,Group 18,Metal,K00845
BD160,Lead nitrate,Group 18,Inorganic,K00845
BD160,Lead nitrate,Group 18,Inorganic,K00845
BD160,Lead nitrate,Group 18,Nitrogen-containing,K00845
BD160,Lead nitrate,Group 18,Nitrogen-containing,K00845
BD160,Lead nitrate,Group 18,Metal,K01181
BD160,Lead nitrate,Group 18,Metal,K01181
BD160,Lead nitrate,Group 18,Inorganic,K01181
BD160,Lead nitrate,Group 18,Inorganic,K01181
BD160,Lead nitrate,Group 18,Nitrogen-containing,K01181
BD160,Lead nitrate,Group 18,Nitrogen-containing,K01181
BD160,Lead nitrate,Group 18,Metal,K01749
BD160,Lead nitrate,Group 18,Metal,K01749
BD160,Lead nitrate,Group 18,Inorganic,K01749
BD160,Lead nitrate,Group 18,Inorganic,K01749
BD160,Lead nitrate,Group 18,Nitrogen-containing,K01749
BD160,Lead nitrate,Group 18,Nitrogen-containing,K01749
BD160,Manganese(2+),Group 18,Metal,K06324
BD160,Mercuric chloride,Group 18,Metal,K00001
BD160,Mercuric chloride,Group 18,Metal,K00001
BD160,Mercuric chloride,Group 18,Chlorinated,K00001
BD160,Mercuric chloride,Group 18,Chlorinated,K00001
BD160,Mercuric chloride,Group 18,Metal,K00008
BD160,Mercuric chloride,Group 18,Metal,K00008
BD160,Mercuric chloride,Group 18,Chlorinated,K00008
BD160,Mercuric chloride,Group 18,Chlorinated,K00008
BD160,Mercuric chloride,Group 18,Metal,K00459
BD160,Mercuric chloride,Group 18,Metal,K00459
BD160,Mercuric chloride,Group 18,Chlorinated,K00459
BD160,Mercuric chloride,Group 18,Chlorinated,K00459
BD160,Merphalan,Group 18,Nitrogen-containing,K01271
BD160,Merphalan,Group 18,Chlorinated,K01271
BD160,Merphalan,Group 18,Aromatic,K01271
BD160,Methyl bromide,Group 18,Halogenated,K00567
BD160,Methyl bromide,Group 18,Aliphatic,K00567
BD160,Methyl bromide,Group 18,Halogenated,K13531
BD160,Methyl bromide,Group 18,Aliphatic,K13531
BD160,Methyl bromide,Group 18,Halogenated,K10778
BD160,Methyl bromide,Group 18,Aliphatic,K10778
BD160,Methyl chloride,Group 18,Chlorinated,K01563
BD160,Methyl chloride,Group 18,Chlorinated,K01563
BD160,Methyl chloride,Group 18,Aliphatic,K01563
BD160,Methyl chloride,Group 18,Aliphatic,K01563
BD160,Methyl isobutyl ketone,Group 18,Aliphatic,K00001
BD160,Methyl isobutyl ketone,Group 18,Aliphatic,K00263
BD160,Methyl isobutyl ketone,Group 18,Aliphatic,K00824
BD160,Methyl tert-butyl ether,Group 18,Aliphatic,K00001
BD160,Methylmercury chloride,Group 18,Organometallic,K00248
BD160,Methylmercury chloride,Group 18,Organometallic,K00248
BD160,Methylmercury chloride,Group 18,Organometallic,K00248
BD160,Methylmercury chloride,Group 18,Chlorinated,K00248
BD160,Methylmercury chloride,Group 18,Chlorinated,K00248
BD160,Methylmercury chloride,Group 18,Chlorinated,K00248
BD160,Methylmercury chloride,Group 18,Organometallic,K00287
BD160,Methylmercury chloride,Group 18,Organometallic,K00287
BD160,Methylmercury chloride,Group 18,Organometallic,K00287
BD160,Methylmercury chloride,Group 18,Chlorinated,K00287
BD160,Methylmercury chloride,Group 18,Chlorinated,K00287
BD160,Methylmercury chloride,Group 18,Chlorinated,K00287
BD160,Methylmercury chloride,Group 18,Organometallic,K01262
BD160,Methylmercury chloride,Group 18,Organometallic,K01262
BD160,Methylmercury chloride,Group 18,Organometallic,K01262
BD160,Methylmercury chloride,Group 18,Chlorinated,K01262
BD160,Methylmercury chloride,Group 18,Chlorinated,K01262
BD160,Methylmercury chloride,Group 18,Chlorinated,K01262
BD160,Methylnitrosourea,Group 18,Nitrogen-containing,K12410
BD160,Methylnitrosourea,Group 18,Aliphatic,K12410
BD160,Microcystin LR,Group 18,Nitrogen-containing,K01090
BD160,Microcystin LR,Group 18,Aromatic,K01090
BD160,Mitomycin,Group 18,Nitrogen-containing,K03809
BD160,Mitomycin,Group 18,Polyaromatic,K03809
BD160,Mitomycin,Group 18,Nitrogen-containing,K19267
BD160,Mitomycin,Group 18,Polyaromatic,K19267
BD160,Mitoxantrone,Group 18,Nitrogen-containing,K01104
BD160,Mitoxantrone,Group 18,Polyaromatic,K01104
BD160,Mitoxantrone,Group 18,Nitrogen-containing,K14338
BD160,Mitoxantrone,Group 18,Polyaromatic,K14338
BD160,Nafenopin,Group 18,Polyaromatic,K01961
BD160,Nafenopin,Group 18,Polyaromatic,K01962
BD160,Nafenopin,Group 18,Polyaromatic,K01963
BD160,Naled,Group 18,Organophosphorus,K01303
BD160,Naled,Group 18,Chlorinated,K01303
BD160,Naled,Group 18,Halogenated,K01303
BD160,Naphthalene,Group 18,Polyaromatic,K14338
BD160,Naphthalene,Group 18,Polyaromatic,K14338
BD160,Naphthalene,Group 18,Polyaromatic,K14338
BD160,Naphthalene,Group 18,Polyaromatic,K14338
BD160,Naphthalene,Group 18,Polyaromatic,K14338
BD160,Naphthalene,Group 18,Polyaromatic,K14338
BD160,Nickel chloride,Group 18,Metal,K06019
BD160,Nickel chloride,Group 18,Metal,K06019
BD160,Nickel chloride,Group 18,Metal,K06019
BD160,Nickel chloride,Group 18,Inorganic,K06019
BD160,Nickel chloride,Group 18,Inorganic,K06019
BD160,Nickel chloride,Group 18,Inorganic,K06019
BD160,Nickel chloride,Group 18,Chlorinated,K06019
BD160,Nickel chloride,Group 18,Chlorinated,K06019
BD160,Nickel chloride,Group 18,Chlorinated,K06019
BD160,Nitrate,Group 18,Nitrogen-containing,K00372
BD160,Nitrate,Group 18,Inorganic,K00372
BD160,Nitrate,Group 18,Nitrogen-containing,K05916
BD160,Nitrate,Group 18,Inorganic,K05916
BD160,Nitrite,Group 18,Nitrogen-containing,K00362
BD160,Nitrite,Group 18,Inorganic,K00362
BD160,Nitrite,Group 18,Nitrogen-containing,K00363
BD160,Nitrite,Group 18,Inorganic,K00363
BD160,Nitrite,Group 18,Nitrogen-containing,K00372
BD160,Nitrite,Group 18,Inorganic,K00372
BD160,Nitrite,Group 18,Nitrogen-containing,K00459
BD160,Nitrite,Group 18,Inorganic,K00459
BD160,Nitrofen,Group 18,Chlorinated,K00231
BD160,Nitrofen,Group 18,Polyaromatic,K00231
BD160,Nitrofen,Group 18,Nitrogen-containing,K00231
BD160,Nitrogen mustard,Group 18,Chlorinated,K00130
BD160,Nitrogen mustard,Group 18,Nitrogen-containing,K00130
BD160,Nitromethane,Group 18,Nitrogen-containing,K00459
BD160,Nitromethane,Group 18,Inorganic,K00459
BD160,Parathion,Group 18,Organophosphorus,K14338
BD160,Parathion,Group 18,Organophosphorus,K14338
BD160,Parathion,Group 18,Nitrogen-containing,K14338
BD160,Parathion,Group 18,Nitrogen-containing,K14338
BD160,Parathion,Group 18,Aromatic,K14338
BD160,Parathion,Group 18,Aromatic,K14338
BD160,Phenacetin,Group 18,Aromatic,K01271
BD160,Phenacetin,Group 18,Nitrogen-containing,K01271
BD160,Phenacetin,Group 18,Aromatic,K01426
BD160,Phenacetin,Group 18,Nitrogen-containing,K01426
BD160,Phenacetin,Group 18,Aromatic,K03928
BD160,Phenacetin,Group 18,Nitrogen-containing,K03928
BD160,Phenolphthalein,Group 18,Polyaromatic,K14338
BD160,Phenylmercury acetate,Group 18,Organometallic,K04564
BD160,Phenylmercury acetate,Group 18,Organometallic,K04564
BD160,Phenylmercury acetate,Group 18,Aromatic,K04564
BD160,Phenylmercury acetate,Group 18,Aromatic,K04564
BD160,Phenylmethanesulfonyl fluoride,Group 18,Sulfur-containing,K00001
BD160,Phenylmethanesulfonyl fluoride,Group 18,Aromatic,K00001
BD160,Phenylmethanesulfonyl fluoride,Group 18,Sulfur-containing,K00024
BD160,Phenylmethanesulfonyl fluoride,Group 18,Aromatic,K00024
BD160,Propylthiouracil,Group 18,Sulfur-containing,K14338
BD160,Propylthiouracil,Group 18,Aliphatic,K14338
BD160,Simazine,Group 18,Nitrogen-containing,K01673
BD160,Simazine,Group 18,Nitrogen-containing,K01673
BD160,Simazine,Group 18,Chlorinated,K01673
BD160,Simazine,Group 18,Chlorinated,K01673
BD160,Sodium arsenite,Group 18,Inorganic,K00128
BD160,Sodium arsenite,Group 18,Metal,K00128
BD160,Sodium arsenite,Group 18,Inorganic,K00265
BD160,Sodium arsenite,Group 18,Metal,K00265
BD160,Sodium arsenite,Group 18,Inorganic,K00266
BD160,Sodium arsenite,Group 18,Metal,K00266
BD160,Sodium fluoride,Group 18,Inorganic,K00024
BD160,Streptozocin,Group 18,Nitrogen-containing,K01495
BD160,Streptozocin,Group 18,Aliphatic,K01495
BD160,Streptozocin,Group 18,Nitrogen-containing,K17217
BD160,Streptozocin,Group 18,Aliphatic,K17217
BD160,Streptozocin,Group 18,Nitrogen-containing,K09007
BD160,Streptozocin,Group 18,Aliphatic,K09007
BD160,Streptozocin,Group 18,Nitrogen-containing,K22278
BD160,Streptozocin,Group 18,Aliphatic,K22278
BD160,Strontium cation,Group 18,Metal,K00128
BD160,Styrene,Group 18,Aromatic,K13727
BD160,Styrene,Group 18,Aromatic,K13727
BD160,Styrene,Group 18,Aromatic,K13727
BD160,Sulfasalazine,Group 18,Nitrogen-containing,K00927
BD160,Sulfasalazine,Group 18,Sulfur-containing,K00927
BD160,Sulfasalazine,Group 18,Polyaromatic,K00927
BD160,Sulfasalazine,Group 18,Nitrogen-containing,K18967
BD160,Sulfasalazine,Group 18,Sulfur-containing,K18967
BD160,Sulfasalazine,Group 18,Polyaromatic,K18967
BD160,Sulfasalazine,Group 18,Nitrogen-containing,K21023
BD160,Sulfasalazine,Group 18,Sulfur-containing,K21023
BD160,Sulfasalazine,Group 18,Polyaromatic,K21023
BD160,Tamoxifen,Group 18,Polyaromatic,K14338
BD160,Tamoxifen,Group 18,Nitrogen-containing,K14338
BD160,Tetranitromethane,Group 18,Nitrogen-containing,K00033
BD160,Tetranitromethane,Group 18,Inorganic,K00033
BD160,Tetranitromethane,Group 18,Nitrogen-containing,K00278
BD160,Tetranitromethane,Group 18,Inorganic,K00278
BD160,Thioacetamide,Group 18,Nitrogen-containing,K00001
BD160,Thioacetamide,Group 18,Sulfur-containing,K00001
BD160,Thioacetamide,Group 18,Aliphatic,K00001
BD160,Thioacetamide,Group 18,Nitrogen-containing,K00384
BD160,Thioacetamide,Group 18,Sulfur-containing,K00384
BD160,Thioacetamide,Group 18,Aliphatic,K00384
BD160,Thioacetamide,Group 18,Nitrogen-containing,K01081
BD160,Thioacetamide,Group 18,Sulfur-containing,K01081
BD160,Thioacetamide,Group 18,Aliphatic,K01081
BD160,Thioacetamide,Group 18,Nitrogen-containing,K08693
BD160,Thioacetamide,Group 18,Sulfur-containing,K08693
BD160,Thioacetamide,Group 18,Aliphatic,K08693
BD160,Thioacetamide,Group 18,Nitrogen-containing,K11751
BD160,Thioacetamide,Group 18,Sulfur-containing,K11751
BD160,Thioacetamide,Group 18,Aliphatic,K11751
BD160,Thioacetamide,Group 18,Nitrogen-containing,K01426
BD160,Thioacetamide,Group 18,Sulfur-containing,K01426
BD160,Thioacetamide,Group 18,Aliphatic,K01426
BD160,Thiouracil,Group 18,Nitrogen-containing,K00761
BD160,Thiouracil,Group 18,Sulfur-containing,K00761
BD160,Thiouracil,Group 18,Aliphatic,K00761
BD160,Thiouracil,Group 18,Nitrogen-containing,K00823
BD160,Thiouracil,Group 18,Sulfur-containing,K00823
BD160,Thiouracil,Group 18,Aliphatic,K00823
BD160,Thiouracil,Group 18,Nitrogen-containing,K07250
BD160,Thiouracil,Group 18,Sulfur-containing,K07250
BD160,Thiouracil,Group 18,Aliphatic,K07250
BD160,Thiouracil,Group 18,Nitrogen-containing,K02825
BD160,Thiouracil,Group 18,Sulfur-containing,K02825
BD160,Thiouracil,Group 18,Aliphatic,K02825
BD160,Toluene,Group 18,Aromatic,K15765
BD160,Toluene,Group 18,Aromatic,K15765
BD160,Toluene,Group 18,Aromatic,K15765
BD160,Toluene,Group 18,Aromatic,K15765
BD160,Tributyltin chloride,Group 18,Metal,K02111
BD160,Tributyltin chloride,Group 18,Metal,K02111
BD160,Tributyltin chloride,Group 18,Organometallic,K02111
BD160,Tributyltin chloride,Group 18,Organometallic,K02111
BD160,Tributyltin chloride,Group 18,Metal,K02112
BD160,Tributyltin chloride,Group 18,Metal,K02112
BD160,Tributyltin chloride,Group 18,Organometallic,K02112
BD160,Tributyltin chloride,Group 18,Organometallic,K02112
BD160,Trichloroethene,Group 18,Chlorinated,K14338
BD160,Trichloroethene,Group 18,Chlorinated,K14338
BD160,Trichloroethene,Group 18,Chlorinated,K14338
BD160,Trichloroethene,Group 18,Chlorinated,K14338
BD160,Trichloroethene,Group 18,Chlorinated,K14338
BD160,Trichloroethene,Group 18,Chlorinated,K14338
BD160,Trichloroethene,Group 18,Aliphatic,K14338
BD160,Trichloroethene,Group 18,Aliphatic,K14338
BD160,Trichloroethene,Group 18,Aliphatic,K14338
BD160,Trichloroethene,Group 18,Aliphatic,K14338
BD160,Trichloroethene,Group 18,Aliphatic,K14338
BD160,Trichloroethene,Group 18,Aliphatic,K14338
BD160,Vinyl acetate,Group 18,Aliphatic,K00929
BD160,Vinyl acetate,Group 18,Aliphatic,K01046
BD160,Vinyl acetate,Group 18,Aliphatic,K03928
BD160,Zalcitabine,Group 18,Nitrogen-containing,K00857
BD160,Zalcitabine,Group 18,Nitrogen-containing,K00927
BD160,Zalcitabine,Group 18,Nitrogen-containing,K01489
BD160,Zalcitabine,Group 18,Nitrogen-containing,K15519
BD160,Zidovudine,Group 18,Nitrogen-containing,K00857
BD160,Zidovudine,Group 18,Nitrogen-containing,K00943
BD160,Zidovudine,Group 18,Nitrogen-containing,K01081
BD160,Zidovudine,Group 18,Nitrogen-containing,K08693
BD160,Zidovudine,Group 18,Nitrogen-containing,K11751
BD160,Zidovudine,Group 18,Nitrogen-containing,K01489
BD160,Zinc cation,Group 18,Metal,K00001
BD160,Zinc cation,Group 18,Metal,K00001
BD160,Zinc cation,Group 18,Metal,K00004
BD160,Zinc cation,Group 18,Metal,K00004
BD160,Zinc cation,Group 18,Metal,K00008
BD160,Zinc cation,Group 18,Metal,K00008
BD160,Zinc cation,Group 18,Metal,K00009
BD160,Zinc cation,Group 18,Metal,K00009
BD160,alpha-Chlorohydrin,Group 18,Chlorinated,K00134
BD160,alpha-Chlorohydrin,Group 18,Aliphatic,K00134
BD160,alpha-Chlorohydrin,Group 18,Chlorinated,K00864
BD160,alpha-Chlorohydrin,Group 18,Aliphatic,K00864
BD160,alpha-Chlorohydrin,Group 18,Chlorinated,K01563
BD160,alpha-Chlorohydrin,Group 18,Aliphatic,K01563
BD160,alpha-Hexachlorocyclohexane,Group 18,Chlorinated,K01563
BD160,alpha-Hexachlorocyclohexane,Group 18,Chlorinated,K01563
BD160,alpha-Hexachlorocyclohexane,Group 18,Aliphatic,K01563
BD160,alpha-Hexachlorocyclohexane,Group 18,Aliphatic,K01563
BD160,"beta-1,2,3,4,5,6-Hexachlorocyclohexane",Group 18,Aliphatic,K01563
BD160,"beta-1,2,3,4,5,6-Hexachlorocyclohexane",Group 18,Aliphatic,K01563
BD160,"beta-1,2,3,4,5,6-Hexachlorocyclohexane",Group 18,Aliphatic,K01563
BD160,"beta-1,2,3,4,5,6-Hexachlorocyclohexane",Group 18,Aliphatic,K01563
BD160,"beta-1,2,3,4,5,6-Hexachlorocyclohexane",Group 18,Chlorinated,K01563
BD160,"beta-1,2,3,4,5,6-Hexachlorocyclohexane",Group 18,Chlorinated,K01563
BD160,"beta-1,2,3,4,5,6-Hexachlorocyclohexane",Group 18,Chlorinated,K01563
BD160,"beta-1,2,3,4,5,6-Hexachlorocyclohexane",Group 18,Chlorinated,K01563
BD160,"cis-1,3-Dichloropropene",Group 18,Chlorinated,K01563
BD160,"cis-1,3-Dichloropropene",Group 18,Chlorinated,K01563
BD160,"cis-1,3-Dichloropropene",Group 18,Aliphatic,K01563
BD160,"cis-1,3-Dichloropropene",Group 18,Aliphatic,K01563
BD160,ortho-Toluidine,Group 18,Aromatic,K03928
BD160,ortho-Toluidine,Group 18,Nitrogen-containing,K03928
BD160,para-Aminoazobenzene,Group 18,Nitrogen-containing,K01255
BD160,para-Aminoazobenzene,Group 18,Polyaromatic,K01255
BD160,"trans-1,3-Dichloropropene",Group 18,Chlorinated,K01563
BD160,"trans-1,3-Dichloropropene",Group 18,Chlorinated,K01563
BD160,"trans-1,3-Dichloropropene",Group 18,Chlorinated,K01563
BD160,"trans-1,3-Dichloropropene",Group 18,Aliphatic,K01563
BD160,"trans-1,3-Dichloropropene",Group 18,Aliphatic,K01563
BD160,"trans-1,3-Dichloropropene",Group 18,Aliphatic,K01563
BD145,"(+)-(3S,4R)-cis-3,4-Dihydroxy-3,4-dihydrofluorene",Group 19,Polyaromatic,K14578
BD145,"(+)-(3S,4R)-cis-3,4-Dihydroxy-3,4-dihydrofluorene",Group 19,Polyaromatic,K14578
BD145,"(+)-(3S,4R)-cis-3,4-Dihydroxy-3,4-dihydrofluorene",Group 19,Polyaromatic,K14578
BD145,"(+)-(3S,4R)-cis-3,4-Dihydroxy-3,4-dihydrofluorene",Group 19,Polyaromatic,K14578
BD145,"1,1,2-Trichloroethane",Group 19,Chlorinated,K01563
BD145,"1,1,2-Trichloroethane",Group 19,Chlorinated,K01563
BD145,"1,1,2-Trichloroethane",Group 19,Aliphatic,K01563
BD145,"1,1,2-Trichloroethane",Group 19,Aliphatic,K01563
BD145,"1,1-Dimethylhydrazine",Group 19,Nitrogen-containing,K00485
BD145,"1,1-Dimethylhydrazine",Group 19,Aliphatic,K00485
BD145,"1,1-Dimethylhydrazine",Group 19,Nitrogen-containing,K00643
BD145,"1,1-Dimethylhydrazine",Group 19,Aliphatic,K00643
BD145,"1,2,3-Trichloropropane",Group 19,Chlorinated,K01563
BD145,"1,2,3-Trichloropropane",Group 19,Aliphatic,K01563
BD145,"1,2-Dibromo-3-chloropropane",Group 19,Chlorinated,K01563
BD145,"1,2-Dibromo-3-chloropropane",Group 19,Chlorinated,K01563
BD145,"1,2-Dibromo-3-chloropropane",Group 19,Halogenated,K01563
BD145,"1,2-Dibromo-3-chloropropane",Group 19,Halogenated,K01563
BD145,"1,2-Dibromoethane",Group 19,Organometallic,K00799
BD145,"1,2-Dibromoethane",Group 19,Organometallic,K00799
BD145,"1,2-Dichlorobenzene",Group 19,Chlorinated,K01537
BD145,"1,2-Dichlorobenzene",Group 19,Chlorinated,K01537
BD145,"1,2-Dichlorobenzene",Group 19,Chlorinated,K01537
BD145,"1,2-Dichlorobenzene",Group 19,Chlorinated,K01537
BD145,"1,2-Dichlorobenzene",Group 19,Aromatic,K01537
BD145,"1,2-Dichlorobenzene",Group 19,Aromatic,K01537
BD145,"1,2-Dichlorobenzene",Group 19,Aromatic,K01537
BD145,"1,2-Dichlorobenzene",Group 19,Aromatic,K01537
BD145,"1,2-Dichloroethane",Group 19,Chlorinated,K01563
BD145,"1,2-Dichloroethane",Group 19,Chlorinated,K01563
BD145,"1,2-Dichloroethane",Group 19,Chlorinated,K01563
BD145,"1,2-Dichloroethane",Group 19,Chlorinated,K01563
BD145,"1,2-Dichloroethane",Group 19,Chlorinated,K01563
BD145,"1,2-Dichloroethane",Group 19,Chlorinated,K01563
BD145,"1,2-Dichloroethane",Group 19,Chlorinated,K01563
BD145,"1,2-Dichloroethane",Group 19,Aliphatic,K01563
BD145,"1,2-Dichloroethane",Group 19,Aliphatic,K01563
BD145,"1,2-Dichloroethane",Group 19,Aliphatic,K01563
BD145,"1,2-Dichloroethane",Group 19,Aliphatic,K01563
BD145,"1,2-Dichloroethane",Group 19,Aliphatic,K01563
BD145,"1,2-Dichloroethane",Group 19,Aliphatic,K01563
BD145,"1,2-Dichloroethane",Group 19,Aliphatic,K01563
BD145,"2,2',4,4',6,6'-Hexachlorobiphenyl",Group 19,Chlorinated,K01599
BD145,"2,2',4,4',6,6'-Hexachlorobiphenyl",Group 19,Chlorinated,K01599
BD145,"2,2',4,4',6,6'-Hexachlorobiphenyl",Group 19,Polyaromatic,K01599
BD145,"2,2',4,4',6,6'-Hexachlorobiphenyl",Group 19,Polyaromatic,K01599
BD145,"2,2',4,4'-Tetrachlorobiphenyl",Group 19,Chlorinated,K01599
BD145,"2,2',4,4'-Tetrachlorobiphenyl",Group 19,Chlorinated,K01599
BD145,"2,2',4,4'-Tetrachlorobiphenyl",Group 19,Polyaromatic,K01599
BD145,"2,2',4,4'-Tetrachlorobiphenyl",Group 19,Polyaromatic,K01599
BD145,"2,2',5,5'-Tetrachlorobiphenyl",Group 19,Chlorinated,K01599
BD145,"2,2',5,5'-Tetrachlorobiphenyl",Group 19,Chlorinated,K01599
BD145,"2,2',5,5'-Tetrachlorobiphenyl",Group 19,Polyaromatic,K01599
BD145,"2,2',5,5'-Tetrachlorobiphenyl",Group 19,Polyaromatic,K01599
BD145,"2,4-Dinitrotoluene",Group 19,Aromatic,K14578
BD145,"2,4-Dinitrotoluene",Group 19,Aromatic,K14578
BD145,"2,4-Dinitrotoluene",Group 19,Aromatic,K14578
BD145,"2,4-Dinitrotoluene",Group 19,Nitrogen-containing,K14578
BD145,"2,4-Dinitrotoluene",Group 19,Nitrogen-containing,K14578
BD145,"2,4-Dinitrotoluene",Group 19,Nitrogen-containing,K14578
BD145,"2,6-Dinitrotoluene",Group 19,Aromatic,K14578
BD145,"2,6-Dinitrotoluene",Group 19,Aromatic,K14578
BD145,"2,6-Dinitrotoluene",Group 19,Aromatic,K14578
BD145,"2,6-Dinitrotoluene",Group 19,Nitrogen-containing,K14578
BD145,"2,6-Dinitrotoluene",Group 19,Nitrogen-containing,K14578
BD145,"2,6-Dinitrotoluene",Group 19,Nitrogen-containing,K14578
BD145,"2-Amino-1-methyl-6-phenylimidazo[4,5-b]pyridine",Group 19,Nitrogen-containing,K00362
BD145,"2-Amino-1-methyl-6-phenylimidazo[4,5-b]pyridine",Group 19,Aromatic,K00362
BD145,"2-Amino-1-methyl-6-phenylimidazo[4,5-b]pyridine",Group 19,Nitrogen-containing,K00363
BD145,"2-Amino-1-methyl-6-phenylimidazo[4,5-b]pyridine",Group 19,Aromatic,K00363
BD145,2-Chlorophenol,Group 19,Aromatic,K00485
BD145,2-Chlorophenol,Group 19,Aromatic,K00485
BD145,2-Chlorophenol,Group 19,Aromatic,K00485
BD145,2-Chlorophenol,Group 19,Chlorinated,K00485
BD145,2-Chlorophenol,Group 19,Chlorinated,K00485
BD145,2-Chlorophenol,Group 19,Chlorinated,K00485
BD145,2-Methylnaphthalene,Group 19,Aromatic,K14578
BD145,2-Naphthylamine,Group 19,Nitrogen-containing,K00681
BD145,2-Naphthylamine,Group 19,Polyaromatic,K00681
BD145,2-Nitropropane,Group 19,Nitrogen-containing,K00459
BD145,2-Nitropropane,Group 19,Aliphatic,K00459
BD145,"3,3'-Dimethoxybenzidine",Group 19,Nitrogen-containing,K00404
BD145,"3,3'-Dimethoxybenzidine",Group 19,Polyaromatic,K00404
BD145,"3,3'-Dimethoxybenzidine",Group 19,Nitrogen-containing,K00405
BD145,"3,3'-Dimethoxybenzidine",Group 19,Polyaromatic,K00405
BD145,"3,3'-Dimethoxybenzidine",Group 19,Nitrogen-containing,K00406
BD145,"3,3'-Dimethoxybenzidine",Group 19,Polyaromatic,K00406
BD145,"3,3'-Dimethoxybenzidine",Group 19,Nitrogen-containing,K02274
BD145,"3,3'-Dimethoxybenzidine",Group 19,Polyaromatic,K02274
BD145,"3,3'-Dimethoxybenzidine",Group 19,Nitrogen-containing,K02275
BD145,"3,3'-Dimethoxybenzidine",Group 19,Polyaromatic,K02275
BD145,"3,3'-Dimethoxybenzidine",Group 19,Nitrogen-containing,K02276
BD145,"3,3'-Dimethoxybenzidine",Group 19,Polyaromatic,K02276
BD145,"3,3'-Dimethoxybenzidine",Group 19,Nitrogen-containing,K02277
BD145,"3,3'-Dimethoxybenzidine",Group 19,Polyaromatic,K02277
BD145,"3,4,3',4'-Tetrachlorobiphenyl",Group 19,Chlorinated,K01599
BD145,"3,4,3',4'-Tetrachlorobiphenyl",Group 19,Chlorinated,K01599
BD145,"3,4,3',4'-Tetrachlorobiphenyl",Group 19,Polyaromatic,K01599
BD145,"3,4,3',4'-Tetrachlorobiphenyl",Group 19,Polyaromatic,K01599
BD145,"3,4,5,3',4',5'-Hexachlorobiphenyl",Group 19,Chlorinated,K01599
BD145,"3,4,5,3',4',5'-Hexachlorobiphenyl",Group 19,Chlorinated,K01599
BD145,"3,4,5,3',4',5'-Hexachlorobiphenyl",Group 19,Polyaromatic,K01599
BD145,"3,4,5,3',4',5'-Hexachlorobiphenyl",Group 19,Polyaromatic,K01599
BD145,"3,4-Dihydroxybenzoate",Group 19,Aromatic,K00448
BD145,"3,4-Dihydroxybenzoate",Group 19,Aromatic,K00448
BD145,"3,4-Dihydroxybenzoate",Group 19,Aromatic,K00448
BD145,"3,4-Dihydroxybenzoate",Group 19,Aromatic,K00448
BD145,"3,4-Dihydroxybenzoate",Group 19,Aromatic,K00449
BD145,"3,4-Dihydroxybenzoate",Group 19,Aromatic,K00449
BD145,"3,4-Dihydroxybenzoate",Group 19,Aromatic,K00449
BD145,"3,4-Dihydroxybenzoate",Group 19,Aromatic,K00449
BD145,"3,4-Dihydroxybenzoate",Group 19,Aromatic,K00481
BD145,"3,4-Dihydroxybenzoate",Group 19,Aromatic,K00481
BD145,"3,4-Dihydroxybenzoate",Group 19,Aromatic,K00481
BD145,"3,4-Dihydroxybenzoate",Group 19,Aromatic,K00481
BD145,"3-Carboxy-cis,cis-muconate",Group 19,Aliphatic,K00448
BD145,"3-Carboxy-cis,cis-muconate",Group 19,Aliphatic,K00448
BD145,"3-Carboxy-cis,cis-muconate",Group 19,Aliphatic,K00448
BD145,"3-Carboxy-cis,cis-muconate",Group 19,Aliphatic,K00448
BD145,"3-Carboxy-cis,cis-muconate",Group 19,Aliphatic,K00449
BD145,"3-Carboxy-cis,cis-muconate",Group 19,Aliphatic,K00449
BD145,"3-Carboxy-cis,cis-muconate",Group 19,Aliphatic,K00449
BD145,"3-Carboxy-cis,cis-muconate",Group 19,Aliphatic,K00449
BD145,"3-Carboxy-cis,cis-muconate",Group 19,Aliphatic,K01857
BD145,"3-Carboxy-cis,cis-muconate",Group 19,Aliphatic,K01857
BD145,"3-Carboxy-cis,cis-muconate",Group 19,Aliphatic,K01857
BD145,"3-Carboxy-cis,cis-muconate",Group 19,Aliphatic,K01857
BD145,3-Chloro-2-methylpropene,Group 19,Chlorinated,K01563
BD145,3-Chloro-2-methylpropene,Group 19,Aliphatic,K01563
BD145,4-Methylimidazole,Group 19,Nitrogen-containing,K01673
BD145,4-Methylimidazole,Group 19,Aliphatic,K01673
BD145,4-Nitrophenol,Group 19,Aromatic,K01077
BD145,4-Nitrophenol,Group 19,Aromatic,K01077
BD145,4-Nitrophenol,Group 19,Nitrogen-containing,K01077
BD145,4-Nitrophenol,Group 19,Nitrogen-containing,K01077
BD145,4-Nitrophenol,Group 19,Aromatic,K01113
BD145,4-Nitrophenol,Group 19,Aromatic,K01113
BD145,4-Nitrophenol,Group 19,Nitrogen-containing,K01113
BD145,4-Nitrophenol,Group 19,Nitrogen-containing,K01113
BD145,Acenaphthene,Group 19,Polyaromatic,K00433
BD145,Acenaphthene,Group 19,Polyaromatic,K00433
BD145,Acetaldehyde,Group 19,Aliphatic,K00121
BD145,Acetaldehyde,Group 19,Aliphatic,K00121
BD145,Acetaldehyde,Group 19,Aliphatic,K00121
BD145,Acetaldehyde,Group 19,Aliphatic,K00128
BD145,Acetaldehyde,Group 19,Aliphatic,K00128
BD145,Acetaldehyde,Group 19,Aliphatic,K00128
BD145,Acetaldehyde,Group 19,Aliphatic,K00138
BD145,Acetaldehyde,Group 19,Aliphatic,K00138
BD145,Acetaldehyde,Group 19,Aliphatic,K00138
BD145,Acetaldehyde,Group 19,Aliphatic,K00459
BD145,Acetaldehyde,Group 19,Aliphatic,K00459
BD145,Acetaldehyde,Group 19,Aliphatic,K00459
BD145,Acetaldehyde,Group 19,Aliphatic,K01620
BD145,Acetaldehyde,Group 19,Aliphatic,K01620
BD145,Acetaldehyde,Group 19,Aliphatic,K01620
BD145,Acetaldehyde,Group 19,Aliphatic,K01666
BD145,Acetaldehyde,Group 19,Aliphatic,K01666
BD145,Acetaldehyde,Group 19,Aliphatic,K01666
BD145,Acetaldehyde,Group 19,Aliphatic,K18365
BD145,Acetaldehyde,Group 19,Aliphatic,K18365
BD145,Acetaldehyde,Group 19,Aliphatic,K18365
BD145,Acetaldehyde,Group 19,Aliphatic,K01737
BD145,Acetaldehyde,Group 19,Aliphatic,K01737
BD145,Acetaldehyde,Group 19,Aliphatic,K01737
BD145,Acetaldehyde,Group 19,Aliphatic,K03735
BD145,Acetaldehyde,Group 19,Aliphatic,K03735
BD145,Acetaldehyde,Group 19,Aliphatic,K03735
BD145,Acetaldehyde,Group 19,Aliphatic,K03736
BD145,Acetaldehyde,Group 19,Aliphatic,K03736
BD145,Acetaldehyde,Group 19,Aliphatic,K03736
BD145,Acetaldehyde,Group 19,Aliphatic,K04073
BD145,Acetaldehyde,Group 19,Aliphatic,K04073
BD145,Acetaldehyde,Group 19,Aliphatic,K04073
BD145,Acetaldehyde,Group 19,Aliphatic,K13541
BD145,Acetaldehyde,Group 19,Aliphatic,K13541
BD145,Acetaldehyde,Group 19,Aliphatic,K13541
BD145,Acetaldehyde,Group 19,Aliphatic,K14519
BD145,Acetaldehyde,Group 19,Aliphatic,K14519
BD145,Acetaldehyde,Group 19,Aliphatic,K14519
BD145,Acetaldehyde,Group 19,Aliphatic,K13953
BD145,Acetaldehyde,Group 19,Aliphatic,K13953
BD145,Acetaldehyde,Group 19,Aliphatic,K13953
BD145,Acetaldehyde,Group 19,Aliphatic,K13979
BD145,Acetaldehyde,Group 19,Aliphatic,K13979
BD145,Acetaldehyde,Group 19,Aliphatic,K13979
BD145,Acetaldehyde,Group 19,Aliphatic,K20036
BD145,Acetaldehyde,Group 19,Aliphatic,K20036
BD145,Acetaldehyde,Group 19,Aliphatic,K20036
BD145,Acetamide,Group 19,Nitrogen-containing,K01426
BD145,Acetamide,Group 19,Aliphatic,K01426
BD145,Acetone,Group 19,Aliphatic,K10856
BD145,Acrylamide,Group 19,Nitrogen-containing,K01426
BD145,Acrylamide,Group 19,Aliphatic,K01426
BD145,Acrylamide,Group 19,Nitrogen-containing,K01721
BD145,Acrylamide,Group 19,Aliphatic,K01721
BD145,Acrylamide,Group 19,Nitrogen-containing,K20807
BD145,Acrylamide,Group 19,Aliphatic,K20807
BD145,Acrylonitrile,Group 19,Nitrogen-containing,K01502
BD145,Acrylonitrile,Group 19,Nitrogen-containing,K01502
BD145,Acrylonitrile,Group 19,Nitrogen-containing,K01502
BD145,Acrylonitrile,Group 19,Nitrogen-containing,K01502
BD145,Acrylonitrile,Group 19,Aliphatic,K01502
BD145,Acrylonitrile,Group 19,Aliphatic,K01502
BD145,Acrylonitrile,Group 19,Aliphatic,K01502
BD145,Acrylonitrile,Group 19,Aliphatic,K01502
BD145,Acrylonitrile,Group 19,Nitrogen-containing,K01721
BD145,Acrylonitrile,Group 19,Nitrogen-containing,K01721
BD145,Acrylonitrile,Group 19,Nitrogen-containing,K01721
BD145,Acrylonitrile,Group 19,Nitrogen-containing,K01721
BD145,Acrylonitrile,Group 19,Aliphatic,K01721
BD145,Acrylonitrile,Group 19,Aliphatic,K01721
BD145,Acrylonitrile,Group 19,Aliphatic,K01721
BD145,Acrylonitrile,Group 19,Aliphatic,K01721
BD145,Acrylonitrile,Group 19,Nitrogen-containing,K20807
BD145,Acrylonitrile,Group 19,Nitrogen-containing,K20807
BD145,Acrylonitrile,Group 19,Nitrogen-containing,K20807
BD145,Acrylonitrile,Group 19,Nitrogen-containing,K20807
BD145,Acrylonitrile,Group 19,Aliphatic,K20807
BD145,Acrylonitrile,Group 19,Aliphatic,K20807
BD145,Acrylonitrile,Group 19,Aliphatic,K20807
BD145,Acrylonitrile,Group 19,Aliphatic,K20807
BD145,"Aflatoxin B1-exo-8,9-epoxide",Group 19,Aromatic,K00799
BD145,"Aflatoxin B1exo-8,9-epoxide-GSH",Group 19,Aromatic,K00799
BD145,"Aflatoxin B1exo-8,9-epoxide-GSH",Group 19,Nitrogen-containing,K00799
BD145,"Aflatoxin B1exo-8,9-epoxide-GSH",Group 19,Sulfur-containing,K00799
BD145,Alachlor,Group 19,Aromatic,K00799
BD145,Alachlor,Group 19,Aromatic,K00799
BD145,Alachlor,Group 19,Chlorinated,K00799
BD145,Alachlor,Group 19,Chlorinated,K00799
BD145,Alachlor,Group 19,Nitrogen-containing,K00799
BD145,Alachlor,Group 19,Nitrogen-containing,K00799
BD145,Ammonia,Group 19,Nitrogen-containing,K00259
BD145,Ammonia,Group 19,Nitrogen-containing,K00259
BD145,Ammonia,Group 19,Nitrogen-containing,K00262
BD145,Ammonia,Group 19,Nitrogen-containing,K00262
BD145,Ammonia,Group 19,Nitrogen-containing,K00263
BD145,Ammonia,Group 19,Nitrogen-containing,K00263
BD145,Ammonia,Group 19,Nitrogen-containing,K00265
BD145,Ammonia,Group 19,Nitrogen-containing,K00265
BD145,Ammonia,Group 19,Nitrogen-containing,K00266
BD145,Ammonia,Group 19,Nitrogen-containing,K00266
BD145,Ammonia,Group 19,Nitrogen-containing,K00275
BD145,Ammonia,Group 19,Nitrogen-containing,K00275
BD145,Ammonia,Group 19,Nitrogen-containing,K00276
BD145,Ammonia,Group 19,Nitrogen-containing,K00276
BD145,Ammonia,Group 19,Nitrogen-containing,K00278
BD145,Ammonia,Group 19,Nitrogen-containing,K00278
BD145,Ammonia,Group 19,Nitrogen-containing,K00281
BD145,Ammonia,Group 19,Nitrogen-containing,K00281
BD145,Ammonia,Group 19,Nitrogen-containing,K00283
BD145,Ammonia,Group 19,Nitrogen-containing,K00283
BD145,Ammonia,Group 19,Nitrogen-containing,K00282
BD145,Ammonia,Group 19,Nitrogen-containing,K00282
BD145,Ammonia,Group 19,Nitrogen-containing,K00285
BD145,Ammonia,Group 19,Nitrogen-containing,K00285
BD145,Ammonia,Group 19,Nitrogen-containing,K00362
BD145,Ammonia,Group 19,Nitrogen-containing,K00362
BD145,Ammonia,Group 19,Nitrogen-containing,K00363
BD145,Ammonia,Group 19,Nitrogen-containing,K00363
BD145,Ammonia,Group 19,Nitrogen-containing,K00382
BD145,Ammonia,Group 19,Nitrogen-containing,K00382
BD145,Ammonia,Group 19,Nitrogen-containing,K00605
BD145,Ammonia,Group 19,Nitrogen-containing,K00605
BD145,Ammonia,Group 19,Nitrogen-containing,K13497
BD145,Ammonia,Group 19,Nitrogen-containing,K13497
BD145,Ammonia,Group 19,Nitrogen-containing,K00808
BD145,Ammonia,Group 19,Nitrogen-containing,K00808
BD145,Ammonia,Group 19,Nitrogen-containing,K01424
BD145,Ammonia,Group 19,Nitrogen-containing,K01424
BD145,Ammonia,Group 19,Nitrogen-containing,K01426
BD145,Ammonia,Group 19,Nitrogen-containing,K01426
BD145,Ammonia,Group 19,Nitrogen-containing,K01428
BD145,Ammonia,Group 19,Nitrogen-containing,K01428
BD145,Ammonia,Group 19,Nitrogen-containing,K01429
BD145,Ammonia,Group 19,Nitrogen-containing,K01429
BD145,Ammonia,Group 19,Nitrogen-containing,K01430
BD145,Ammonia,Group 19,Nitrogen-containing,K01430
BD145,Ammonia,Group 19,Nitrogen-containing,K01455
BD145,Ammonia,Group 19,Nitrogen-containing,K01455
BD145,Ammonia,Group 19,Nitrogen-containing,K01457
BD145,Ammonia,Group 19,Nitrogen-containing,K01457
BD145,Ammonia,Group 19,Nitrogen-containing,K01485
BD145,Ammonia,Group 19,Nitrogen-containing,K01485
BD145,Ammonia,Group 19,Nitrogen-containing,K01487
BD145,Ammonia,Group 19,Nitrogen-containing,K01487
BD145,Ammonia,Group 19,Nitrogen-containing,K11991
BD145,Ammonia,Group 19,Nitrogen-containing,K11991
BD145,Ammonia,Group 19,Nitrogen-containing,K01486
BD145,Ammonia,Group 19,Nitrogen-containing,K01486
BD145,Ammonia,Group 19,Nitrogen-containing,K01494
BD145,Ammonia,Group 19,Nitrogen-containing,K01494
BD145,Ammonia,Group 19,Nitrogen-containing,K01501
BD145,Ammonia,Group 19,Nitrogen-containing,K01501
BD145,Ammonia,Group 19,Nitrogen-containing,K01502
BD145,Ammonia,Group 19,Nitrogen-containing,K01502
BD145,Ammonia,Group 19,Nitrogen-containing,K01505
BD145,Ammonia,Group 19,Nitrogen-containing,K01505
BD145,Ammonia,Group 19,Nitrogen-containing,K05396
BD145,Ammonia,Group 19,Nitrogen-containing,K05396
BD145,Ammonia,Group 19,Nitrogen-containing,K01657
BD145,Ammonia,Group 19,Nitrogen-containing,K01657
BD145,Ammonia,Group 19,Nitrogen-containing,K01658
BD145,Ammonia,Group 19,Nitrogen-containing,K01658
BD145,Ammonia,Group 19,Nitrogen-containing,K01665
BD145,Ammonia,Group 19,Nitrogen-containing,K01665
BD145,Ammonia,Group 19,Nitrogen-containing,K13950
BD145,Ammonia,Group 19,Nitrogen-containing,K13950
BD145,Ammonia,Group 19,Nitrogen-containing,K01667
BD145,Ammonia,Group 19,Nitrogen-containing,K01667
BD145,Ammonia,Group 19,Nitrogen-containing,K01725
BD145,Ammonia,Group 19,Nitrogen-containing,K01725
BD145,Ammonia,Group 19,Nitrogen-containing,K01739
BD145,Ammonia,Group 19,Nitrogen-containing,K01739
BD145,Ammonia,Group 19,Nitrogen-containing,K01758
BD145,Ammonia,Group 19,Nitrogen-containing,K01758
BD145,Ammonia,Group 19,Nitrogen-containing,K01760
BD145,Ammonia,Group 19,Nitrogen-containing,K01760
BD145,Ammonia,Group 19,Nitrogen-containing,K01761
BD145,Ammonia,Group 19,Nitrogen-containing,K01761
BD145,Ammonia,Group 19,Nitrogen-containing,K01744
BD145,Ammonia,Group 19,Nitrogen-containing,K01744
BD145,Ammonia,Group 19,Nitrogen-containing,K01745
BD145,Ammonia,Group 19,Nitrogen-containing,K01745
BD145,Ammonia,Group 19,Nitrogen-containing,K01749
BD145,Ammonia,Group 19,Nitrogen-containing,K01749
BD145,Ammonia,Group 19,Nitrogen-containing,K01750
BD145,Ammonia,Group 19,Nitrogen-containing,K01750
BD145,Ammonia,Group 19,Nitrogen-containing,K19244
BD145,Ammonia,Group 19,Nitrogen-containing,K19244
BD145,Ammonia,Group 19,Nitrogen-containing,K01751
BD145,Ammonia,Group 19,Nitrogen-containing,K01751
BD145,Ammonia,Group 19,Nitrogen-containing,K01752
BD145,Ammonia,Group 19,Nitrogen-containing,K01752
BD145,Ammonia,Group 19,Nitrogen-containing,K01754
BD145,Ammonia,Group 19,Nitrogen-containing,K01754
BD145,Ammonia,Group 19,Nitrogen-containing,K01915
BD145,Ammonia,Group 19,Nitrogen-containing,K01915
BD145,Ammonia,Group 19,Nitrogen-containing,K01916
BD145,Ammonia,Group 19,Nitrogen-containing,K01916
BD145,Ammonia,Group 19,Nitrogen-containing,K01937
BD145,Ammonia,Group 19,Nitrogen-containing,K01937
BD145,Ammonia,Group 19,Nitrogen-containing,K01951
BD145,Ammonia,Group 19,Nitrogen-containing,K01951
BD145,Ammonia,Group 19,Nitrogen-containing,K01953
BD145,Ammonia,Group 19,Nitrogen-containing,K01953
BD145,Ammonia,Group 19,Nitrogen-containing,K01955
BD145,Ammonia,Group 19,Nitrogen-containing,K01955
BD145,Ammonia,Group 19,Nitrogen-containing,K01956
BD145,Ammonia,Group 19,Nitrogen-containing,K01956
BD145,Ammonia,Group 19,Nitrogen-containing,K02437
BD145,Ammonia,Group 19,Nitrogen-containing,K02437
BD145,Ammonia,Group 19,Nitrogen-containing,K02500
BD145,Ammonia,Group 19,Nitrogen-containing,K02500
BD145,Ammonia,Group 19,Nitrogen-containing,K02501
BD145,Ammonia,Group 19,Nitrogen-containing,K02501
BD145,Ammonia,Group 19,Nitrogen-containing,K03412
BD145,Ammonia,Group 19,Nitrogen-containing,K03412
BD145,Ammonia,Group 19,Nitrogen-containing,K03707
BD145,Ammonia,Group 19,Nitrogen-containing,K03707
BD145,Ammonia,Group 19,Nitrogen-containing,K03735
BD145,Ammonia,Group 19,Nitrogen-containing,K03735
BD145,Ammonia,Group 19,Nitrogen-containing,K03736
BD145,Ammonia,Group 19,Nitrogen-containing,K03736
BD145,Ammonia,Group 19,Nitrogen-containing,K03743
BD145,Ammonia,Group 19,Nitrogen-containing,K03743
BD145,Ammonia,Group 19,Nitrogen-containing,K05603
BD145,Ammonia,Group 19,Nitrogen-containing,K05603
BD145,Ammonia,Group 19,Nitrogen-containing,K05810
BD145,Ammonia,Group 19,Nitrogen-containing,K05810
BD145,Ammonia,Group 19,Nitrogen-containing,K06016
BD145,Ammonia,Group 19,Nitrogen-containing,K06016
BD145,Ammonia,Group 19,Nitrogen-containing,K06920
BD145,Ammonia,Group 19,Nitrogen-containing,K06920
BD145,Ammonia,Group 19,Nitrogen-containing,K08281
BD145,Ammonia,Group 19,Nitrogen-containing,K08281
BD145,Ammonia,Group 19,Nitrogen-containing,K09020
BD145,Ammonia,Group 19,Nitrogen-containing,K09020
BD145,Ammonia,Group 19,Nitrogen-containing,K09471
BD145,Ammonia,Group 19,Nitrogen-containing,K09471
BD145,Ammonia,Group 19,Nitrogen-containing,K10026
BD145,Ammonia,Group 19,Nitrogen-containing,K10026
BD145,Ammonia,Group 19,Nitrogen-containing,K10536
BD145,Ammonia,Group 19,Nitrogen-containing,K10536
BD145,Ammonia,Group 19,Nitrogen-containing,K11752
BD145,Ammonia,Group 19,Nitrogen-containing,K11752
BD145,Ammonia,Group 19,Nitrogen-containing,K12251
BD145,Ammonia,Group 19,Nitrogen-containing,K12251
BD145,Ammonia,Group 19,Nitrogen-containing,K13503
BD145,Ammonia,Group 19,Nitrogen-containing,K13503
BD145,Ammonia,Group 19,Nitrogen-containing,K13995
BD145,Ammonia,Group 19,Nitrogen-containing,K13995
BD145,Ammonia,Group 19,Nitrogen-containing,K15371
BD145,Ammonia,Group 19,Nitrogen-containing,K15371
BD145,Ammonia,Group 19,Nitrogen-containing,K16319
BD145,Ammonia,Group 19,Nitrogen-containing,K16319
BD145,Ammonia,Group 19,Nitrogen-containing,K16320
BD145,Ammonia,Group 19,Nitrogen-containing,K16320
BD145,Ammonia,Group 19,Nitrogen-containing,K19746
BD145,Ammonia,Group 19,Nitrogen-containing,K19746
BD145,Ammonia,Group 19,Nitrogen-containing,K20757
BD145,Ammonia,Group 19,Nitrogen-containing,K20757
BD145,Ammonia,Group 19,Nitrogen-containing,K21062
BD145,Ammonia,Group 19,Nitrogen-containing,K21062
BD145,Amsacrine,Group 19,Polyaromatic,K02469
BD145,Amsacrine,Group 19,Nitrogen-containing,K02469
BD145,Amsacrine,Group 19,Sulfur-containing,K02469
BD145,Amsacrine,Group 19,Polyaromatic,K02470
BD145,Amsacrine,Group 19,Nitrogen-containing,K02470
BD145,Amsacrine,Group 19,Sulfur-containing,K02470
BD145,Amsacrine,Group 19,Polyaromatic,K02621
BD145,Amsacrine,Group 19,Nitrogen-containing,K02621
BD145,Amsacrine,Group 19,Sulfur-containing,K02621
BD145,Amsacrine,Group 19,Polyaromatic,K02622
BD145,Amsacrine,Group 19,Nitrogen-containing,K02622
BD145,Amsacrine,Group 19,Sulfur-containing,K02622
BD145,Amsacrine,Group 19,Polyaromatic,K03168
BD145,Amsacrine,Group 19,Nitrogen-containing,K03168
BD145,Amsacrine,Group 19,Sulfur-containing,K03168
BD145,Anthracene,Group 19,Polyaromatic,K14578
BD145,Anthracene,Group 19,Polyaromatic,K14578
BD145,Anthracene,Group 19,Polyaromatic,K14578
BD145,Anthracene,Group 19,Polyaromatic,K14578
BD145,Anthracene,Group 19,Polyaromatic,K14578
BD145,"Anthracene-cis-1,2-dihydrodiol",Group 19,Polyaromatic,K14578
BD145,"Anthracene-cis-1,2-dihydrodiol",Group 19,Polyaromatic,K14578
BD145,"Anthracene-cis-1,2-dihydrodiol",Group 19,Polyaromatic,K14578
BD145,"Anthracene-cis-1,2-dihydrodiol",Group 19,Polyaromatic,K14578
BD145,Aromatic primary alcohol,Group 19,Aromatic,K05882
BD145,Arsenic,Group 19,Metal,K04077
BD145,Arsenic,Group 19,Metal,K04077
BD145,Arsenic,Group 19,Metal,K04077
BD145,Arsenic,Group 19,Metal,K04077
BD145,Arylmercury,Group 19,Organometallic,K20542
BD145,Arylmercury,Group 19,Organometallic,K20542
BD145,Arylmercury,Group 19,Polyaromatic,K20542
BD145,Arylmercury,Group 19,Polyaromatic,K20542
BD145,Aziridine,Group 19,Nitrogen-containing,K18649
BD145,Aziridine,Group 19,Aliphatic,K18649
BD145,BHC,Group 19,Chlorinated,K01053
BD145,BHC,Group 19,Chlorinated,K01053
BD145,BHC,Group 19,Chlorinated,K01053
BD145,BHC,Group 19,Chlorinated,K01053
BD145,BHC,Group 19,Aliphatic,K01053
BD145,BHC,Group 19,Aliphatic,K01053
BD145,BHC,Group 19,Aliphatic,K01053
BD145,BHC,Group 19,Aliphatic,K01053
BD145,Benzidine,Group 19,Aromatic,K00404
BD145,Benzidine,Group 19,Aromatic,K00404
BD145,Benzidine,Group 19,Aromatic,K00404
BD145,Benzidine,Group 19,Aromatic,K00404
BD145,Benzidine,Group 19,Nitrogen-containing,K00404
BD145,Benzidine,Group 19,Nitrogen-containing,K00404
BD145,Benzidine,Group 19,Nitrogen-containing,K00404
BD145,Benzidine,Group 19,Nitrogen-containing,K00404
BD145,Benzidine,Group 19,Aromatic,K02274
BD145,Benzidine,Group 19,Aromatic,K02274
BD145,Benzidine,Group 19,Aromatic,K02274
BD145,Benzidine,Group 19,Aromatic,K02274
BD145,Benzidine,Group 19,Nitrogen-containing,K02274
BD145,Benzidine,Group 19,Nitrogen-containing,K02274
BD145,Benzidine,Group 19,Nitrogen-containing,K02274
BD145,Benzidine,Group 19,Nitrogen-containing,K02274
BD145,Benzidine,Group 19,Aromatic,K02275
BD145,Benzidine,Group 19,Aromatic,K02275
BD145,Benzidine,Group 19,Aromatic,K02275
BD145,Benzidine,Group 19,Aromatic,K02275
BD145,Benzidine,Group 19,Nitrogen-containing,K02275
BD145,Benzidine,Group 19,Nitrogen-containing,K02275
BD145,Benzidine,Group 19,Nitrogen-containing,K02275
BD145,Benzidine,Group 19,Nitrogen-containing,K02275
BD145,Benzidine,Group 19,Aromatic,K02276
BD145,Benzidine,Group 19,Aromatic,K02276
BD145,Benzidine,Group 19,Aromatic,K02276
BD145,Benzidine,Group 19,Aromatic,K02276
BD145,Benzidine,Group 19,Nitrogen-containing,K02276
BD145,Benzidine,Group 19,Nitrogen-containing,K02276
BD145,Benzidine,Group 19,Nitrogen-containing,K02276
BD145,Benzidine,Group 19,Nitrogen-containing,K02276
BD145,Benzidine,Group 19,Aromatic,K02277
BD145,Benzidine,Group 19,Aromatic,K02277
BD145,Benzidine,Group 19,Aromatic,K02277
BD145,Benzidine,Group 19,Aromatic,K02277
BD145,Benzidine,Group 19,Nitrogen-containing,K02277
BD145,Benzidine,Group 19,Nitrogen-containing,K02277
BD145,Benzidine,Group 19,Nitrogen-containing,K02277
BD145,Benzidine,Group 19,Nitrogen-containing,K02277
BD145,Benzo[a]pyrene,Group 19,Polyaromatic,K14578
BD145,Benzo[a]pyrene,Group 19,Polyaromatic,K14578
BD145,Benzo[a]pyrene,Group 19,Polyaromatic,K14578
BD145,Benzo[a]pyrene,Group 19,Polyaromatic,K14578
BD145,Benzo[a]pyrene,Group 19,Polyaromatic,K14578
BD145,Benzo[a]pyrene,Group 19,Polyaromatic,K14578
BD145,Benzo[a]pyrene,Group 19,Polyaromatic,K14578
BD145,"Benzo[a]pyrene-cis-9,10-dihydrodiol",Group 19,Polyaromatic,K14578
BD145,"Benzo[a]pyrene-cis-9,10-dihydrodiol",Group 19,Polyaromatic,K14578
BD145,"Benzo[a]pyrene-cis-9,10-dihydrodiol",Group 19,Polyaromatic,K14578
BD145,"Benzo[a]pyrene-cis-9,10-dihydrodiol",Group 19,Polyaromatic,K14578
BD145,Bifenox,Group 19,Chlorinated,K01053
BD145,Bifenox,Group 19,Aromatic,K01053
BD145,Bifenox,Group 19,Nitrogen-containing,K01053
BD145,Bis(2-chloroethyl)ether,Group 19,Chlorinated,K01563
BD145,Bis(2-chloroethyl)ether,Group 19,Chlorinated,K01563
BD145,Bis(2-chloroethyl)ether,Group 19,Chlorinated,K01563
BD145,Bis(2-chloroethyl)ether,Group 19,Aliphatic,K01563
BD145,Bis(2-chloroethyl)ether,Group 19,Aliphatic,K01563
BD145,Bis(2-chloroethyl)ether,Group 19,Aliphatic,K01563
BD145,Bromide,Group 19,Inorganic,K01563
BD145,CO,Group 19,Inorganic,K03520
BD145,CO,Group 19,Inorganic,K03147
BD145,CO,Group 19,Inorganic,K03518
BD145,CO,Group 19,Inorganic,K03519
BD145,CO,Group 19,Inorganic,K06911
BD145,CO,Group 19,Inorganic,K07226
BD145,CO,Group 19,Inorganic,K08967
BD145,Cacodylate,Group 19,Inorganic,K00019
BD145,Cacodylate,Group 19,Inorganic,K00019
BD145,Cacodylate,Group 19,Metal,K00019
BD145,Cacodylate,Group 19,Metal,K00019
BD145,Cacodylate,Group 19,Inorganic,K00133
BD145,Cacodylate,Group 19,Inorganic,K00133
BD145,Cacodylate,Group 19,Metal,K00133
BD145,Cacodylate,Group 19,Metal,K00133
BD145,Cadmium chloride,Group 19,Metal,K01971
BD145,Cadmium chloride,Group 19,Metal,K01971
BD145,Cadmium chloride,Group 19,Metal,K01971
BD145,Cadmium chloride,Group 19,Inorganic,K01971
BD145,Cadmium chloride,Group 19,Inorganic,K01971
BD145,Cadmium chloride,Group 19,Inorganic,K01971
BD145,Cadmium chloride,Group 19,Chlorinated,K01971
BD145,Cadmium chloride,Group 19,Chlorinated,K01971
BD145,Cadmium chloride,Group 19,Chlorinated,K01971
BD145,Cadmium chloride,Group 19,Metal,K10747
BD145,Cadmium chloride,Group 19,Metal,K10747
BD145,Cadmium chloride,Group 19,Metal,K10747
BD145,Cadmium chloride,Group 19,Inorganic,K10747
BD145,Cadmium chloride,Group 19,Inorganic,K10747
BD145,Cadmium chloride,Group 19,Inorganic,K10747
BD145,Cadmium chloride,Group 19,Chlorinated,K10747
BD145,Cadmium chloride,Group 19,Chlorinated,K10747
BD145,Cadmium chloride,Group 19,Chlorinated,K10747
BD145,Caffeate,Group 19,Aromatic,K03186
BD145,Captafol,Group 19,Chlorinated,K00652
BD145,Captafol,Group 19,Nitrogen-containing,K00652
BD145,Captafol,Group 19,Sulfur-containing,K00652
BD145,Carbon tetrachloride,Group 19,Chlorinated,K00384
BD145,Carbon tetrachloride,Group 19,Chlorinated,K00384
BD145,Carbon tetrachloride,Group 19,Chlorinated,K00384
BD145,Carbon tetrachloride,Group 19,Chlorinated,K00384
BD145,Carbon tetrachloride,Group 19,Chlorinated,K00384
BD145,Carbon tetrachloride,Group 19,Chlorinated,K00789
BD145,Carbon tetrachloride,Group 19,Chlorinated,K00789
BD145,Carbon tetrachloride,Group 19,Chlorinated,K00789
BD145,Carbon tetrachloride,Group 19,Chlorinated,K00789
BD145,Carbon tetrachloride,Group 19,Chlorinated,K00789
BD145,Carbon tetrachloride,Group 19,Chlorinated,K01081
BD145,Carbon tetrachloride,Group 19,Chlorinated,K01081
BD145,Carbon tetrachloride,Group 19,Chlorinated,K01081
BD145,Carbon tetrachloride,Group 19,Chlorinated,K01081
BD145,Carbon tetrachloride,Group 19,Chlorinated,K01081
BD145,Carbon tetrachloride,Group 19,Chlorinated,K11751
BD145,Carbon tetrachloride,Group 19,Chlorinated,K11751
BD145,Carbon tetrachloride,Group 19,Chlorinated,K11751
BD145,Carbon tetrachloride,Group 19,Chlorinated,K11751
BD145,Carbon tetrachloride,Group 19,Chlorinated,K11751
BD145,Carbon tetrachloride,Group 19,Chlorinated,K01563
BD145,Carbon tetrachloride,Group 19,Chlorinated,K01563
BD145,Carbon tetrachloride,Group 19,Chlorinated,K01563
BD145,Carbon tetrachloride,Group 19,Chlorinated,K01563
BD145,Carbon tetrachloride,Group 19,Chlorinated,K01563
BD145,Carbon tetrachloride,Group 19,Chlorinated,K01919
BD145,Carbon tetrachloride,Group 19,Chlorinated,K01919
BD145,Carbon tetrachloride,Group 19,Chlorinated,K01919
BD145,Carbon tetrachloride,Group 19,Chlorinated,K01919
BD145,Carbon tetrachloride,Group 19,Chlorinated,K01919
BD145,Carbon tetrachloride,Group 19,Chlorinated,K06048
BD145,Carbon tetrachloride,Group 19,Chlorinated,K06048
BD145,Carbon tetrachloride,Group 19,Chlorinated,K06048
BD145,Carbon tetrachloride,Group 19,Chlorinated,K06048
BD145,Carbon tetrachloride,Group 19,Chlorinated,K06048
BD145,Carbon tetrachloride,Group 19,Chlorinated,K03787
BD145,Carbon tetrachloride,Group 19,Chlorinated,K03787
BD145,Carbon tetrachloride,Group 19,Chlorinated,K03787
BD145,Carbon tetrachloride,Group 19,Chlorinated,K03787
BD145,Carbon tetrachloride,Group 19,Chlorinated,K03787
BD145,Catechol,Group 19,Aromatic,K14578
BD145,Catechol,Group 19,Aromatic,K14578
BD145,Catechol,Group 19,Aromatic,K14578
BD145,Catechol,Group 19,Aromatic,K14578
BD145,Catechol,Group 19,Aromatic,K14578
BD145,Catechol,Group 19,Aromatic,K16319
BD145,Catechol,Group 19,Aromatic,K16319
BD145,Catechol,Group 19,Aromatic,K16319
BD145,Catechol,Group 19,Aromatic,K16319
BD145,Catechol,Group 19,Aromatic,K16319
BD145,Catechol,Group 19,Aromatic,K16320
BD145,Catechol,Group 19,Aromatic,K16320
BD145,Catechol,Group 19,Aromatic,K16320
BD145,Catechol,Group 19,Aromatic,K16320
BD145,Catechol,Group 19,Aromatic,K16320
BD145,Chloral hydrate,Group 19,Chlorinated,K00121
BD145,Chloral hydrate,Group 19,Aliphatic,K00121
BD145,Chloral hydrate,Group 19,Chlorinated,K13953
BD145,Chloral hydrate,Group 19,Aliphatic,K13953
BD145,Chloramine,Group 19,Nitrogen-containing,K03386
BD145,Chloramine,Group 19,Chlorinated,K03386
BD145,Chloramine,Group 19,Nitrogen-containing,K03564
BD145,Chloramine,Group 19,Chlorinated,K03564
BD145,Chloraminophenamide,Group 19,Nitrogen-containing,K01673
BD145,Chloraminophenamide,Group 19,Sulfur-containing,K01673
BD145,Chloraminophenamide,Group 19,Chlorinated,K01673
BD145,Chloraminophenamide,Group 19,Aromatic,K01673
BD145,Chloramphenicol,Group 19,Aromatic,K00638
BD145,Chloramphenicol,Group 19,Nitrogen-containing,K00638
BD145,Chloramphenicol,Group 19,Chlorinated,K00638
BD145,Chloroform,Group 19,Chlorinated,K01434
BD145,Chloroform,Group 19,Chlorinated,K01434
BD145,Chloroform,Group 19,Chlorinated,K01434
BD145,Chloroform,Group 19,Chlorinated,K01434
BD145,Chloroform,Group 19,Chlorinated,K01434
BD145,Chloroform,Group 19,Chlorinated,K01434
BD145,Chloroform,Group 19,Chlorinated,K01434
BD145,Chloroform,Group 19,Aliphatic,K01434
BD145,Chloroform,Group 19,Aliphatic,K01434
BD145,Chloroform,Group 19,Aliphatic,K01434
BD145,Chloroform,Group 19,Aliphatic,K01434
BD145,Chloroform,Group 19,Aliphatic,K01434
BD145,Chloroform,Group 19,Aliphatic,K01434
BD145,Chloroform,Group 19,Aliphatic,K01434
BD145,Chloroform,Group 19,Chlorinated,K01502
BD145,Chloroform,Group 19,Chlorinated,K01502
BD145,Chloroform,Group 19,Chlorinated,K01502
BD145,Chloroform,Group 19,Chlorinated,K01502
BD145,Chloroform,Group 19,Chlorinated,K01502
BD145,Chloroform,Group 19,Chlorinated,K01502
BD145,Chloroform,Group 19,Chlorinated,K01502
BD145,Chloroform,Group 19,Aliphatic,K01502
BD145,Chloroform,Group 19,Aliphatic,K01502
BD145,Chloroform,Group 19,Aliphatic,K01502
BD145,Chloroform,Group 19,Aliphatic,K01502
BD145,Chloroform,Group 19,Aliphatic,K01502
BD145,Chloroform,Group 19,Aliphatic,K01502
BD145,Chloroform,Group 19,Aliphatic,K01502
BD145,Chloroform,Group 19,Chlorinated,K01563
BD145,Chloroform,Group 19,Chlorinated,K01563
BD145,Chloroform,Group 19,Chlorinated,K01563
BD145,Chloroform,Group 19,Chlorinated,K01563
BD145,Chloroform,Group 19,Chlorinated,K01563
BD145,Chloroform,Group 19,Chlorinated,K01563
BD145,Chloroform,Group 19,Chlorinated,K01563
BD145,Chloroform,Group 19,Aliphatic,K01563
BD145,Chloroform,Group 19,Aliphatic,K01563
BD145,Chloroform,Group 19,Aliphatic,K01563
BD145,Chloroform,Group 19,Aliphatic,K01563
BD145,Chloroform,Group 19,Aliphatic,K01563
BD145,Chloroform,Group 19,Aliphatic,K01563
BD145,Chloroform,Group 19,Aliphatic,K01563
BD145,Chlorpyrifos,Group 19,Organophosphorus,K00799
BD145,Chlorpyrifos,Group 19,Organophosphorus,K00799
BD145,Chlorpyrifos,Group 19,Organophosphorus,K00799
BD145,Chlorpyrifos,Group 19,Chlorinated,K00799
BD145,Chlorpyrifos,Group 19,Chlorinated,K00799
BD145,Chlorpyrifos,Group 19,Chlorinated,K00799
BD145,Chlorpyrifos,Group 19,Organophosphorus,K10804
BD145,Chlorpyrifos,Group 19,Organophosphorus,K10804
BD145,Chlorpyrifos,Group 19,Organophosphorus,K10804
BD145,Chlorpyrifos,Group 19,Chlorinated,K10804
BD145,Chlorpyrifos,Group 19,Chlorinated,K10804
BD145,Chlorpyrifos,Group 19,Chlorinated,K10804
BD145,Chlorpyrifos-methyl,Group 19,Organophosphorus,K01432
BD145,Chlorpyrifos-methyl,Group 19,Chlorinated,K01432
BD145,Chlorpyrifos-methyl,Group 19,Nitrogen-containing,K01432
BD145,Chlorpyrifos-methyl,Group 19,Sulfur-containing,K01432
BD145,Cobalt,Group 19,Metal,K01870
BD145,Cobaltous sulfate,Group 19,Metal,K01779
BD145,Cobaltous sulfate,Group 19,Inorganic,K01779
BD145,Cobaltous sulfate,Group 19,Metal,K05810
BD145,Cobaltous sulfate,Group 19,Inorganic,K05810
BD145,Cobaltous sulfate,Group 19,Metal,K11645
BD145,Cobaltous sulfate,Group 19,Inorganic,K11645
BD145,Copper,Group 19,Metal,K00404
BD145,Copper,Group 19,Metal,K00404
BD145,Copper,Group 19,Metal,K00404
BD145,Copper,Group 19,Metal,K01533
BD145,Copper,Group 19,Metal,K01533
BD145,Copper,Group 19,Metal,K01533
BD145,Copper,Group 19,Metal,K02274
BD145,Copper,Group 19,Metal,K02274
BD145,Copper,Group 19,Metal,K02274
BD145,Copper,Group 19,Metal,K15408
BD145,Copper,Group 19,Metal,K15408
BD145,Copper,Group 19,Metal,K15408
BD145,Copper,Group 19,Metal,K02275
BD145,Copper,Group 19,Metal,K02275
BD145,Copper,Group 19,Metal,K02275
BD145,Copper,Group 19,Metal,K02276
BD145,Copper,Group 19,Metal,K02276
BD145,Copper,Group 19,Metal,K02276
BD145,Copper,Group 19,Metal,K02277
BD145,Copper,Group 19,Metal,K02277
BD145,Copper,Group 19,Metal,K02277
BD145,Copper,Group 19,Metal,K17686
BD145,Copper,Group 19,Metal,K17686
BD145,Copper,Group 19,Metal,K17686
BD145,Cyanide ion,Group 19,Nitrogen-containing,K01011
BD145,Cyanide ion,Group 19,Nitrogen-containing,K01011
BD145,Cyanide ion,Group 19,Nitrogen-containing,K01011
BD145,Cyanide ion,Group 19,Inorganic,K01011
BD145,Cyanide ion,Group 19,Inorganic,K01011
BD145,Cyanide ion,Group 19,Inorganic,K01011
BD145,Cyclohexyl isocyanide,Group 19,Nitrogen-containing,K18199
BD145,Cyclohexyl isocyanide,Group 19,Aliphatic,K18199
BD145,Cypermethrin,Group 19,Polyaromatic,K00799
BD145,Cypermethrin,Group 19,Chlorinated,K00799
BD145,Cypermethrin,Group 19,Nitrogen-containing,K00799
BD145,Cypermethrin,Group 19,Polyaromatic,K11915
BD145,Cypermethrin,Group 19,Chlorinated,K11915
BD145,Cypermethrin,Group 19,Nitrogen-containing,K11915
BD145,Danthron,Group 19,Aromatic,K00344
BD145,Danthron,Group 19,Aromatic,K00355
BD145,Danthron,Group 19,Aromatic,K00383
BD145,Danthron,Group 19,Aromatic,K00384
BD145,Danthron,Group 19,Aromatic,K00528
BD145,Danthron,Group 19,Aromatic,K03809
BD145,Dichlorvos,Group 19,Organophosphorus,K00799
BD145,Dichlorvos,Group 19,Organophosphorus,K00799
BD145,Dichlorvos,Group 19,Organophosphorus,K00799
BD145,Dichlorvos,Group 19,Chlorinated,K00799
BD145,Dichlorvos,Group 19,Chlorinated,K00799
BD145,Dichlorvos,Group 19,Chlorinated,K00799
BD145,Dichlorvos,Group 19,Organophosphorus,K01048
BD145,Dichlorvos,Group 19,Organophosphorus,K01048
BD145,Dichlorvos,Group 19,Organophosphorus,K01048
BD145,Dichlorvos,Group 19,Chlorinated,K01048
BD145,Dichlorvos,Group 19,Chlorinated,K01048
BD145,Dichlorvos,Group 19,Chlorinated,K01048
BD145,Digoxin,Group 19,Aliphatic,K00383
BD145,Dimethoate,Group 19,Nitrogen-containing,K01432
BD145,Dimethoate,Group 19,Organophosphorus,K01432
BD145,Dimethoate,Group 19,Sulfur-containing,K01432
BD145,Disulfoton,Group 19,Organophosphorus,K00485
BD145,Disulfoton,Group 19,Sulfur-containing,K00485
BD145,Disulfoton,Group 19,Organophosphorus,K14520
BD145,Disulfoton,Group 19,Sulfur-containing,K14520
BD145,Endosulfan,Group 19,Chlorinated,K00799
BD145,Endosulfan,Group 19,Chlorinated,K00799
BD145,Endosulfan,Group 19,Chlorinated,K00799
BD145,Endosulfan,Group 19,Chlorinated,K00799
BD145,Endosulfan,Group 19,Inorganic,K00799
BD145,Endosulfan,Group 19,Inorganic,K00799
BD145,Endosulfan,Group 19,Inorganic,K00799
BD145,Endosulfan,Group 19,Inorganic,K00799
BD145,Epichlorohydrin,Group 19,Chlorinated,K00457
BD145,Epichlorohydrin,Group 19,Aliphatic,K00457
BD145,Epichlorohydrin,Group 19,Chlorinated,K00799
BD145,Epichlorohydrin,Group 19,Aliphatic,K00799
BD145,Epichlorohydrin,Group 19,Chlorinated,K01563
BD145,Epichlorohydrin,Group 19,Aliphatic,K01563
BD145,Epichlorohydrin,Group 19,Chlorinated,K05349
BD145,Epichlorohydrin,Group 19,Aliphatic,K05349
BD145,Ethanol,Group 19,Aliphatic,K00121
BD145,Ethanol,Group 19,Aliphatic,K13953
BD145,Ethanol,Group 19,Aliphatic,K13979
BD145,Ethyl acrylate,Group 19,Aliphatic,K01426
BD145,Ethylbenzene,Group 19,Aromatic,K14748
BD145,Ethylbenzene,Group 19,Aromatic,K14748
BD145,Ethylbenzene,Group 19,Aromatic,K14748
BD145,Ethylbenzene,Group 19,Aromatic,K14748
BD145,Ethylbenzene,Group 19,Aromatic,K14578
BD145,Ethylbenzene,Group 19,Aromatic,K14578
BD145,Ethylbenzene,Group 19,Aromatic,K14578
BD145,Ethylbenzene,Group 19,Aromatic,K14578
BD145,Ethylbenzene,Group 19,Aromatic,K14749
BD145,Ethylbenzene,Group 19,Aromatic,K14749
BD145,Ethylbenzene,Group 19,Aromatic,K14749
BD145,Ethylbenzene,Group 19,Aromatic,K14749
BD145,Etoposide,Group 19,Polyaromatic,K00432
BD145,Fluoranthene,Group 19,Polyaromatic,K00433
BD145,Fluoranthene,Group 19,Polyaromatic,K00433
BD145,Fluoranthene,Group 19,Polyaromatic,K00433
BD145,Fluoranthene,Group 19,Polyaromatic,K00433
BD145,Fluoren-9-ol,Group 19,Polyaromatic,K14578
BD145,Fluoren-9-ol,Group 19,Polyaromatic,K14578
BD145,Fluoren-9-ol,Group 19,Polyaromatic,K14578
BD145,Fluoren-9-ol,Group 19,Polyaromatic,K14578
BD145,Fluorene,Group 19,Polyaromatic,K14578
BD145,Fluorene,Group 19,Polyaromatic,K14578
BD145,Fluorene,Group 19,Polyaromatic,K14578
BD145,Fluorene,Group 19,Polyaromatic,K14578
BD145,Fluorene,Group 19,Polyaromatic,K14578
BD145,Formaldehyde,Group 19,Aliphatic,K00276
BD145,Formaldehyde,Group 19,Aliphatic,K00276
BD145,Formaldehyde,Group 19,Aliphatic,K00276
BD145,Formaldehyde,Group 19,Aliphatic,K00302
BD145,Formaldehyde,Group 19,Aliphatic,K00302
BD145,Formaldehyde,Group 19,Aliphatic,K00302
BD145,Formaldehyde,Group 19,Aliphatic,K00303
BD145,Formaldehyde,Group 19,Aliphatic,K00303
BD145,Formaldehyde,Group 19,Aliphatic,K00303
BD145,Formaldehyde,Group 19,Aliphatic,K00304
BD145,Formaldehyde,Group 19,Aliphatic,K00304
BD145,Formaldehyde,Group 19,Aliphatic,K00304
BD145,Formaldehyde,Group 19,Aliphatic,K00305
BD145,Formaldehyde,Group 19,Aliphatic,K00305
BD145,Formaldehyde,Group 19,Aliphatic,K00305
BD145,Formaldehyde,Group 19,Aliphatic,K00479
BD145,Formaldehyde,Group 19,Aliphatic,K00479
BD145,Formaldehyde,Group 19,Aliphatic,K00479
BD145,Formaldehyde,Group 19,Aliphatic,K00606
BD145,Formaldehyde,Group 19,Aliphatic,K00606
BD145,Formaldehyde,Group 19,Aliphatic,K00606
BD145,Formaldehyde,Group 19,Aliphatic,K01563
BD145,Formaldehyde,Group 19,Aliphatic,K01563
BD145,Formaldehyde,Group 19,Aliphatic,K01563
BD145,Formaldehyde,Group 19,Aliphatic,K03781
BD145,Formaldehyde,Group 19,Aliphatic,K03781
BD145,Formaldehyde,Group 19,Aliphatic,K03781
BD145,Formaldehyde,Group 19,Aliphatic,K03782
BD145,Formaldehyde,Group 19,Aliphatic,K03782
BD145,Formaldehyde,Group 19,Aliphatic,K03782
BD145,Glycidaldehyde,Group 19,Aliphatic,K00600
BD145,Hydrochlorothiazide,Group 19,Nitrogen-containing,K01673
BD145,Hydrochlorothiazide,Group 19,Sulfur-containing,K01673
BD145,Hydrochlorothiazide,Group 19,Chlorinated,K01673
BD145,Hydrochlorothiazide,Group 19,Aromatic,K01673
BD145,Hydrogen cyanide,Group 19,Nitrogen-containing,K00799
BD145,Lead nitrate,Group 19,Metal,K00383
BD145,Lead nitrate,Group 19,Metal,K00383
BD145,Lead nitrate,Group 19,Inorganic,K00383
BD145,Lead nitrate,Group 19,Inorganic,K00383
BD145,Lead nitrate,Group 19,Nitrogen-containing,K00383
BD145,Lead nitrate,Group 19,Nitrogen-containing,K00383
BD145,Lead nitrate,Group 19,Metal,K00620
BD145,Lead nitrate,Group 19,Metal,K00620
BD145,Lead nitrate,Group 19,Inorganic,K00620
BD145,Lead nitrate,Group 19,Inorganic,K00620
BD145,Lead nitrate,Group 19,Nitrogen-containing,K00620
BD145,Lead nitrate,Group 19,Nitrogen-containing,K00620
BD145,Lead nitrate,Group 19,Metal,K00845
BD145,Lead nitrate,Group 19,Metal,K00845
BD145,Lead nitrate,Group 19,Inorganic,K00845
BD145,Lead nitrate,Group 19,Inorganic,K00845
BD145,Lead nitrate,Group 19,Nitrogen-containing,K00845
BD145,Lead nitrate,Group 19,Nitrogen-containing,K00845
BD145,Lead nitrate,Group 19,Metal,K01749
BD145,Lead nitrate,Group 19,Metal,K01749
BD145,Lead nitrate,Group 19,Inorganic,K01749
BD145,Lead nitrate,Group 19,Inorganic,K01749
BD145,Lead nitrate,Group 19,Nitrogen-containing,K01749
BD145,Lead nitrate,Group 19,Nitrogen-containing,K01749
BD145,Mercuric chloride,Group 19,Metal,K00459
BD145,Mercuric chloride,Group 19,Metal,K00459
BD145,Mercuric chloride,Group 19,Chlorinated,K00459
BD145,Mercuric chloride,Group 19,Chlorinated,K00459
BD145,Merphalan,Group 19,Nitrogen-containing,K01271
BD145,Merphalan,Group 19,Chlorinated,K01271
BD145,Merphalan,Group 19,Aromatic,K01271
BD145,Methane,Group 19,Aliphatic,K06163
BD145,Methyl bromide,Group 19,Halogenated,K00567
BD145,Methyl bromide,Group 19,Aliphatic,K00567
BD145,Methyl bromide,Group 19,Halogenated,K10778
BD145,Methyl bromide,Group 19,Aliphatic,K10778
BD145,Methyl chloride,Group 19,Chlorinated,K01563
BD145,Methyl chloride,Group 19,Chlorinated,K01563
BD145,Methyl chloride,Group 19,Aliphatic,K01563
BD145,Methyl chloride,Group 19,Aliphatic,K01563
BD145,Methyl isobutyl ketone,Group 19,Aliphatic,K00263
BD145,Methylmercury chloride,Group 19,Organometallic,K00248
BD145,Methylmercury chloride,Group 19,Organometallic,K00248
BD145,Methylmercury chloride,Group 19,Organometallic,K00248
BD145,Methylmercury chloride,Group 19,Chlorinated,K00248
BD145,Methylmercury chloride,Group 19,Chlorinated,K00248
BD145,Methylmercury chloride,Group 19,Chlorinated,K00248
BD145,Methylmercury chloride,Group 19,Organometallic,K00249
BD145,Methylmercury chloride,Group 19,Organometallic,K00249
BD145,Methylmercury chloride,Group 19,Organometallic,K00249
BD145,Methylmercury chloride,Group 19,Chlorinated,K00249
BD145,Methylmercury chloride,Group 19,Chlorinated,K00249
BD145,Methylmercury chloride,Group 19,Chlorinated,K00249
BD145,Methylmercury chloride,Group 19,Organometallic,K01262
BD145,Methylmercury chloride,Group 19,Organometallic,K01262
BD145,Methylmercury chloride,Group 19,Organometallic,K01262
BD145,Methylmercury chloride,Group 19,Chlorinated,K01262
BD145,Methylmercury chloride,Group 19,Chlorinated,K01262
BD145,Methylmercury chloride,Group 19,Chlorinated,K01262
BD145,Methylmercury chloride,Group 19,Organometallic,K01919
BD145,Methylmercury chloride,Group 19,Organometallic,K01919
BD145,Methylmercury chloride,Group 19,Organometallic,K01919
BD145,Methylmercury chloride,Group 19,Chlorinated,K01919
BD145,Methylmercury chloride,Group 19,Chlorinated,K01919
BD145,Methylmercury chloride,Group 19,Chlorinated,K01919
BD145,Methylmercury chloride,Group 19,Organometallic,K06048
BD145,Methylmercury chloride,Group 19,Organometallic,K06048
BD145,Methylmercury chloride,Group 19,Organometallic,K06048
BD145,Methylmercury chloride,Group 19,Chlorinated,K06048
BD145,Methylmercury chloride,Group 19,Chlorinated,K06048
BD145,Methylmercury chloride,Group 19,Chlorinated,K06048
BD145,Methylnitrosourea,Group 19,Nitrogen-containing,K12410
BD145,Methylnitrosourea,Group 19,Aliphatic,K12410
BD145,Microcystin LR,Group 19,Nitrogen-containing,K01595
BD145,Microcystin LR,Group 19,Aromatic,K01595
BD145,Mitomycin,Group 19,Nitrogen-containing,K03809
BD145,Mitomycin,Group 19,Polyaromatic,K03809
BD145,Mitoxantrone,Group 19,Nitrogen-containing,K01104
BD145,Mitoxantrone,Group 19,Polyaromatic,K01104
BD145,"N,N'-Diacetylbenzidine",Group 19,Nitrogen-containing,K03594
BD145,"N,N'-Diacetylbenzidine",Group 19,Polyaromatic,K03594
BD145,"N,N-Dimethylaniline",Group 19,Aromatic,K00485
BD145,"N,N-Dimethylaniline",Group 19,Nitrogen-containing,K00485
BD145,"N,N-Dimethylformamide",Group 19,Nitrogen-containing,K03418
BD145,"N,N-Dimethylformamide",Group 19,Nitrogen-containing,K03418
BD145,"N,N-Dimethylformamide",Group 19,Nitrogen-containing,K03418
BD145,"N,N-Dimethylformamide",Group 19,Aliphatic,K03418
BD145,"N,N-Dimethylformamide",Group 19,Aliphatic,K03418
BD145,"N,N-Dimethylformamide",Group 19,Aliphatic,K03418
BD145,Nafenopin,Group 19,Polyaromatic,K01961
BD145,Nafenopin,Group 19,Polyaromatic,K01962
BD145,Nafenopin,Group 19,Polyaromatic,K01963
BD145,Naphthalene,Group 19,Polyaromatic,K14578
BD145,Naphthalene,Group 19,Polyaromatic,K14578
BD145,Naphthalene,Group 19,Polyaromatic,K14578
BD145,Naphthalene,Group 19,Polyaromatic,K14578
BD145,Naphthalene,Group 19,Polyaromatic,K14578
BD145,Naphthalene,Group 19,Polyaromatic,K14578
BD145,Nickel chloride,Group 19,Metal,K01507
BD145,Nickel chloride,Group 19,Metal,K01507
BD145,Nickel chloride,Group 19,Metal,K01507
BD145,Nickel chloride,Group 19,Inorganic,K01507
BD145,Nickel chloride,Group 19,Inorganic,K01507
BD145,Nickel chloride,Group 19,Inorganic,K01507
BD145,Nickel chloride,Group 19,Chlorinated,K01507
BD145,Nickel chloride,Group 19,Chlorinated,K01507
BD145,Nickel chloride,Group 19,Chlorinated,K01507
BD145,Nitrate,Group 19,Nitrogen-containing,K00370
BD145,Nitrate,Group 19,Inorganic,K00370
BD145,Nitrate,Group 19,Nitrogen-containing,K00371
BD145,Nitrate,Group 19,Inorganic,K00371
BD145,Nitrate,Group 19,Nitrogen-containing,K00372
BD145,Nitrate,Group 19,Inorganic,K00372
BD145,Nitrate,Group 19,Nitrogen-containing,K00374
BD145,Nitrate,Group 19,Inorganic,K00374
BD145,Nitrate,Group 19,Nitrogen-containing,K05916
BD145,Nitrate,Group 19,Inorganic,K05916
BD145,Nitrite,Group 19,Nitrogen-containing,K00362
BD145,Nitrite,Group 19,Inorganic,K00362
BD145,Nitrite,Group 19,Nitrogen-containing,K00363
BD145,Nitrite,Group 19,Inorganic,K00363
BD145,Nitrite,Group 19,Nitrogen-containing,K00370
BD145,Nitrite,Group 19,Inorganic,K00370
BD145,Nitrite,Group 19,Nitrogen-containing,K00371
BD145,Nitrite,Group 19,Inorganic,K00371
BD145,Nitrite,Group 19,Nitrogen-containing,K00372
BD145,Nitrite,Group 19,Inorganic,K00372
BD145,Nitrite,Group 19,Nitrogen-containing,K00374
BD145,Nitrite,Group 19,Inorganic,K00374
BD145,Nitrite,Group 19,Nitrogen-containing,K00459
BD145,Nitrite,Group 19,Inorganic,K00459
BD145,Nitrite,Group 19,Nitrogen-containing,K14578
BD145,Nitrite,Group 19,Inorganic,K14578
BD145,Nitrobenzene,Group 19,Nitrogen-containing,K14578
BD145,Nitrobenzene,Group 19,Nitrogen-containing,K14578
BD145,Nitrobenzene,Group 19,Aromatic,K14578
BD145,Nitrobenzene,Group 19,Aromatic,K14578
BD145,Nitrofen,Group 19,Chlorinated,K00231
BD145,Nitrofen,Group 19,Polyaromatic,K00231
BD145,Nitrofen,Group 19,Nitrogen-containing,K00231
BD145,Nitrogen mustard,Group 19,Chlorinated,K00130
BD145,Nitrogen mustard,Group 19,Nitrogen-containing,K00130
BD145,Nitrogen mustard,Group 19,Chlorinated,K00383
BD145,Nitrogen mustard,Group 19,Nitrogen-containing,K00383
BD145,Nitromethane,Group 19,Nitrogen-containing,K00459
BD145,Nitromethane,Group 19,Inorganic,K00459
BD145,Nitromethane,Group 19,Nitrogen-containing,K01745
BD145,Nitromethane,Group 19,Inorganic,K01745
BD145,Phenacetin,Group 19,Aromatic,K01271
BD145,Phenacetin,Group 19,Nitrogen-containing,K01271
BD145,Phenacetin,Group 19,Aromatic,K01426
BD145,Phenacetin,Group 19,Nitrogen-containing,K01426
BD145,Phenol,Group 19,Aromatic,K03186
BD145,Phenol,Group 19,Aromatic,K03186
BD145,Phenol,Group 19,Aromatic,K03186
BD145,Phenol,Group 19,Aromatic,K03186
BD145,Phenol,Group 19,Aromatic,K10804
BD145,Phenol,Group 19,Aromatic,K10804
BD145,Phenol,Group 19,Aromatic,K10804
BD145,Phenol,Group 19,Aromatic,K10804
BD145,Phenol,Group 19,Aromatic,K10804
BD145,Phenylmercury acetate,Group 19,Organometallic,K04564
BD145,Phenylmercury acetate,Group 19,Organometallic,K04564
BD145,Phenylmercury acetate,Group 19,Aromatic,K04564
BD145,Phenylmercury acetate,Group 19,Aromatic,K04564
BD145,Phenylmethanesulfonyl fluoride,Group 19,Sulfur-containing,K00024
BD145,Phenylmethanesulfonyl fluoride,Group 19,Aromatic,K00024
BD145,Phorate,Group 19,Organophosphorus,K00485
BD145,Phorate,Group 19,Sulfur-containing,K00485
BD145,Phorate,Group 19,Organophosphorus,K01432
BD145,Phorate,Group 19,Sulfur-containing,K01432
BD145,Salicylate,Group 19,Aromatic,K12238
BD145,Salicylate,Group 19,Aromatic,K12238
BD145,Salicylate,Group 19,Aromatic,K12238
BD145,Salicylate,Group 19,Aromatic,K12238
BD145,Salicylate,Group 19,Aromatic,K14578
BD145,Salicylate,Group 19,Aromatic,K14578
BD145,Salicylate,Group 19,Aromatic,K14578
BD145,Salicylate,Group 19,Aromatic,K14578
BD145,Salicylate,Group 19,Aromatic,K18242
BD145,Salicylate,Group 19,Aromatic,K18242
BD145,Salicylate,Group 19,Aromatic,K18242
BD145,Salicylate,Group 19,Aromatic,K18242
BD145,Salicylate,Group 19,Aromatic,K18243
BD145,Salicylate,Group 19,Aromatic,K18243
BD145,Salicylate,Group 19,Aromatic,K18243
BD145,Salicylate,Group 19,Aromatic,K18243
BD145,Simazine,Group 19,Nitrogen-containing,K01673
BD145,Simazine,Group 19,Nitrogen-containing,K01673
BD145,Simazine,Group 19,Chlorinated,K01673
BD145,Simazine,Group 19,Chlorinated,K01673
BD145,Sodium arsenite,Group 19,Inorganic,K00128
BD145,Sodium arsenite,Group 19,Metal,K00128
BD145,Sodium arsenite,Group 19,Inorganic,K00265
BD145,Sodium arsenite,Group 19,Metal,K00265
BD145,Sodium arsenite,Group 19,Inorganic,K00266
BD145,Sodium arsenite,Group 19,Metal,K00266
BD145,Sodium arsenite,Group 19,Inorganic,K01011
BD145,Sodium arsenite,Group 19,Metal,K01011
BD145,Sodium arsenite,Group 19,Inorganic,K01432
BD145,Sodium arsenite,Group 19,Metal,K01432
BD145,Sodium fluoride,Group 19,Inorganic,K00024
BD145,Streptozocin,Group 19,Nitrogen-containing,K01028
BD145,Streptozocin,Group 19,Aliphatic,K01028
BD145,Streptozocin,Group 19,Nitrogen-containing,K01029
BD145,Streptozocin,Group 19,Aliphatic,K01029
BD145,Streptozocin,Group 19,Nitrogen-containing,K01495
BD145,Streptozocin,Group 19,Aliphatic,K01495
BD145,Streptozocin,Group 19,Nitrogen-containing,K01758
BD145,Streptozocin,Group 19,Aliphatic,K01758
BD145,Streptozocin,Group 19,Nitrogen-containing,K09007
BD145,Streptozocin,Group 19,Aliphatic,K09007
BD145,Strontium cation,Group 19,Metal,K00128
BD145,Styrene,Group 19,Aromatic,K14578
BD145,Styrene,Group 19,Aromatic,K14578
BD145,Styrene,Group 19,Aromatic,K14578
BD145,Sulfasalazine,Group 19,Nitrogen-containing,K00569
BD145,Sulfasalazine,Group 19,Sulfur-containing,K00569
BD145,Sulfasalazine,Group 19,Polyaromatic,K00569
BD145,Sulfasalazine,Group 19,Nitrogen-containing,K00927
BD145,Sulfasalazine,Group 19,Sulfur-containing,K00927
BD145,Sulfasalazine,Group 19,Polyaromatic,K00927
BD145,Sulfasalazine,Group 19,Nitrogen-containing,K02488
BD145,Sulfasalazine,Group 19,Sulfur-containing,K02488
BD145,Sulfasalazine,Group 19,Polyaromatic,K02488
BD145,Sulfasalazine,Group 19,Nitrogen-containing,K13590
BD145,Sulfasalazine,Group 19,Sulfur-containing,K13590
BD145,Sulfasalazine,Group 19,Polyaromatic,K13590
BD145,Tamoxifen,Group 19,Polyaromatic,K00485
BD145,Tamoxifen,Group 19,Nitrogen-containing,K00485
BD145,Tetranitromethane,Group 19,Nitrogen-containing,K00278
BD145,Tetranitromethane,Group 19,Inorganic,K00278
BD145,Thioacetamide,Group 19,Nitrogen-containing,K00384
BD145,Thioacetamide,Group 19,Sulfur-containing,K00384
BD145,Thioacetamide,Group 19,Aliphatic,K00384
BD145,Thioacetamide,Group 19,Nitrogen-containing,K01081
BD145,Thioacetamide,Group 19,Sulfur-containing,K01081
BD145,Thioacetamide,Group 19,Aliphatic,K01081
BD145,Thioacetamide,Group 19,Nitrogen-containing,K11751
BD145,Thioacetamide,Group 19,Sulfur-containing,K11751
BD145,Thioacetamide,Group 19,Aliphatic,K11751
BD145,Thioacetamide,Group 19,Nitrogen-containing,K01426
BD145,Thioacetamide,Group 19,Sulfur-containing,K01426
BD145,Thioacetamide,Group 19,Aliphatic,K01426
BD145,Thioacetamide,Group 19,Nitrogen-containing,K01721
BD145,Thioacetamide,Group 19,Sulfur-containing,K01721
BD145,Thioacetamide,Group 19,Aliphatic,K01721
BD145,Thioacetamide,Group 19,Nitrogen-containing,K01919
BD145,Thioacetamide,Group 19,Sulfur-containing,K01919
BD145,Thioacetamide,Group 19,Aliphatic,K01919
BD145,Thioacetamide,Group 19,Nitrogen-containing,K01920
BD145,Thioacetamide,Group 19,Sulfur-containing,K01920
BD145,Thioacetamide,Group 19,Aliphatic,K01920
BD145,Thioacetamide,Group 19,Nitrogen-containing,K03787
BD145,Thioacetamide,Group 19,Sulfur-containing,K03787
BD145,Thioacetamide,Group 19,Aliphatic,K03787
BD145,Thioacetamide,Group 19,Nitrogen-containing,K20807
BD145,Thioacetamide,Group 19,Sulfur-containing,K20807
BD145,Thioacetamide,Group 19,Aliphatic,K20807
BD145,Thiocyanate,Group 19,Sulfur-containing,K01011
BD145,Thiocyanate,Group 19,Nitrogen-containing,K01011
BD145,Thiouracil,Group 19,Nitrogen-containing,K00433
BD145,Thiouracil,Group 19,Sulfur-containing,K00433
BD145,Thiouracil,Group 19,Aliphatic,K00433
BD145,Thiouracil,Group 19,Nitrogen-containing,K00569
BD145,Thiouracil,Group 19,Sulfur-containing,K00569
BD145,Thiouracil,Group 19,Aliphatic,K00569
BD145,Thiouracil,Group 19,Nitrogen-containing,K00761
BD145,Thiouracil,Group 19,Sulfur-containing,K00761
BD145,Thiouracil,Group 19,Aliphatic,K00761
BD145,Thiouracil,Group 19,Nitrogen-containing,K01464
BD145,Thiouracil,Group 19,Sulfur-containing,K01464
BD145,Thiouracil,Group 19,Aliphatic,K01464
BD145,Thiouracil,Group 19,Nitrogen-containing,K01485
BD145,Thiouracil,Group 19,Sulfur-containing,K01485
BD145,Thiouracil,Group 19,Aliphatic,K01485
BD145,Tributyltin chloride,Group 19,Metal,K01768
BD145,Tributyltin chloride,Group 19,Metal,K01768
BD145,Tributyltin chloride,Group 19,Organometallic,K01768
BD145,Tributyltin chloride,Group 19,Organometallic,K01768
BD145,Tributyltin chloride,Group 19,Metal,K02111
BD145,Tributyltin chloride,Group 19,Metal,K02111
BD145,Tributyltin chloride,Group 19,Organometallic,K02111
BD145,Tributyltin chloride,Group 19,Organometallic,K02111
BD145,Tributyltin chloride,Group 19,Metal,K02112
BD145,Tributyltin chloride,Group 19,Metal,K02112
BD145,Tributyltin chloride,Group 19,Organometallic,K02112
BD145,Tributyltin chloride,Group 19,Organometallic,K02112
BD145,Trichloroethene,Group 19,Chlorinated,K00799
BD145,Trichloroethene,Group 19,Chlorinated,K00799
BD145,Trichloroethene,Group 19,Chlorinated,K00799
BD145,Trichloroethene,Group 19,Chlorinated,K00799
BD145,Trichloroethene,Group 19,Chlorinated,K00799
BD145,Trichloroethene,Group 19,Chlorinated,K00799
BD145,Trichloroethene,Group 19,Aliphatic,K00799
BD145,Trichloroethene,Group 19,Aliphatic,K00799
BD145,Trichloroethene,Group 19,Aliphatic,K00799
BD145,Trichloroethene,Group 19,Aliphatic,K00799
BD145,Trichloroethene,Group 19,Aliphatic,K00799
BD145,Trichloroethene,Group 19,Aliphatic,K00799
BD145,Trinitrotoluene,Group 19,Nitrogen-containing,K10680
BD145,Trinitrotoluene,Group 19,Aromatic,K10680
BD145,Vinyl acetate,Group 19,Aliphatic,K01434
BD145,Vinyl fluoride,Group 19,Halogenated,K00574
BD145,Vinyl fluoride,Group 19,Halogenated,K00574
BD145,Vinyl fluoride,Group 19,Aliphatic,K00574
BD145,Vinyl fluoride,Group 19,Aliphatic,K00574
BD145,Zalcitabine,Group 19,Nitrogen-containing,K03943
BD145,Zalcitabine,Group 19,Nitrogen-containing,K00927
BD145,Zalcitabine,Group 19,Nitrogen-containing,K05577
BD145,Zidovudine,Group 19,Nitrogen-containing,K00330
BD145,Zidovudine,Group 19,Nitrogen-containing,K00331
BD145,Zidovudine,Group 19,Nitrogen-containing,K00332
BD145,Zidovudine,Group 19,Nitrogen-containing,K00333
BD145,Zidovudine,Group 19,Nitrogen-containing,K00334
BD145,Zidovudine,Group 19,Nitrogen-containing,K03943
BD145,Zidovudine,Group 19,Nitrogen-containing,K00335
BD145,Zidovudine,Group 19,Nitrogen-containing,K00336
BD145,Zidovudine,Group 19,Nitrogen-containing,K00337
BD145,Zidovudine,Group 19,Nitrogen-containing,K00338
BD145,Zidovudine,Group 19,Nitrogen-containing,K00339
BD145,Zidovudine,Group 19,Nitrogen-containing,K00340
BD145,Zidovudine,Group 19,Nitrogen-containing,K00341
BD145,Zidovudine,Group 19,Nitrogen-containing,K00342
BD145,Zidovudine,Group 19,Nitrogen-containing,K00343
BD145,Zidovudine,Group 19,Nitrogen-containing,K00943
BD145,Zidovudine,Group 19,Nitrogen-containing,K01081
BD145,Zidovudine,Group 19,Nitrogen-containing,K11751
BD145,Zidovudine,Group 19,Nitrogen-containing,K03787
BD145,Zidovudine,Group 19,Nitrogen-containing,K05577
BD145,alpha-Chlorohydrin,Group 19,Chlorinated,K00134
BD145,alpha-Chlorohydrin,Group 19,Aliphatic,K00134
BD145,alpha-Chlorohydrin,Group 19,Chlorinated,K00864
BD145,alpha-Chlorohydrin,Group 19,Aliphatic,K00864
BD145,alpha-Chlorohydrin,Group 19,Chlorinated,K01563
BD145,alpha-Chlorohydrin,Group 19,Aliphatic,K01563
BD145,alpha-Hexachlorocyclohexane,Group 19,Chlorinated,K01563
BD145,alpha-Hexachlorocyclohexane,Group 19,Chlorinated,K01563
BD145,alpha-Hexachlorocyclohexane,Group 19,Aliphatic,K01563
BD145,alpha-Hexachlorocyclohexane,Group 19,Aliphatic,K01563
BD145,"beta-1,2,3,4,5,6-Hexachlorocyclohexane",Group 19,Aliphatic,K01563
BD145,"beta-1,2,3,4,5,6-Hexachlorocyclohexane",Group 19,Aliphatic,K01563
BD145,"beta-1,2,3,4,5,6-Hexachlorocyclohexane",Group 19,Aliphatic,K01563
BD145,"beta-1,2,3,4,5,6-Hexachlorocyclohexane",Group 19,Aliphatic,K01563
BD145,"beta-1,2,3,4,5,6-Hexachlorocyclohexane",Group 19,Chlorinated,K01563
BD145,"beta-1,2,3,4,5,6-Hexachlorocyclohexane",Group 19,Chlorinated,K01563
BD145,"beta-1,2,3,4,5,6-Hexachlorocyclohexane",Group 19,Chlorinated,K01563
BD145,"beta-1,2,3,4,5,6-Hexachlorocyclohexane",Group 19,Chlorinated,K01563
BD145,beta-Butyrolactone,Group 19,Aliphatic,K01053
BD145,"cis-1,3-Dichloropropene",Group 19,Chlorinated,K01563
BD145,"cis-1,3-Dichloropropene",Group 19,Chlorinated,K01563
BD145,"cis-1,3-Dichloropropene",Group 19,Aliphatic,K01563
BD145,"cis-1,3-Dichloropropene",Group 19,Aliphatic,K01563
BD145,ortho-Toluidine,Group 19,Aromatic,K01432
BD145,ortho-Toluidine,Group 19,Nitrogen-containing,K01432
BD145,para-Aminoazobenzene,Group 19,Nitrogen-containing,K01255
BD145,para-Aminoazobenzene,Group 19,Polyaromatic,K01255
BD145,para-Aminoazobenzene,Group 19,Nitrogen-containing,K01259
BD145,para-Aminoazobenzene,Group 19,Polyaromatic,K01259
BD145,"trans-1,3-Dichloropropene",Group 19,Chlorinated,K01563
BD145,"trans-1,3-Dichloropropene",Group 19,Chlorinated,K01563
BD145,"trans-1,3-Dichloropropene",Group 19,Chlorinated,K01563
BD145,"trans-1,3-Dichloropropene",Group 19,Aliphatic,K01563
BD145,"trans-1,3-Dichloropropene",Group 19,Aliphatic,K01563
BD145,"trans-1,3-Dichloropropene",Group 19,Aliphatic,K01563
AP1BH01-1,"(+)-(3S,4R)-cis-3,4-Dihydroxy-3,4-dihydrofluorene",Group 2,Polyaromatic,K14581
AP1BH01-1,"(+)-(3S,4R)-cis-3,4-Dihydroxy-3,4-dihydrofluorene",Group 2,Polyaromatic,K14581
AP1BH01-1,"(+)-(3S,4R)-cis-3,4-Dihydroxy-3,4-dihydrofluorene",Group 2,Polyaromatic,K14581
AP1BH01-1,"(+)-(3S,4R)-cis-3,4-Dihydroxy-3,4-dihydrofluorene",Group 2,Polyaromatic,K14581
AP1BH01-1,"1,1,2,2-Tetrachloroethane",Group 2,Chlorinated,K04091
AP1BH01-1,"1,1,2,2-Tetrachloroethane",Group 2,Chlorinated,K04091
AP1BH01-1,"1,1,2,2-Tetrachloroethane",Group 2,Chlorinated,K04091
AP1BH01-1,"1,1,2,2-Tetrachloroethane",Group 2,Chlorinated,K04091
AP1BH01-1,"1,1,2,2-Tetrachloroethane",Group 2,Aliphatic,K04091
AP1BH01-1,"1,1,2,2-Tetrachloroethane",Group 2,Aliphatic,K04091
AP1BH01-1,"1,1,2,2-Tetrachloroethane",Group 2,Aliphatic,K04091
AP1BH01-1,"1,1,2,2-Tetrachloroethane",Group 2,Aliphatic,K04091
AP1BH01-1,"1,1-Dimethylhydrazine",Group 2,Nitrogen-containing,K00643
AP1BH01-1,"1,1-Dimethylhydrazine",Group 2,Aliphatic,K00643
AP1BH01-1,"1,2-Dibromoethane",Group 2,Organometallic,K00799
AP1BH01-1,"1,2-Dibromoethane",Group 2,Organometallic,K00799
AP1BH01-1,"1,4-Dioxane",Group 2,Aliphatic,K00001
AP1BH01-1,"1,4-Dioxane",Group 2,Aliphatic,K00001
AP1BH01-1,1-Hydroxy-2-naphthoate,Group 2,Polyaromatic,K00480
AP1BH01-1,1-Hydroxy-2-naphthoate,Group 2,Polyaromatic,K00480
AP1BH01-1,1-Hydroxy-2-naphthoate,Group 2,Polyaromatic,K00480
AP1BH01-1,1-Hydroxy-2-naphthoate,Group 2,Polyaromatic,K00480
AP1BH01-1,"2,2',4,4',6,6'-Hexachlorobiphenyl",Group 2,Chlorinated,K01599
AP1BH01-1,"2,2',4,4',6,6'-Hexachlorobiphenyl",Group 2,Chlorinated,K01599
AP1BH01-1,"2,2',4,4',6,6'-Hexachlorobiphenyl",Group 2,Polyaromatic,K01599
AP1BH01-1,"2,2',4,4',6,6'-Hexachlorobiphenyl",Group 2,Polyaromatic,K01599
AP1BH01-1,"2,2',4,4'-Tetrachlorobiphenyl",Group 2,Chlorinated,K01599
AP1BH01-1,"2,2',4,4'-Tetrachlorobiphenyl",Group 2,Chlorinated,K01599
AP1BH01-1,"2,2',4,4'-Tetrachlorobiphenyl",Group 2,Polyaromatic,K01599
AP1BH01-1,"2,2',4,4'-Tetrachlorobiphenyl",Group 2,Polyaromatic,K01599
AP1BH01-1,"2,2',5,5'-Tetrachlorobiphenyl",Group 2,Chlorinated,K01599
AP1BH01-1,"2,2',5,5'-Tetrachlorobiphenyl",Group 2,Chlorinated,K01599
AP1BH01-1,"2,2',5,5'-Tetrachlorobiphenyl",Group 2,Polyaromatic,K01599
AP1BH01-1,"2,2',5,5'-Tetrachlorobiphenyl",Group 2,Polyaromatic,K01599
AP1BH01-1,"2,4-Dimethylphenol",Group 2,Aromatic,K05797
AP1BH01-1,"2,4-Dimethylphenol",Group 2,Aromatic,K05797
AP1BH01-1,"2,4-Dinitrotoluene",Group 2,Aromatic,K14581
AP1BH01-1,"2,4-Dinitrotoluene",Group 2,Aromatic,K14581
AP1BH01-1,"2,4-Dinitrotoluene",Group 2,Aromatic,K14581
AP1BH01-1,"2,4-Dinitrotoluene",Group 2,Nitrogen-containing,K14581
AP1BH01-1,"2,4-Dinitrotoluene",Group 2,Nitrogen-containing,K14581
AP1BH01-1,"2,4-Dinitrotoluene",Group 2,Nitrogen-containing,K14581
AP1BH01-1,2-Chlorophenol,Group 2,Aromatic,K07104
AP1BH01-1,2-Chlorophenol,Group 2,Aromatic,K07104
AP1BH01-1,2-Chlorophenol,Group 2,Aromatic,K07104
AP1BH01-1,2-Chlorophenol,Group 2,Chlorinated,K07104
AP1BH01-1,2-Chlorophenol,Group 2,Chlorinated,K07104
AP1BH01-1,2-Chlorophenol,Group 2,Chlorinated,K07104
AP1BH01-1,2-Ethoxyethanol,Group 2,Aliphatic,K00001
AP1BH01-1,2-Methylnaphthalene,Group 2,Aromatic,K14581
AP1BH01-1,2-Naphthylamine,Group 2,Nitrogen-containing,K00681
AP1BH01-1,2-Naphthylamine,Group 2,Polyaromatic,K00681
AP1BH01-1,2-Nitropropane,Group 2,Nitrogen-containing,K00459
AP1BH01-1,2-Nitropropane,Group 2,Aliphatic,K00459
AP1BH01-1,"3,3'-Dimethoxybenzidine",Group 2,Nitrogen-containing,K02276
AP1BH01-1,"3,3'-Dimethoxybenzidine",Group 2,Polyaromatic,K02276
AP1BH01-1,"3,3'-Dimethoxybenzidine",Group 2,Nitrogen-containing,K00404
AP1BH01-1,"3,3'-Dimethoxybenzidine",Group 2,Polyaromatic,K00404
AP1BH01-1,"3,3'-Dimethoxybenzidine",Group 2,Nitrogen-containing,K00405
AP1BH01-1,"3,3'-Dimethoxybenzidine",Group 2,Polyaromatic,K00405
AP1BH01-1,"3,3'-Dimethoxybenzidine",Group 2,Nitrogen-containing,K00406
AP1BH01-1,"3,3'-Dimethoxybenzidine",Group 2,Polyaromatic,K00406
AP1BH01-1,"3,3'-Dimethoxybenzidine",Group 2,Nitrogen-containing,K00407
AP1BH01-1,"3,3'-Dimethoxybenzidine",Group 2,Polyaromatic,K00407
AP1BH01-1,"3,3'-Dimethoxybenzidine",Group 2,Nitrogen-containing,K02274
AP1BH01-1,"3,3'-Dimethoxybenzidine",Group 2,Polyaromatic,K02274
AP1BH01-1,"3,3'-Dimethoxybenzidine",Group 2,Nitrogen-containing,K02275
AP1BH01-1,"3,3'-Dimethoxybenzidine",Group 2,Polyaromatic,K02275
AP1BH01-1,"3,4,3',4'-Tetrachlorobiphenyl",Group 2,Chlorinated,K01599
AP1BH01-1,"3,4,3',4'-Tetrachlorobiphenyl",Group 2,Chlorinated,K01599
AP1BH01-1,"3,4,3',4'-Tetrachlorobiphenyl",Group 2,Polyaromatic,K01599
AP1BH01-1,"3,4,3',4'-Tetrachlorobiphenyl",Group 2,Polyaromatic,K01599
AP1BH01-1,"3,4,5,3',4',5'-Hexachlorobiphenyl",Group 2,Chlorinated,K01599
AP1BH01-1,"3,4,5,3',4',5'-Hexachlorobiphenyl",Group 2,Chlorinated,K01599
AP1BH01-1,"3,4,5,3',4',5'-Hexachlorobiphenyl",Group 2,Polyaromatic,K01599
AP1BH01-1,"3,4,5,3',4',5'-Hexachlorobiphenyl",Group 2,Polyaromatic,K01599
AP1BH01-1,"3,4-Dihydroxybenzoate",Group 2,Aromatic,K00448
AP1BH01-1,"3,4-Dihydroxybenzoate",Group 2,Aromatic,K00448
AP1BH01-1,"3,4-Dihydroxybenzoate",Group 2,Aromatic,K00448
AP1BH01-1,"3,4-Dihydroxybenzoate",Group 2,Aromatic,K00448
AP1BH01-1,"3,4-Dihydroxybenzoate",Group 2,Aromatic,K00449
AP1BH01-1,"3,4-Dihydroxybenzoate",Group 2,Aromatic,K00449
AP1BH01-1,"3,4-Dihydroxybenzoate",Group 2,Aromatic,K00449
AP1BH01-1,"3,4-Dihydroxybenzoate",Group 2,Aromatic,K00449
AP1BH01-1,"3,4-Dihydroxybenzoate",Group 2,Aromatic,K00481
AP1BH01-1,"3,4-Dihydroxybenzoate",Group 2,Aromatic,K00481
AP1BH01-1,"3,4-Dihydroxybenzoate",Group 2,Aromatic,K00481
AP1BH01-1,"3,4-Dihydroxybenzoate",Group 2,Aromatic,K00481
AP1BH01-1,"3-Carboxy-cis,cis-muconate",Group 2,Aliphatic,K00448
AP1BH01-1,"3-Carboxy-cis,cis-muconate",Group 2,Aliphatic,K00448
AP1BH01-1,"3-Carboxy-cis,cis-muconate",Group 2,Aliphatic,K00448
AP1BH01-1,"3-Carboxy-cis,cis-muconate",Group 2,Aliphatic,K00448
AP1BH01-1,"3-Carboxy-cis,cis-muconate",Group 2,Aliphatic,K00449
AP1BH01-1,"3-Carboxy-cis,cis-muconate",Group 2,Aliphatic,K00449
AP1BH01-1,"3-Carboxy-cis,cis-muconate",Group 2,Aliphatic,K00449
AP1BH01-1,"3-Carboxy-cis,cis-muconate",Group 2,Aliphatic,K00449
AP1BH01-1,"3-Carboxy-cis,cis-muconate",Group 2,Aliphatic,K01857
AP1BH01-1,"3-Carboxy-cis,cis-muconate",Group 2,Aliphatic,K01857
AP1BH01-1,"3-Carboxy-cis,cis-muconate",Group 2,Aliphatic,K01857
AP1BH01-1,"3-Carboxy-cis,cis-muconate",Group 2,Aliphatic,K01857
AP1BH01-1,3-Hydroxybenzoate,Group 2,Aromatic,K00141
AP1BH01-1,3-Hydroxybenzoate,Group 2,Aromatic,K00141
AP1BH01-1,3-Hydroxybenzoate,Group 2,Aromatic,K00141
AP1BH01-1,3-Hydroxybenzoate,Group 2,Aromatic,K00141
AP1BH01-1,4-Cresol,Group 2,Aromatic,K05797
AP1BH01-1,4-Cresol,Group 2,Aromatic,K05797
AP1BH01-1,4-Methylimidazole,Group 2,Nitrogen-containing,K01673
AP1BH01-1,4-Methylimidazole,Group 2,Aliphatic,K01673
AP1BH01-1,4-Nitrophenol,Group 2,Aromatic,K01077
AP1BH01-1,4-Nitrophenol,Group 2,Aromatic,K01077
AP1BH01-1,4-Nitrophenol,Group 2,Nitrogen-containing,K01077
AP1BH01-1,4-Nitrophenol,Group 2,Nitrogen-containing,K01077
AP1BH01-1,4-Nitrophenol,Group 2,Aromatic,K01113
AP1BH01-1,4-Nitrophenol,Group 2,Aromatic,K01113
AP1BH01-1,4-Nitrophenol,Group 2,Nitrogen-containing,K01113
AP1BH01-1,4-Nitrophenol,Group 2,Nitrogen-containing,K01113
AP1BH01-1,Acenaphthene,Group 2,Polyaromatic,K00433
AP1BH01-1,Acenaphthene,Group 2,Polyaromatic,K00433
AP1BH01-1,Acetaldehyde,Group 2,Aliphatic,K00001
AP1BH01-1,Acetaldehyde,Group 2,Aliphatic,K00001
AP1BH01-1,Acetaldehyde,Group 2,Aliphatic,K00001
AP1BH01-1,Acetaldehyde,Group 2,Aliphatic,K00128
AP1BH01-1,Acetaldehyde,Group 2,Aliphatic,K00128
AP1BH01-1,Acetaldehyde,Group 2,Aliphatic,K00128
AP1BH01-1,Acetaldehyde,Group 2,Aliphatic,K02189
AP1BH01-1,Acetaldehyde,Group 2,Aliphatic,K02189
AP1BH01-1,Acetaldehyde,Group 2,Aliphatic,K02189
AP1BH01-1,Acetaldehyde,Group 2,Aliphatic,K00121
AP1BH01-1,Acetaldehyde,Group 2,Aliphatic,K00121
AP1BH01-1,Acetaldehyde,Group 2,Aliphatic,K00121
AP1BH01-1,Acetaldehyde,Group 2,Aliphatic,K00138
AP1BH01-1,Acetaldehyde,Group 2,Aliphatic,K00138
AP1BH01-1,Acetaldehyde,Group 2,Aliphatic,K00138
AP1BH01-1,Acetaldehyde,Group 2,Aliphatic,K00459
AP1BH01-1,Acetaldehyde,Group 2,Aliphatic,K00459
AP1BH01-1,Acetaldehyde,Group 2,Aliphatic,K00459
AP1BH01-1,Acetaldehyde,Group 2,Aliphatic,K01619
AP1BH01-1,Acetaldehyde,Group 2,Aliphatic,K01619
AP1BH01-1,Acetaldehyde,Group 2,Aliphatic,K01619
AP1BH01-1,Acetaldehyde,Group 2,Aliphatic,K01620
AP1BH01-1,Acetaldehyde,Group 2,Aliphatic,K01620
AP1BH01-1,Acetaldehyde,Group 2,Aliphatic,K01620
AP1BH01-1,Acetaldehyde,Group 2,Aliphatic,K01737
AP1BH01-1,Acetaldehyde,Group 2,Aliphatic,K01737
AP1BH01-1,Acetaldehyde,Group 2,Aliphatic,K01737
AP1BH01-1,Acetaldehyde,Group 2,Aliphatic,K13953
AP1BH01-1,Acetaldehyde,Group 2,Aliphatic,K13953
AP1BH01-1,Acetaldehyde,Group 2,Aliphatic,K13953
AP1BH01-1,Acetaldehyde,Group 2,Aliphatic,K13979
AP1BH01-1,Acetaldehyde,Group 2,Aliphatic,K13979
AP1BH01-1,Acetaldehyde,Group 2,Aliphatic,K13979
AP1BH01-1,Acetaldehyde,Group 2,Aliphatic,K22474
AP1BH01-1,Acetaldehyde,Group 2,Aliphatic,K22474
AP1BH01-1,Acetaldehyde,Group 2,Aliphatic,K22474
AP1BH01-1,Acetaldehyde,Group 2,Aliphatic,K13541
AP1BH01-1,Acetaldehyde,Group 2,Aliphatic,K13541
AP1BH01-1,Acetaldehyde,Group 2,Aliphatic,K13541
AP1BH01-1,Acetamide,Group 2,Nitrogen-containing,K01426
AP1BH01-1,Acetamide,Group 2,Aliphatic,K01426
AP1BH01-1,Acrylamide,Group 2,Nitrogen-containing,K01426
AP1BH01-1,Acrylamide,Group 2,Aliphatic,K01426
AP1BH01-1,"Aflatoxin B1-exo-8,9-epoxide",Group 2,Aromatic,K00799
AP1BH01-1,"Aflatoxin B1exo-8,9-epoxide-GSH",Group 2,Aromatic,K00799
AP1BH01-1,"Aflatoxin B1exo-8,9-epoxide-GSH",Group 2,Nitrogen-containing,K00799
AP1BH01-1,"Aflatoxin B1exo-8,9-epoxide-GSH",Group 2,Sulfur-containing,K00799
AP1BH01-1,Alachlor,Group 2,Aromatic,K00799
AP1BH01-1,Alachlor,Group 2,Aromatic,K00799
AP1BH01-1,Alachlor,Group 2,Chlorinated,K00799
AP1BH01-1,Alachlor,Group 2,Chlorinated,K00799
AP1BH01-1,Alachlor,Group 2,Nitrogen-containing,K00799
AP1BH01-1,Alachlor,Group 2,Nitrogen-containing,K00799
AP1BH01-1,Ammonia,Group 2,Nitrogen-containing,K00261
AP1BH01-1,Ammonia,Group 2,Nitrogen-containing,K00261
AP1BH01-1,Ammonia,Group 2,Nitrogen-containing,K00281
AP1BH01-1,Ammonia,Group 2,Nitrogen-containing,K00281
AP1BH01-1,Ammonia,Group 2,Nitrogen-containing,K01426
AP1BH01-1,Ammonia,Group 2,Nitrogen-containing,K01426
AP1BH01-1,Ammonia,Group 2,Nitrogen-containing,K01485
AP1BH01-1,Ammonia,Group 2,Nitrogen-containing,K01485
AP1BH01-1,Ammonia,Group 2,Nitrogen-containing,K01739
AP1BH01-1,Ammonia,Group 2,Nitrogen-containing,K01739
AP1BH01-1,Ammonia,Group 2,Nitrogen-containing,K01916
AP1BH01-1,Ammonia,Group 2,Nitrogen-containing,K01916
AP1BH01-1,Ammonia,Group 2,Nitrogen-containing,K00366
AP1BH01-1,Ammonia,Group 2,Nitrogen-containing,K00366
AP1BH01-1,Ammonia,Group 2,Nitrogen-containing,K01665
AP1BH01-1,Ammonia,Group 2,Nitrogen-containing,K01665
AP1BH01-1,Ammonia,Group 2,Nitrogen-containing,K01501
AP1BH01-1,Ammonia,Group 2,Nitrogen-containing,K01501
AP1BH01-1,Ammonia,Group 2,Nitrogen-containing,K01424
AP1BH01-1,Ammonia,Group 2,Nitrogen-containing,K01424
AP1BH01-1,Ammonia,Group 2,Nitrogen-containing,K01430
AP1BH01-1,Ammonia,Group 2,Nitrogen-containing,K01430
AP1BH01-1,Ammonia,Group 2,Nitrogen-containing,K01750
AP1BH01-1,Ammonia,Group 2,Nitrogen-containing,K01750
AP1BH01-1,Ammonia,Group 2,Nitrogen-containing,K00259
AP1BH01-1,Ammonia,Group 2,Nitrogen-containing,K00259
AP1BH01-1,Ammonia,Group 2,Nitrogen-containing,K00265
AP1BH01-1,Ammonia,Group 2,Nitrogen-containing,K00265
AP1BH01-1,Ammonia,Group 2,Nitrogen-containing,K00266
AP1BH01-1,Ammonia,Group 2,Nitrogen-containing,K00266
AP1BH01-1,Ammonia,Group 2,Nitrogen-containing,K00274
AP1BH01-1,Ammonia,Group 2,Nitrogen-containing,K00274
AP1BH01-1,Ammonia,Group 2,Nitrogen-containing,K00275
AP1BH01-1,Ammonia,Group 2,Nitrogen-containing,K00275
AP1BH01-1,Ammonia,Group 2,Nitrogen-containing,K00278
AP1BH01-1,Ammonia,Group 2,Nitrogen-containing,K00278
AP1BH01-1,Ammonia,Group 2,Nitrogen-containing,K00285
AP1BH01-1,Ammonia,Group 2,Nitrogen-containing,K00285
AP1BH01-1,Ammonia,Group 2,Nitrogen-containing,K00382
AP1BH01-1,Ammonia,Group 2,Nitrogen-containing,K00382
AP1BH01-1,Ammonia,Group 2,Nitrogen-containing,K00605
AP1BH01-1,Ammonia,Group 2,Nitrogen-containing,K00605
AP1BH01-1,Ammonia,Group 2,Nitrogen-containing,K00808
AP1BH01-1,Ammonia,Group 2,Nitrogen-containing,K00808
AP1BH01-1,Ammonia,Group 2,Nitrogen-containing,K01428
AP1BH01-1,Ammonia,Group 2,Nitrogen-containing,K01428
AP1BH01-1,Ammonia,Group 2,Nitrogen-containing,K01429
AP1BH01-1,Ammonia,Group 2,Nitrogen-containing,K01429
AP1BH01-1,Ammonia,Group 2,Nitrogen-containing,K01486
AP1BH01-1,Ammonia,Group 2,Nitrogen-containing,K01486
AP1BH01-1,Ammonia,Group 2,Nitrogen-containing,K01487
AP1BH01-1,Ammonia,Group 2,Nitrogen-containing,K01487
AP1BH01-1,Ammonia,Group 2,Nitrogen-containing,K01494
AP1BH01-1,Ammonia,Group 2,Nitrogen-containing,K01494
AP1BH01-1,Ammonia,Group 2,Nitrogen-containing,K01745
AP1BH01-1,Ammonia,Group 2,Nitrogen-containing,K01745
AP1BH01-1,Ammonia,Group 2,Nitrogen-containing,K01749
AP1BH01-1,Ammonia,Group 2,Nitrogen-containing,K01749
AP1BH01-1,Ammonia,Group 2,Nitrogen-containing,K01752
AP1BH01-1,Ammonia,Group 2,Nitrogen-containing,K01752
AP1BH01-1,Ammonia,Group 2,Nitrogen-containing,K01754
AP1BH01-1,Ammonia,Group 2,Nitrogen-containing,K01754
AP1BH01-1,Ammonia,Group 2,Nitrogen-containing,K01760
AP1BH01-1,Ammonia,Group 2,Nitrogen-containing,K01760
AP1BH01-1,Ammonia,Group 2,Nitrogen-containing,K01915
AP1BH01-1,Ammonia,Group 2,Nitrogen-containing,K01915
AP1BH01-1,Ammonia,Group 2,Nitrogen-containing,K01937
AP1BH01-1,Ammonia,Group 2,Nitrogen-containing,K01937
AP1BH01-1,Ammonia,Group 2,Nitrogen-containing,K01951
AP1BH01-1,Ammonia,Group 2,Nitrogen-containing,K01951
AP1BH01-1,Ammonia,Group 2,Nitrogen-containing,K01955
AP1BH01-1,Ammonia,Group 2,Nitrogen-containing,K01955
AP1BH01-1,Ammonia,Group 2,Nitrogen-containing,K01956
AP1BH01-1,Ammonia,Group 2,Nitrogen-containing,K01956
AP1BH01-1,Ammonia,Group 2,Nitrogen-containing,K02437
AP1BH01-1,Ammonia,Group 2,Nitrogen-containing,K02437
AP1BH01-1,Ammonia,Group 2,Nitrogen-containing,K02500
AP1BH01-1,Ammonia,Group 2,Nitrogen-containing,K02500
AP1BH01-1,Ammonia,Group 2,Nitrogen-containing,K02501
AP1BH01-1,Ammonia,Group 2,Nitrogen-containing,K02501
AP1BH01-1,Ammonia,Group 2,Nitrogen-containing,K03153
AP1BH01-1,Ammonia,Group 2,Nitrogen-containing,K03153
AP1BH01-1,Ammonia,Group 2,Nitrogen-containing,K03707
AP1BH01-1,Ammonia,Group 2,Nitrogen-containing,K03707
AP1BH01-1,Ammonia,Group 2,Nitrogen-containing,K03743
AP1BH01-1,Ammonia,Group 2,Nitrogen-containing,K03743
AP1BH01-1,Ammonia,Group 2,Nitrogen-containing,K05603
AP1BH01-1,Ammonia,Group 2,Nitrogen-containing,K05603
AP1BH01-1,Ammonia,Group 2,Nitrogen-containing,K05810
AP1BH01-1,Ammonia,Group 2,Nitrogen-containing,K05810
AP1BH01-1,Ammonia,Group 2,Nitrogen-containing,K06016
AP1BH01-1,Ammonia,Group 2,Nitrogen-containing,K06016
AP1BH01-1,Ammonia,Group 2,Nitrogen-containing,K06920
AP1BH01-1,Ammonia,Group 2,Nitrogen-containing,K06920
AP1BH01-1,Ammonia,Group 2,Nitrogen-containing,K07255
AP1BH01-1,Ammonia,Group 2,Nitrogen-containing,K07255
AP1BH01-1,Ammonia,Group 2,Nitrogen-containing,K08281
AP1BH01-1,Ammonia,Group 2,Nitrogen-containing,K08281
AP1BH01-1,Ammonia,Group 2,Nitrogen-containing,K09471
AP1BH01-1,Ammonia,Group 2,Nitrogen-containing,K09471
AP1BH01-1,Ammonia,Group 2,Nitrogen-containing,K10026
AP1BH01-1,Ammonia,Group 2,Nitrogen-containing,K10026
AP1BH01-1,Ammonia,Group 2,Nitrogen-containing,K11752
AP1BH01-1,Ammonia,Group 2,Nitrogen-containing,K11752
AP1BH01-1,Ammonia,Group 2,Nitrogen-containing,K13503
AP1BH01-1,Ammonia,Group 2,Nitrogen-containing,K13503
AP1BH01-1,Ammonia,Group 2,Nitrogen-containing,K14977
AP1BH01-1,Ammonia,Group 2,Nitrogen-containing,K14977
AP1BH01-1,Ammonia,Group 2,Nitrogen-containing,K15371
AP1BH01-1,Ammonia,Group 2,Nitrogen-containing,K15371
AP1BH01-1,Ammonia,Group 2,Nitrogen-containing,K21062
AP1BH01-1,Ammonia,Group 2,Nitrogen-containing,K21062
AP1BH01-1,Ammonia,Group 2,Nitrogen-containing,K11991
AP1BH01-1,Ammonia,Group 2,Nitrogen-containing,K11991
AP1BH01-1,Ammonia,Group 2,Nitrogen-containing,K00262
AP1BH01-1,Ammonia,Group 2,Nitrogen-containing,K00262
AP1BH01-1,Ammonia,Group 2,Nitrogen-containing,K00283
AP1BH01-1,Ammonia,Group 2,Nitrogen-containing,K00283
AP1BH01-1,Ammonia,Group 2,Nitrogen-containing,K00364
AP1BH01-1,Ammonia,Group 2,Nitrogen-containing,K00364
AP1BH01-1,Ammonia,Group 2,Nitrogen-containing,K01455
AP1BH01-1,Ammonia,Group 2,Nitrogen-containing,K01455
AP1BH01-1,Ammonia,Group 2,Nitrogen-containing,K01761
AP1BH01-1,Ammonia,Group 2,Nitrogen-containing,K01761
AP1BH01-1,Ammonia,Group 2,Nitrogen-containing,K01950
AP1BH01-1,Ammonia,Group 2,Nitrogen-containing,K01950
AP1BH01-1,Ammonia,Group 2,Nitrogen-containing,K03342
AP1BH01-1,Ammonia,Group 2,Nitrogen-containing,K03342
AP1BH01-1,Ammonia,Group 2,Nitrogen-containing,K07256
AP1BH01-1,Ammonia,Group 2,Nitrogen-containing,K07256
AP1BH01-1,Ammonia,Group 2,Nitrogen-containing,K13051
AP1BH01-1,Ammonia,Group 2,Nitrogen-containing,K13051
AP1BH01-1,Ammonia,Group 2,Nitrogen-containing,K13497
AP1BH01-1,Ammonia,Group 2,Nitrogen-containing,K13497
AP1BH01-1,Ammonia,Group 2,Nitrogen-containing,K14048
AP1BH01-1,Ammonia,Group 2,Nitrogen-containing,K14048
AP1BH01-1,Ammonia,Group 2,Nitrogen-containing,K19244
AP1BH01-1,Ammonia,Group 2,Nitrogen-containing,K19244
AP1BH01-1,Amsacrine,Group 2,Polyaromatic,K02469
AP1BH01-1,Amsacrine,Group 2,Nitrogen-containing,K02469
AP1BH01-1,Amsacrine,Group 2,Sulfur-containing,K02469
AP1BH01-1,Amsacrine,Group 2,Polyaromatic,K02470
AP1BH01-1,Amsacrine,Group 2,Nitrogen-containing,K02470
AP1BH01-1,Amsacrine,Group 2,Sulfur-containing,K02470
AP1BH01-1,Amsacrine,Group 2,Polyaromatic,K02621
AP1BH01-1,Amsacrine,Group 2,Nitrogen-containing,K02621
AP1BH01-1,Amsacrine,Group 2,Sulfur-containing,K02621
AP1BH01-1,Amsacrine,Group 2,Polyaromatic,K02622
AP1BH01-1,Amsacrine,Group 2,Nitrogen-containing,K02622
AP1BH01-1,Amsacrine,Group 2,Sulfur-containing,K02622
AP1BH01-1,Amsacrine,Group 2,Polyaromatic,K03168
AP1BH01-1,Amsacrine,Group 2,Nitrogen-containing,K03168
AP1BH01-1,Amsacrine,Group 2,Sulfur-containing,K03168
AP1BH01-1,Anthracene,Group 2,Polyaromatic,K14581
AP1BH01-1,Anthracene,Group 2,Polyaromatic,K14581
AP1BH01-1,Anthracene,Group 2,Polyaromatic,K14581
AP1BH01-1,Anthracene,Group 2,Polyaromatic,K14581
AP1BH01-1,Anthracene,Group 2,Polyaromatic,K14581
AP1BH01-1,"Anthracene-cis-1,2-dihydrodiol",Group 2,Polyaromatic,K14581
AP1BH01-1,"Anthracene-cis-1,2-dihydrodiol",Group 2,Polyaromatic,K14581
AP1BH01-1,"Anthracene-cis-1,2-dihydrodiol",Group 2,Polyaromatic,K14581
AP1BH01-1,"Anthracene-cis-1,2-dihydrodiol",Group 2,Polyaromatic,K14581
AP1BH01-1,Arsenic,Group 2,Metal,K04077
AP1BH01-1,Arsenic,Group 2,Metal,K04077
AP1BH01-1,Arsenic,Group 2,Metal,K04077
AP1BH01-1,Arsenic,Group 2,Metal,K04077
AP1BH01-1,Arylmercury,Group 2,Organometallic,K01179
AP1BH01-1,Arylmercury,Group 2,Organometallic,K01179
AP1BH01-1,Arylmercury,Group 2,Polyaromatic,K01179
AP1BH01-1,Arylmercury,Group 2,Polyaromatic,K01179
AP1BH01-1,Aziridine,Group 2,Nitrogen-containing,K01089
AP1BH01-1,Aziridine,Group 2,Aliphatic,K01089
AP1BH01-1,Aziridine,Group 2,Nitrogen-containing,K18649
AP1BH01-1,Aziridine,Group 2,Aliphatic,K18649
AP1BH01-1,BHC,Group 2,Chlorinated,K01053
AP1BH01-1,BHC,Group 2,Chlorinated,K01053
AP1BH01-1,BHC,Group 2,Chlorinated,K01053
AP1BH01-1,BHC,Group 2,Chlorinated,K01053
AP1BH01-1,BHC,Group 2,Aliphatic,K01053
AP1BH01-1,BHC,Group 2,Aliphatic,K01053
AP1BH01-1,BHC,Group 2,Aliphatic,K01053
AP1BH01-1,BHC,Group 2,Aliphatic,K01053
AP1BH01-1,Benzidine,Group 2,Aromatic,K02276
AP1BH01-1,Benzidine,Group 2,Aromatic,K02276
AP1BH01-1,Benzidine,Group 2,Aromatic,K02276
AP1BH01-1,Benzidine,Group 2,Aromatic,K02276
AP1BH01-1,Benzidine,Group 2,Nitrogen-containing,K02276
AP1BH01-1,Benzidine,Group 2,Nitrogen-containing,K02276
AP1BH01-1,Benzidine,Group 2,Nitrogen-containing,K02276
AP1BH01-1,Benzidine,Group 2,Nitrogen-containing,K02276
AP1BH01-1,Benzidine,Group 2,Aromatic,K00404
AP1BH01-1,Benzidine,Group 2,Aromatic,K00404
AP1BH01-1,Benzidine,Group 2,Aromatic,K00404
AP1BH01-1,Benzidine,Group 2,Aromatic,K00404
AP1BH01-1,Benzidine,Group 2,Nitrogen-containing,K00404
AP1BH01-1,Benzidine,Group 2,Nitrogen-containing,K00404
AP1BH01-1,Benzidine,Group 2,Nitrogen-containing,K00404
AP1BH01-1,Benzidine,Group 2,Nitrogen-containing,K00404
AP1BH01-1,Benzidine,Group 2,Aromatic,K02274
AP1BH01-1,Benzidine,Group 2,Aromatic,K02274
AP1BH01-1,Benzidine,Group 2,Aromatic,K02274
AP1BH01-1,Benzidine,Group 2,Aromatic,K02274
AP1BH01-1,Benzidine,Group 2,Nitrogen-containing,K02274
AP1BH01-1,Benzidine,Group 2,Nitrogen-containing,K02274
AP1BH01-1,Benzidine,Group 2,Nitrogen-containing,K02274
AP1BH01-1,Benzidine,Group 2,Nitrogen-containing,K02274
AP1BH01-1,Benzidine,Group 2,Aromatic,K02275
AP1BH01-1,Benzidine,Group 2,Aromatic,K02275
AP1BH01-1,Benzidine,Group 2,Aromatic,K02275
AP1BH01-1,Benzidine,Group 2,Aromatic,K02275
AP1BH01-1,Benzidine,Group 2,Nitrogen-containing,K02275
AP1BH01-1,Benzidine,Group 2,Nitrogen-containing,K02275
AP1BH01-1,Benzidine,Group 2,Nitrogen-containing,K02275
AP1BH01-1,Benzidine,Group 2,Nitrogen-containing,K02275
AP1BH01-1,Benzo[a]pyrene,Group 2,Polyaromatic,K14581
AP1BH01-1,Benzo[a]pyrene,Group 2,Polyaromatic,K14581
AP1BH01-1,Benzo[a]pyrene,Group 2,Polyaromatic,K14581
AP1BH01-1,Benzo[a]pyrene,Group 2,Polyaromatic,K14581
AP1BH01-1,Benzo[a]pyrene,Group 2,Polyaromatic,K14581
AP1BH01-1,Benzo[a]pyrene,Group 2,Polyaromatic,K14581
AP1BH01-1,Benzo[a]pyrene,Group 2,Polyaromatic,K14581
AP1BH01-1,"Benzo[a]pyrene-cis-9,10-dihydrodiol",Group 2,Polyaromatic,K14581
AP1BH01-1,"Benzo[a]pyrene-cis-9,10-dihydrodiol",Group 2,Polyaromatic,K14581
AP1BH01-1,"Benzo[a]pyrene-cis-9,10-dihydrodiol",Group 2,Polyaromatic,K14581
AP1BH01-1,"Benzo[a]pyrene-cis-9,10-dihydrodiol",Group 2,Polyaromatic,K14581
AP1BH01-1,Benzofuran,Group 2,Aromatic,K00064
AP1BH01-1,Bifenox,Group 2,Chlorinated,K01053
AP1BH01-1,Bifenox,Group 2,Aromatic,K01053
AP1BH01-1,Bifenox,Group 2,Nitrogen-containing,K01053
AP1BH01-1,CO,Group 2,Inorganic,K06911
AP1BH01-1,CO,Group 2,Inorganic,K07226
AP1BH01-1,Cacodylate,Group 2,Inorganic,K00019
AP1BH01-1,Cacodylate,Group 2,Inorganic,K00019
AP1BH01-1,Cacodylate,Group 2,Metal,K00019
AP1BH01-1,Cacodylate,Group 2,Metal,K00019
AP1BH01-1,Cacodylate,Group 2,Inorganic,K00133
AP1BH01-1,Cacodylate,Group 2,Inorganic,K00133
AP1BH01-1,Cacodylate,Group 2,Metal,K00133
AP1BH01-1,Cacodylate,Group 2,Metal,K00133
AP1BH01-1,Cacodylate,Group 2,Inorganic,K20023
AP1BH01-1,Cacodylate,Group 2,Inorganic,K20023
AP1BH01-1,Cacodylate,Group 2,Metal,K20023
AP1BH01-1,Cacodylate,Group 2,Metal,K20023
AP1BH01-1,Cacodylate,Group 2,Inorganic,K01708
AP1BH01-1,Cacodylate,Group 2,Inorganic,K01708
AP1BH01-1,Cacodylate,Group 2,Metal,K01708
AP1BH01-1,Cacodylate,Group 2,Metal,K01708
AP1BH01-1,Cadmium chloride,Group 2,Metal,K01971
AP1BH01-1,Cadmium chloride,Group 2,Metal,K01971
AP1BH01-1,Cadmium chloride,Group 2,Metal,K01971
AP1BH01-1,Cadmium chloride,Group 2,Inorganic,K01971
AP1BH01-1,Cadmium chloride,Group 2,Inorganic,K01971
AP1BH01-1,Cadmium chloride,Group 2,Inorganic,K01971
AP1BH01-1,Cadmium chloride,Group 2,Chlorinated,K01971
AP1BH01-1,Cadmium chloride,Group 2,Chlorinated,K01971
AP1BH01-1,Cadmium chloride,Group 2,Chlorinated,K01971
AP1BH01-1,Cadmium chloride,Group 2,Metal,K10747
AP1BH01-1,Cadmium chloride,Group 2,Metal,K10747
AP1BH01-1,Cadmium chloride,Group 2,Metal,K10747
AP1BH01-1,Cadmium chloride,Group 2,Inorganic,K10747
AP1BH01-1,Cadmium chloride,Group 2,Inorganic,K10747
AP1BH01-1,Cadmium chloride,Group 2,Inorganic,K10747
AP1BH01-1,Cadmium chloride,Group 2,Chlorinated,K10747
AP1BH01-1,Cadmium chloride,Group 2,Chlorinated,K10747
AP1BH01-1,Cadmium chloride,Group 2,Chlorinated,K10747
AP1BH01-1,Caffeate,Group 2,Aromatic,K03186
AP1BH01-1,Captafol,Group 2,Chlorinated,K00652
AP1BH01-1,Captafol,Group 2,Nitrogen-containing,K00652
AP1BH01-1,Captafol,Group 2,Sulfur-containing,K00652
AP1BH01-1,Carbon tetrachloride,Group 2,Chlorinated,K00384
AP1BH01-1,Carbon tetrachloride,Group 2,Chlorinated,K00384
AP1BH01-1,Carbon tetrachloride,Group 2,Chlorinated,K00384
AP1BH01-1,Carbon tetrachloride,Group 2,Chlorinated,K00384
AP1BH01-1,Carbon tetrachloride,Group 2,Chlorinated,K00384
AP1BH01-1,Carbon tetrachloride,Group 2,Chlorinated,K00789
AP1BH01-1,Carbon tetrachloride,Group 2,Chlorinated,K00789
AP1BH01-1,Carbon tetrachloride,Group 2,Chlorinated,K00789
AP1BH01-1,Carbon tetrachloride,Group 2,Chlorinated,K00789
AP1BH01-1,Carbon tetrachloride,Group 2,Chlorinated,K00789
AP1BH01-1,Carbon tetrachloride,Group 2,Chlorinated,K01919
AP1BH01-1,Carbon tetrachloride,Group 2,Chlorinated,K01919
AP1BH01-1,Carbon tetrachloride,Group 2,Chlorinated,K01919
AP1BH01-1,Carbon tetrachloride,Group 2,Chlorinated,K01919
AP1BH01-1,Carbon tetrachloride,Group 2,Chlorinated,K01919
AP1BH01-1,Carbon tetrachloride,Group 2,Chlorinated,K03787
AP1BH01-1,Carbon tetrachloride,Group 2,Chlorinated,K03787
AP1BH01-1,Carbon tetrachloride,Group 2,Chlorinated,K03787
AP1BH01-1,Carbon tetrachloride,Group 2,Chlorinated,K03787
AP1BH01-1,Carbon tetrachloride,Group 2,Chlorinated,K03787
AP1BH01-1,Catechol,Group 2,Aromatic,K00480
AP1BH01-1,Catechol,Group 2,Aromatic,K00480
AP1BH01-1,Catechol,Group 2,Aromatic,K00480
AP1BH01-1,Catechol,Group 2,Aromatic,K00480
AP1BH01-1,Catechol,Group 2,Aromatic,K00480
AP1BH01-1,Catechol,Group 2,Aromatic,K07104
AP1BH01-1,Catechol,Group 2,Aromatic,K07104
AP1BH01-1,Catechol,Group 2,Aromatic,K07104
AP1BH01-1,Catechol,Group 2,Aromatic,K07104
AP1BH01-1,Catechol,Group 2,Aromatic,K07104
AP1BH01-1,Catechol,Group 2,Aromatic,K14581
AP1BH01-1,Catechol,Group 2,Aromatic,K14581
AP1BH01-1,Catechol,Group 2,Aromatic,K14581
AP1BH01-1,Catechol,Group 2,Aromatic,K14581
AP1BH01-1,Catechol,Group 2,Aromatic,K14581
AP1BH01-1,Chloral hydrate,Group 2,Chlorinated,K00001
AP1BH01-1,Chloral hydrate,Group 2,Aliphatic,K00001
AP1BH01-1,Chloral hydrate,Group 2,Chlorinated,K00121
AP1BH01-1,Chloral hydrate,Group 2,Aliphatic,K00121
AP1BH01-1,Chloral hydrate,Group 2,Chlorinated,K13953
AP1BH01-1,Chloral hydrate,Group 2,Aliphatic,K13953
AP1BH01-1,Chloramine,Group 2,Nitrogen-containing,K03386
AP1BH01-1,Chloramine,Group 2,Chlorinated,K03386
AP1BH01-1,Chloramine,Group 2,Nitrogen-containing,K03564
AP1BH01-1,Chloramine,Group 2,Chlorinated,K03564
AP1BH01-1,Chloraminophenamide,Group 2,Nitrogen-containing,K01673
AP1BH01-1,Chloraminophenamide,Group 2,Sulfur-containing,K01673
AP1BH01-1,Chloraminophenamide,Group 2,Chlorinated,K01673
AP1BH01-1,Chloraminophenamide,Group 2,Aromatic,K01673
AP1BH01-1,Chloramphenicol,Group 2,Aromatic,K00638
AP1BH01-1,Chloramphenicol,Group 2,Nitrogen-containing,K00638
AP1BH01-1,Chloramphenicol,Group 2,Chlorinated,K00638
AP1BH01-1,Chlorpyrifos,Group 2,Organophosphorus,K00799
AP1BH01-1,Chlorpyrifos,Group 2,Organophosphorus,K00799
AP1BH01-1,Chlorpyrifos,Group 2,Organophosphorus,K00799
AP1BH01-1,Chlorpyrifos,Group 2,Chlorinated,K00799
AP1BH01-1,Chlorpyrifos,Group 2,Chlorinated,K00799
AP1BH01-1,Chlorpyrifos,Group 2,Chlorinated,K00799
AP1BH01-1,Chlorpyrifos,Group 2,Organophosphorus,K10804
AP1BH01-1,Chlorpyrifos,Group 2,Organophosphorus,K10804
AP1BH01-1,Chlorpyrifos,Group 2,Organophosphorus,K10804
AP1BH01-1,Chlorpyrifos,Group 2,Chlorinated,K10804
AP1BH01-1,Chlorpyrifos,Group 2,Chlorinated,K10804
AP1BH01-1,Chlorpyrifos,Group 2,Chlorinated,K10804
AP1BH01-1,Chlorpyrifos,Group 2,Organophosphorus,K10805
AP1BH01-1,Chlorpyrifos,Group 2,Organophosphorus,K10805
AP1BH01-1,Chlorpyrifos,Group 2,Organophosphorus,K10805
AP1BH01-1,Chlorpyrifos,Group 2,Chlorinated,K10805
AP1BH01-1,Chlorpyrifos,Group 2,Chlorinated,K10805
AP1BH01-1,Chlorpyrifos,Group 2,Chlorinated,K10805
AP1BH01-1,Cobalt,Group 2,Metal,K01870
AP1BH01-1,Cobaltous sulfate,Group 2,Metal,K01623
AP1BH01-1,Cobaltous sulfate,Group 2,Inorganic,K01623
AP1BH01-1,Cobaltous sulfate,Group 2,Metal,K01624
AP1BH01-1,Cobaltous sulfate,Group 2,Inorganic,K01624
AP1BH01-1,Cobaltous sulfate,Group 2,Metal,K05810
AP1BH01-1,Cobaltous sulfate,Group 2,Inorganic,K05810
AP1BH01-1,Copper,Group 2,Metal,K02276
AP1BH01-1,Copper,Group 2,Metal,K02276
AP1BH01-1,Copper,Group 2,Metal,K02276
AP1BH01-1,Copper,Group 2,Metal,K17686
AP1BH01-1,Copper,Group 2,Metal,K17686
AP1BH01-1,Copper,Group 2,Metal,K17686
AP1BH01-1,Copper,Group 2,Metal,K00404
AP1BH01-1,Copper,Group 2,Metal,K00404
AP1BH01-1,Copper,Group 2,Metal,K00404
AP1BH01-1,Copper,Group 2,Metal,K01533
AP1BH01-1,Copper,Group 2,Metal,K01533
AP1BH01-1,Copper,Group 2,Metal,K01533
AP1BH01-1,Copper,Group 2,Metal,K02274
AP1BH01-1,Copper,Group 2,Metal,K02274
AP1BH01-1,Copper,Group 2,Metal,K02274
AP1BH01-1,Copper,Group 2,Metal,K02275
AP1BH01-1,Copper,Group 2,Metal,K02275
AP1BH01-1,Copper,Group 2,Metal,K02275
AP1BH01-1,Cyanide ion,Group 2,Nitrogen-containing,K01011
AP1BH01-1,Cyanide ion,Group 2,Nitrogen-containing,K01011
AP1BH01-1,Cyanide ion,Group 2,Nitrogen-containing,K01011
AP1BH01-1,Cyanide ion,Group 2,Inorganic,K01011
AP1BH01-1,Cyanide ion,Group 2,Inorganic,K01011
AP1BH01-1,Cyanide ion,Group 2,Inorganic,K01011
AP1BH01-1,Cypermethrin,Group 2,Polyaromatic,K00036
AP1BH01-1,Cypermethrin,Group 2,Chlorinated,K00036
AP1BH01-1,Cypermethrin,Group 2,Nitrogen-containing,K00036
AP1BH01-1,Cypermethrin,Group 2,Polyaromatic,K00799
AP1BH01-1,Cypermethrin,Group 2,Chlorinated,K00799
AP1BH01-1,Cypermethrin,Group 2,Nitrogen-containing,K00799
AP1BH01-1,Cypermethrin,Group 2,Polyaromatic,K07313
AP1BH01-1,Cypermethrin,Group 2,Chlorinated,K07313
AP1BH01-1,Cypermethrin,Group 2,Nitrogen-containing,K07313
AP1BH01-1,Danthron,Group 2,Aromatic,K00344
AP1BH01-1,Danthron,Group 2,Aromatic,K00383
AP1BH01-1,Danthron,Group 2,Aromatic,K00384
AP1BH01-1,Danthron,Group 2,Aromatic,K00528
AP1BH01-1,Danthron,Group 2,Aromatic,K03809
AP1BH01-1,Dichlorvos,Group 2,Organophosphorus,K00799
AP1BH01-1,Dichlorvos,Group 2,Organophosphorus,K00799
AP1BH01-1,Dichlorvos,Group 2,Organophosphorus,K00799
AP1BH01-1,Dichlorvos,Group 2,Chlorinated,K00799
AP1BH01-1,Dichlorvos,Group 2,Chlorinated,K00799
AP1BH01-1,Dichlorvos,Group 2,Chlorinated,K00799
AP1BH01-1,Dichlorvos,Group 2,Organophosphorus,K01048
AP1BH01-1,Dichlorvos,Group 2,Organophosphorus,K01048
AP1BH01-1,Dichlorvos,Group 2,Organophosphorus,K01048
AP1BH01-1,Dichlorvos,Group 2,Chlorinated,K01048
AP1BH01-1,Dichlorvos,Group 2,Chlorinated,K01048
AP1BH01-1,Dichlorvos,Group 2,Chlorinated,K01048
AP1BH01-1,Digoxin,Group 2,Aliphatic,K00383
AP1BH01-1,Digoxin,Group 2,Aliphatic,K18053
AP1BH01-1,Diuron,Group 2,Nitrogen-containing,K00036
AP1BH01-1,Diuron,Group 2,Nitrogen-containing,K00036
AP1BH01-1,Diuron,Group 2,Nitrogen-containing,K00036
AP1BH01-1,Diuron,Group 2,Chlorinated,K00036
AP1BH01-1,Diuron,Group 2,Chlorinated,K00036
AP1BH01-1,Diuron,Group 2,Chlorinated,K00036
AP1BH01-1,Diuron,Group 2,Aromatic,K00036
AP1BH01-1,Diuron,Group 2,Aromatic,K00036
AP1BH01-1,Diuron,Group 2,Aromatic,K00036
AP1BH01-1,Endosulfan,Group 2,Chlorinated,K00799
AP1BH01-1,Endosulfan,Group 2,Chlorinated,K00799
AP1BH01-1,Endosulfan,Group 2,Chlorinated,K00799
AP1BH01-1,Endosulfan,Group 2,Chlorinated,K00799
AP1BH01-1,Endosulfan,Group 2,Inorganic,K00799
AP1BH01-1,Endosulfan,Group 2,Inorganic,K00799
AP1BH01-1,Endosulfan,Group 2,Inorganic,K00799
AP1BH01-1,Endosulfan,Group 2,Inorganic,K00799
AP1BH01-1,Epichlorohydrin,Group 2,Chlorinated,K00457
AP1BH01-1,Epichlorohydrin,Group 2,Aliphatic,K00457
AP1BH01-1,Epichlorohydrin,Group 2,Chlorinated,K00799
AP1BH01-1,Epichlorohydrin,Group 2,Aliphatic,K00799
AP1BH01-1,Epichlorohydrin,Group 2,Chlorinated,K03153
AP1BH01-1,Epichlorohydrin,Group 2,Aliphatic,K03153
AP1BH01-1,Epichlorohydrin,Group 2,Chlorinated,K05349
AP1BH01-1,Epichlorohydrin,Group 2,Aliphatic,K05349
AP1BH01-1,Ethanol,Group 2,Aliphatic,K00001
AP1BH01-1,Ethanol,Group 2,Aliphatic,K00121
AP1BH01-1,Ethanol,Group 2,Aliphatic,K13953
AP1BH01-1,Ethanol,Group 2,Aliphatic,K13979
AP1BH01-1,Ethanol,Group 2,Aliphatic,K22474
AP1BH01-1,Ethyl acrylate,Group 2,Aliphatic,K01426
AP1BH01-1,Ethyl methanesulfonate,Group 2,Organosulfur,K00560
AP1BH01-1,Ethyl methanesulfonate,Group 2,Aliphatic,K00560
AP1BH01-1,Ethyl methanesulfonate,Group 2,Organosulfur,K18053
AP1BH01-1,Ethyl methanesulfonate,Group 2,Aliphatic,K18053
AP1BH01-1,Ethylbenzene,Group 2,Aromatic,K14581
AP1BH01-1,Ethylbenzene,Group 2,Aromatic,K14581
AP1BH01-1,Ethylbenzene,Group 2,Aromatic,K14581
AP1BH01-1,Ethylbenzene,Group 2,Aromatic,K14581
AP1BH01-1,Etoposide,Group 2,Polyaromatic,K18053
AP1BH01-1,Fluoranthene,Group 2,Polyaromatic,K00433
AP1BH01-1,Fluoranthene,Group 2,Polyaromatic,K00433
AP1BH01-1,Fluoranthene,Group 2,Polyaromatic,K00433
AP1BH01-1,Fluoranthene,Group 2,Polyaromatic,K00433
AP1BH01-1,Fluoren-9-ol,Group 2,Polyaromatic,K14581
AP1BH01-1,Fluoren-9-ol,Group 2,Polyaromatic,K14581
AP1BH01-1,Fluoren-9-ol,Group 2,Polyaromatic,K14581
AP1BH01-1,Fluoren-9-ol,Group 2,Polyaromatic,K14581
AP1BH01-1,Fluorene,Group 2,Polyaromatic,K14581
AP1BH01-1,Fluorene,Group 2,Polyaromatic,K14581
AP1BH01-1,Fluorene,Group 2,Polyaromatic,K14581
AP1BH01-1,Fluorene,Group 2,Polyaromatic,K14581
AP1BH01-1,Fluorene,Group 2,Polyaromatic,K14581
AP1BH01-1,Formaldehyde,Group 2,Aliphatic,K00148
AP1BH01-1,Formaldehyde,Group 2,Aliphatic,K00148
AP1BH01-1,Formaldehyde,Group 2,Aliphatic,K00148
AP1BH01-1,Formaldehyde,Group 2,Aliphatic,K00302
AP1BH01-1,Formaldehyde,Group 2,Aliphatic,K00302
AP1BH01-1,Formaldehyde,Group 2,Aliphatic,K00302
AP1BH01-1,Formaldehyde,Group 2,Aliphatic,K00303
AP1BH01-1,Formaldehyde,Group 2,Aliphatic,K00303
AP1BH01-1,Formaldehyde,Group 2,Aliphatic,K00303
AP1BH01-1,Formaldehyde,Group 2,Aliphatic,K00304
AP1BH01-1,Formaldehyde,Group 2,Aliphatic,K00304
AP1BH01-1,Formaldehyde,Group 2,Aliphatic,K00304
AP1BH01-1,Formaldehyde,Group 2,Aliphatic,K00305
AP1BH01-1,Formaldehyde,Group 2,Aliphatic,K00305
AP1BH01-1,Formaldehyde,Group 2,Aliphatic,K00305
AP1BH01-1,Formaldehyde,Group 2,Aliphatic,K00317
AP1BH01-1,Formaldehyde,Group 2,Aliphatic,K00317
AP1BH01-1,Formaldehyde,Group 2,Aliphatic,K00317
AP1BH01-1,Formaldehyde,Group 2,Aliphatic,K00479
AP1BH01-1,Formaldehyde,Group 2,Aliphatic,K00479
AP1BH01-1,Formaldehyde,Group 2,Aliphatic,K00479
AP1BH01-1,Formaldehyde,Group 2,Aliphatic,K00606
AP1BH01-1,Formaldehyde,Group 2,Aliphatic,K00606
AP1BH01-1,Formaldehyde,Group 2,Aliphatic,K00606
AP1BH01-1,Formaldehyde,Group 2,Aliphatic,K03781
AP1BH01-1,Formaldehyde,Group 2,Aliphatic,K03781
AP1BH01-1,Formaldehyde,Group 2,Aliphatic,K03781
AP1BH01-1,Formaldehyde,Group 2,Aliphatic,K04091
AP1BH01-1,Formaldehyde,Group 2,Aliphatic,K04091
AP1BH01-1,Formaldehyde,Group 2,Aliphatic,K04091
AP1BH01-1,Formaldehyde,Group 2,Aliphatic,K21833
AP1BH01-1,Formaldehyde,Group 2,Aliphatic,K21833
AP1BH01-1,Formaldehyde,Group 2,Aliphatic,K21833
AP1BH01-1,Formaldehyde,Group 2,Aliphatic,K21832
AP1BH01-1,Formaldehyde,Group 2,Aliphatic,K21832
AP1BH01-1,Formaldehyde,Group 2,Aliphatic,K21832
AP1BH01-1,Glycidaldehyde,Group 2,Aliphatic,K00600
AP1BH01-1,Hg,Group 2,Metal,K00520
AP1BH01-1,Hg,Group 2,Metal,K00520
AP1BH01-1,Hydrochlorothiazide,Group 2,Nitrogen-containing,K00287
AP1BH01-1,Hydrochlorothiazide,Group 2,Sulfur-containing,K00287
AP1BH01-1,Hydrochlorothiazide,Group 2,Chlorinated,K00287
AP1BH01-1,Hydrochlorothiazide,Group 2,Aromatic,K00287
AP1BH01-1,Hydrochlorothiazide,Group 2,Nitrogen-containing,K01673
AP1BH01-1,Hydrochlorothiazide,Group 2,Sulfur-containing,K01673
AP1BH01-1,Hydrochlorothiazide,Group 2,Chlorinated,K01673
AP1BH01-1,Hydrochlorothiazide,Group 2,Aromatic,K01673
AP1BH01-1,Hydrogen cyanide,Group 2,Nitrogen-containing,K00799
AP1BH01-1,Lead,Group 2,Metal,K00001
AP1BH01-1,Lead,Group 2,Metal,K00001
AP1BH01-1,Lead,Group 2,Metal,K00001
AP1BH01-1,Lead,Group 2,Metal,K00001
AP1BH01-1,Lead,Group 2,Metal,K00001
AP1BH01-1,Lead nitrate,Group 2,Metal,K00383
AP1BH01-1,Lead nitrate,Group 2,Metal,K00383
AP1BH01-1,Lead nitrate,Group 2,Inorganic,K00383
AP1BH01-1,Lead nitrate,Group 2,Inorganic,K00383
AP1BH01-1,Lead nitrate,Group 2,Nitrogen-containing,K00383
AP1BH01-1,Lead nitrate,Group 2,Nitrogen-containing,K00383
AP1BH01-1,Lead nitrate,Group 2,Metal,K00520
AP1BH01-1,Lead nitrate,Group 2,Metal,K00520
AP1BH01-1,Lead nitrate,Group 2,Inorganic,K00520
AP1BH01-1,Lead nitrate,Group 2,Inorganic,K00520
AP1BH01-1,Lead nitrate,Group 2,Nitrogen-containing,K00520
AP1BH01-1,Lead nitrate,Group 2,Nitrogen-containing,K00520
AP1BH01-1,Lead nitrate,Group 2,Metal,K00620
AP1BH01-1,Lead nitrate,Group 2,Metal,K00620
AP1BH01-1,Lead nitrate,Group 2,Inorganic,K00620
AP1BH01-1,Lead nitrate,Group 2,Inorganic,K00620
AP1BH01-1,Lead nitrate,Group 2,Nitrogen-containing,K00620
AP1BH01-1,Lead nitrate,Group 2,Nitrogen-containing,K00620
AP1BH01-1,Lead nitrate,Group 2,Metal,K00845
AP1BH01-1,Lead nitrate,Group 2,Metal,K00845
AP1BH01-1,Lead nitrate,Group 2,Inorganic,K00845
AP1BH01-1,Lead nitrate,Group 2,Inorganic,K00845
AP1BH01-1,Lead nitrate,Group 2,Nitrogen-containing,K00845
AP1BH01-1,Lead nitrate,Group 2,Nitrogen-containing,K00845
AP1BH01-1,Lead nitrate,Group 2,Metal,K01749
AP1BH01-1,Lead nitrate,Group 2,Metal,K01749
AP1BH01-1,Lead nitrate,Group 2,Inorganic,K01749
AP1BH01-1,Lead nitrate,Group 2,Inorganic,K01749
AP1BH01-1,Lead nitrate,Group 2,Nitrogen-containing,K01749
AP1BH01-1,Lead nitrate,Group 2,Nitrogen-containing,K01749
AP1BH01-1,Mercuric chloride,Group 2,Metal,K00001
AP1BH01-1,Mercuric chloride,Group 2,Metal,K00001
AP1BH01-1,Mercuric chloride,Group 2,Chlorinated,K00001
AP1BH01-1,Mercuric chloride,Group 2,Chlorinated,K00001
AP1BH01-1,Mercuric chloride,Group 2,Metal,K00008
AP1BH01-1,Mercuric chloride,Group 2,Metal,K00008
AP1BH01-1,Mercuric chloride,Group 2,Chlorinated,K00008
AP1BH01-1,Mercuric chloride,Group 2,Chlorinated,K00008
AP1BH01-1,Mercuric chloride,Group 2,Metal,K00459
AP1BH01-1,Mercuric chloride,Group 2,Metal,K00459
AP1BH01-1,Mercuric chloride,Group 2,Chlorinated,K00459
AP1BH01-1,Mercuric chloride,Group 2,Chlorinated,K00459
AP1BH01-1,Mercury(2+),Group 2,Metal,K00520
AP1BH01-1,Mercury(2+),Group 2,Metal,K00520
AP1BH01-1,Merphalan,Group 2,Nitrogen-containing,K01271
AP1BH01-1,Merphalan,Group 2,Chlorinated,K01271
AP1BH01-1,Merphalan,Group 2,Aromatic,K01271
AP1BH01-1,Merphalan,Group 2,Nitrogen-containing,K01322
AP1BH01-1,Merphalan,Group 2,Chlorinated,K01322
AP1BH01-1,Merphalan,Group 2,Aromatic,K01322
AP1BH01-1,Methane,Group 2,Aliphatic,K06163
AP1BH01-1,Methyl bromide,Group 2,Halogenated,K00567
AP1BH01-1,Methyl bromide,Group 2,Aliphatic,K00567
AP1BH01-1,Methyl bromide,Group 2,Halogenated,K10778
AP1BH01-1,Methyl bromide,Group 2,Aliphatic,K10778
AP1BH01-1,Methyl isobutyl ketone,Group 2,Aliphatic,K00001
AP1BH01-1,Methyl isobutyl ketone,Group 2,Aliphatic,K00274
AP1BH01-1,Methyl isobutyl ketone,Group 2,Aliphatic,K00824
AP1BH01-1,Methyl tert-butyl ether,Group 2,Aliphatic,K00001
AP1BH01-1,Methylmercury chloride,Group 2,Organometallic,K00248
AP1BH01-1,Methylmercury chloride,Group 2,Organometallic,K00248
AP1BH01-1,Methylmercury chloride,Group 2,Organometallic,K00248
AP1BH01-1,Methylmercury chloride,Group 2,Chlorinated,K00248
AP1BH01-1,Methylmercury chloride,Group 2,Chlorinated,K00248
AP1BH01-1,Methylmercury chloride,Group 2,Chlorinated,K00248
AP1BH01-1,Methylmercury chloride,Group 2,Organometallic,K00249
AP1BH01-1,Methylmercury chloride,Group 2,Organometallic,K00249
AP1BH01-1,Methylmercury chloride,Group 2,Organometallic,K00249
AP1BH01-1,Methylmercury chloride,Group 2,Chlorinated,K00249
AP1BH01-1,Methylmercury chloride,Group 2,Chlorinated,K00249
AP1BH01-1,Methylmercury chloride,Group 2,Chlorinated,K00249
AP1BH01-1,Methylmercury chloride,Group 2,Organometallic,K00287
AP1BH01-1,Methylmercury chloride,Group 2,Organometallic,K00287
AP1BH01-1,Methylmercury chloride,Group 2,Organometallic,K00287
AP1BH01-1,Methylmercury chloride,Group 2,Chlorinated,K00287
AP1BH01-1,Methylmercury chloride,Group 2,Chlorinated,K00287
AP1BH01-1,Methylmercury chloride,Group 2,Chlorinated,K00287
AP1BH01-1,Methylmercury chloride,Group 2,Organometallic,K01262
AP1BH01-1,Methylmercury chloride,Group 2,Organometallic,K01262
AP1BH01-1,Methylmercury chloride,Group 2,Organometallic,K01262
AP1BH01-1,Methylmercury chloride,Group 2,Chlorinated,K01262
AP1BH01-1,Methylmercury chloride,Group 2,Chlorinated,K01262
AP1BH01-1,Methylmercury chloride,Group 2,Chlorinated,K01262
AP1BH01-1,Methylmercury chloride,Group 2,Organometallic,K01919
AP1BH01-1,Methylmercury chloride,Group 2,Organometallic,K01919
AP1BH01-1,Methylmercury chloride,Group 2,Organometallic,K01919
AP1BH01-1,Methylmercury chloride,Group 2,Chlorinated,K01919
AP1BH01-1,Methylmercury chloride,Group 2,Chlorinated,K01919
AP1BH01-1,Methylmercury chloride,Group 2,Chlorinated,K01919
AP1BH01-1,Microcystin LR,Group 2,Nitrogen-containing,K07313
AP1BH01-1,Microcystin LR,Group 2,Aromatic,K07313
AP1BH01-1,Mitomycin,Group 2,Nitrogen-containing,K03809
AP1BH01-1,Mitomycin,Group 2,Polyaromatic,K03809
AP1BH01-1,Mitomycin,Group 2,Nitrogen-containing,K18053
AP1BH01-1,Mitomycin,Group 2,Polyaromatic,K18053
AP1BH01-1,Mitoxantrone,Group 2,Nitrogen-containing,K01104
AP1BH01-1,Mitoxantrone,Group 2,Polyaromatic,K01104
AP1BH01-1,Mitoxantrone,Group 2,Nitrogen-containing,K00523
AP1BH01-1,Mitoxantrone,Group 2,Polyaromatic,K00523
AP1BH01-1,"N,N'-Diacetylbenzidine",Group 2,Nitrogen-containing,K03594
AP1BH01-1,"N,N'-Diacetylbenzidine",Group 2,Polyaromatic,K03594
AP1BH01-1,N-Methyl-N'-nitro-N-nitrosoguanidine,Group 2,Nitrogen-containing,K18053
AP1BH01-1,N-Methyl-N'-nitro-N-nitrosoguanidine,Group 2,Inorganic,K18053
AP1BH01-1,Nafenopin,Group 2,Polyaromatic,K01961
AP1BH01-1,Nafenopin,Group 2,Polyaromatic,K01962
AP1BH01-1,Nafenopin,Group 2,Polyaromatic,K01963
AP1BH01-1,Naphthalene,Group 2,Polyaromatic,K14581
AP1BH01-1,Naphthalene,Group 2,Polyaromatic,K14581
AP1BH01-1,Naphthalene,Group 2,Polyaromatic,K14581
AP1BH01-1,Naphthalene,Group 2,Polyaromatic,K14581
AP1BH01-1,Naphthalene,Group 2,Polyaromatic,K14581
AP1BH01-1,Naphthalene,Group 2,Polyaromatic,K14581
AP1BH01-1,"Naphthalene-1,2-diol",Group 2,Polyaromatic,K00480
AP1BH01-1,"Naphthalene-1,2-diol",Group 2,Polyaromatic,K00480
AP1BH01-1,"Naphthalene-1,2-diol",Group 2,Polyaromatic,K00480
AP1BH01-1,"Naphthalene-1,2-diol",Group 2,Polyaromatic,K00480
AP1BH01-1,Nickel chloride,Group 2,Metal,K01507
AP1BH01-1,Nickel chloride,Group 2,Metal,K01507
AP1BH01-1,Nickel chloride,Group 2,Metal,K01507
AP1BH01-1,Nickel chloride,Group 2,Inorganic,K01507
AP1BH01-1,Nickel chloride,Group 2,Inorganic,K01507
AP1BH01-1,Nickel chloride,Group 2,Inorganic,K01507
AP1BH01-1,Nickel chloride,Group 2,Chlorinated,K01507
AP1BH01-1,Nickel chloride,Group 2,Chlorinated,K01507
AP1BH01-1,Nickel chloride,Group 2,Chlorinated,K01507
AP1BH01-1,Nitrate,Group 2,Nitrogen-containing,K00370
AP1BH01-1,Nitrate,Group 2,Inorganic,K00370
AP1BH01-1,Nitrate,Group 2,Nitrogen-containing,K00371
AP1BH01-1,Nitrate,Group 2,Inorganic,K00371
AP1BH01-1,Nitrate,Group 2,Nitrogen-containing,K00374
AP1BH01-1,Nitrate,Group 2,Inorganic,K00374
AP1BH01-1,Nitrite,Group 2,Nitrogen-containing,K00366
AP1BH01-1,Nitrite,Group 2,Inorganic,K00366
AP1BH01-1,Nitrite,Group 2,Nitrogen-containing,K00370
AP1BH01-1,Nitrite,Group 2,Inorganic,K00370
AP1BH01-1,Nitrite,Group 2,Nitrogen-containing,K00371
AP1BH01-1,Nitrite,Group 2,Inorganic,K00371
AP1BH01-1,Nitrite,Group 2,Nitrogen-containing,K00374
AP1BH01-1,Nitrite,Group 2,Inorganic,K00374
AP1BH01-1,Nitrite,Group 2,Nitrogen-containing,K00459
AP1BH01-1,Nitrite,Group 2,Inorganic,K00459
AP1BH01-1,Nitrite,Group 2,Nitrogen-containing,K14581
AP1BH01-1,Nitrite,Group 2,Inorganic,K14581
AP1BH01-1,Nitrobenzene,Group 2,Nitrogen-containing,K14581
AP1BH01-1,Nitrobenzene,Group 2,Nitrogen-containing,K14581
AP1BH01-1,Nitrobenzene,Group 2,Aromatic,K14581
AP1BH01-1,Nitrobenzene,Group 2,Aromatic,K14581
AP1BH01-1,Nitrogen mustard,Group 2,Chlorinated,K00130
AP1BH01-1,Nitrogen mustard,Group 2,Nitrogen-containing,K00130
AP1BH01-1,Nitrogen mustard,Group 2,Chlorinated,K00383
AP1BH01-1,Nitrogen mustard,Group 2,Nitrogen-containing,K00383
AP1BH01-1,Nitromethane,Group 2,Nitrogen-containing,K00459
AP1BH01-1,Nitromethane,Group 2,Inorganic,K00459
AP1BH01-1,Nitromethane,Group 2,Nitrogen-containing,K01745
AP1BH01-1,Nitromethane,Group 2,Inorganic,K01745
AP1BH01-1,Phenacetin,Group 2,Aromatic,K01426
AP1BH01-1,Phenacetin,Group 2,Nitrogen-containing,K01426
AP1BH01-1,Phenacetin,Group 2,Aromatic,K01271
AP1BH01-1,Phenacetin,Group 2,Nitrogen-containing,K01271
AP1BH01-1,Phenol,Group 2,Aromatic,K03186
AP1BH01-1,Phenol,Group 2,Aromatic,K03186
AP1BH01-1,Phenol,Group 2,Aromatic,K03186
AP1BH01-1,Phenol,Group 2,Aromatic,K03186
AP1BH01-1,Phenol,Group 2,Aromatic,K10804
AP1BH01-1,Phenol,Group 2,Aromatic,K10804
AP1BH01-1,Phenol,Group 2,Aromatic,K10804
AP1BH01-1,Phenol,Group 2,Aromatic,K10804
AP1BH01-1,Phenol,Group 2,Aromatic,K10804
AP1BH01-1,Phenylmercury acetate,Group 2,Organometallic,K00366
AP1BH01-1,Phenylmercury acetate,Group 2,Organometallic,K00366
AP1BH01-1,Phenylmercury acetate,Group 2,Aromatic,K00366
AP1BH01-1,Phenylmercury acetate,Group 2,Aromatic,K00366
AP1BH01-1,Phenylmercury acetate,Group 2,Organometallic,K04564
AP1BH01-1,Phenylmercury acetate,Group 2,Organometallic,K04564
AP1BH01-1,Phenylmercury acetate,Group 2,Aromatic,K04564
AP1BH01-1,Phenylmercury acetate,Group 2,Aromatic,K04564
AP1BH01-1,Phenylmethanesulfonyl fluoride,Group 2,Sulfur-containing,K00001
AP1BH01-1,Phenylmethanesulfonyl fluoride,Group 2,Aromatic,K00001
AP1BH01-1,Phenylmethanesulfonyl fluoride,Group 2,Sulfur-containing,K00024
AP1BH01-1,Phenylmethanesulfonyl fluoride,Group 2,Aromatic,K00024
AP1BH01-1,Pioglitazone,Group 2,Aromatic,K00274
AP1BH01-1,Pioglitazone,Group 2,Sulfur-containing,K00274
AP1BH01-1,Pioglitazone,Group 2,Nitrogen-containing,K00274
AP1BH01-1,Pioglitazone,Group 2,Aromatic,K01482
AP1BH01-1,Pioglitazone,Group 2,Sulfur-containing,K01482
AP1BH01-1,Pioglitazone,Group 2,Nitrogen-containing,K01482
AP1BH01-1,Salicylate,Group 2,Aromatic,K00480
AP1BH01-1,Salicylate,Group 2,Aromatic,K00480
AP1BH01-1,Salicylate,Group 2,Aromatic,K00480
AP1BH01-1,Salicylate,Group 2,Aromatic,K00480
AP1BH01-1,Salicylate,Group 2,Aromatic,K14581
AP1BH01-1,Salicylate,Group 2,Aromatic,K14581
AP1BH01-1,Salicylate,Group 2,Aromatic,K14581
AP1BH01-1,Salicylate,Group 2,Aromatic,K14581
AP1BH01-1,Simazine,Group 2,Nitrogen-containing,K01673
AP1BH01-1,Simazine,Group 2,Nitrogen-containing,K01673
AP1BH01-1,Simazine,Group 2,Chlorinated,K01673
AP1BH01-1,Simazine,Group 2,Chlorinated,K01673
AP1BH01-1,Sodium arsenite,Group 2,Inorganic,K00128
AP1BH01-1,Sodium arsenite,Group 2,Metal,K00128
AP1BH01-1,Sodium arsenite,Group 2,Inorganic,K00265
AP1BH01-1,Sodium arsenite,Group 2,Metal,K00265
AP1BH01-1,Sodium arsenite,Group 2,Inorganic,K00266
AP1BH01-1,Sodium arsenite,Group 2,Metal,K00266
AP1BH01-1,Sodium arsenite,Group 2,Inorganic,K01011
AP1BH01-1,Sodium arsenite,Group 2,Metal,K01011
AP1BH01-1,Sodium fluoride,Group 2,Inorganic,K00024
AP1BH01-1,Streptozocin,Group 2,Nitrogen-containing,K01495
AP1BH01-1,Streptozocin,Group 2,Aliphatic,K01495
AP1BH01-1,Strontium cation,Group 2,Metal,K00128
AP1BH01-1,Styrene,Group 2,Aromatic,K14581
AP1BH01-1,Styrene,Group 2,Aromatic,K14581
AP1BH01-1,Styrene,Group 2,Aromatic,K14581
AP1BH01-1,Sulfasalazine,Group 2,Nitrogen-containing,K00927
AP1BH01-1,Sulfasalazine,Group 2,Sulfur-containing,K00927
AP1BH01-1,Sulfasalazine,Group 2,Polyaromatic,K00927
AP1BH01-1,Sulfasalazine,Group 2,Nitrogen-containing,K02488
AP1BH01-1,Sulfasalazine,Group 2,Sulfur-containing,K02488
AP1BH01-1,Sulfasalazine,Group 2,Polyaromatic,K02488
AP1BH01-1,Sulfasalazine,Group 2,Nitrogen-containing,K13069
AP1BH01-1,Sulfasalazine,Group 2,Sulfur-containing,K13069
AP1BH01-1,Sulfasalazine,Group 2,Polyaromatic,K13069
AP1BH01-1,Tetranitromethane,Group 2,Nitrogen-containing,K00033
AP1BH01-1,Tetranitromethane,Group 2,Inorganic,K00033
AP1BH01-1,Tetranitromethane,Group 2,Nitrogen-containing,K00278
AP1BH01-1,Tetranitromethane,Group 2,Inorganic,K00278
AP1BH01-1,Thioacetamide,Group 2,Nitrogen-containing,K00001
AP1BH01-1,Thioacetamide,Group 2,Sulfur-containing,K00001
AP1BH01-1,Thioacetamide,Group 2,Aliphatic,K00001
AP1BH01-1,Thioacetamide,Group 2,Nitrogen-containing,K01426
AP1BH01-1,Thioacetamide,Group 2,Sulfur-containing,K01426
AP1BH01-1,Thioacetamide,Group 2,Aliphatic,K01426
AP1BH01-1,Thioacetamide,Group 2,Nitrogen-containing,K00384
AP1BH01-1,Thioacetamide,Group 2,Sulfur-containing,K00384
AP1BH01-1,Thioacetamide,Group 2,Aliphatic,K00384
AP1BH01-1,Thioacetamide,Group 2,Nitrogen-containing,K01919
AP1BH01-1,Thioacetamide,Group 2,Sulfur-containing,K01919
AP1BH01-1,Thioacetamide,Group 2,Aliphatic,K01919
AP1BH01-1,Thioacetamide,Group 2,Nitrogen-containing,K01920
AP1BH01-1,Thioacetamide,Group 2,Sulfur-containing,K01920
AP1BH01-1,Thioacetamide,Group 2,Aliphatic,K01920
AP1BH01-1,Thioacetamide,Group 2,Nitrogen-containing,K03787
AP1BH01-1,Thioacetamide,Group 2,Sulfur-containing,K03787
AP1BH01-1,Thioacetamide,Group 2,Aliphatic,K03787
AP1BH01-1,Thiocyanate,Group 2,Sulfur-containing,K01011
AP1BH01-1,Thiocyanate,Group 2,Nitrogen-containing,K01011
AP1BH01-1,Thiouracil,Group 2,Nitrogen-containing,K01485
AP1BH01-1,Thiouracil,Group 2,Sulfur-containing,K01485
AP1BH01-1,Thiouracil,Group 2,Aliphatic,K01485
AP1BH01-1,Thiouracil,Group 2,Nitrogen-containing,K00433
AP1BH01-1,Thiouracil,Group 2,Sulfur-containing,K00433
AP1BH01-1,Thiouracil,Group 2,Aliphatic,K00433
AP1BH01-1,Thiouracil,Group 2,Nitrogen-containing,K00761
AP1BH01-1,Thiouracil,Group 2,Sulfur-containing,K00761
AP1BH01-1,Thiouracil,Group 2,Aliphatic,K00761
AP1BH01-1,Thiouracil,Group 2,Nitrogen-containing,K01464
AP1BH01-1,Thiouracil,Group 2,Sulfur-containing,K01464
AP1BH01-1,Thiouracil,Group 2,Aliphatic,K01464
AP1BH01-1,Tributyltin chloride,Group 2,Metal,K02111
AP1BH01-1,Tributyltin chloride,Group 2,Metal,K02111
AP1BH01-1,Tributyltin chloride,Group 2,Organometallic,K02111
AP1BH01-1,Tributyltin chloride,Group 2,Organometallic,K02111
AP1BH01-1,Tributyltin chloride,Group 2,Metal,K02112
AP1BH01-1,Tributyltin chloride,Group 2,Metal,K02112
AP1BH01-1,Tributyltin chloride,Group 2,Organometallic,K02112
AP1BH01-1,Tributyltin chloride,Group 2,Organometallic,K02112
AP1BH01-1,Trichloroethene,Group 2,Chlorinated,K00799
AP1BH01-1,Trichloroethene,Group 2,Chlorinated,K00799
AP1BH01-1,Trichloroethene,Group 2,Chlorinated,K00799
AP1BH01-1,Trichloroethene,Group 2,Chlorinated,K00799
AP1BH01-1,Trichloroethene,Group 2,Chlorinated,K00799
AP1BH01-1,Trichloroethene,Group 2,Chlorinated,K00799
AP1BH01-1,Trichloroethene,Group 2,Aliphatic,K00799
AP1BH01-1,Trichloroethene,Group 2,Aliphatic,K00799
AP1BH01-1,Trichloroethene,Group 2,Aliphatic,K00799
AP1BH01-1,Trichloroethene,Group 2,Aliphatic,K00799
AP1BH01-1,Trichloroethene,Group 2,Aliphatic,K00799
AP1BH01-1,Trichloroethene,Group 2,Aliphatic,K00799
AP1BH01-1,Trinitrotoluene,Group 2,Nitrogen-containing,K10680
AP1BH01-1,Trinitrotoluene,Group 2,Aromatic,K10680
AP1BH01-1,Vinyl fluoride,Group 2,Halogenated,K00574
AP1BH01-1,Vinyl fluoride,Group 2,Halogenated,K00574
AP1BH01-1,Vinyl fluoride,Group 2,Aliphatic,K00574
AP1BH01-1,Vinyl fluoride,Group 2,Aliphatic,K00574
AP1BH01-1,Zalcitabine,Group 2,Nitrogen-containing,K00927
AP1BH01-1,Zalcitabine,Group 2,Nitrogen-containing,K03941
AP1BH01-1,Zalcitabine,Group 2,Nitrogen-containing,K03943
AP1BH01-1,Zidovudine,Group 2,Nitrogen-containing,K00338
AP1BH01-1,Zidovudine,Group 2,Nitrogen-containing,K00334
AP1BH01-1,Zidovudine,Group 2,Nitrogen-containing,K00330
AP1BH01-1,Zidovudine,Group 2,Nitrogen-containing,K00331
AP1BH01-1,Zidovudine,Group 2,Nitrogen-containing,K00332
AP1BH01-1,Zidovudine,Group 2,Nitrogen-containing,K00333
AP1BH01-1,Zidovudine,Group 2,Nitrogen-containing,K00335
AP1BH01-1,Zidovudine,Group 2,Nitrogen-containing,K00336
AP1BH01-1,Zidovudine,Group 2,Nitrogen-containing,K00337
AP1BH01-1,Zidovudine,Group 2,Nitrogen-containing,K00339
AP1BH01-1,Zidovudine,Group 2,Nitrogen-containing,K00340
AP1BH01-1,Zidovudine,Group 2,Nitrogen-containing,K00341
AP1BH01-1,Zidovudine,Group 2,Nitrogen-containing,K00342
AP1BH01-1,Zidovudine,Group 2,Nitrogen-containing,K00343
AP1BH01-1,Zidovudine,Group 2,Nitrogen-containing,K00943
AP1BH01-1,Zidovudine,Group 2,Nitrogen-containing,K03787
AP1BH01-1,Zidovudine,Group 2,Nitrogen-containing,K03941
AP1BH01-1,Zidovudine,Group 2,Nitrogen-containing,K03943
AP1BH01-1,Zinc cation,Group 2,Metal,K00001
AP1BH01-1,Zinc cation,Group 2,Metal,K00001
AP1BH01-1,Zinc cation,Group 2,Metal,K00004
AP1BH01-1,Zinc cation,Group 2,Metal,K00004
AP1BH01-1,Zinc cation,Group 2,Metal,K00008
AP1BH01-1,Zinc cation,Group 2,Metal,K00008
AP1BH01-1,Zinc cation,Group 2,Metal,K21620
AP1BH01-1,Zinc cation,Group 2,Metal,K21620
AP1BH01-1,alpha-Chlorohydrin,Group 2,Chlorinated,K00134
AP1BH01-1,alpha-Chlorohydrin,Group 2,Aliphatic,K00134
AP1BH01-1,alpha-Chlorohydrin,Group 2,Chlorinated,K00864
AP1BH01-1,alpha-Chlorohydrin,Group 2,Aliphatic,K00864
AP1BH01-1,beta-Butyrolactone,Group 2,Aliphatic,K01053
AP1BH01-1,para-Aminoazobenzene,Group 2,Nitrogen-containing,K01255
AP1BH01-1,para-Aminoazobenzene,Group 2,Polyaromatic,K01255
AP1BH01-1,para-Aminoazobenzene,Group 2,Nitrogen-containing,K01259
AP1BH01-1,para-Aminoazobenzene,Group 2,Polyaromatic,K01259
BD61,"(+)-(3S,4R)-cis-3,4-Dihydroxy-3,4-dihydrofluorene",Group 2,Polyaromatic,K14581
BD61,"(+)-(3S,4R)-cis-3,4-Dihydroxy-3,4-dihydrofluorene",Group 2,Polyaromatic,K14581
BD61,"(+)-(3S,4R)-cis-3,4-Dihydroxy-3,4-dihydrofluorene",Group 2,Polyaromatic,K14581
BD61,"(+)-(3S,4R)-cis-3,4-Dihydroxy-3,4-dihydrofluorene",Group 2,Polyaromatic,K14581
BD61,"1,1,2,2-Tetrachloroethane",Group 2,Chlorinated,K04091
BD61,"1,1,2,2-Tetrachloroethane",Group 2,Chlorinated,K04091
BD61,"1,1,2,2-Tetrachloroethane",Group 2,Chlorinated,K04091
BD61,"1,1,2,2-Tetrachloroethane",Group 2,Chlorinated,K04091
BD61,"1,1,2,2-Tetrachloroethane",Group 2,Aliphatic,K04091
BD61,"1,1,2,2-Tetrachloroethane",Group 2,Aliphatic,K04091
BD61,"1,1,2,2-Tetrachloroethane",Group 2,Aliphatic,K04091
BD61,"1,1,2,2-Tetrachloroethane",Group 2,Aliphatic,K04091
BD61,"1,1-Dimethylhydrazine",Group 2,Nitrogen-containing,K00643
BD61,"1,1-Dimethylhydrazine",Group 2,Aliphatic,K00643
BD61,"1,2-Dibromoethane",Group 2,Organometallic,K00799
BD61,"1,2-Dibromoethane",Group 2,Organometallic,K00799
BD61,"1,4-Dioxane",Group 2,Aliphatic,K00001
BD61,"1,4-Dioxane",Group 2,Aliphatic,K00001
BD61,1-Hydroxy-2-naphthoate,Group 2,Polyaromatic,K00480
BD61,1-Hydroxy-2-naphthoate,Group 2,Polyaromatic,K00480
BD61,1-Hydroxy-2-naphthoate,Group 2,Polyaromatic,K00480
BD61,1-Hydroxy-2-naphthoate,Group 2,Polyaromatic,K00480
BD61,"2,2',4,4',6,6'-Hexachlorobiphenyl",Group 2,Chlorinated,K01599
BD61,"2,2',4,4',6,6'-Hexachlorobiphenyl",Group 2,Chlorinated,K01599
BD61,"2,2',4,4',6,6'-Hexachlorobiphenyl",Group 2,Polyaromatic,K01599
BD61,"2,2',4,4',6,6'-Hexachlorobiphenyl",Group 2,Polyaromatic,K01599
BD61,"2,2',4,4'-Tetrachlorobiphenyl",Group 2,Chlorinated,K01599
BD61,"2,2',4,4'-Tetrachlorobiphenyl",Group 2,Chlorinated,K01599
BD61,"2,2',4,4'-Tetrachlorobiphenyl",Group 2,Polyaromatic,K01599
BD61,"2,2',4,4'-Tetrachlorobiphenyl",Group 2,Polyaromatic,K01599
BD61,"2,2',5,5'-Tetrachlorobiphenyl",Group 2,Chlorinated,K01599
BD61,"2,2',5,5'-Tetrachlorobiphenyl",Group 2,Chlorinated,K01599
BD61,"2,2',5,5'-Tetrachlorobiphenyl",Group 2,Polyaromatic,K01599
BD61,"2,2',5,5'-Tetrachlorobiphenyl",Group 2,Polyaromatic,K01599
BD61,"2,4-Dimethylphenol",Group 2,Aromatic,K05797
BD61,"2,4-Dimethylphenol",Group 2,Aromatic,K05797
BD61,"2,4-Dinitrotoluene",Group 2,Aromatic,K14581
BD61,"2,4-Dinitrotoluene",Group 2,Aromatic,K14581
BD61,"2,4-Dinitrotoluene",Group 2,Aromatic,K14581
BD61,"2,4-Dinitrotoluene",Group 2,Nitrogen-containing,K14581
BD61,"2,4-Dinitrotoluene",Group 2,Nitrogen-containing,K14581
BD61,"2,4-Dinitrotoluene",Group 2,Nitrogen-containing,K14581
BD61,2-Chlorophenol,Group 2,Aromatic,K07104
BD61,2-Chlorophenol,Group 2,Aromatic,K07104
BD61,2-Chlorophenol,Group 2,Aromatic,K07104
BD61,2-Chlorophenol,Group 2,Chlorinated,K07104
BD61,2-Chlorophenol,Group 2,Chlorinated,K07104
BD61,2-Chlorophenol,Group 2,Chlorinated,K07104
BD61,2-Ethoxyethanol,Group 2,Aliphatic,K00001
BD61,2-Methylnaphthalene,Group 2,Aromatic,K14581
BD61,2-Naphthylamine,Group 2,Nitrogen-containing,K00681
BD61,2-Naphthylamine,Group 2,Polyaromatic,K00681
BD61,2-Nitropropane,Group 2,Nitrogen-containing,K00459
BD61,2-Nitropropane,Group 2,Aliphatic,K00459
BD61,"3,3'-Dimethoxybenzidine",Group 2,Nitrogen-containing,K00404
BD61,"3,3'-Dimethoxybenzidine",Group 2,Polyaromatic,K00404
BD61,"3,3'-Dimethoxybenzidine",Group 2,Nitrogen-containing,K00405
BD61,"3,3'-Dimethoxybenzidine",Group 2,Polyaromatic,K00405
BD61,"3,3'-Dimethoxybenzidine",Group 2,Nitrogen-containing,K00406
BD61,"3,3'-Dimethoxybenzidine",Group 2,Polyaromatic,K00406
BD61,"3,3'-Dimethoxybenzidine",Group 2,Nitrogen-containing,K00407
BD61,"3,3'-Dimethoxybenzidine",Group 2,Polyaromatic,K00407
BD61,"3,3'-Dimethoxybenzidine",Group 2,Nitrogen-containing,K02274
BD61,"3,3'-Dimethoxybenzidine",Group 2,Polyaromatic,K02274
BD61,"3,3'-Dimethoxybenzidine",Group 2,Nitrogen-containing,K02275
BD61,"3,3'-Dimethoxybenzidine",Group 2,Polyaromatic,K02275
BD61,"3,3'-Dimethoxybenzidine",Group 2,Nitrogen-containing,K02276
BD61,"3,3'-Dimethoxybenzidine",Group 2,Polyaromatic,K02276
BD61,"3,4,3',4'-Tetrachlorobiphenyl",Group 2,Chlorinated,K01599
BD61,"3,4,3',4'-Tetrachlorobiphenyl",Group 2,Chlorinated,K01599
BD61,"3,4,3',4'-Tetrachlorobiphenyl",Group 2,Polyaromatic,K01599
BD61,"3,4,3',4'-Tetrachlorobiphenyl",Group 2,Polyaromatic,K01599
BD61,"3,4,5,3',4',5'-Hexachlorobiphenyl",Group 2,Chlorinated,K01599
BD61,"3,4,5,3',4',5'-Hexachlorobiphenyl",Group 2,Chlorinated,K01599
BD61,"3,4,5,3',4',5'-Hexachlorobiphenyl",Group 2,Polyaromatic,K01599
BD61,"3,4,5,3',4',5'-Hexachlorobiphenyl",Group 2,Polyaromatic,K01599
BD61,"3,4-Dihydroxybenzoate",Group 2,Aromatic,K00448
BD61,"3,4-Dihydroxybenzoate",Group 2,Aromatic,K00448
BD61,"3,4-Dihydroxybenzoate",Group 2,Aromatic,K00448
BD61,"3,4-Dihydroxybenzoate",Group 2,Aromatic,K00448
BD61,"3,4-Dihydroxybenzoate",Group 2,Aromatic,K00449
BD61,"3,4-Dihydroxybenzoate",Group 2,Aromatic,K00449
BD61,"3,4-Dihydroxybenzoate",Group 2,Aromatic,K00449
BD61,"3,4-Dihydroxybenzoate",Group 2,Aromatic,K00449
BD61,"3,4-Dihydroxybenzoate",Group 2,Aromatic,K00481
BD61,"3,4-Dihydroxybenzoate",Group 2,Aromatic,K00481
BD61,"3,4-Dihydroxybenzoate",Group 2,Aromatic,K00481
BD61,"3,4-Dihydroxybenzoate",Group 2,Aromatic,K00481
BD61,"3-Carboxy-cis,cis-muconate",Group 2,Aliphatic,K00448
BD61,"3-Carboxy-cis,cis-muconate",Group 2,Aliphatic,K00448
BD61,"3-Carboxy-cis,cis-muconate",Group 2,Aliphatic,K00448
BD61,"3-Carboxy-cis,cis-muconate",Group 2,Aliphatic,K00448
BD61,"3-Carboxy-cis,cis-muconate",Group 2,Aliphatic,K00449
BD61,"3-Carboxy-cis,cis-muconate",Group 2,Aliphatic,K00449
BD61,"3-Carboxy-cis,cis-muconate",Group 2,Aliphatic,K00449
BD61,"3-Carboxy-cis,cis-muconate",Group 2,Aliphatic,K00449
BD61,"3-Carboxy-cis,cis-muconate",Group 2,Aliphatic,K01857
BD61,"3-Carboxy-cis,cis-muconate",Group 2,Aliphatic,K01857
BD61,"3-Carboxy-cis,cis-muconate",Group 2,Aliphatic,K01857
BD61,"3-Carboxy-cis,cis-muconate",Group 2,Aliphatic,K01857
BD61,3-Hydroxybenzoate,Group 2,Aromatic,K00141
BD61,3-Hydroxybenzoate,Group 2,Aromatic,K00141
BD61,3-Hydroxybenzoate,Group 2,Aromatic,K00141
BD61,3-Hydroxybenzoate,Group 2,Aromatic,K00141
BD61,4-Cresol,Group 2,Aromatic,K05797
BD61,4-Cresol,Group 2,Aromatic,K05797
BD61,4-Methylimidazole,Group 2,Nitrogen-containing,K01673
BD61,4-Methylimidazole,Group 2,Aliphatic,K01673
BD61,4-Nitrophenol,Group 2,Aromatic,K01077
BD61,4-Nitrophenol,Group 2,Aromatic,K01077
BD61,4-Nitrophenol,Group 2,Nitrogen-containing,K01077
BD61,4-Nitrophenol,Group 2,Nitrogen-containing,K01077
BD61,4-Nitrophenol,Group 2,Aromatic,K01113
BD61,4-Nitrophenol,Group 2,Aromatic,K01113
BD61,4-Nitrophenol,Group 2,Nitrogen-containing,K01113
BD61,4-Nitrophenol,Group 2,Nitrogen-containing,K01113
BD61,Acenaphthene,Group 2,Polyaromatic,K00433
BD61,Acenaphthene,Group 2,Polyaromatic,K00433
BD61,Acetaldehyde,Group 2,Aliphatic,K00001
BD61,Acetaldehyde,Group 2,Aliphatic,K00001
BD61,Acetaldehyde,Group 2,Aliphatic,K00001
BD61,Acetaldehyde,Group 2,Aliphatic,K00121
BD61,Acetaldehyde,Group 2,Aliphatic,K00121
BD61,Acetaldehyde,Group 2,Aliphatic,K00121
BD61,Acetaldehyde,Group 2,Aliphatic,K00128
BD61,Acetaldehyde,Group 2,Aliphatic,K00128
BD61,Acetaldehyde,Group 2,Aliphatic,K00128
BD61,Acetaldehyde,Group 2,Aliphatic,K00138
BD61,Acetaldehyde,Group 2,Aliphatic,K00138
BD61,Acetaldehyde,Group 2,Aliphatic,K00138
BD61,Acetaldehyde,Group 2,Aliphatic,K00459
BD61,Acetaldehyde,Group 2,Aliphatic,K00459
BD61,Acetaldehyde,Group 2,Aliphatic,K00459
BD61,Acetaldehyde,Group 2,Aliphatic,K01619
BD61,Acetaldehyde,Group 2,Aliphatic,K01619
BD61,Acetaldehyde,Group 2,Aliphatic,K01619
BD61,Acetaldehyde,Group 2,Aliphatic,K01620
BD61,Acetaldehyde,Group 2,Aliphatic,K01620
BD61,Acetaldehyde,Group 2,Aliphatic,K01620
BD61,Acetaldehyde,Group 2,Aliphatic,K01737
BD61,Acetaldehyde,Group 2,Aliphatic,K01737
BD61,Acetaldehyde,Group 2,Aliphatic,K01737
BD61,Acetaldehyde,Group 2,Aliphatic,K02189
BD61,Acetaldehyde,Group 2,Aliphatic,K02189
BD61,Acetaldehyde,Group 2,Aliphatic,K02189
BD61,Acetaldehyde,Group 2,Aliphatic,K13541
BD61,Acetaldehyde,Group 2,Aliphatic,K13541
BD61,Acetaldehyde,Group 2,Aliphatic,K13541
BD61,Acetaldehyde,Group 2,Aliphatic,K13953
BD61,Acetaldehyde,Group 2,Aliphatic,K13953
BD61,Acetaldehyde,Group 2,Aliphatic,K13953
BD61,Acetaldehyde,Group 2,Aliphatic,K13979
BD61,Acetaldehyde,Group 2,Aliphatic,K13979
BD61,Acetaldehyde,Group 2,Aliphatic,K13979
BD61,Acetaldehyde,Group 2,Aliphatic,K22474
BD61,Acetaldehyde,Group 2,Aliphatic,K22474
BD61,Acetaldehyde,Group 2,Aliphatic,K22474
BD61,Acetamide,Group 2,Nitrogen-containing,K01426
BD61,Acetamide,Group 2,Aliphatic,K01426
BD61,Acrylamide,Group 2,Nitrogen-containing,K01426
BD61,Acrylamide,Group 2,Aliphatic,K01426
BD61,"Aflatoxin B1-exo-8,9-epoxide",Group 2,Aromatic,K00799
BD61,"Aflatoxin B1exo-8,9-epoxide-GSH",Group 2,Aromatic,K00799
BD61,"Aflatoxin B1exo-8,9-epoxide-GSH",Group 2,Nitrogen-containing,K00799
BD61,"Aflatoxin B1exo-8,9-epoxide-GSH",Group 2,Sulfur-containing,K00799
BD61,Alachlor,Group 2,Aromatic,K00799
BD61,Alachlor,Group 2,Aromatic,K00799
BD61,Alachlor,Group 2,Chlorinated,K00799
BD61,Alachlor,Group 2,Chlorinated,K00799
BD61,Alachlor,Group 2,Nitrogen-containing,K00799
BD61,Alachlor,Group 2,Nitrogen-containing,K00799
BD61,Ammonia,Group 2,Nitrogen-containing,K00364
BD61,Ammonia,Group 2,Nitrogen-containing,K00364
BD61,Ammonia,Group 2,Nitrogen-containing,K00259
BD61,Ammonia,Group 2,Nitrogen-containing,K00259
BD61,Ammonia,Group 2,Nitrogen-containing,K00261
BD61,Ammonia,Group 2,Nitrogen-containing,K00261
BD61,Ammonia,Group 2,Nitrogen-containing,K00262
BD61,Ammonia,Group 2,Nitrogen-containing,K00262
BD61,Ammonia,Group 2,Nitrogen-containing,K00265
BD61,Ammonia,Group 2,Nitrogen-containing,K00265
BD61,Ammonia,Group 2,Nitrogen-containing,K00266
BD61,Ammonia,Group 2,Nitrogen-containing,K00266
BD61,Ammonia,Group 2,Nitrogen-containing,K00274
BD61,Ammonia,Group 2,Nitrogen-containing,K00274
BD61,Ammonia,Group 2,Nitrogen-containing,K00275
BD61,Ammonia,Group 2,Nitrogen-containing,K00275
BD61,Ammonia,Group 2,Nitrogen-containing,K00278
BD61,Ammonia,Group 2,Nitrogen-containing,K00278
BD61,Ammonia,Group 2,Nitrogen-containing,K00281
BD61,Ammonia,Group 2,Nitrogen-containing,K00281
BD61,Ammonia,Group 2,Nitrogen-containing,K00283
BD61,Ammonia,Group 2,Nitrogen-containing,K00283
BD61,Ammonia,Group 2,Nitrogen-containing,K00285
BD61,Ammonia,Group 2,Nitrogen-containing,K00285
BD61,Ammonia,Group 2,Nitrogen-containing,K00366
BD61,Ammonia,Group 2,Nitrogen-containing,K00366
BD61,Ammonia,Group 2,Nitrogen-containing,K00382
BD61,Ammonia,Group 2,Nitrogen-containing,K00382
BD61,Ammonia,Group 2,Nitrogen-containing,K00605
BD61,Ammonia,Group 2,Nitrogen-containing,K00605
BD61,Ammonia,Group 2,Nitrogen-containing,K13497
BD61,Ammonia,Group 2,Nitrogen-containing,K13497
BD61,Ammonia,Group 2,Nitrogen-containing,K00808
BD61,Ammonia,Group 2,Nitrogen-containing,K00808
BD61,Ammonia,Group 2,Nitrogen-containing,K01424
BD61,Ammonia,Group 2,Nitrogen-containing,K01424
BD61,Ammonia,Group 2,Nitrogen-containing,K13051
BD61,Ammonia,Group 2,Nitrogen-containing,K13051
BD61,Ammonia,Group 2,Nitrogen-containing,K01426
BD61,Ammonia,Group 2,Nitrogen-containing,K01426
BD61,Ammonia,Group 2,Nitrogen-containing,K01455
BD61,Ammonia,Group 2,Nitrogen-containing,K01455
BD61,Ammonia,Group 2,Nitrogen-containing,K01428
BD61,Ammonia,Group 2,Nitrogen-containing,K01428
BD61,Ammonia,Group 2,Nitrogen-containing,K01429
BD61,Ammonia,Group 2,Nitrogen-containing,K01429
BD61,Ammonia,Group 2,Nitrogen-containing,K01430
BD61,Ammonia,Group 2,Nitrogen-containing,K01430
BD61,Ammonia,Group 2,Nitrogen-containing,K14048
BD61,Ammonia,Group 2,Nitrogen-containing,K14048
BD61,Ammonia,Group 2,Nitrogen-containing,K01485
BD61,Ammonia,Group 2,Nitrogen-containing,K01485
BD61,Ammonia,Group 2,Nitrogen-containing,K01487
BD61,Ammonia,Group 2,Nitrogen-containing,K01487
BD61,Ammonia,Group 2,Nitrogen-containing,K11991
BD61,Ammonia,Group 2,Nitrogen-containing,K11991
BD61,Ammonia,Group 2,Nitrogen-containing,K01486
BD61,Ammonia,Group 2,Nitrogen-containing,K01486
BD61,Ammonia,Group 2,Nitrogen-containing,K01494
BD61,Ammonia,Group 2,Nitrogen-containing,K01494
BD61,Ammonia,Group 2,Nitrogen-containing,K01501
BD61,Ammonia,Group 2,Nitrogen-containing,K01501
BD61,Ammonia,Group 2,Nitrogen-containing,K01665
BD61,Ammonia,Group 2,Nitrogen-containing,K01665
BD61,Ammonia,Group 2,Nitrogen-containing,K03342
BD61,Ammonia,Group 2,Nitrogen-containing,K03342
BD61,Ammonia,Group 2,Nitrogen-containing,K01739
BD61,Ammonia,Group 2,Nitrogen-containing,K01739
BD61,Ammonia,Group 2,Nitrogen-containing,K01761
BD61,Ammonia,Group 2,Nitrogen-containing,K01761
BD61,Ammonia,Group 2,Nitrogen-containing,K01745
BD61,Ammonia,Group 2,Nitrogen-containing,K01745
BD61,Ammonia,Group 2,Nitrogen-containing,K01749
BD61,Ammonia,Group 2,Nitrogen-containing,K01749
BD61,Ammonia,Group 2,Nitrogen-containing,K01750
BD61,Ammonia,Group 2,Nitrogen-containing,K01750
BD61,Ammonia,Group 2,Nitrogen-containing,K19244
BD61,Ammonia,Group 2,Nitrogen-containing,K19244
BD61,Ammonia,Group 2,Nitrogen-containing,K01752
BD61,Ammonia,Group 2,Nitrogen-containing,K01752
BD61,Ammonia,Group 2,Nitrogen-containing,K01754
BD61,Ammonia,Group 2,Nitrogen-containing,K01754
BD61,Ammonia,Group 2,Nitrogen-containing,K01760
BD61,Ammonia,Group 2,Nitrogen-containing,K01760
BD61,Ammonia,Group 2,Nitrogen-containing,K01915
BD61,Ammonia,Group 2,Nitrogen-containing,K01915
BD61,Ammonia,Group 2,Nitrogen-containing,K01916
BD61,Ammonia,Group 2,Nitrogen-containing,K01916
BD61,Ammonia,Group 2,Nitrogen-containing,K01950
BD61,Ammonia,Group 2,Nitrogen-containing,K01950
BD61,Ammonia,Group 2,Nitrogen-containing,K01937
BD61,Ammonia,Group 2,Nitrogen-containing,K01937
BD61,Ammonia,Group 2,Nitrogen-containing,K01951
BD61,Ammonia,Group 2,Nitrogen-containing,K01951
BD61,Ammonia,Group 2,Nitrogen-containing,K01955
BD61,Ammonia,Group 2,Nitrogen-containing,K01955
BD61,Ammonia,Group 2,Nitrogen-containing,K01956
BD61,Ammonia,Group 2,Nitrogen-containing,K01956
BD61,Ammonia,Group 2,Nitrogen-containing,K02437
BD61,Ammonia,Group 2,Nitrogen-containing,K02437
BD61,Ammonia,Group 2,Nitrogen-containing,K02500
BD61,Ammonia,Group 2,Nitrogen-containing,K02500
BD61,Ammonia,Group 2,Nitrogen-containing,K02501
BD61,Ammonia,Group 2,Nitrogen-containing,K02501
BD61,Ammonia,Group 2,Nitrogen-containing,K07256
BD61,Ammonia,Group 2,Nitrogen-containing,K07256
BD61,Ammonia,Group 2,Nitrogen-containing,K03153
BD61,Ammonia,Group 2,Nitrogen-containing,K03153
BD61,Ammonia,Group 2,Nitrogen-containing,K03707
BD61,Ammonia,Group 2,Nitrogen-containing,K03707
BD61,Ammonia,Group 2,Nitrogen-containing,K03743
BD61,Ammonia,Group 2,Nitrogen-containing,K03743
BD61,Ammonia,Group 2,Nitrogen-containing,K09471
BD61,Ammonia,Group 2,Nitrogen-containing,K09471
BD61,Ammonia,Group 2,Nitrogen-containing,K05603
BD61,Ammonia,Group 2,Nitrogen-containing,K05603
BD61,Ammonia,Group 2,Nitrogen-containing,K05810
BD61,Ammonia,Group 2,Nitrogen-containing,K05810
BD61,Ammonia,Group 2,Nitrogen-containing,K06016
BD61,Ammonia,Group 2,Nitrogen-containing,K06016
BD61,Ammonia,Group 2,Nitrogen-containing,K06920
BD61,Ammonia,Group 2,Nitrogen-containing,K06920
BD61,Ammonia,Group 2,Nitrogen-containing,K07255
BD61,Ammonia,Group 2,Nitrogen-containing,K07255
BD61,Ammonia,Group 2,Nitrogen-containing,K08281
BD61,Ammonia,Group 2,Nitrogen-containing,K08281
BD61,Ammonia,Group 2,Nitrogen-containing,K10026
BD61,Ammonia,Group 2,Nitrogen-containing,K10026
BD61,Ammonia,Group 2,Nitrogen-containing,K11752
BD61,Ammonia,Group 2,Nitrogen-containing,K11752
BD61,Ammonia,Group 2,Nitrogen-containing,K13503
BD61,Ammonia,Group 2,Nitrogen-containing,K13503
BD61,Ammonia,Group 2,Nitrogen-containing,K14977
BD61,Ammonia,Group 2,Nitrogen-containing,K14977
BD61,Ammonia,Group 2,Nitrogen-containing,K15371
BD61,Ammonia,Group 2,Nitrogen-containing,K15371
BD61,Ammonia,Group 2,Nitrogen-containing,K21062
BD61,Ammonia,Group 2,Nitrogen-containing,K21062
BD61,Amsacrine,Group 2,Polyaromatic,K02469
BD61,Amsacrine,Group 2,Nitrogen-containing,K02469
BD61,Amsacrine,Group 2,Sulfur-containing,K02469
BD61,Amsacrine,Group 2,Polyaromatic,K02470
BD61,Amsacrine,Group 2,Nitrogen-containing,K02470
BD61,Amsacrine,Group 2,Sulfur-containing,K02470
BD61,Amsacrine,Group 2,Polyaromatic,K02621
BD61,Amsacrine,Group 2,Nitrogen-containing,K02621
BD61,Amsacrine,Group 2,Sulfur-containing,K02621
BD61,Amsacrine,Group 2,Polyaromatic,K02622
BD61,Amsacrine,Group 2,Nitrogen-containing,K02622
BD61,Amsacrine,Group 2,Sulfur-containing,K02622
BD61,Amsacrine,Group 2,Polyaromatic,K03168
BD61,Amsacrine,Group 2,Nitrogen-containing,K03168
BD61,Amsacrine,Group 2,Sulfur-containing,K03168
BD61,Anthracene,Group 2,Polyaromatic,K14581
BD61,Anthracene,Group 2,Polyaromatic,K14581
BD61,Anthracene,Group 2,Polyaromatic,K14581
BD61,Anthracene,Group 2,Polyaromatic,K14581
BD61,Anthracene,Group 2,Polyaromatic,K14581
BD61,"Anthracene-cis-1,2-dihydrodiol",Group 2,Polyaromatic,K14581
BD61,"Anthracene-cis-1,2-dihydrodiol",Group 2,Polyaromatic,K14581
BD61,"Anthracene-cis-1,2-dihydrodiol",Group 2,Polyaromatic,K14581
BD61,"Anthracene-cis-1,2-dihydrodiol",Group 2,Polyaromatic,K14581
BD61,Arsenic,Group 2,Metal,K04077
BD61,Arsenic,Group 2,Metal,K04077
BD61,Arsenic,Group 2,Metal,K04077
BD61,Arsenic,Group 2,Metal,K04077
BD61,Arylmercury,Group 2,Organometallic,K01179
BD61,Arylmercury,Group 2,Organometallic,K01179
BD61,Arylmercury,Group 2,Polyaromatic,K01179
BD61,Arylmercury,Group 2,Polyaromatic,K01179
BD61,Aziridine,Group 2,Nitrogen-containing,K01089
BD61,Aziridine,Group 2,Aliphatic,K01089
BD61,Aziridine,Group 2,Nitrogen-containing,K18649
BD61,Aziridine,Group 2,Aliphatic,K18649
BD61,BHC,Group 2,Chlorinated,K01053
BD61,BHC,Group 2,Chlorinated,K01053
BD61,BHC,Group 2,Chlorinated,K01053
BD61,BHC,Group 2,Chlorinated,K01053
BD61,BHC,Group 2,Aliphatic,K01053
BD61,BHC,Group 2,Aliphatic,K01053
BD61,BHC,Group 2,Aliphatic,K01053
BD61,BHC,Group 2,Aliphatic,K01053
BD61,Benzidine,Group 2,Aromatic,K00404
BD61,Benzidine,Group 2,Aromatic,K00404
BD61,Benzidine,Group 2,Aromatic,K00404
BD61,Benzidine,Group 2,Aromatic,K00404
BD61,Benzidine,Group 2,Nitrogen-containing,K00404
BD61,Benzidine,Group 2,Nitrogen-containing,K00404
BD61,Benzidine,Group 2,Nitrogen-containing,K00404
BD61,Benzidine,Group 2,Nitrogen-containing,K00404
BD61,Benzidine,Group 2,Aromatic,K02274
BD61,Benzidine,Group 2,Aromatic,K02274
BD61,Benzidine,Group 2,Aromatic,K02274
BD61,Benzidine,Group 2,Aromatic,K02274
BD61,Benzidine,Group 2,Nitrogen-containing,K02274
BD61,Benzidine,Group 2,Nitrogen-containing,K02274
BD61,Benzidine,Group 2,Nitrogen-containing,K02274
BD61,Benzidine,Group 2,Nitrogen-containing,K02274
BD61,Benzidine,Group 2,Aromatic,K02275
BD61,Benzidine,Group 2,Aromatic,K02275
BD61,Benzidine,Group 2,Aromatic,K02275
BD61,Benzidine,Group 2,Aromatic,K02275
BD61,Benzidine,Group 2,Nitrogen-containing,K02275
BD61,Benzidine,Group 2,Nitrogen-containing,K02275
BD61,Benzidine,Group 2,Nitrogen-containing,K02275
BD61,Benzidine,Group 2,Nitrogen-containing,K02275
BD61,Benzidine,Group 2,Aromatic,K02276
BD61,Benzidine,Group 2,Aromatic,K02276
BD61,Benzidine,Group 2,Aromatic,K02276
BD61,Benzidine,Group 2,Aromatic,K02276
BD61,Benzidine,Group 2,Nitrogen-containing,K02276
BD61,Benzidine,Group 2,Nitrogen-containing,K02276
BD61,Benzidine,Group 2,Nitrogen-containing,K02276
BD61,Benzidine,Group 2,Nitrogen-containing,K02276
BD61,Benzo[a]pyrene,Group 2,Polyaromatic,K14581
BD61,Benzo[a]pyrene,Group 2,Polyaromatic,K14581
BD61,Benzo[a]pyrene,Group 2,Polyaromatic,K14581
BD61,Benzo[a]pyrene,Group 2,Polyaromatic,K14581
BD61,Benzo[a]pyrene,Group 2,Polyaromatic,K14581
BD61,Benzo[a]pyrene,Group 2,Polyaromatic,K14581
BD61,Benzo[a]pyrene,Group 2,Polyaromatic,K14581
BD61,"Benzo[a]pyrene-cis-9,10-dihydrodiol",Group 2,Polyaromatic,K14581
BD61,"Benzo[a]pyrene-cis-9,10-dihydrodiol",Group 2,Polyaromatic,K14581
BD61,"Benzo[a]pyrene-cis-9,10-dihydrodiol",Group 2,Polyaromatic,K14581
BD61,"Benzo[a]pyrene-cis-9,10-dihydrodiol",Group 2,Polyaromatic,K14581
BD61,Benzofuran,Group 2,Aromatic,K00064
BD61,Bifenox,Group 2,Chlorinated,K01053
BD61,Bifenox,Group 2,Aromatic,K01053
BD61,Bifenox,Group 2,Nitrogen-containing,K01053
BD61,CO,Group 2,Inorganic,K06911
BD61,CO,Group 2,Inorganic,K07226
BD61,Cacodylate,Group 2,Inorganic,K00019
BD61,Cacodylate,Group 2,Inorganic,K00019
BD61,Cacodylate,Group 2,Metal,K00019
BD61,Cacodylate,Group 2,Metal,K00019
BD61,Cacodylate,Group 2,Inorganic,K00133
BD61,Cacodylate,Group 2,Inorganic,K00133
BD61,Cacodylate,Group 2,Metal,K00133
BD61,Cacodylate,Group 2,Metal,K00133
BD61,Cacodylate,Group 2,Inorganic,K01708
BD61,Cacodylate,Group 2,Inorganic,K01708
BD61,Cacodylate,Group 2,Metal,K01708
BD61,Cacodylate,Group 2,Metal,K01708
BD61,Cacodylate,Group 2,Inorganic,K20023
BD61,Cacodylate,Group 2,Inorganic,K20023
BD61,Cacodylate,Group 2,Metal,K20023
BD61,Cacodylate,Group 2,Metal,K20023
BD61,Cadmium chloride,Group 2,Metal,K01971
BD61,Cadmium chloride,Group 2,Metal,K01971
BD61,Cadmium chloride,Group 2,Metal,K01971
BD61,Cadmium chloride,Group 2,Inorganic,K01971
BD61,Cadmium chloride,Group 2,Inorganic,K01971
BD61,Cadmium chloride,Group 2,Inorganic,K01971
BD61,Cadmium chloride,Group 2,Chlorinated,K01971
BD61,Cadmium chloride,Group 2,Chlorinated,K01971
BD61,Cadmium chloride,Group 2,Chlorinated,K01971
BD61,Cadmium chloride,Group 2,Metal,K10747
BD61,Cadmium chloride,Group 2,Metal,K10747
BD61,Cadmium chloride,Group 2,Metal,K10747
BD61,Cadmium chloride,Group 2,Inorganic,K10747
BD61,Cadmium chloride,Group 2,Inorganic,K10747
BD61,Cadmium chloride,Group 2,Inorganic,K10747
BD61,Cadmium chloride,Group 2,Chlorinated,K10747
BD61,Cadmium chloride,Group 2,Chlorinated,K10747
BD61,Cadmium chloride,Group 2,Chlorinated,K10747
BD61,Caffeate,Group 2,Aromatic,K03186
BD61,Captafol,Group 2,Chlorinated,K00652
BD61,Captafol,Group 2,Nitrogen-containing,K00652
BD61,Captafol,Group 2,Sulfur-containing,K00652
BD61,Carbon tetrachloride,Group 2,Chlorinated,K00384
BD61,Carbon tetrachloride,Group 2,Chlorinated,K00384
BD61,Carbon tetrachloride,Group 2,Chlorinated,K00384
BD61,Carbon tetrachloride,Group 2,Chlorinated,K00384
BD61,Carbon tetrachloride,Group 2,Chlorinated,K00384
BD61,Carbon tetrachloride,Group 2,Chlorinated,K00789
BD61,Carbon tetrachloride,Group 2,Chlorinated,K00789
BD61,Carbon tetrachloride,Group 2,Chlorinated,K00789
BD61,Carbon tetrachloride,Group 2,Chlorinated,K00789
BD61,Carbon tetrachloride,Group 2,Chlorinated,K00789
BD61,Carbon tetrachloride,Group 2,Chlorinated,K01919
BD61,Carbon tetrachloride,Group 2,Chlorinated,K01919
BD61,Carbon tetrachloride,Group 2,Chlorinated,K01919
BD61,Carbon tetrachloride,Group 2,Chlorinated,K01919
BD61,Carbon tetrachloride,Group 2,Chlorinated,K01919
BD61,Carbon tetrachloride,Group 2,Chlorinated,K03787
BD61,Carbon tetrachloride,Group 2,Chlorinated,K03787
BD61,Carbon tetrachloride,Group 2,Chlorinated,K03787
BD61,Carbon tetrachloride,Group 2,Chlorinated,K03787
BD61,Carbon tetrachloride,Group 2,Chlorinated,K03787
BD61,Catechol,Group 2,Aromatic,K00480
BD61,Catechol,Group 2,Aromatic,K00480
BD61,Catechol,Group 2,Aromatic,K00480
BD61,Catechol,Group 2,Aromatic,K00480
BD61,Catechol,Group 2,Aromatic,K00480
BD61,Catechol,Group 2,Aromatic,K14581
BD61,Catechol,Group 2,Aromatic,K14581
BD61,Catechol,Group 2,Aromatic,K14581
BD61,Catechol,Group 2,Aromatic,K14581
BD61,Catechol,Group 2,Aromatic,K14581
BD61,Catechol,Group 2,Aromatic,K07104
BD61,Catechol,Group 2,Aromatic,K07104
BD61,Catechol,Group 2,Aromatic,K07104
BD61,Catechol,Group 2,Aromatic,K07104
BD61,Catechol,Group 2,Aromatic,K07104
BD61,Chloral hydrate,Group 2,Chlorinated,K00001
BD61,Chloral hydrate,Group 2,Aliphatic,K00001
BD61,Chloral hydrate,Group 2,Chlorinated,K00121
BD61,Chloral hydrate,Group 2,Aliphatic,K00121
BD61,Chloral hydrate,Group 2,Chlorinated,K13953
BD61,Chloral hydrate,Group 2,Aliphatic,K13953
BD61,Chloramine,Group 2,Nitrogen-containing,K03386
BD61,Chloramine,Group 2,Chlorinated,K03386
BD61,Chloramine,Group 2,Nitrogen-containing,K03564
BD61,Chloramine,Group 2,Chlorinated,K03564
BD61,Chloraminophenamide,Group 2,Nitrogen-containing,K01673
BD61,Chloraminophenamide,Group 2,Sulfur-containing,K01673
BD61,Chloraminophenamide,Group 2,Chlorinated,K01673
BD61,Chloraminophenamide,Group 2,Aromatic,K01673
BD61,Chloramphenicol,Group 2,Aromatic,K00638
BD61,Chloramphenicol,Group 2,Nitrogen-containing,K00638
BD61,Chloramphenicol,Group 2,Chlorinated,K00638
BD61,Chlorpyrifos,Group 2,Organophosphorus,K00799
BD61,Chlorpyrifos,Group 2,Organophosphorus,K00799
BD61,Chlorpyrifos,Group 2,Organophosphorus,K00799
BD61,Chlorpyrifos,Group 2,Chlorinated,K00799
BD61,Chlorpyrifos,Group 2,Chlorinated,K00799
BD61,Chlorpyrifos,Group 2,Chlorinated,K00799
BD61,Chlorpyrifos,Group 2,Organophosphorus,K10804
BD61,Chlorpyrifos,Group 2,Organophosphorus,K10804
BD61,Chlorpyrifos,Group 2,Organophosphorus,K10804
BD61,Chlorpyrifos,Group 2,Chlorinated,K10804
BD61,Chlorpyrifos,Group 2,Chlorinated,K10804
BD61,Chlorpyrifos,Group 2,Chlorinated,K10804
BD61,Chlorpyrifos,Group 2,Organophosphorus,K10805
BD61,Chlorpyrifos,Group 2,Organophosphorus,K10805
BD61,Chlorpyrifos,Group 2,Organophosphorus,K10805
BD61,Chlorpyrifos,Group 2,Chlorinated,K10805
BD61,Chlorpyrifos,Group 2,Chlorinated,K10805
BD61,Chlorpyrifos,Group 2,Chlorinated,K10805
BD61,Cobalt,Group 2,Metal,K01870
BD61,Cobaltous sulfate,Group 2,Metal,K01623
BD61,Cobaltous sulfate,Group 2,Inorganic,K01623
BD61,Cobaltous sulfate,Group 2,Metal,K01624
BD61,Cobaltous sulfate,Group 2,Inorganic,K01624
BD61,Cobaltous sulfate,Group 2,Metal,K05810
BD61,Cobaltous sulfate,Group 2,Inorganic,K05810
BD61,Copper,Group 2,Metal,K00404
BD61,Copper,Group 2,Metal,K00404
BD61,Copper,Group 2,Metal,K00404
BD61,Copper,Group 2,Metal,K01533
BD61,Copper,Group 2,Metal,K01533
BD61,Copper,Group 2,Metal,K01533
BD61,Copper,Group 2,Metal,K02274
BD61,Copper,Group 2,Metal,K02274
BD61,Copper,Group 2,Metal,K02274
BD61,Copper,Group 2,Metal,K02275
BD61,Copper,Group 2,Metal,K02275
BD61,Copper,Group 2,Metal,K02275
BD61,Copper,Group 2,Metal,K02276
BD61,Copper,Group 2,Metal,K02276
BD61,Copper,Group 2,Metal,K02276
BD61,Copper,Group 2,Metal,K17686
BD61,Copper,Group 2,Metal,K17686
BD61,Copper,Group 2,Metal,K17686
BD61,Cyanide ion,Group 2,Nitrogen-containing,K01011
BD61,Cyanide ion,Group 2,Nitrogen-containing,K01011
BD61,Cyanide ion,Group 2,Nitrogen-containing,K01011
BD61,Cyanide ion,Group 2,Inorganic,K01011
BD61,Cyanide ion,Group 2,Inorganic,K01011
BD61,Cyanide ion,Group 2,Inorganic,K01011
BD61,Cypermethrin,Group 2,Polyaromatic,K00036
BD61,Cypermethrin,Group 2,Chlorinated,K00036
BD61,Cypermethrin,Group 2,Nitrogen-containing,K00036
BD61,Cypermethrin,Group 2,Polyaromatic,K00799
BD61,Cypermethrin,Group 2,Chlorinated,K00799
BD61,Cypermethrin,Group 2,Nitrogen-containing,K00799
BD61,Cypermethrin,Group 2,Polyaromatic,K07313
BD61,Cypermethrin,Group 2,Chlorinated,K07313
BD61,Cypermethrin,Group 2,Nitrogen-containing,K07313
BD61,Danthron,Group 2,Aromatic,K00344
BD61,Danthron,Group 2,Aromatic,K00383
BD61,Danthron,Group 2,Aromatic,K00384
BD61,Danthron,Group 2,Aromatic,K00528
BD61,Danthron,Group 2,Aromatic,K03809
BD61,Dichlorvos,Group 2,Organophosphorus,K00799
BD61,Dichlorvos,Group 2,Organophosphorus,K00799
BD61,Dichlorvos,Group 2,Organophosphorus,K00799
BD61,Dichlorvos,Group 2,Chlorinated,K00799
BD61,Dichlorvos,Group 2,Chlorinated,K00799
BD61,Dichlorvos,Group 2,Chlorinated,K00799
BD61,Dichlorvos,Group 2,Organophosphorus,K01048
BD61,Dichlorvos,Group 2,Organophosphorus,K01048
BD61,Dichlorvos,Group 2,Organophosphorus,K01048
BD61,Dichlorvos,Group 2,Chlorinated,K01048
BD61,Dichlorvos,Group 2,Chlorinated,K01048
BD61,Dichlorvos,Group 2,Chlorinated,K01048
BD61,Digoxin,Group 2,Aliphatic,K00383
BD61,Digoxin,Group 2,Aliphatic,K18053
BD61,Diuron,Group 2,Nitrogen-containing,K00036
BD61,Diuron,Group 2,Nitrogen-containing,K00036
BD61,Diuron,Group 2,Nitrogen-containing,K00036
BD61,Diuron,Group 2,Chlorinated,K00036
BD61,Diuron,Group 2,Chlorinated,K00036
BD61,Diuron,Group 2,Chlorinated,K00036
BD61,Diuron,Group 2,Aromatic,K00036
BD61,Diuron,Group 2,Aromatic,K00036
BD61,Diuron,Group 2,Aromatic,K00036
BD61,Endosulfan,Group 2,Chlorinated,K00799
BD61,Endosulfan,Group 2,Chlorinated,K00799
BD61,Endosulfan,Group 2,Chlorinated,K00799
BD61,Endosulfan,Group 2,Chlorinated,K00799
BD61,Endosulfan,Group 2,Inorganic,K00799
BD61,Endosulfan,Group 2,Inorganic,K00799
BD61,Endosulfan,Group 2,Inorganic,K00799
BD61,Endosulfan,Group 2,Inorganic,K00799
BD61,Epichlorohydrin,Group 2,Chlorinated,K00457
BD61,Epichlorohydrin,Group 2,Aliphatic,K00457
BD61,Epichlorohydrin,Group 2,Chlorinated,K00799
BD61,Epichlorohydrin,Group 2,Aliphatic,K00799
BD61,Epichlorohydrin,Group 2,Chlorinated,K05349
BD61,Epichlorohydrin,Group 2,Aliphatic,K05349
BD61,Epichlorohydrin,Group 2,Chlorinated,K03153
BD61,Epichlorohydrin,Group 2,Aliphatic,K03153
BD61,Ethanol,Group 2,Aliphatic,K00001
BD61,Ethanol,Group 2,Aliphatic,K00121
BD61,Ethanol,Group 2,Aliphatic,K13953
BD61,Ethanol,Group 2,Aliphatic,K13979
BD61,Ethanol,Group 2,Aliphatic,K22474
BD61,Ethyl acrylate,Group 2,Aliphatic,K01426
BD61,Ethyl methanesulfonate,Group 2,Organosulfur,K00560
BD61,Ethyl methanesulfonate,Group 2,Aliphatic,K00560
BD61,Ethyl methanesulfonate,Group 2,Organosulfur,K18053
BD61,Ethyl methanesulfonate,Group 2,Aliphatic,K18053
BD61,Ethylbenzene,Group 2,Aromatic,K14581
BD61,Ethylbenzene,Group 2,Aromatic,K14581
BD61,Ethylbenzene,Group 2,Aromatic,K14581
BD61,Ethylbenzene,Group 2,Aromatic,K14581
BD61,Etoposide,Group 2,Polyaromatic,K18053
BD61,Fluoranthene,Group 2,Polyaromatic,K00433
BD61,Fluoranthene,Group 2,Polyaromatic,K00433
BD61,Fluoranthene,Group 2,Polyaromatic,K00433
BD61,Fluoranthene,Group 2,Polyaromatic,K00433
BD61,Fluoren-9-ol,Group 2,Polyaromatic,K14581
BD61,Fluoren-9-ol,Group 2,Polyaromatic,K14581
BD61,Fluoren-9-ol,Group 2,Polyaromatic,K14581
BD61,Fluoren-9-ol,Group 2,Polyaromatic,K14581
BD61,Fluorene,Group 2,Polyaromatic,K14581
BD61,Fluorene,Group 2,Polyaromatic,K14581
BD61,Fluorene,Group 2,Polyaromatic,K14581
BD61,Fluorene,Group 2,Polyaromatic,K14581
BD61,Fluorene,Group 2,Polyaromatic,K14581
BD61,Formaldehyde,Group 2,Aliphatic,K00148
BD61,Formaldehyde,Group 2,Aliphatic,K00148
BD61,Formaldehyde,Group 2,Aliphatic,K00148
BD61,Formaldehyde,Group 2,Aliphatic,K00302
BD61,Formaldehyde,Group 2,Aliphatic,K00302
BD61,Formaldehyde,Group 2,Aliphatic,K00302
BD61,Formaldehyde,Group 2,Aliphatic,K00303
BD61,Formaldehyde,Group 2,Aliphatic,K00303
BD61,Formaldehyde,Group 2,Aliphatic,K00303
BD61,Formaldehyde,Group 2,Aliphatic,K00304
BD61,Formaldehyde,Group 2,Aliphatic,K00304
BD61,Formaldehyde,Group 2,Aliphatic,K00304
BD61,Formaldehyde,Group 2,Aliphatic,K00305
BD61,Formaldehyde,Group 2,Aliphatic,K00305
BD61,Formaldehyde,Group 2,Aliphatic,K00305
BD61,Formaldehyde,Group 2,Aliphatic,K00317
BD61,Formaldehyde,Group 2,Aliphatic,K00317
BD61,Formaldehyde,Group 2,Aliphatic,K00317
BD61,Formaldehyde,Group 2,Aliphatic,K00479
BD61,Formaldehyde,Group 2,Aliphatic,K00479
BD61,Formaldehyde,Group 2,Aliphatic,K00479
BD61,Formaldehyde,Group 2,Aliphatic,K21832
BD61,Formaldehyde,Group 2,Aliphatic,K21832
BD61,Formaldehyde,Group 2,Aliphatic,K21832
BD61,Formaldehyde,Group 2,Aliphatic,K00606
BD61,Formaldehyde,Group 2,Aliphatic,K00606
BD61,Formaldehyde,Group 2,Aliphatic,K00606
BD61,Formaldehyde,Group 2,Aliphatic,K03781
BD61,Formaldehyde,Group 2,Aliphatic,K03781
BD61,Formaldehyde,Group 2,Aliphatic,K03781
BD61,Formaldehyde,Group 2,Aliphatic,K04091
BD61,Formaldehyde,Group 2,Aliphatic,K04091
BD61,Formaldehyde,Group 2,Aliphatic,K04091
BD61,Formaldehyde,Group 2,Aliphatic,K21833
BD61,Formaldehyde,Group 2,Aliphatic,K21833
BD61,Formaldehyde,Group 2,Aliphatic,K21833
BD61,Glycidaldehyde,Group 2,Aliphatic,K00600
BD61,Hg,Group 2,Metal,K00520
BD61,Hg,Group 2,Metal,K00520
BD61,Hydrochlorothiazide,Group 2,Nitrogen-containing,K00287
BD61,Hydrochlorothiazide,Group 2,Sulfur-containing,K00287
BD61,Hydrochlorothiazide,Group 2,Chlorinated,K00287
BD61,Hydrochlorothiazide,Group 2,Aromatic,K00287
BD61,Hydrochlorothiazide,Group 2,Nitrogen-containing,K01673
BD61,Hydrochlorothiazide,Group 2,Sulfur-containing,K01673
BD61,Hydrochlorothiazide,Group 2,Chlorinated,K01673
BD61,Hydrochlorothiazide,Group 2,Aromatic,K01673
BD61,Hydrogen cyanide,Group 2,Nitrogen-containing,K00799
BD61,Lead,Group 2,Metal,K00001
BD61,Lead,Group 2,Metal,K00001
BD61,Lead,Group 2,Metal,K00001
BD61,Lead,Group 2,Metal,K00001
BD61,Lead,Group 2,Metal,K00001
BD61,Lead nitrate,Group 2,Metal,K00383
BD61,Lead nitrate,Group 2,Metal,K00383
BD61,Lead nitrate,Group 2,Inorganic,K00383
BD61,Lead nitrate,Group 2,Inorganic,K00383
BD61,Lead nitrate,Group 2,Nitrogen-containing,K00383
BD61,Lead nitrate,Group 2,Nitrogen-containing,K00383
BD61,Lead nitrate,Group 2,Metal,K00520
BD61,Lead nitrate,Group 2,Metal,K00520
BD61,Lead nitrate,Group 2,Inorganic,K00520
BD61,Lead nitrate,Group 2,Inorganic,K00520
BD61,Lead nitrate,Group 2,Nitrogen-containing,K00520
BD61,Lead nitrate,Group 2,Nitrogen-containing,K00520
BD61,Lead nitrate,Group 2,Metal,K00620
BD61,Lead nitrate,Group 2,Metal,K00620
BD61,Lead nitrate,Group 2,Inorganic,K00620
BD61,Lead nitrate,Group 2,Inorganic,K00620
BD61,Lead nitrate,Group 2,Nitrogen-containing,K00620
BD61,Lead nitrate,Group 2,Nitrogen-containing,K00620
BD61,Lead nitrate,Group 2,Metal,K00845
BD61,Lead nitrate,Group 2,Metal,K00845
BD61,Lead nitrate,Group 2,Inorganic,K00845
BD61,Lead nitrate,Group 2,Inorganic,K00845
BD61,Lead nitrate,Group 2,Nitrogen-containing,K00845
BD61,Lead nitrate,Group 2,Nitrogen-containing,K00845
BD61,Lead nitrate,Group 2,Metal,K01749
BD61,Lead nitrate,Group 2,Metal,K01749
BD61,Lead nitrate,Group 2,Inorganic,K01749
BD61,Lead nitrate,Group 2,Inorganic,K01749
BD61,Lead nitrate,Group 2,Nitrogen-containing,K01749
BD61,Lead nitrate,Group 2,Nitrogen-containing,K01749
BD61,Mercuric chloride,Group 2,Metal,K00001
BD61,Mercuric chloride,Group 2,Metal,K00001
BD61,Mercuric chloride,Group 2,Chlorinated,K00001
BD61,Mercuric chloride,Group 2,Chlorinated,K00001
BD61,Mercuric chloride,Group 2,Metal,K00008
BD61,Mercuric chloride,Group 2,Metal,K00008
BD61,Mercuric chloride,Group 2,Chlorinated,K00008
BD61,Mercuric chloride,Group 2,Chlorinated,K00008
BD61,Mercuric chloride,Group 2,Metal,K00459
BD61,Mercuric chloride,Group 2,Metal,K00459
BD61,Mercuric chloride,Group 2,Chlorinated,K00459
BD61,Mercuric chloride,Group 2,Chlorinated,K00459
BD61,Mercury(2+),Group 2,Metal,K00520
BD61,Mercury(2+),Group 2,Metal,K00520
BD61,Merphalan,Group 2,Nitrogen-containing,K01271
BD61,Merphalan,Group 2,Chlorinated,K01271
BD61,Merphalan,Group 2,Aromatic,K01271
BD61,Merphalan,Group 2,Nitrogen-containing,K01322
BD61,Merphalan,Group 2,Chlorinated,K01322
BD61,Merphalan,Group 2,Aromatic,K01322
BD61,Methane,Group 2,Aliphatic,K06163
BD61,Methyl bromide,Group 2,Halogenated,K00567
BD61,Methyl bromide,Group 2,Aliphatic,K00567
BD61,Methyl bromide,Group 2,Halogenated,K10778
BD61,Methyl bromide,Group 2,Aliphatic,K10778
BD61,Methyl isobutyl ketone,Group 2,Aliphatic,K00001
BD61,Methyl isobutyl ketone,Group 2,Aliphatic,K00274
BD61,Methyl isobutyl ketone,Group 2,Aliphatic,K00824
BD61,Methyl tert-butyl ether,Group 2,Aliphatic,K00001
BD61,Methylmercury chloride,Group 2,Organometallic,K00248
BD61,Methylmercury chloride,Group 2,Organometallic,K00248
BD61,Methylmercury chloride,Group 2,Organometallic,K00248
BD61,Methylmercury chloride,Group 2,Chlorinated,K00248
BD61,Methylmercury chloride,Group 2,Chlorinated,K00248
BD61,Methylmercury chloride,Group 2,Chlorinated,K00248
BD61,Methylmercury chloride,Group 2,Organometallic,K00249
BD61,Methylmercury chloride,Group 2,Organometallic,K00249
BD61,Methylmercury chloride,Group 2,Organometallic,K00249
BD61,Methylmercury chloride,Group 2,Chlorinated,K00249
BD61,Methylmercury chloride,Group 2,Chlorinated,K00249
BD61,Methylmercury chloride,Group 2,Chlorinated,K00249
BD61,Methylmercury chloride,Group 2,Organometallic,K00287
BD61,Methylmercury chloride,Group 2,Organometallic,K00287
BD61,Methylmercury chloride,Group 2,Organometallic,K00287
BD61,Methylmercury chloride,Group 2,Chlorinated,K00287
BD61,Methylmercury chloride,Group 2,Chlorinated,K00287
BD61,Methylmercury chloride,Group 2,Chlorinated,K00287
BD61,Methylmercury chloride,Group 2,Organometallic,K01262
BD61,Methylmercury chloride,Group 2,Organometallic,K01262
BD61,Methylmercury chloride,Group 2,Organometallic,K01262
BD61,Methylmercury chloride,Group 2,Chlorinated,K01262
BD61,Methylmercury chloride,Group 2,Chlorinated,K01262
BD61,Methylmercury chloride,Group 2,Chlorinated,K01262
BD61,Methylmercury chloride,Group 2,Organometallic,K01919
BD61,Methylmercury chloride,Group 2,Organometallic,K01919
BD61,Methylmercury chloride,Group 2,Organometallic,K01919
BD61,Methylmercury chloride,Group 2,Chlorinated,K01919
BD61,Methylmercury chloride,Group 2,Chlorinated,K01919
BD61,Methylmercury chloride,Group 2,Chlorinated,K01919
BD61,Microcystin LR,Group 2,Nitrogen-containing,K07313
BD61,Microcystin LR,Group 2,Aromatic,K07313
BD61,Mitomycin,Group 2,Nitrogen-containing,K03809
BD61,Mitomycin,Group 2,Polyaromatic,K03809
BD61,Mitomycin,Group 2,Nitrogen-containing,K18053
BD61,Mitomycin,Group 2,Polyaromatic,K18053
BD61,Mitoxantrone,Group 2,Nitrogen-containing,K00523
BD61,Mitoxantrone,Group 2,Polyaromatic,K00523
BD61,Mitoxantrone,Group 2,Nitrogen-containing,K01104
BD61,Mitoxantrone,Group 2,Polyaromatic,K01104
BD61,"N,N'-Diacetylbenzidine",Group 2,Nitrogen-containing,K03594
BD61,"N,N'-Diacetylbenzidine",Group 2,Polyaromatic,K03594
BD61,N-Methyl-N'-nitro-N-nitrosoguanidine,Group 2,Nitrogen-containing,K18053
BD61,N-Methyl-N'-nitro-N-nitrosoguanidine,Group 2,Inorganic,K18053
BD61,Nafenopin,Group 2,Polyaromatic,K01961
BD61,Nafenopin,Group 2,Polyaromatic,K01962
BD61,Nafenopin,Group 2,Polyaromatic,K01963
BD61,Naphthalene,Group 2,Polyaromatic,K14581
BD61,Naphthalene,Group 2,Polyaromatic,K14581
BD61,Naphthalene,Group 2,Polyaromatic,K14581
BD61,Naphthalene,Group 2,Polyaromatic,K14581
BD61,Naphthalene,Group 2,Polyaromatic,K14581
BD61,Naphthalene,Group 2,Polyaromatic,K14581
BD61,"Naphthalene-1,2-diol",Group 2,Polyaromatic,K00480
BD61,"Naphthalene-1,2-diol",Group 2,Polyaromatic,K00480
BD61,"Naphthalene-1,2-diol",Group 2,Polyaromatic,K00480
BD61,"Naphthalene-1,2-diol",Group 2,Polyaromatic,K00480
BD61,Nickel chloride,Group 2,Metal,K01507
BD61,Nickel chloride,Group 2,Metal,K01507
BD61,Nickel chloride,Group 2,Metal,K01507
BD61,Nickel chloride,Group 2,Inorganic,K01507
BD61,Nickel chloride,Group 2,Inorganic,K01507
BD61,Nickel chloride,Group 2,Inorganic,K01507
BD61,Nickel chloride,Group 2,Chlorinated,K01507
BD61,Nickel chloride,Group 2,Chlorinated,K01507
BD61,Nickel chloride,Group 2,Chlorinated,K01507
BD61,Nitrate,Group 2,Nitrogen-containing,K00370
BD61,Nitrate,Group 2,Inorganic,K00370
BD61,Nitrate,Group 2,Nitrogen-containing,K00371
BD61,Nitrate,Group 2,Inorganic,K00371
BD61,Nitrate,Group 2,Nitrogen-containing,K00374
BD61,Nitrate,Group 2,Inorganic,K00374
BD61,Nitrite,Group 2,Nitrogen-containing,K00366
BD61,Nitrite,Group 2,Inorganic,K00366
BD61,Nitrite,Group 2,Nitrogen-containing,K00370
BD61,Nitrite,Group 2,Inorganic,K00370
BD61,Nitrite,Group 2,Nitrogen-containing,K00371
BD61,Nitrite,Group 2,Inorganic,K00371
BD61,Nitrite,Group 2,Nitrogen-containing,K00374
BD61,Nitrite,Group 2,Inorganic,K00374
BD61,Nitrite,Group 2,Nitrogen-containing,K00459
BD61,Nitrite,Group 2,Inorganic,K00459
BD61,Nitrite,Group 2,Nitrogen-containing,K14581
BD61,Nitrite,Group 2,Inorganic,K14581
BD61,Nitrobenzene,Group 2,Nitrogen-containing,K14581
BD61,Nitrobenzene,Group 2,Nitrogen-containing,K14581
BD61,Nitrobenzene,Group 2,Aromatic,K14581
BD61,Nitrobenzene,Group 2,Aromatic,K14581
BD61,Nitrogen mustard,Group 2,Chlorinated,K00130
BD61,Nitrogen mustard,Group 2,Nitrogen-containing,K00130
BD61,Nitrogen mustard,Group 2,Chlorinated,K00383
BD61,Nitrogen mustard,Group 2,Nitrogen-containing,K00383
BD61,Nitromethane,Group 2,Nitrogen-containing,K00459
BD61,Nitromethane,Group 2,Inorganic,K00459
BD61,Nitromethane,Group 2,Nitrogen-containing,K01745
BD61,Nitromethane,Group 2,Inorganic,K01745
BD61,Phenacetin,Group 2,Aromatic,K01271
BD61,Phenacetin,Group 2,Nitrogen-containing,K01271
BD61,Phenacetin,Group 2,Aromatic,K01426
BD61,Phenacetin,Group 2,Nitrogen-containing,K01426
BD61,Phenol,Group 2,Aromatic,K03186
BD61,Phenol,Group 2,Aromatic,K03186
BD61,Phenol,Group 2,Aromatic,K03186
BD61,Phenol,Group 2,Aromatic,K03186
BD61,Phenol,Group 2,Aromatic,K10804
BD61,Phenol,Group 2,Aromatic,K10804
BD61,Phenol,Group 2,Aromatic,K10804
BD61,Phenol,Group 2,Aromatic,K10804
BD61,Phenol,Group 2,Aromatic,K10804
BD61,Phenylmercury acetate,Group 2,Organometallic,K00366
BD61,Phenylmercury acetate,Group 2,Organometallic,K00366
BD61,Phenylmercury acetate,Group 2,Aromatic,K00366
BD61,Phenylmercury acetate,Group 2,Aromatic,K00366
BD61,Phenylmercury acetate,Group 2,Organometallic,K04564
BD61,Phenylmercury acetate,Group 2,Organometallic,K04564
BD61,Phenylmercury acetate,Group 2,Aromatic,K04564
BD61,Phenylmercury acetate,Group 2,Aromatic,K04564
BD61,Phenylmethanesulfonyl fluoride,Group 2,Sulfur-containing,K00001
BD61,Phenylmethanesulfonyl fluoride,Group 2,Aromatic,K00001
BD61,Phenylmethanesulfonyl fluoride,Group 2,Sulfur-containing,K00024
BD61,Phenylmethanesulfonyl fluoride,Group 2,Aromatic,K00024
BD61,Pioglitazone,Group 2,Aromatic,K00274
BD61,Pioglitazone,Group 2,Sulfur-containing,K00274
BD61,Pioglitazone,Group 2,Nitrogen-containing,K00274
BD61,Pioglitazone,Group 2,Aromatic,K01482
BD61,Pioglitazone,Group 2,Sulfur-containing,K01482
BD61,Pioglitazone,Group 2,Nitrogen-containing,K01482
BD61,Salicylate,Group 2,Aromatic,K00480
BD61,Salicylate,Group 2,Aromatic,K00480
BD61,Salicylate,Group 2,Aromatic,K00480
BD61,Salicylate,Group 2,Aromatic,K00480
BD61,Salicylate,Group 2,Aromatic,K14581
BD61,Salicylate,Group 2,Aromatic,K14581
BD61,Salicylate,Group 2,Aromatic,K14581
BD61,Salicylate,Group 2,Aromatic,K14581
BD61,Simazine,Group 2,Nitrogen-containing,K01673
BD61,Simazine,Group 2,Nitrogen-containing,K01673
BD61,Simazine,Group 2,Chlorinated,K01673
BD61,Simazine,Group 2,Chlorinated,K01673
BD61,Sodium arsenite,Group 2,Inorganic,K00128
BD61,Sodium arsenite,Group 2,Metal,K00128
BD61,Sodium arsenite,Group 2,Inorganic,K00265
BD61,Sodium arsenite,Group 2,Metal,K00265
BD61,Sodium arsenite,Group 2,Inorganic,K00266
BD61,Sodium arsenite,Group 2,Metal,K00266
BD61,Sodium arsenite,Group 2,Inorganic,K01011
BD61,Sodium arsenite,Group 2,Metal,K01011
BD61,Sodium fluoride,Group 2,Inorganic,K00024
BD61,Streptozocin,Group 2,Nitrogen-containing,K01495
BD61,Streptozocin,Group 2,Aliphatic,K01495
BD61,Strontium cation,Group 2,Metal,K00128
BD61,Styrene,Group 2,Aromatic,K14581
BD61,Styrene,Group 2,Aromatic,K14581
BD61,Styrene,Group 2,Aromatic,K14581
BD61,Sulfasalazine,Group 2,Nitrogen-containing,K00927
BD61,Sulfasalazine,Group 2,Sulfur-containing,K00927
BD61,Sulfasalazine,Group 2,Polyaromatic,K00927
BD61,Sulfasalazine,Group 2,Nitrogen-containing,K02488
BD61,Sulfasalazine,Group 2,Sulfur-containing,K02488
BD61,Sulfasalazine,Group 2,Polyaromatic,K02488
BD61,Sulfasalazine,Group 2,Nitrogen-containing,K13069
BD61,Sulfasalazine,Group 2,Sulfur-containing,K13069
BD61,Sulfasalazine,Group 2,Polyaromatic,K13069
BD61,Tetranitromethane,Group 2,Nitrogen-containing,K00033
BD61,Tetranitromethane,Group 2,Inorganic,K00033
BD61,Tetranitromethane,Group 2,Nitrogen-containing,K00278
BD61,Tetranitromethane,Group 2,Inorganic,K00278
BD61,Thioacetamide,Group 2,Nitrogen-containing,K00001
BD61,Thioacetamide,Group 2,Sulfur-containing,K00001
BD61,Thioacetamide,Group 2,Aliphatic,K00001
BD61,Thioacetamide,Group 2,Nitrogen-containing,K00384
BD61,Thioacetamide,Group 2,Sulfur-containing,K00384
BD61,Thioacetamide,Group 2,Aliphatic,K00384
BD61,Thioacetamide,Group 2,Nitrogen-containing,K01426
BD61,Thioacetamide,Group 2,Sulfur-containing,K01426
BD61,Thioacetamide,Group 2,Aliphatic,K01426
BD61,Thioacetamide,Group 2,Nitrogen-containing,K01919
BD61,Thioacetamide,Group 2,Sulfur-containing,K01919
BD61,Thioacetamide,Group 2,Aliphatic,K01919
BD61,Thioacetamide,Group 2,Nitrogen-containing,K01920
BD61,Thioacetamide,Group 2,Sulfur-containing,K01920
BD61,Thioacetamide,Group 2,Aliphatic,K01920
BD61,Thioacetamide,Group 2,Nitrogen-containing,K03787
BD61,Thioacetamide,Group 2,Sulfur-containing,K03787
BD61,Thioacetamide,Group 2,Aliphatic,K03787
BD61,Thiocyanate,Group 2,Sulfur-containing,K01011
BD61,Thiocyanate,Group 2,Nitrogen-containing,K01011
BD61,Thiouracil,Group 2,Nitrogen-containing,K00433
BD61,Thiouracil,Group 2,Sulfur-containing,K00433
BD61,Thiouracil,Group 2,Aliphatic,K00433
BD61,Thiouracil,Group 2,Nitrogen-containing,K00761
BD61,Thiouracil,Group 2,Sulfur-containing,K00761
BD61,Thiouracil,Group 2,Aliphatic,K00761
BD61,Thiouracil,Group 2,Nitrogen-containing,K01464
BD61,Thiouracil,Group 2,Sulfur-containing,K01464
BD61,Thiouracil,Group 2,Aliphatic,K01464
BD61,Thiouracil,Group 2,Nitrogen-containing,K01485
BD61,Thiouracil,Group 2,Sulfur-containing,K01485
BD61,Thiouracil,Group 2,Aliphatic,K01485
BD61,Tributyltin chloride,Group 2,Metal,K02111
BD61,Tributyltin chloride,Group 2,Metal,K02111
BD61,Tributyltin chloride,Group 2,Organometallic,K02111
BD61,Tributyltin chloride,Group 2,Organometallic,K02111
BD61,Tributyltin chloride,Group 2,Metal,K02112
BD61,Tributyltin chloride,Group 2,Metal,K02112
BD61,Tributyltin chloride,Group 2,Organometallic,K02112
BD61,Tributyltin chloride,Group 2,Organometallic,K02112
BD61,Trichloroethene,Group 2,Chlorinated,K00799
BD61,Trichloroethene,Group 2,Chlorinated,K00799
BD61,Trichloroethene,Group 2,Chlorinated,K00799
BD61,Trichloroethene,Group 2,Chlorinated,K00799
BD61,Trichloroethene,Group 2,Chlorinated,K00799
BD61,Trichloroethene,Group 2,Chlorinated,K00799
BD61,Trichloroethene,Group 2,Aliphatic,K00799
BD61,Trichloroethene,Group 2,Aliphatic,K00799
BD61,Trichloroethene,Group 2,Aliphatic,K00799
BD61,Trichloroethene,Group 2,Aliphatic,K00799
BD61,Trichloroethene,Group 2,Aliphatic,K00799
BD61,Trichloroethene,Group 2,Aliphatic,K00799
BD61,Trinitrotoluene,Group 2,Nitrogen-containing,K10680
BD61,Trinitrotoluene,Group 2,Aromatic,K10680
BD61,Vinyl fluoride,Group 2,Halogenated,K00574
BD61,Vinyl fluoride,Group 2,Halogenated,K00574
BD61,Vinyl fluoride,Group 2,Aliphatic,K00574
BD61,Vinyl fluoride,Group 2,Aliphatic,K00574
BD61,Zalcitabine,Group 2,Nitrogen-containing,K03943
BD61,Zalcitabine,Group 2,Nitrogen-containing,K03941
BD61,Zalcitabine,Group 2,Nitrogen-containing,K00927
BD61,Zidovudine,Group 2,Nitrogen-containing,K00330
BD61,Zidovudine,Group 2,Nitrogen-containing,K00331
BD61,Zidovudine,Group 2,Nitrogen-containing,K00332
BD61,Zidovudine,Group 2,Nitrogen-containing,K00333
BD61,Zidovudine,Group 2,Nitrogen-containing,K00334
BD61,Zidovudine,Group 2,Nitrogen-containing,K03943
BD61,Zidovudine,Group 2,Nitrogen-containing,K00335
BD61,Zidovudine,Group 2,Nitrogen-containing,K00336
BD61,Zidovudine,Group 2,Nitrogen-containing,K00337
BD61,Zidovudine,Group 2,Nitrogen-containing,K00338
BD61,Zidovudine,Group 2,Nitrogen-containing,K03941
BD61,Zidovudine,Group 2,Nitrogen-containing,K00339
BD61,Zidovudine,Group 2,Nitrogen-containing,K00340
BD61,Zidovudine,Group 2,Nitrogen-containing,K00341
BD61,Zidovudine,Group 2,Nitrogen-containing,K00342
BD61,Zidovudine,Group 2,Nitrogen-containing,K00343
BD61,Zidovudine,Group 2,Nitrogen-containing,K00943
BD61,Zidovudine,Group 2,Nitrogen-containing,K03787
BD61,Zinc cation,Group 2,Metal,K00001
BD61,Zinc cation,Group 2,Metal,K00001
BD61,Zinc cation,Group 2,Metal,K00004
BD61,Zinc cation,Group 2,Metal,K00004
BD61,Zinc cation,Group 2,Metal,K00008
BD61,Zinc cation,Group 2,Metal,K00008
BD61,Zinc cation,Group 2,Metal,K21620
BD61,Zinc cation,Group 2,Metal,K21620
BD61,alpha-Chlorohydrin,Group 2,Chlorinated,K00134
BD61,alpha-Chlorohydrin,Group 2,Aliphatic,K00134
BD61,alpha-Chlorohydrin,Group 2,Chlorinated,K00864
BD61,alpha-Chlorohydrin,Group 2,Aliphatic,K00864
BD61,beta-Butyrolactone,Group 2,Aliphatic,K01053
BD61,para-Aminoazobenzene,Group 2,Nitrogen-containing,K01255
BD61,para-Aminoazobenzene,Group 2,Polyaromatic,K01255
BD61,para-Aminoazobenzene,Group 2,Nitrogen-containing,K01259
BD61,para-Aminoazobenzene,Group 2,Polyaromatic,K01259
BD163,"1,1,2,2-Tetrachloroethane",Group 25,Chlorinated,K04091
BD163,"1,1,2,2-Tetrachloroethane",Group 25,Chlorinated,K04091
BD163,"1,1,2,2-Tetrachloroethane",Group 25,Chlorinated,K04091
BD163,"1,1,2,2-Tetrachloroethane",Group 25,Chlorinated,K04091
BD163,"1,1,2,2-Tetrachloroethane",Group 25,Aliphatic,K04091
BD163,"1,1,2,2-Tetrachloroethane",Group 25,Aliphatic,K04091
BD163,"1,1,2,2-Tetrachloroethane",Group 25,Aliphatic,K04091
BD163,"1,1,2,2-Tetrachloroethane",Group 25,Aliphatic,K04091
BD163,"1,1,2,2-Tetrachloroethane",Group 25,Chlorinated,K17228
BD163,"1,1,2,2-Tetrachloroethane",Group 25,Chlorinated,K17228
BD163,"1,1,2,2-Tetrachloroethane",Group 25,Chlorinated,K17228
BD163,"1,1,2,2-Tetrachloroethane",Group 25,Chlorinated,K17228
BD163,"1,1,2,2-Tetrachloroethane",Group 25,Aliphatic,K17228
BD163,"1,1,2,2-Tetrachloroethane",Group 25,Aliphatic,K17228
BD163,"1,1,2,2-Tetrachloroethane",Group 25,Aliphatic,K17228
BD163,"1,1,2,2-Tetrachloroethane",Group 25,Aliphatic,K17228
BD163,"1,1,2-Trichloroethane",Group 25,Chlorinated,K01563
BD163,"1,1,2-Trichloroethane",Group 25,Chlorinated,K01563
BD163,"1,1,2-Trichloroethane",Group 25,Aliphatic,K01563
BD163,"1,1,2-Trichloroethane",Group 25,Aliphatic,K01563
BD163,"1,2,3-Trichloropropane",Group 25,Chlorinated,K01563
BD163,"1,2,3-Trichloropropane",Group 25,Aliphatic,K01563
BD163,"1,2-Dibromo-3-chloropropane",Group 25,Chlorinated,K01563
BD163,"1,2-Dibromo-3-chloropropane",Group 25,Chlorinated,K01563
BD163,"1,2-Dibromo-3-chloropropane",Group 25,Halogenated,K01563
BD163,"1,2-Dibromo-3-chloropropane",Group 25,Halogenated,K01563
BD163,"1,2-Dichlorobenzene",Group 25,Chlorinated,K01537
BD163,"1,2-Dichlorobenzene",Group 25,Chlorinated,K01537
BD163,"1,2-Dichlorobenzene",Group 25,Chlorinated,K01537
BD163,"1,2-Dichlorobenzene",Group 25,Chlorinated,K01537
BD163,"1,2-Dichlorobenzene",Group 25,Aromatic,K01537
BD163,"1,2-Dichlorobenzene",Group 25,Aromatic,K01537
BD163,"1,2-Dichlorobenzene",Group 25,Aromatic,K01537
BD163,"1,2-Dichlorobenzene",Group 25,Aromatic,K01537
BD163,"1,2-Dichloroethane",Group 25,Chlorinated,K01563
BD163,"1,2-Dichloroethane",Group 25,Chlorinated,K01563
BD163,"1,2-Dichloroethane",Group 25,Chlorinated,K01563
BD163,"1,2-Dichloroethane",Group 25,Chlorinated,K01563
BD163,"1,2-Dichloroethane",Group 25,Chlorinated,K01563
BD163,"1,2-Dichloroethane",Group 25,Chlorinated,K01563
BD163,"1,2-Dichloroethane",Group 25,Chlorinated,K01563
BD163,"1,2-Dichloroethane",Group 25,Aliphatic,K01563
BD163,"1,2-Dichloroethane",Group 25,Aliphatic,K01563
BD163,"1,2-Dichloroethane",Group 25,Aliphatic,K01563
BD163,"1,2-Dichloroethane",Group 25,Aliphatic,K01563
BD163,"1,2-Dichloroethane",Group 25,Aliphatic,K01563
BD163,"1,2-Dichloroethane",Group 25,Aliphatic,K01563
BD163,"1,2-Dichloroethane",Group 25,Aliphatic,K01563
BD163,"1,3-Dichloro-2-propanol",Group 25,Chlorinated,K00005
BD163,"1,3-Dichloro-2-propanol",Group 25,Aliphatic,K00005
BD163,"1,4-Dioxane",Group 25,Aliphatic,K00001
BD163,"1,4-Dioxane",Group 25,Aliphatic,K00001
BD163,"1,4-Dioxane",Group 25,Aliphatic,K00005
BD163,"1,4-Dioxane",Group 25,Aliphatic,K00005
BD163,"2,2',4,4',6,6'-Hexachlorobiphenyl",Group 25,Chlorinated,K01599
BD163,"2,2',4,4',6,6'-Hexachlorobiphenyl",Group 25,Chlorinated,K01599
BD163,"2,2',4,4',6,6'-Hexachlorobiphenyl",Group 25,Polyaromatic,K01599
BD163,"2,2',4,4',6,6'-Hexachlorobiphenyl",Group 25,Polyaromatic,K01599
BD163,"2,2',4,4'-Tetrachlorobiphenyl",Group 25,Chlorinated,K01599
BD163,"2,2',4,4'-Tetrachlorobiphenyl",Group 25,Chlorinated,K01599
BD163,"2,2',4,4'-Tetrachlorobiphenyl",Group 25,Polyaromatic,K01599
BD163,"2,2',4,4'-Tetrachlorobiphenyl",Group 25,Polyaromatic,K01599
BD163,"2,2',5,5'-Tetrachlorobiphenyl",Group 25,Chlorinated,K01599
BD163,"2,2',5,5'-Tetrachlorobiphenyl",Group 25,Chlorinated,K01599
BD163,"2,2',5,5'-Tetrachlorobiphenyl",Group 25,Polyaromatic,K01599
BD163,"2,2',5,5'-Tetrachlorobiphenyl",Group 25,Polyaromatic,K01599
BD163,"2,6-Dimethylaniline",Group 25,Aromatic,K03928
BD163,"2,6-Dimethylaniline",Group 25,Nitrogen-containing,K03928
BD163,2-(4-Chlorophenoxy)propionic acid,Group 25,Aromatic,K01046
BD163,2-(4-Chlorophenoxy)propionic acid,Group 25,Chlorinated,K01046
BD163,"2-Amino-1-methyl-6-phenylimidazo[4,5-b]pyridine",Group 25,Nitrogen-containing,K00362
BD163,"2-Amino-1-methyl-6-phenylimidazo[4,5-b]pyridine",Group 25,Aromatic,K00362
BD163,"2-Amino-1-methyl-6-phenylimidazo[4,5-b]pyridine",Group 25,Nitrogen-containing,K00363
BD163,"2-Amino-1-methyl-6-phenylimidazo[4,5-b]pyridine",Group 25,Aromatic,K00363
BD163,"2-Amino-1-methyl-6-phenylimidazo[4,5-b]pyridine",Group 25,Nitrogen-containing,K18104
BD163,"2-Amino-1-methyl-6-phenylimidazo[4,5-b]pyridine",Group 25,Aromatic,K18104
BD163,"2-Amino-1-methyl-6-phenylimidazo[4,5-b]pyridine",Group 25,Nitrogen-containing,K14338
BD163,"2-Amino-1-methyl-6-phenylimidazo[4,5-b]pyridine",Group 25,Aromatic,K14338
BD163,2-Chlorophenol,Group 25,Aromatic,K00505
BD163,2-Chlorophenol,Group 25,Aromatic,K00505
BD163,2-Chlorophenol,Group 25,Aromatic,K00505
BD163,2-Chlorophenol,Group 25,Chlorinated,K00505
BD163,2-Chlorophenol,Group 25,Chlorinated,K00505
BD163,2-Chlorophenol,Group 25,Chlorinated,K00505
BD163,2-Chlorophenol,Group 25,Aromatic,K01612
BD163,2-Chlorophenol,Group 25,Aromatic,K01612
BD163,2-Chlorophenol,Group 25,Aromatic,K01612
BD163,2-Chlorophenol,Group 25,Chlorinated,K01612
BD163,2-Chlorophenol,Group 25,Chlorinated,K01612
BD163,2-Chlorophenol,Group 25,Chlorinated,K01612
BD163,2-Chlorophenol,Group 25,Aromatic,K03381
BD163,2-Chlorophenol,Group 25,Aromatic,K03381
BD163,2-Chlorophenol,Group 25,Aromatic,K03381
BD163,2-Chlorophenol,Group 25,Chlorinated,K03381
BD163,2-Chlorophenol,Group 25,Chlorinated,K03381
BD163,2-Chlorophenol,Group 25,Chlorinated,K03381
BD163,2-Chlorophenol,Group 25,Aromatic,K07104
BD163,2-Chlorophenol,Group 25,Aromatic,K07104
BD163,2-Chlorophenol,Group 25,Aromatic,K07104
BD163,2-Chlorophenol,Group 25,Chlorinated,K07104
BD163,2-Chlorophenol,Group 25,Chlorinated,K07104
BD163,2-Chlorophenol,Group 25,Chlorinated,K07104
BD163,2-Chlorophenol,Group 25,Aromatic,K21759
BD163,2-Chlorophenol,Group 25,Aromatic,K21759
BD163,2-Chlorophenol,Group 25,Aromatic,K21759
BD163,2-Chlorophenol,Group 25,Chlorinated,K21759
BD163,2-Chlorophenol,Group 25,Chlorinated,K21759
BD163,2-Chlorophenol,Group 25,Chlorinated,K21759
BD163,2-Ethoxyethanol,Group 25,Aliphatic,K00001
BD163,2-Ethoxyethanol,Group 25,Aliphatic,K03928
BD163,2-Naphthylamine,Group 25,Nitrogen-containing,K00681
BD163,2-Naphthylamine,Group 25,Polyaromatic,K00681
BD163,2-Naphthylamine,Group 25,Nitrogen-containing,K19701
BD163,2-Naphthylamine,Group 25,Polyaromatic,K19701
BD163,2-Nitropropane,Group 25,Nitrogen-containing,K00459
BD163,2-Nitropropane,Group 25,Aliphatic,K00459
BD163,"3,3'-Dimethoxybenzidine",Group 25,Nitrogen-containing,K02274
BD163,"3,3'-Dimethoxybenzidine",Group 25,Polyaromatic,K02274
BD163,"3,3'-Dimethoxybenzidine",Group 25,Nitrogen-containing,K02275
BD163,"3,3'-Dimethoxybenzidine",Group 25,Polyaromatic,K02275
BD163,"3,3'-Dimethoxybenzidine",Group 25,Nitrogen-containing,K02276
BD163,"3,3'-Dimethoxybenzidine",Group 25,Polyaromatic,K02276
BD163,"3,3'-Dimethoxybenzidine",Group 25,Nitrogen-containing,K02277
BD163,"3,3'-Dimethoxybenzidine",Group 25,Polyaromatic,K02277
BD163,"3,3'-Dimethylbenzidine",Group 25,Polyaromatic,K03206
BD163,"3,3'-Dimethylbenzidine",Group 25,Nitrogen-containing,K03206
BD163,"3,4,3',4'-Tetrachlorobiphenyl",Group 25,Chlorinated,K01599
BD163,"3,4,3',4'-Tetrachlorobiphenyl",Group 25,Chlorinated,K01599
BD163,"3,4,3',4'-Tetrachlorobiphenyl",Group 25,Polyaromatic,K01599
BD163,"3,4,3',4'-Tetrachlorobiphenyl",Group 25,Polyaromatic,K01599
BD163,"3,4,5,3',4',5'-Hexachlorobiphenyl",Group 25,Chlorinated,K01599
BD163,"3,4,5,3',4',5'-Hexachlorobiphenyl",Group 25,Chlorinated,K01599
BD163,"3,4,5,3',4',5'-Hexachlorobiphenyl",Group 25,Polyaromatic,K01599
BD163,"3,4,5,3',4',5'-Hexachlorobiphenyl",Group 25,Polyaromatic,K01599
BD163,3-Chloro-2-methylpropene,Group 25,Chlorinated,K01563
BD163,3-Chloro-2-methylpropene,Group 25,Aliphatic,K01563
BD163,3-Cresol,Group 25,Aromatic,K15765
BD163,4-(N-Nitrosomethylamino)-1-(3-pyridyl)-1-butanone,Group 25,Nitrogen-containing,K14338
BD163,4-(N-Nitrosomethylamino)-1-(3-pyridyl)-1-butanone,Group 25,Aliphatic,K14338
BD163,4-Cresol,Group 25,Aromatic,K15765
BD163,4-Cresol,Group 25,Aromatic,K15765
BD163,4-Methylimidazole,Group 25,Nitrogen-containing,K00965
BD163,4-Methylimidazole,Group 25,Aliphatic,K00965
BD163,4-Methylimidazole,Group 25,Nitrogen-containing,K01580
BD163,4-Methylimidazole,Group 25,Aliphatic,K01580
BD163,4-Methylimidazole,Group 25,Nitrogen-containing,K01673
BD163,4-Methylimidazole,Group 25,Aliphatic,K01673
BD163,4-Nitrophenol,Group 25,Aromatic,K01077
BD163,4-Nitrophenol,Group 25,Aromatic,K01077
BD163,4-Nitrophenol,Group 25,Nitrogen-containing,K01077
BD163,4-Nitrophenol,Group 25,Nitrogen-containing,K01077
BD163,4-Nitrophenol,Group 25,Aromatic,K01101
BD163,4-Nitrophenol,Group 25,Aromatic,K01101
BD163,4-Nitrophenol,Group 25,Nitrogen-containing,K01101
BD163,4-Nitrophenol,Group 25,Nitrogen-containing,K01101
BD163,4-Nitrophenol,Group 25,Aromatic,K01113
BD163,4-Nitrophenol,Group 25,Aromatic,K01113
BD163,4-Nitrophenol,Group 25,Nitrogen-containing,K01113
BD163,4-Nitrophenol,Group 25,Nitrogen-containing,K01113
BD163,Acenaphthene,Group 25,Polyaromatic,K00433
BD163,Acenaphthene,Group 25,Polyaromatic,K00433
BD163,Acenaphthene,Group 25,Polyaromatic,K18104
BD163,Acenaphthene,Group 25,Polyaromatic,K18104
BD163,Acenaphthene,Group 25,Polyaromatic,K14338
BD163,Acenaphthene,Group 25,Polyaromatic,K14338
BD163,Acetaldehyde,Group 25,Aliphatic,K00001
BD163,Acetaldehyde,Group 25,Aliphatic,K00001
BD163,Acetaldehyde,Group 25,Aliphatic,K00001
BD163,Acetaldehyde,Group 25,Aliphatic,K00121
BD163,Acetaldehyde,Group 25,Aliphatic,K00121
BD163,Acetaldehyde,Group 25,Aliphatic,K00121
BD163,Acetaldehyde,Group 25,Aliphatic,K00128
BD163,Acetaldehyde,Group 25,Aliphatic,K00128
BD163,Acetaldehyde,Group 25,Aliphatic,K00128
BD163,Acetaldehyde,Group 25,Aliphatic,K00459
BD163,Acetaldehyde,Group 25,Aliphatic,K00459
BD163,Acetaldehyde,Group 25,Aliphatic,K00459
BD163,Acetaldehyde,Group 25,Aliphatic,K01619
BD163,Acetaldehyde,Group 25,Aliphatic,K01619
BD163,Acetaldehyde,Group 25,Aliphatic,K01619
BD163,Acetaldehyde,Group 25,Aliphatic,K01666
BD163,Acetaldehyde,Group 25,Aliphatic,K01666
BD163,Acetaldehyde,Group 25,Aliphatic,K01666
BD163,Acetaldehyde,Group 25,Aliphatic,K01737
BD163,Acetaldehyde,Group 25,Aliphatic,K01737
BD163,Acetaldehyde,Group 25,Aliphatic,K01737
BD163,Acetaldehyde,Group 25,Aliphatic,K02189
BD163,Acetaldehyde,Group 25,Aliphatic,K02189
BD163,Acetaldehyde,Group 25,Aliphatic,K02189
BD163,Acetaldehyde,Group 25,Aliphatic,K03735
BD163,Acetaldehyde,Group 25,Aliphatic,K03735
BD163,Acetaldehyde,Group 25,Aliphatic,K03735
BD163,Acetaldehyde,Group 25,Aliphatic,K03736
BD163,Acetaldehyde,Group 25,Aliphatic,K03736
BD163,Acetaldehyde,Group 25,Aliphatic,K03736
BD163,Acetaldehyde,Group 25,Aliphatic,K04019
BD163,Acetaldehyde,Group 25,Aliphatic,K04019
BD163,Acetaldehyde,Group 25,Aliphatic,K04019
BD163,Acetaldehyde,Group 25,Aliphatic,K11440
BD163,Acetaldehyde,Group 25,Aliphatic,K11440
BD163,Acetaldehyde,Group 25,Aliphatic,K11440
BD163,Acetaldehyde,Group 25,Aliphatic,K13954
BD163,Acetaldehyde,Group 25,Aliphatic,K13954
BD163,Acetaldehyde,Group 25,Aliphatic,K13954
BD163,Acetaldehyde,Group 25,Aliphatic,K13979
BD163,Acetaldehyde,Group 25,Aliphatic,K13979
BD163,Acetaldehyde,Group 25,Aliphatic,K13979
BD163,Acetamide,Group 25,Nitrogen-containing,K01426
BD163,Acetamide,Group 25,Aliphatic,K01426
BD163,Acrylamide,Group 25,Nitrogen-containing,K01426
BD163,Acrylamide,Group 25,Aliphatic,K01426
BD163,Aflatoxin B1,Group 25,Aromatic,K14338
BD163,"Aflatoxin B1-endo-8,9-epoxide",Group 25,Aromatic,K14338
BD163,"Aflatoxin B1-exo-8,9-epoxide",Group 25,Aromatic,K14338
BD163,Aflatoxin M1,Group 25,Aromatic,K14338
BD163,Aflatoxin M1,Group 25,Aromatic,K14338
BD163,Aflatoxin Q1,Group 25,Aromatic,K14338
BD163,"Aflatoxin-M1-8,9-epoxide",Group 25,Aromatic,K14338
BD163,Ammonia,Group 25,Nitrogen-containing,K00259
BD163,Ammonia,Group 25,Nitrogen-containing,K00259
BD163,Ammonia,Group 25,Nitrogen-containing,K00260
BD163,Ammonia,Group 25,Nitrogen-containing,K00260
BD163,Ammonia,Group 25,Nitrogen-containing,K00262
BD163,Ammonia,Group 25,Nitrogen-containing,K00262
BD163,Ammonia,Group 25,Nitrogen-containing,K00263
BD163,Ammonia,Group 25,Nitrogen-containing,K00263
BD163,Ammonia,Group 25,Nitrogen-containing,K00265
BD163,Ammonia,Group 25,Nitrogen-containing,K00265
BD163,Ammonia,Group 25,Nitrogen-containing,K00284
BD163,Ammonia,Group 25,Nitrogen-containing,K00284
BD163,Ammonia,Group 25,Nitrogen-containing,K00266
BD163,Ammonia,Group 25,Nitrogen-containing,K00266
BD163,Ammonia,Group 25,Nitrogen-containing,K00278
BD163,Ammonia,Group 25,Nitrogen-containing,K00278
BD163,Ammonia,Group 25,Nitrogen-containing,K00282
BD163,Ammonia,Group 25,Nitrogen-containing,K00282
BD163,Ammonia,Group 25,Nitrogen-containing,K00283
BD163,Ammonia,Group 25,Nitrogen-containing,K00283
BD163,Ammonia,Group 25,Nitrogen-containing,K00285
BD163,Ammonia,Group 25,Nitrogen-containing,K00285
BD163,Ammonia,Group 25,Nitrogen-containing,K00362
BD163,Ammonia,Group 25,Nitrogen-containing,K00362
BD163,Ammonia,Group 25,Nitrogen-containing,K00363
BD163,Ammonia,Group 25,Nitrogen-containing,K00363
BD163,Ammonia,Group 25,Nitrogen-containing,K00382
BD163,Ammonia,Group 25,Nitrogen-containing,K00382
BD163,Ammonia,Group 25,Nitrogen-containing,K00605
BD163,Ammonia,Group 25,Nitrogen-containing,K00605
BD163,Ammonia,Group 25,Nitrogen-containing,K00686
BD163,Ammonia,Group 25,Nitrogen-containing,K00686
BD163,Ammonia,Group 25,Nitrogen-containing,K13497
BD163,Ammonia,Group 25,Nitrogen-containing,K13497
BD163,Ammonia,Group 25,Nitrogen-containing,K01424
BD163,Ammonia,Group 25,Nitrogen-containing,K01424
BD163,Ammonia,Group 25,Nitrogen-containing,K01425
BD163,Ammonia,Group 25,Nitrogen-containing,K01425
BD163,Ammonia,Group 25,Nitrogen-containing,K01426
BD163,Ammonia,Group 25,Nitrogen-containing,K01426
BD163,Ammonia,Group 25,Nitrogen-containing,K01428
BD163,Ammonia,Group 25,Nitrogen-containing,K01428
BD163,Ammonia,Group 25,Nitrogen-containing,K01429
BD163,Ammonia,Group 25,Nitrogen-containing,K01429
BD163,Ammonia,Group 25,Nitrogen-containing,K01430
BD163,Ammonia,Group 25,Nitrogen-containing,K01430
BD163,Ammonia,Group 25,Nitrogen-containing,K01457
BD163,Ammonia,Group 25,Nitrogen-containing,K01457
BD163,Ammonia,Group 25,Nitrogen-containing,K01485
BD163,Ammonia,Group 25,Nitrogen-containing,K01485
BD163,Ammonia,Group 25,Nitrogen-containing,K01486
BD163,Ammonia,Group 25,Nitrogen-containing,K01486
BD163,Ammonia,Group 25,Nitrogen-containing,K01489
BD163,Ammonia,Group 25,Nitrogen-containing,K01489
BD163,Ammonia,Group 25,Nitrogen-containing,K01493
BD163,Ammonia,Group 25,Nitrogen-containing,K01493
BD163,Ammonia,Group 25,Nitrogen-containing,K01501
BD163,Ammonia,Group 25,Nitrogen-containing,K01501
BD163,Ammonia,Group 25,Nitrogen-containing,K01657
BD163,Ammonia,Group 25,Nitrogen-containing,K01657
BD163,Ammonia,Group 25,Nitrogen-containing,K01664
BD163,Ammonia,Group 25,Nitrogen-containing,K01664
BD163,Ammonia,Group 25,Nitrogen-containing,K01665
BD163,Ammonia,Group 25,Nitrogen-containing,K01665
BD163,Ammonia,Group 25,Nitrogen-containing,K01739
BD163,Ammonia,Group 25,Nitrogen-containing,K01739
BD163,Ammonia,Group 25,Nitrogen-containing,K01761
BD163,Ammonia,Group 25,Nitrogen-containing,K01761
BD163,Ammonia,Group 25,Nitrogen-containing,K01744
BD163,Ammonia,Group 25,Nitrogen-containing,K01744
BD163,Ammonia,Group 25,Nitrogen-containing,K01745
BD163,Ammonia,Group 25,Nitrogen-containing,K01745
BD163,Ammonia,Group 25,Nitrogen-containing,K01749
BD163,Ammonia,Group 25,Nitrogen-containing,K01749
BD163,Ammonia,Group 25,Nitrogen-containing,K01752
BD163,Ammonia,Group 25,Nitrogen-containing,K01752
BD163,Ammonia,Group 25,Nitrogen-containing,K01753
BD163,Ammonia,Group 25,Nitrogen-containing,K01753
BD163,Ammonia,Group 25,Nitrogen-containing,K01754
BD163,Ammonia,Group 25,Nitrogen-containing,K01754
BD163,Ammonia,Group 25,Nitrogen-containing,K01760
BD163,Ammonia,Group 25,Nitrogen-containing,K01760
BD163,Ammonia,Group 25,Nitrogen-containing,K17217
BD163,Ammonia,Group 25,Nitrogen-containing,K17217
BD163,Ammonia,Group 25,Nitrogen-containing,K01915
BD163,Ammonia,Group 25,Nitrogen-containing,K01915
BD163,Ammonia,Group 25,Nitrogen-containing,K01916
BD163,Ammonia,Group 25,Nitrogen-containing,K01916
BD163,Ammonia,Group 25,Nitrogen-containing,K01937
BD163,Ammonia,Group 25,Nitrogen-containing,K01937
BD163,Ammonia,Group 25,Nitrogen-containing,K01951
BD163,Ammonia,Group 25,Nitrogen-containing,K01951
BD163,Ammonia,Group 25,Nitrogen-containing,K01953
BD163,Ammonia,Group 25,Nitrogen-containing,K01953
BD163,Ammonia,Group 25,Nitrogen-containing,K01955
BD163,Ammonia,Group 25,Nitrogen-containing,K01955
BD163,Ammonia,Group 25,Nitrogen-containing,K01956
BD163,Ammonia,Group 25,Nitrogen-containing,K01956
BD163,Ammonia,Group 25,Nitrogen-containing,K02083
BD163,Ammonia,Group 25,Nitrogen-containing,K02083
BD163,Ammonia,Group 25,Nitrogen-containing,K02437
BD163,Ammonia,Group 25,Nitrogen-containing,K02437
BD163,Ammonia,Group 25,Nitrogen-containing,K02500
BD163,Ammonia,Group 25,Nitrogen-containing,K02500
BD163,Ammonia,Group 25,Nitrogen-containing,K02501
BD163,Ammonia,Group 25,Nitrogen-containing,K02501
BD163,Ammonia,Group 25,Nitrogen-containing,K02564
BD163,Ammonia,Group 25,Nitrogen-containing,K02564
BD163,Ammonia,Group 25,Nitrogen-containing,K03153
BD163,Ammonia,Group 25,Nitrogen-containing,K03153
BD163,Ammonia,Group 25,Nitrogen-containing,K03411
BD163,Ammonia,Group 25,Nitrogen-containing,K03411
BD163,Ammonia,Group 25,Nitrogen-containing,K03412
BD163,Ammonia,Group 25,Nitrogen-containing,K03412
BD163,Ammonia,Group 25,Nitrogen-containing,K03707
BD163,Ammonia,Group 25,Nitrogen-containing,K03707
BD163,Ammonia,Group 25,Nitrogen-containing,K03735
BD163,Ammonia,Group 25,Nitrogen-containing,K03735
BD163,Ammonia,Group 25,Nitrogen-containing,K03736
BD163,Ammonia,Group 25,Nitrogen-containing,K03736
BD163,Ammonia,Group 25,Nitrogen-containing,K03742
BD163,Ammonia,Group 25,Nitrogen-containing,K03742
BD163,Ammonia,Group 25,Nitrogen-containing,K03743
BD163,Ammonia,Group 25,Nitrogen-containing,K03743
BD163,Ammonia,Group 25,Nitrogen-containing,K04019
BD163,Ammonia,Group 25,Nitrogen-containing,K04019
BD163,Ammonia,Group 25,Nitrogen-containing,K05396
BD163,Ammonia,Group 25,Nitrogen-containing,K05396
BD163,Ammonia,Group 25,Nitrogen-containing,K17950
BD163,Ammonia,Group 25,Nitrogen-containing,K17950
BD163,Ammonia,Group 25,Nitrogen-containing,K05810
BD163,Ammonia,Group 25,Nitrogen-containing,K05810
BD163,Ammonia,Group 25,Nitrogen-containing,K06016
BD163,Ammonia,Group 25,Nitrogen-containing,K06016
BD163,Ammonia,Group 25,Nitrogen-containing,K06215
BD163,Ammonia,Group 25,Nitrogen-containing,K06215
BD163,Ammonia,Group 25,Nitrogen-containing,K06920
BD163,Ammonia,Group 25,Nitrogen-containing,K06920
BD163,Ammonia,Group 25,Nitrogen-containing,K08681
BD163,Ammonia,Group 25,Nitrogen-containing,K08681
BD163,Ammonia,Group 25,Nitrogen-containing,K09022
BD163,Ammonia,Group 25,Nitrogen-containing,K09022
BD163,Ammonia,Group 25,Nitrogen-containing,K10026
BD163,Ammonia,Group 25,Nitrogen-containing,K10026
BD163,Ammonia,Group 25,Nitrogen-containing,K11752
BD163,Ammonia,Group 25,Nitrogen-containing,K11752
BD163,Ammonia,Group 25,Nitrogen-containing,K11991
BD163,Ammonia,Group 25,Nitrogen-containing,K11991
BD163,Ammonia,Group 25,Nitrogen-containing,K13566
BD163,Ammonia,Group 25,Nitrogen-containing,K13566
BD163,Ammonia,Group 25,Nitrogen-containing,K14155
BD163,Ammonia,Group 25,Nitrogen-containing,K14155
BD163,Amsacrine,Group 25,Polyaromatic,K02469
BD163,Amsacrine,Group 25,Nitrogen-containing,K02469
BD163,Amsacrine,Group 25,Sulfur-containing,K02469
BD163,Amsacrine,Group 25,Polyaromatic,K02470
BD163,Amsacrine,Group 25,Nitrogen-containing,K02470
BD163,Amsacrine,Group 25,Sulfur-containing,K02470
BD163,Amsacrine,Group 25,Polyaromatic,K02621
BD163,Amsacrine,Group 25,Nitrogen-containing,K02621
BD163,Amsacrine,Group 25,Sulfur-containing,K02621
BD163,Amsacrine,Group 25,Polyaromatic,K02622
BD163,Amsacrine,Group 25,Nitrogen-containing,K02622
BD163,Amsacrine,Group 25,Sulfur-containing,K02622
BD163,Amsacrine,Group 25,Polyaromatic,K03168
BD163,Amsacrine,Group 25,Nitrogen-containing,K03168
BD163,Amsacrine,Group 25,Sulfur-containing,K03168
BD163,Amsacrine,Group 25,Polyaromatic,K03169
BD163,Amsacrine,Group 25,Nitrogen-containing,K03169
BD163,Amsacrine,Group 25,Sulfur-containing,K03169
BD163,Arsenic,Group 25,Metal,K01585
BD163,Arsenic,Group 25,Metal,K01585
BD163,Arsenic,Group 25,Metal,K01585
BD163,Arsenic,Group 25,Metal,K01585
BD163,Arsenic,Group 25,Metal,K04077
BD163,Arsenic,Group 25,Metal,K04077
BD163,Arsenic,Group 25,Metal,K04077
BD163,Arsenic,Group 25,Metal,K04077
BD163,Arylmercury,Group 25,Organometallic,K01585
BD163,Arylmercury,Group 25,Organometallic,K01585
BD163,Arylmercury,Group 25,Polyaromatic,K01585
BD163,Arylmercury,Group 25,Polyaromatic,K01585
BD163,Aziridine,Group 25,Nitrogen-containing,K04486
BD163,Aziridine,Group 25,Aliphatic,K04486
BD163,Benzidine,Group 25,Aromatic,K02274
BD163,Benzidine,Group 25,Aromatic,K02274
BD163,Benzidine,Group 25,Aromatic,K02274
BD163,Benzidine,Group 25,Aromatic,K02274
BD163,Benzidine,Group 25,Nitrogen-containing,K02274
BD163,Benzidine,Group 25,Nitrogen-containing,K02274
BD163,Benzidine,Group 25,Nitrogen-containing,K02274
BD163,Benzidine,Group 25,Nitrogen-containing,K02274
BD163,Benzidine,Group 25,Aromatic,K02275
BD163,Benzidine,Group 25,Aromatic,K02275
BD163,Benzidine,Group 25,Aromatic,K02275
BD163,Benzidine,Group 25,Aromatic,K02275
BD163,Benzidine,Group 25,Nitrogen-containing,K02275
BD163,Benzidine,Group 25,Nitrogen-containing,K02275
BD163,Benzidine,Group 25,Nitrogen-containing,K02275
BD163,Benzidine,Group 25,Nitrogen-containing,K02275
BD163,Benzidine,Group 25,Aromatic,K02276
BD163,Benzidine,Group 25,Aromatic,K02276
BD163,Benzidine,Group 25,Aromatic,K02276
BD163,Benzidine,Group 25,Aromatic,K02276
BD163,Benzidine,Group 25,Nitrogen-containing,K02276
BD163,Benzidine,Group 25,Nitrogen-containing,K02276
BD163,Benzidine,Group 25,Nitrogen-containing,K02276
BD163,Benzidine,Group 25,Nitrogen-containing,K02276
BD163,Benzidine,Group 25,Aromatic,K02277
BD163,Benzidine,Group 25,Aromatic,K02277
BD163,Benzidine,Group 25,Aromatic,K02277
BD163,Benzidine,Group 25,Aromatic,K02277
BD163,Benzidine,Group 25,Nitrogen-containing,K02277
BD163,Benzidine,Group 25,Nitrogen-containing,K02277
BD163,Benzidine,Group 25,Nitrogen-containing,K02277
BD163,Benzidine,Group 25,Nitrogen-containing,K02277
BD163,Benzidine,Group 25,Aromatic,K03206
BD163,Benzidine,Group 25,Aromatic,K03206
BD163,Benzidine,Group 25,Aromatic,K03206
BD163,Benzidine,Group 25,Aromatic,K03206
BD163,Benzidine,Group 25,Nitrogen-containing,K03206
BD163,Benzidine,Group 25,Nitrogen-containing,K03206
BD163,Benzidine,Group 25,Nitrogen-containing,K03206
BD163,Benzidine,Group 25,Nitrogen-containing,K03206
BD163,Benzo[a]pyrene,Group 25,Polyaromatic,K14338
BD163,Benzo[a]pyrene,Group 25,Polyaromatic,K14338
BD163,Benzo[a]pyrene,Group 25,Polyaromatic,K14338
BD163,Benzo[a]pyrene,Group 25,Polyaromatic,K14338
BD163,Benzo[a]pyrene,Group 25,Polyaromatic,K14338
BD163,Benzo[a]pyrene,Group 25,Polyaromatic,K14338
BD163,Benzo[a]pyrene,Group 25,Polyaromatic,K14338
BD163,Benzofuran,Group 25,Aromatic,K00064
BD163,Benzyl alcohol,Group 25,Aromatic,K15765
BD163,Bis(2-chloroethyl)ether,Group 25,Chlorinated,K01563
BD163,Bis(2-chloroethyl)ether,Group 25,Chlorinated,K01563
BD163,Bis(2-chloroethyl)ether,Group 25,Chlorinated,K01563
BD163,Bis(2-chloroethyl)ether,Group 25,Aliphatic,K01563
BD163,Bis(2-chloroethyl)ether,Group 25,Aliphatic,K01563
BD163,Bis(2-chloroethyl)ether,Group 25,Aliphatic,K01563
BD163,Bromide,Group 25,Inorganic,K01563
BD163,CO,Group 25,Inorganic,K03147
BD163,CO,Group 25,Inorganic,K03518
BD163,CO,Group 25,Inorganic,K08967
BD163,Cacodylate,Group 25,Inorganic,K00019
BD163,Cacodylate,Group 25,Inorganic,K00019
BD163,Cacodylate,Group 25,Metal,K00019
BD163,Cacodylate,Group 25,Metal,K00019
BD163,Cacodylate,Group 25,Inorganic,K00133
BD163,Cacodylate,Group 25,Inorganic,K00133
BD163,Cacodylate,Group 25,Metal,K00133
BD163,Cacodylate,Group 25,Metal,K00133
BD163,Caffeate,Group 25,Aromatic,K00505
BD163,Caffeate,Group 25,Aromatic,K03186
BD163,Caffeate,Group 25,Aromatic,K13727
BD163,Captafol,Group 25,Chlorinated,K00652
BD163,Captafol,Group 25,Nitrogen-containing,K00652
BD163,Captafol,Group 25,Sulfur-containing,K00652
BD163,Carbon tetrachloride,Group 25,Chlorinated,K00384
BD163,Carbon tetrachloride,Group 25,Chlorinated,K00384
BD163,Carbon tetrachloride,Group 25,Chlorinated,K00384
BD163,Carbon tetrachloride,Group 25,Chlorinated,K00384
BD163,Carbon tetrachloride,Group 25,Chlorinated,K00384
BD163,Carbon tetrachloride,Group 25,Chlorinated,K00789
BD163,Carbon tetrachloride,Group 25,Chlorinated,K00789
BD163,Carbon tetrachloride,Group 25,Chlorinated,K00789
BD163,Carbon tetrachloride,Group 25,Chlorinated,K00789
BD163,Carbon tetrachloride,Group 25,Chlorinated,K00789
BD163,Carbon tetrachloride,Group 25,Chlorinated,K01081
BD163,Carbon tetrachloride,Group 25,Chlorinated,K01081
BD163,Carbon tetrachloride,Group 25,Chlorinated,K01081
BD163,Carbon tetrachloride,Group 25,Chlorinated,K01081
BD163,Carbon tetrachloride,Group 25,Chlorinated,K01081
BD163,Carbon tetrachloride,Group 25,Chlorinated,K08693
BD163,Carbon tetrachloride,Group 25,Chlorinated,K08693
BD163,Carbon tetrachloride,Group 25,Chlorinated,K08693
BD163,Carbon tetrachloride,Group 25,Chlorinated,K08693
BD163,Carbon tetrachloride,Group 25,Chlorinated,K08693
BD163,Carbon tetrachloride,Group 25,Chlorinated,K01563
BD163,Carbon tetrachloride,Group 25,Chlorinated,K01563
BD163,Carbon tetrachloride,Group 25,Chlorinated,K01563
BD163,Carbon tetrachloride,Group 25,Chlorinated,K01563
BD163,Carbon tetrachloride,Group 25,Chlorinated,K01563
BD163,Catechol,Group 25,Aromatic,K00505
BD163,Catechol,Group 25,Aromatic,K00505
BD163,Catechol,Group 25,Aromatic,K00505
BD163,Catechol,Group 25,Aromatic,K00505
BD163,Catechol,Group 25,Aromatic,K00505
BD163,Catechol,Group 25,Aromatic,K03381
BD163,Catechol,Group 25,Aromatic,K03381
BD163,Catechol,Group 25,Aromatic,K03381
BD163,Catechol,Group 25,Aromatic,K03381
BD163,Catechol,Group 25,Aromatic,K03381
BD163,Catechol,Group 25,Aromatic,K07104
BD163,Catechol,Group 25,Aromatic,K07104
BD163,Catechol,Group 25,Aromatic,K07104
BD163,Catechol,Group 25,Aromatic,K07104
BD163,Catechol,Group 25,Aromatic,K07104
BD163,Chloral,Group 25,Chlorinated,K14338
BD163,Chloral,Group 25,Aliphatic,K14338
BD163,Chloral hydrate,Group 25,Chlorinated,K00001
BD163,Chloral hydrate,Group 25,Aliphatic,K00001
BD163,Chloral hydrate,Group 25,Chlorinated,K00121
BD163,Chloral hydrate,Group 25,Aliphatic,K00121
BD163,Chloral hydrate,Group 25,Chlorinated,K11440
BD163,Chloral hydrate,Group 25,Aliphatic,K11440
BD163,Chloral hydrate,Group 25,Chlorinated,K13954
BD163,Chloral hydrate,Group 25,Aliphatic,K13954
BD163,Chloramine,Group 25,Nitrogen-containing,K03564
BD163,Chloramine,Group 25,Chlorinated,K03564
BD163,Chloramine,Group 25,Nitrogen-containing,K11065
BD163,Chloramine,Group 25,Chlorinated,K11065
BD163,Chloraminophenamide,Group 25,Nitrogen-containing,K01673
BD163,Chloraminophenamide,Group 25,Sulfur-containing,K01673
BD163,Chloraminophenamide,Group 25,Chlorinated,K01673
BD163,Chloraminophenamide,Group 25,Aromatic,K01673
BD163,Chlorfenvinphos,Group 25,Organophosphorus,K01303
BD163,Chlorfenvinphos,Group 25,Organophosphorus,K01303
BD163,Chlorfenvinphos,Group 25,Chlorinated,K01303
BD163,Chlorfenvinphos,Group 25,Chlorinated,K01303
BD163,Chlorfenvinphos,Group 25,Aromatic,K01303
BD163,Chlorfenvinphos,Group 25,Aromatic,K01303
BD163,Chloroform,Group 25,Chlorinated,K01563
BD163,Chloroform,Group 25,Chlorinated,K01563
BD163,Chloroform,Group 25,Chlorinated,K01563
BD163,Chloroform,Group 25,Chlorinated,K01563
BD163,Chloroform,Group 25,Chlorinated,K01563
BD163,Chloroform,Group 25,Chlorinated,K01563
BD163,Chloroform,Group 25,Chlorinated,K01563
BD163,Chloroform,Group 25,Aliphatic,K01563
BD163,Chloroform,Group 25,Aliphatic,K01563
BD163,Chloroform,Group 25,Aliphatic,K01563
BD163,Chloroform,Group 25,Aliphatic,K01563
BD163,Chloroform,Group 25,Aliphatic,K01563
BD163,Chloroform,Group 25,Aliphatic,K01563
BD163,Chloroform,Group 25,Aliphatic,K01563
BD163,Chlorpyrifos,Group 25,Organophosphorus,K00686
BD163,Chlorpyrifos,Group 25,Organophosphorus,K00686
BD163,Chlorpyrifos,Group 25,Organophosphorus,K00686
BD163,Chlorpyrifos,Group 25,Chlorinated,K00686
BD163,Chlorpyrifos,Group 25,Chlorinated,K00686
BD163,Chlorpyrifos,Group 25,Chlorinated,K00686
BD163,Chlorpyrifos,Group 25,Organophosphorus,K01073
BD163,Chlorpyrifos,Group 25,Organophosphorus,K01073
BD163,Chlorpyrifos,Group 25,Organophosphorus,K01073
BD163,Chlorpyrifos,Group 25,Chlorinated,K01073
BD163,Chlorpyrifos,Group 25,Chlorinated,K01073
BD163,Chlorpyrifos,Group 25,Chlorinated,K01073
BD163,Chlorpyrifos,Group 25,Organophosphorus,K01303
BD163,Chlorpyrifos,Group 25,Organophosphorus,K01303
BD163,Chlorpyrifos,Group 25,Organophosphorus,K01303
BD163,Chlorpyrifos,Group 25,Chlorinated,K01303
BD163,Chlorpyrifos,Group 25,Chlorinated,K01303
BD163,Chlorpyrifos,Group 25,Chlorinated,K01303
BD163,Chlorpyrifos,Group 25,Organophosphorus,K03928
BD163,Chlorpyrifos,Group 25,Organophosphorus,K03928
BD163,Chlorpyrifos,Group 25,Organophosphorus,K03928
BD163,Chlorpyrifos,Group 25,Chlorinated,K03928
BD163,Chlorpyrifos,Group 25,Chlorinated,K03928
BD163,Chlorpyrifos,Group 25,Chlorinated,K03928
BD163,Chlorpyrifos-methyl,Group 25,Organophosphorus,K01303
BD163,Chlorpyrifos-methyl,Group 25,Chlorinated,K01303
BD163,Chlorpyrifos-methyl,Group 25,Nitrogen-containing,K01303
BD163,Chlorpyrifos-methyl,Group 25,Sulfur-containing,K01303
BD163,Chlorpyrifos-methyl,Group 25,Organophosphorus,K03928
BD163,Chlorpyrifos-methyl,Group 25,Chlorinated,K03928
BD163,Chlorpyrifos-methyl,Group 25,Nitrogen-containing,K03928
BD163,Chlorpyrifos-methyl,Group 25,Sulfur-containing,K03928
BD163,Cobalt,Group 25,Metal,K01870
BD163,Cobaltous sulfate,Group 25,Metal,K01624
BD163,Cobaltous sulfate,Group 25,Inorganic,K01624
BD163,Cobaltous sulfate,Group 25,Metal,K05810
BD163,Cobaltous sulfate,Group 25,Inorganic,K05810
BD163,Copper,Group 25,Metal,K02274
BD163,Copper,Group 25,Metal,K02274
BD163,Copper,Group 25,Metal,K02274
BD163,Copper,Group 25,Metal,K02275
BD163,Copper,Group 25,Metal,K02275
BD163,Copper,Group 25,Metal,K02275
BD163,Copper,Group 25,Metal,K02276
BD163,Copper,Group 25,Metal,K02276
BD163,Copper,Group 25,Metal,K02276
BD163,Copper,Group 25,Metal,K02277
BD163,Copper,Group 25,Metal,K02277
BD163,Copper,Group 25,Metal,K02277
BD163,Copper,Group 25,Metal,K17686
BD163,Copper,Group 25,Metal,K17686
BD163,Copper,Group 25,Metal,K17686
BD163,Cyanide ion,Group 25,Nitrogen-containing,K01011
BD163,Cyanide ion,Group 25,Nitrogen-containing,K01011
BD163,Cyanide ion,Group 25,Nitrogen-containing,K01011
BD163,Cyanide ion,Group 25,Inorganic,K01011
BD163,Cyanide ion,Group 25,Inorganic,K01011
BD163,Cyanide ion,Group 25,Inorganic,K01011
BD163,Cyclosporin A,Group 25,Nitrogen-containing,K18104
BD163,Cypermethrin,Group 25,Polyaromatic,K00036
BD163,Cypermethrin,Group 25,Chlorinated,K00036
BD163,Cypermethrin,Group 25,Nitrogen-containing,K00036
BD163,Cypermethrin,Group 25,Polyaromatic,K00688
BD163,Cypermethrin,Group 25,Chlorinated,K00688
BD163,Cypermethrin,Group 25,Nitrogen-containing,K00688
BD163,Cypermethrin,Group 25,Polyaromatic,K00823
BD163,Cypermethrin,Group 25,Chlorinated,K00823
BD163,Cypermethrin,Group 25,Nitrogen-containing,K00823
BD163,Cypermethrin,Group 25,Polyaromatic,K07250
BD163,Cypermethrin,Group 25,Chlorinated,K07250
BD163,Cypermethrin,Group 25,Nitrogen-containing,K07250
BD163,Cypermethrin,Group 25,Polyaromatic,K01090
BD163,Cypermethrin,Group 25,Chlorinated,K01090
BD163,Cypermethrin,Group 25,Nitrogen-containing,K01090
BD163,Cypermethrin,Group 25,Polyaromatic,K18104
BD163,Cypermethrin,Group 25,Chlorinated,K18104
BD163,Cypermethrin,Group 25,Nitrogen-containing,K18104
BD163,Cypermethrin,Group 25,Polyaromatic,K03928
BD163,Cypermethrin,Group 25,Chlorinated,K03928
BD163,Cypermethrin,Group 25,Nitrogen-containing,K03928
BD163,Danthron,Group 25,Aromatic,K00344
BD163,Danthron,Group 25,Aromatic,K00384
BD163,Danthron,Group 25,Aromatic,K03809
BD163,Danthron,Group 25,Aromatic,K21567
BD163,Dibutyl phthalate,Group 25,Aromatic,K03928
BD163,Dibutyl phthalate,Group 25,Aromatic,K03928
BD163,Dibutyl phthalate,Group 25,Aromatic,K03928
BD163,Dibutyl phthalate,Group 25,Aromatic,K03928
BD163,Dichlorvos,Group 25,Organophosphorus,K01048
BD163,Dichlorvos,Group 25,Organophosphorus,K01048
BD163,Dichlorvos,Group 25,Organophosphorus,K01048
BD163,Dichlorvos,Group 25,Chlorinated,K01048
BD163,Dichlorvos,Group 25,Chlorinated,K01048
BD163,Dichlorvos,Group 25,Chlorinated,K01048
BD163,Dichlorvos,Group 25,Organophosphorus,K03928
BD163,Dichlorvos,Group 25,Organophosphorus,K03928
BD163,Dichlorvos,Group 25,Organophosphorus,K03928
BD163,Dichlorvos,Group 25,Chlorinated,K03928
BD163,Dichlorvos,Group 25,Chlorinated,K03928
BD163,Dichlorvos,Group 25,Chlorinated,K03928
BD163,Diethyl phthalate,Group 25,Aromatic,K01046
BD163,Digoxin,Group 25,Aliphatic,K18104
BD163,Dimethoate,Group 25,Nitrogen-containing,K03928
BD163,Dimethoate,Group 25,Organophosphorus,K03928
BD163,Dimethoate,Group 25,Sulfur-containing,K03928
BD163,Diuron,Group 25,Nitrogen-containing,K00036
BD163,Diuron,Group 25,Nitrogen-containing,K00036
BD163,Diuron,Group 25,Nitrogen-containing,K00036
BD163,Diuron,Group 25,Chlorinated,K00036
BD163,Diuron,Group 25,Chlorinated,K00036
BD163,Diuron,Group 25,Chlorinated,K00036
BD163,Diuron,Group 25,Aromatic,K00036
BD163,Diuron,Group 25,Aromatic,K00036
BD163,Diuron,Group 25,Aromatic,K00036
BD163,Diuron,Group 25,Nitrogen-containing,K00284
BD163,Diuron,Group 25,Nitrogen-containing,K00284
BD163,Diuron,Group 25,Nitrogen-containing,K00284
BD163,Diuron,Group 25,Chlorinated,K00284
BD163,Diuron,Group 25,Chlorinated,K00284
BD163,Diuron,Group 25,Chlorinated,K00284
BD163,Diuron,Group 25,Aromatic,K00284
BD163,Diuron,Group 25,Aromatic,K00284
BD163,Diuron,Group 25,Aromatic,K00284
BD163,Diuron,Group 25,Nitrogen-containing,K03886
BD163,Diuron,Group 25,Nitrogen-containing,K03886
BD163,Diuron,Group 25,Nitrogen-containing,K03886
BD163,Diuron,Group 25,Chlorinated,K03886
BD163,Diuron,Group 25,Chlorinated,K03886
BD163,Diuron,Group 25,Chlorinated,K03886
BD163,Diuron,Group 25,Aromatic,K03886
BD163,Diuron,Group 25,Aromatic,K03886
BD163,Diuron,Group 25,Aromatic,K03886
BD163,Diuron,Group 25,Nitrogen-containing,K03887
BD163,Diuron,Group 25,Nitrogen-containing,K03887
BD163,Diuron,Group 25,Nitrogen-containing,K03887
BD163,Diuron,Group 25,Chlorinated,K03887
BD163,Diuron,Group 25,Chlorinated,K03887
BD163,Diuron,Group 25,Chlorinated,K03887
BD163,Diuron,Group 25,Aromatic,K03887
BD163,Diuron,Group 25,Aromatic,K03887
BD163,Diuron,Group 25,Aromatic,K03887
BD163,Diuron,Group 25,Nitrogen-containing,K03888
BD163,Diuron,Group 25,Nitrogen-containing,K03888
BD163,Diuron,Group 25,Nitrogen-containing,K03888
BD163,Diuron,Group 25,Chlorinated,K03888
BD163,Diuron,Group 25,Chlorinated,K03888
BD163,Diuron,Group 25,Chlorinated,K03888
BD163,Diuron,Group 25,Aromatic,K03888
BD163,Diuron,Group 25,Aromatic,K03888
BD163,Diuron,Group 25,Aromatic,K03888
BD163,Endosulfan,Group 25,Chlorinated,K18104
BD163,Endosulfan,Group 25,Chlorinated,K18104
BD163,Endosulfan,Group 25,Chlorinated,K18104
BD163,Endosulfan,Group 25,Chlorinated,K18104
BD163,Endosulfan,Group 25,Inorganic,K18104
BD163,Endosulfan,Group 25,Inorganic,K18104
BD163,Endosulfan,Group 25,Inorganic,K18104
BD163,Endosulfan,Group 25,Inorganic,K18104
BD163,Epichlorohydrin,Group 25,Chlorinated,K01563
BD163,Epichlorohydrin,Group 25,Aliphatic,K01563
BD163,Epichlorohydrin,Group 25,Chlorinated,K03153
BD163,Epichlorohydrin,Group 25,Aliphatic,K03153
BD163,Ethanol,Group 25,Aliphatic,K00001
BD163,Ethanol,Group 25,Aliphatic,K00121
BD163,Ethanol,Group 25,Aliphatic,K11440
BD163,Ethanol,Group 25,Aliphatic,K13954
BD163,Ethanol,Group 25,Aliphatic,K13979
BD163,Ethyl acrylate,Group 25,Aliphatic,K01426
BD163,Ethyl methanesulfonate,Group 25,Organosulfur,K00560
BD163,Ethyl methanesulfonate,Group 25,Aliphatic,K00560
BD163,Etoposide,Group 25,Polyaromatic,K00432
BD163,Etoposide,Group 25,Polyaromatic,K18104
BD163,Fluoranthene,Group 25,Polyaromatic,K00433
BD163,Fluoranthene,Group 25,Polyaromatic,K00433
BD163,Fluoranthene,Group 25,Polyaromatic,K00433
BD163,Fluoranthene,Group 25,Polyaromatic,K00433
BD163,Formaldehyde,Group 25,Aliphatic,K00299
BD163,Formaldehyde,Group 25,Aliphatic,K00299
BD163,Formaldehyde,Group 25,Aliphatic,K00299
BD163,Formaldehyde,Group 25,Aliphatic,K00301
BD163,Formaldehyde,Group 25,Aliphatic,K00301
BD163,Formaldehyde,Group 25,Aliphatic,K00301
BD163,Formaldehyde,Group 25,Aliphatic,K00303
BD163,Formaldehyde,Group 25,Aliphatic,K00303
BD163,Formaldehyde,Group 25,Aliphatic,K00303
BD163,Formaldehyde,Group 25,Aliphatic,K00479
BD163,Formaldehyde,Group 25,Aliphatic,K00479
BD163,Formaldehyde,Group 25,Aliphatic,K00479
BD163,Formaldehyde,Group 25,Aliphatic,K00606
BD163,Formaldehyde,Group 25,Aliphatic,K00606
BD163,Formaldehyde,Group 25,Aliphatic,K00606
BD163,Formaldehyde,Group 25,Aliphatic,K01563
BD163,Formaldehyde,Group 25,Aliphatic,K01563
BD163,Formaldehyde,Group 25,Aliphatic,K01563
BD163,Formaldehyde,Group 25,Aliphatic,K03781
BD163,Formaldehyde,Group 25,Aliphatic,K03781
BD163,Formaldehyde,Group 25,Aliphatic,K03781
BD163,Formaldehyde,Group 25,Aliphatic,K04091
BD163,Formaldehyde,Group 25,Aliphatic,K04091
BD163,Formaldehyde,Group 25,Aliphatic,K04091
BD163,Formaldehyde,Group 25,Aliphatic,K15765
BD163,Formaldehyde,Group 25,Aliphatic,K15765
BD163,Formaldehyde,Group 25,Aliphatic,K15765
BD163,Formaldehyde,Group 25,Aliphatic,K07217
BD163,Formaldehyde,Group 25,Aliphatic,K07217
BD163,Formaldehyde,Group 25,Aliphatic,K07217
BD163,Formaldehyde,Group 25,Aliphatic,K08093
BD163,Formaldehyde,Group 25,Aliphatic,K08093
BD163,Formaldehyde,Group 25,Aliphatic,K08093
BD163,Formaldehyde,Group 25,Aliphatic,K14338
BD163,Formaldehyde,Group 25,Aliphatic,K14338
BD163,Formaldehyde,Group 25,Aliphatic,K14338
BD163,Formaldehyde,Group 25,Aliphatic,K17228
BD163,Formaldehyde,Group 25,Aliphatic,K17228
BD163,Formaldehyde,Group 25,Aliphatic,K17228
BD163,Glu-P-1,Group 25,Nitrogen-containing,K00675
BD163,Glu-P-1,Group 25,Aliphatic,K00675
BD163,Glycidaldehyde,Group 25,Aliphatic,K00600
BD163,Hydrazine,Group 25,Nitrogen-containing,K03928
BD163,Hydrazine,Group 25,Nitrogen-containing,K03928
BD163,Hydrochlorothiazide,Group 25,Nitrogen-containing,K00287
BD163,Hydrochlorothiazide,Group 25,Sulfur-containing,K00287
BD163,Hydrochlorothiazide,Group 25,Chlorinated,K00287
BD163,Hydrochlorothiazide,Group 25,Aromatic,K00287
BD163,Hydrochlorothiazide,Group 25,Nitrogen-containing,K01673
BD163,Hydrochlorothiazide,Group 25,Sulfur-containing,K01673
BD163,Hydrochlorothiazide,Group 25,Chlorinated,K01673
BD163,Hydrochlorothiazide,Group 25,Aromatic,K01673
BD163,Hydrochlorothiazide,Group 25,Nitrogen-containing,K18104
BD163,Hydrochlorothiazide,Group 25,Sulfur-containing,K18104
BD163,Hydrochlorothiazide,Group 25,Chlorinated,K18104
BD163,Hydrochlorothiazide,Group 25,Aromatic,K18104
BD163,Lead,Group 25,Metal,K00001
BD163,Lead,Group 25,Metal,K00001
BD163,Lead,Group 25,Metal,K00001
BD163,Lead,Group 25,Metal,K00001
BD163,Lead,Group 25,Metal,K00001
BD163,Lead nitrate,Group 25,Metal,K00620
BD163,Lead nitrate,Group 25,Metal,K00620
BD163,Lead nitrate,Group 25,Inorganic,K00620
BD163,Lead nitrate,Group 25,Inorganic,K00620
BD163,Lead nitrate,Group 25,Nitrogen-containing,K00620
BD163,Lead nitrate,Group 25,Nitrogen-containing,K00620
BD163,Lead nitrate,Group 25,Metal,K00845
BD163,Lead nitrate,Group 25,Metal,K00845
BD163,Lead nitrate,Group 25,Inorganic,K00845
BD163,Lead nitrate,Group 25,Inorganic,K00845
BD163,Lead nitrate,Group 25,Nitrogen-containing,K00845
BD163,Lead nitrate,Group 25,Nitrogen-containing,K00845
BD163,Lead nitrate,Group 25,Metal,K01749
BD163,Lead nitrate,Group 25,Metal,K01749
BD163,Lead nitrate,Group 25,Inorganic,K01749
BD163,Lead nitrate,Group 25,Inorganic,K01749
BD163,Lead nitrate,Group 25,Nitrogen-containing,K01749
BD163,Lead nitrate,Group 25,Nitrogen-containing,K01749
BD163,Mercuric chloride,Group 25,Metal,K00001
BD163,Mercuric chloride,Group 25,Metal,K00001
BD163,Mercuric chloride,Group 25,Chlorinated,K00001
BD163,Mercuric chloride,Group 25,Chlorinated,K00001
BD163,Mercuric chloride,Group 25,Metal,K00005
BD163,Mercuric chloride,Group 25,Metal,K00005
BD163,Mercuric chloride,Group 25,Chlorinated,K00005
BD163,Mercuric chloride,Group 25,Chlorinated,K00005
BD163,Mercuric chloride,Group 25,Metal,K00008
BD163,Mercuric chloride,Group 25,Metal,K00008
BD163,Mercuric chloride,Group 25,Chlorinated,K00008
BD163,Mercuric chloride,Group 25,Chlorinated,K00008
BD163,Mercuric chloride,Group 25,Metal,K00459
BD163,Mercuric chloride,Group 25,Metal,K00459
BD163,Mercuric chloride,Group 25,Chlorinated,K00459
BD163,Mercuric chloride,Group 25,Chlorinated,K00459
BD163,Merphalan,Group 25,Nitrogen-containing,K01271
BD163,Merphalan,Group 25,Chlorinated,K01271
BD163,Merphalan,Group 25,Aromatic,K01271
BD163,Merphalan,Group 25,Nitrogen-containing,K18104
BD163,Merphalan,Group 25,Chlorinated,K18104
BD163,Merphalan,Group 25,Aromatic,K18104
BD163,Methyl bromide,Group 25,Halogenated,K00567
BD163,Methyl bromide,Group 25,Aliphatic,K00567
BD163,Methyl bromide,Group 25,Halogenated,K13531
BD163,Methyl bromide,Group 25,Aliphatic,K13531
BD163,Methyl chloride,Group 25,Chlorinated,K01563
BD163,Methyl chloride,Group 25,Chlorinated,K01563
BD163,Methyl chloride,Group 25,Aliphatic,K01563
BD163,Methyl chloride,Group 25,Aliphatic,K01563
BD163,Methyl isobutyl ketone,Group 25,Aliphatic,K00001
BD163,Methyl isobutyl ketone,Group 25,Aliphatic,K00263
BD163,Methyl isobutyl ketone,Group 25,Aliphatic,K00824
BD163,Methyl tert-butyl ether,Group 25,Aliphatic,K00001
BD163,Methylmercury chloride,Group 25,Organometallic,K00248
BD163,Methylmercury chloride,Group 25,Organometallic,K00248
BD163,Methylmercury chloride,Group 25,Organometallic,K00248
BD163,Methylmercury chloride,Group 25,Chlorinated,K00248
BD163,Methylmercury chloride,Group 25,Chlorinated,K00248
BD163,Methylmercury chloride,Group 25,Chlorinated,K00248
BD163,Methylmercury chloride,Group 25,Organometallic,K00249
BD163,Methylmercury chloride,Group 25,Organometallic,K00249
BD163,Methylmercury chloride,Group 25,Organometallic,K00249
BD163,Methylmercury chloride,Group 25,Chlorinated,K00249
BD163,Methylmercury chloride,Group 25,Chlorinated,K00249
BD163,Methylmercury chloride,Group 25,Chlorinated,K00249
BD163,Methylmercury chloride,Group 25,Organometallic,K00287
BD163,Methylmercury chloride,Group 25,Organometallic,K00287
BD163,Methylmercury chloride,Group 25,Organometallic,K00287
BD163,Methylmercury chloride,Group 25,Chlorinated,K00287
BD163,Methylmercury chloride,Group 25,Chlorinated,K00287
BD163,Methylmercury chloride,Group 25,Chlorinated,K00287
BD163,Methylmercury chloride,Group 25,Organometallic,K01262
BD163,Methylmercury chloride,Group 25,Organometallic,K01262
BD163,Methylmercury chloride,Group 25,Organometallic,K01262
BD163,Methylmercury chloride,Group 25,Chlorinated,K01262
BD163,Methylmercury chloride,Group 25,Chlorinated,K01262
BD163,Methylmercury chloride,Group 25,Chlorinated,K01262
BD163,Methylnitrosourea,Group 25,Nitrogen-containing,K12410
BD163,Methylnitrosourea,Group 25,Aliphatic,K12410
BD163,Microcystin LR,Group 25,Nitrogen-containing,K01090
BD163,Microcystin LR,Group 25,Aromatic,K01090
BD163,Microcystin LR,Group 25,Nitrogen-containing,K01595
BD163,Microcystin LR,Group 25,Aromatic,K01595
BD163,Mitomycin,Group 25,Nitrogen-containing,K03809
BD163,Mitomycin,Group 25,Polyaromatic,K03809
BD163,Mitoxantrone,Group 25,Nitrogen-containing,K01104
BD163,Mitoxantrone,Group 25,Polyaromatic,K01104
BD163,Mitoxantrone,Group 25,Nitrogen-containing,K18104
BD163,Mitoxantrone,Group 25,Polyaromatic,K18104
BD163,Mitoxantrone,Group 25,Nitrogen-containing,K14338
BD163,Mitoxantrone,Group 25,Polyaromatic,K14338
BD163,"N,N'-Diacetylbenzidine",Group 25,Nitrogen-containing,K03594
BD163,"N,N'-Diacetylbenzidine",Group 25,Polyaromatic,K03594
BD163,N-Methyl-N'-nitro-N-nitrosoguanidine,Group 25,Nitrogen-containing,K13529
BD163,N-Methyl-N'-nitro-N-nitrosoguanidine,Group 25,Inorganic,K13529
BD163,N-Methyl-N'-nitro-N-nitrosoguanidine,Group 25,Nitrogen-containing,K03652
BD163,N-Methyl-N'-nitro-N-nitrosoguanidine,Group 25,Inorganic,K03652
BD163,Nafenopin,Group 25,Polyaromatic,K01961
BD163,Nafenopin,Group 25,Polyaromatic,K01962
BD163,Nafenopin,Group 25,Polyaromatic,K01963
BD163,Naled,Group 25,Organophosphorus,K01303
BD163,Naled,Group 25,Chlorinated,K01303
BD163,Naled,Group 25,Halogenated,K01303
BD163,Naphthalene,Group 25,Polyaromatic,K14338
BD163,Naphthalene,Group 25,Polyaromatic,K14338
BD163,Naphthalene,Group 25,Polyaromatic,K14338
BD163,Naphthalene,Group 25,Polyaromatic,K14338
BD163,Naphthalene,Group 25,Polyaromatic,K14338
BD163,Naphthalene,Group 25,Polyaromatic,K14338
BD163,Nickel chloride,Group 25,Metal,K01507
BD163,Nickel chloride,Group 25,Metal,K01507
BD163,Nickel chloride,Group 25,Metal,K01507
BD163,Nickel chloride,Group 25,Inorganic,K01507
BD163,Nickel chloride,Group 25,Inorganic,K01507
BD163,Nickel chloride,Group 25,Inorganic,K01507
BD163,Nickel chloride,Group 25,Chlorinated,K01507
BD163,Nickel chloride,Group 25,Chlorinated,K01507
BD163,Nickel chloride,Group 25,Chlorinated,K01507
BD163,Nickel chloride,Group 25,Metal,K06019
BD163,Nickel chloride,Group 25,Metal,K06019
BD163,Nickel chloride,Group 25,Metal,K06019
BD163,Nickel chloride,Group 25,Inorganic,K06019
BD163,Nickel chloride,Group 25,Inorganic,K06019
BD163,Nickel chloride,Group 25,Inorganic,K06019
BD163,Nickel chloride,Group 25,Chlorinated,K06019
BD163,Nickel chloride,Group 25,Chlorinated,K06019
BD163,Nickel chloride,Group 25,Chlorinated,K06019
BD163,Nickel(2+),Group 25,Metal,K09121
BD163,Nickel(2+),Group 25,Metal,K09121
BD163,Nitrate,Group 25,Nitrogen-containing,K00372
BD163,Nitrate,Group 25,Inorganic,K00372
BD163,Nitrate,Group 25,Nitrogen-containing,K05916
BD163,Nitrate,Group 25,Inorganic,K05916
BD163,Nitrite,Group 25,Nitrogen-containing,K00362
BD163,Nitrite,Group 25,Inorganic,K00362
BD163,Nitrite,Group 25,Nitrogen-containing,K00363
BD163,Nitrite,Group 25,Inorganic,K00363
BD163,Nitrite,Group 25,Nitrogen-containing,K00372
BD163,Nitrite,Group 25,Inorganic,K00372
BD163,Nitrite,Group 25,Nitrogen-containing,K00459
BD163,Nitrite,Group 25,Inorganic,K00459
BD163,Nitrofen,Group 25,Chlorinated,K00231
BD163,Nitrofen,Group 25,Polyaromatic,K00231
BD163,Nitrofen,Group 25,Nitrogen-containing,K00231
BD163,Nitrogen mustard,Group 25,Chlorinated,K00130
BD163,Nitrogen mustard,Group 25,Nitrogen-containing,K00130
BD163,Nitromethane,Group 25,Nitrogen-containing,K00459
BD163,Nitromethane,Group 25,Inorganic,K00459
BD163,Nitromethane,Group 25,Nitrogen-containing,K01745
BD163,Nitromethane,Group 25,Inorganic,K01745
BD163,Ochratoxin A,Group 25,Polyaromatic,K18104
BD163,Ochratoxin A,Group 25,Chlorinated,K18104
BD163,Ochratoxin A,Group 25,Nitrogen-containing,K18104
BD163,Parathion,Group 25,Organophosphorus,K14338
BD163,Parathion,Group 25,Organophosphorus,K14338
BD163,Parathion,Group 25,Nitrogen-containing,K14338
BD163,Parathion,Group 25,Nitrogen-containing,K14338
BD163,Parathion,Group 25,Aromatic,K14338
BD163,Parathion,Group 25,Aromatic,K14338
BD163,Phenacetin,Group 25,Aromatic,K01271
BD163,Phenacetin,Group 25,Nitrogen-containing,K01271
BD163,Phenacetin,Group 25,Aromatic,K01426
BD163,Phenacetin,Group 25,Nitrogen-containing,K01426
BD163,Phenacetin,Group 25,Aromatic,K03928
BD163,Phenacetin,Group 25,Nitrogen-containing,K03928
BD163,Phenol,Group 25,Aromatic,K01612
BD163,Phenol,Group 25,Aromatic,K01612
BD163,Phenol,Group 25,Aromatic,K01612
BD163,Phenol,Group 25,Aromatic,K01612
BD163,Phenol,Group 25,Aromatic,K03186
BD163,Phenol,Group 25,Aromatic,K03186
BD163,Phenol,Group 25,Aromatic,K03186
BD163,Phenol,Group 25,Aromatic,K03186
BD163,Phenol,Group 25,Aromatic,K21759
BD163,Phenol,Group 25,Aromatic,K21759
BD163,Phenol,Group 25,Aromatic,K21759
BD163,Phenol,Group 25,Aromatic,K21759
BD163,Phenolphthalein,Group 25,Polyaromatic,K14338
BD163,Phenylmercury acetate,Group 25,Organometallic,K04564
BD163,Phenylmercury acetate,Group 25,Organometallic,K04564
BD163,Phenylmercury acetate,Group 25,Aromatic,K04564
BD163,Phenylmercury acetate,Group 25,Aromatic,K04564
BD163,Phenylmethanesulfonyl fluoride,Group 25,Sulfur-containing,K00001
BD163,Phenylmethanesulfonyl fluoride,Group 25,Aromatic,K00001
BD163,Phenylmethanesulfonyl fluoride,Group 25,Sulfur-containing,K00024
BD163,Phenylmethanesulfonyl fluoride,Group 25,Aromatic,K00024
BD163,Propylthiouracil,Group 25,Sulfur-containing,K14338
BD163,Propylthiouracil,Group 25,Aliphatic,K14338
BD163,Simazine,Group 25,Nitrogen-containing,K01673
BD163,Simazine,Group 25,Nitrogen-containing,K01673
BD163,Simazine,Group 25,Chlorinated,K01673
BD163,Simazine,Group 25,Chlorinated,K01673
BD163,Sodium arsenite,Group 25,Inorganic,K00128
BD163,Sodium arsenite,Group 25,Metal,K00128
BD163,Sodium arsenite,Group 25,Inorganic,K00265
BD163,Sodium arsenite,Group 25,Metal,K00265
BD163,Sodium arsenite,Group 25,Inorganic,K00266
BD163,Sodium arsenite,Group 25,Metal,K00266
BD163,Sodium arsenite,Group 25,Inorganic,K01011
BD163,Sodium arsenite,Group 25,Metal,K01011
BD163,Sodium fluoride,Group 25,Inorganic,K00024
BD163,Streptozocin,Group 25,Nitrogen-containing,K01027
BD163,Streptozocin,Group 25,Aliphatic,K01027
BD163,Streptozocin,Group 25,Nitrogen-containing,K01028
BD163,Streptozocin,Group 25,Aliphatic,K01028
BD163,Streptozocin,Group 25,Nitrogen-containing,K01029
BD163,Streptozocin,Group 25,Aliphatic,K01029
BD163,Streptozocin,Group 25,Nitrogen-containing,K01495
BD163,Streptozocin,Group 25,Aliphatic,K01495
BD163,Streptozocin,Group 25,Nitrogen-containing,K17217
BD163,Streptozocin,Group 25,Aliphatic,K17217
BD163,Streptozocin,Group 25,Nitrogen-containing,K22278
BD163,Streptozocin,Group 25,Aliphatic,K22278
BD163,Strontium cation,Group 25,Metal,K00128
BD163,Styrene,Group 25,Aromatic,K13727
BD163,Styrene,Group 25,Aromatic,K13727
BD163,Styrene,Group 25,Aromatic,K13727
BD163,Sulfasalazine,Group 25,Nitrogen-containing,K00927
BD163,Sulfasalazine,Group 25,Sulfur-containing,K00927
BD163,Sulfasalazine,Group 25,Polyaromatic,K00927
BD163,Tamoxifen,Group 25,Polyaromatic,K14338
BD163,Tamoxifen,Group 25,Nitrogen-containing,K14338
BD163,Tetranitromethane,Group 25,Nitrogen-containing,K00033
BD163,Tetranitromethane,Group 25,Inorganic,K00033
BD163,Tetranitromethane,Group 25,Nitrogen-containing,K00278
BD163,Tetranitromethane,Group 25,Inorganic,K00278
BD163,Thioacetamide,Group 25,Nitrogen-containing,K00001
BD163,Thioacetamide,Group 25,Sulfur-containing,K00001
BD163,Thioacetamide,Group 25,Aliphatic,K00001
BD163,Thioacetamide,Group 25,Nitrogen-containing,K00384
BD163,Thioacetamide,Group 25,Sulfur-containing,K00384
BD163,Thioacetamide,Group 25,Aliphatic,K00384
BD163,Thioacetamide,Group 25,Nitrogen-containing,K01081
BD163,Thioacetamide,Group 25,Sulfur-containing,K01081
BD163,Thioacetamide,Group 25,Aliphatic,K01081
BD163,Thioacetamide,Group 25,Nitrogen-containing,K08693
BD163,Thioacetamide,Group 25,Sulfur-containing,K08693
BD163,Thioacetamide,Group 25,Aliphatic,K08693
BD163,Thioacetamide,Group 25,Nitrogen-containing,K01426
BD163,Thioacetamide,Group 25,Sulfur-containing,K01426
BD163,Thioacetamide,Group 25,Aliphatic,K01426
BD163,Thiocyanate,Group 25,Sulfur-containing,K01011
BD163,Thiocyanate,Group 25,Nitrogen-containing,K01011
BD163,Thiouracil,Group 25,Nitrogen-containing,K00433
BD163,Thiouracil,Group 25,Sulfur-containing,K00433
BD163,Thiouracil,Group 25,Aliphatic,K00433
BD163,Thiouracil,Group 25,Nitrogen-containing,K00761
BD163,Thiouracil,Group 25,Sulfur-containing,K00761
BD163,Thiouracil,Group 25,Aliphatic,K00761
BD163,Thiouracil,Group 25,Nitrogen-containing,K00823
BD163,Thiouracil,Group 25,Sulfur-containing,K00823
BD163,Thiouracil,Group 25,Aliphatic,K00823
BD163,Thiouracil,Group 25,Nitrogen-containing,K07250
BD163,Thiouracil,Group 25,Sulfur-containing,K07250
BD163,Thiouracil,Group 25,Aliphatic,K07250
BD163,Thiouracil,Group 25,Nitrogen-containing,K01464
BD163,Thiouracil,Group 25,Sulfur-containing,K01464
BD163,Thiouracil,Group 25,Aliphatic,K01464
BD163,Thiouracil,Group 25,Nitrogen-containing,K01485
BD163,Thiouracil,Group 25,Sulfur-containing,K01485
BD163,Thiouracil,Group 25,Aliphatic,K01485
BD163,Thiouracil,Group 25,Nitrogen-containing,K02825
BD163,Thiouracil,Group 25,Sulfur-containing,K02825
BD163,Thiouracil,Group 25,Aliphatic,K02825
BD163,Toluene,Group 25,Aromatic,K15765
BD163,Toluene,Group 25,Aromatic,K15765
BD163,Toluene,Group 25,Aromatic,K15765
BD163,Toluene,Group 25,Aromatic,K15765
BD163,Tributyltin chloride,Group 25,Metal,K02111
BD163,Tributyltin chloride,Group 25,Metal,K02111
BD163,Tributyltin chloride,Group 25,Organometallic,K02111
BD163,Tributyltin chloride,Group 25,Organometallic,K02111
BD163,Tributyltin chloride,Group 25,Metal,K02112
BD163,Tributyltin chloride,Group 25,Metal,K02112
BD163,Tributyltin chloride,Group 25,Organometallic,K02112
BD163,Tributyltin chloride,Group 25,Organometallic,K02112
BD163,Trichloroethene,Group 25,Chlorinated,K14338
BD163,Trichloroethene,Group 25,Chlorinated,K14338
BD163,Trichloroethene,Group 25,Chlorinated,K14338
BD163,Trichloroethene,Group 25,Chlorinated,K14338
BD163,Trichloroethene,Group 25,Chlorinated,K14338
BD163,Trichloroethene,Group 25,Chlorinated,K14338
BD163,Trichloroethene,Group 25,Aliphatic,K14338
BD163,Trichloroethene,Group 25,Aliphatic,K14338
BD163,Trichloroethene,Group 25,Aliphatic,K14338
BD163,Trichloroethene,Group 25,Aliphatic,K14338
BD163,Trichloroethene,Group 25,Aliphatic,K14338
BD163,Trichloroethene,Group 25,Aliphatic,K14338
BD163,Trinitrotoluene,Group 25,Nitrogen-containing,K10680
BD163,Trinitrotoluene,Group 25,Aromatic,K10680
BD163,Vinyl acetate,Group 25,Aliphatic,K00929
BD163,Vinyl acetate,Group 25,Aliphatic,K01046
BD163,Vinyl acetate,Group 25,Aliphatic,K03928
BD163,Zalcitabine,Group 25,Nitrogen-containing,K00857
BD163,Zalcitabine,Group 25,Nitrogen-containing,K00927
BD163,Zalcitabine,Group 25,Nitrogen-containing,K00986
BD163,Zalcitabine,Group 25,Nitrogen-containing,K01489
BD163,Zalcitabine,Group 25,Nitrogen-containing,K18104
BD163,Zalcitabine,Group 25,Nitrogen-containing,K15519
BD163,Zidovudine,Group 25,Nitrogen-containing,K00857
BD163,Zidovudine,Group 25,Nitrogen-containing,K00943
BD163,Zidovudine,Group 25,Nitrogen-containing,K00986
BD163,Zidovudine,Group 25,Nitrogen-containing,K01081
BD163,Zidovudine,Group 25,Nitrogen-containing,K08693
BD163,Zidovudine,Group 25,Nitrogen-containing,K01489
BD163,Zinc cation,Group 25,Metal,K00001
BD163,Zinc cation,Group 25,Metal,K00001
BD163,Zinc cation,Group 25,Metal,K00004
BD163,Zinc cation,Group 25,Metal,K00004
BD163,Zinc cation,Group 25,Metal,K00005
BD163,Zinc cation,Group 25,Metal,K00005
BD163,Zinc cation,Group 25,Metal,K00008
BD163,Zinc cation,Group 25,Metal,K00008
BD163,Zinc cation,Group 25,Metal,K00009
BD163,Zinc cation,Group 25,Metal,K00009
BD163,alpha-Chlorohydrin,Group 25,Chlorinated,K00005
BD163,alpha-Chlorohydrin,Group 25,Aliphatic,K00005
BD163,alpha-Chlorohydrin,Group 25,Chlorinated,K00134
BD163,alpha-Chlorohydrin,Group 25,Aliphatic,K00134
BD163,alpha-Chlorohydrin,Group 25,Chlorinated,K00864
BD163,alpha-Chlorohydrin,Group 25,Aliphatic,K00864
BD163,alpha-Chlorohydrin,Group 25,Chlorinated,K01563
BD163,alpha-Chlorohydrin,Group 25,Aliphatic,K01563
BD163,alpha-Hexachlorocyclohexane,Group 25,Chlorinated,K01563
BD163,alpha-Hexachlorocyclohexane,Group 25,Chlorinated,K01563
BD163,alpha-Hexachlorocyclohexane,Group 25,Aliphatic,K01563
BD163,alpha-Hexachlorocyclohexane,Group 25,Aliphatic,K01563
BD163,"beta-1,2,3,4,5,6-Hexachlorocyclohexane",Group 25,Aliphatic,K01563
BD163,"beta-1,2,3,4,5,6-Hexachlorocyclohexane",Group 25,Aliphatic,K01563
BD163,"beta-1,2,3,4,5,6-Hexachlorocyclohexane",Group 25,Aliphatic,K01563
BD163,"beta-1,2,3,4,5,6-Hexachlorocyclohexane",Group 25,Aliphatic,K01563
BD163,"beta-1,2,3,4,5,6-Hexachlorocyclohexane",Group 25,Chlorinated,K01563
BD163,"beta-1,2,3,4,5,6-Hexachlorocyclohexane",Group 25,Chlorinated,K01563
BD163,"beta-1,2,3,4,5,6-Hexachlorocyclohexane",Group 25,Chlorinated,K01563
BD163,"beta-1,2,3,4,5,6-Hexachlorocyclohexane",Group 25,Chlorinated,K01563
BD163,"cis-1,3-Dichloropropene",Group 25,Chlorinated,K01563
BD163,"cis-1,3-Dichloropropene",Group 25,Chlorinated,K01563
BD163,"cis-1,3-Dichloropropene",Group 25,Aliphatic,K01563
BD163,"cis-1,3-Dichloropropene",Group 25,Aliphatic,K01563
BD163,ortho-Toluidine,Group 25,Aromatic,K03928
BD163,ortho-Toluidine,Group 25,Nitrogen-containing,K03928
BD163,para-(Dimethylamino)azobenzene,Group 25,Polyaromatic,K03206
BD163,para-(Dimethylamino)azobenzene,Group 25,Nitrogen-containing,K03206
BD163,para-Aminoazobenzene,Group 25,Nitrogen-containing,K01255
BD163,para-Aminoazobenzene,Group 25,Polyaromatic,K01255
BD163,para-Aminoazobenzene,Group 25,Nitrogen-containing,K03206
BD163,para-Aminoazobenzene,Group 25,Polyaromatic,K03206
BD163,"trans-1,3-Dichloropropene",Group 25,Chlorinated,K01563
BD163,"trans-1,3-Dichloropropene",Group 25,Chlorinated,K01563
BD163,"trans-1,3-Dichloropropene",Group 25,Chlorinated,K01563
BD163,"trans-1,3-Dichloropropene",Group 25,Aliphatic,K01563
BD163,"trans-1,3-Dichloropropene",Group 25,Aliphatic,K01563
BD163,"trans-1,3-Dichloropropene",Group 25,Aliphatic,K01563
CB13,"1,1,2,2-Tetrachloroethane",Group 26,Chlorinated,K04091
CB13,"1,1,2,2-Tetrachloroethane",Group 26,Chlorinated,K04091
CB13,"1,1,2,2-Tetrachloroethane",Group 26,Chlorinated,K04091
CB13,"1,1,2,2-Tetrachloroethane",Group 26,Chlorinated,K04091
CB13,"1,1,2,2-Tetrachloroethane",Group 26,Aliphatic,K04091
CB13,"1,1,2,2-Tetrachloroethane",Group 26,Aliphatic,K04091
CB13,"1,1,2,2-Tetrachloroethane",Group 26,Aliphatic,K04091
CB13,"1,1,2,2-Tetrachloroethane",Group 26,Aliphatic,K04091
CB13,"1,1,2,2-Tetrachloroethane",Group 26,Chlorinated,K15852
CB13,"1,1,2,2-Tetrachloroethane",Group 26,Chlorinated,K15852
CB13,"1,1,2,2-Tetrachloroethane",Group 26,Chlorinated,K15852
CB13,"1,1,2,2-Tetrachloroethane",Group 26,Chlorinated,K15852
CB13,"1,1,2,2-Tetrachloroethane",Group 26,Aliphatic,K15852
CB13,"1,1,2,2-Tetrachloroethane",Group 26,Aliphatic,K15852
CB13,"1,1,2,2-Tetrachloroethane",Group 26,Aliphatic,K15852
CB13,"1,1,2,2-Tetrachloroethane",Group 26,Aliphatic,K15852
CB13,"1,1-Dimethylhydrazine",Group 26,Nitrogen-containing,K03863
CB13,"1,1-Dimethylhydrazine",Group 26,Aliphatic,K03863
CB13,"1,2-Dibromoethane",Group 26,Organometallic,K00799
CB13,"1,2-Dibromoethane",Group 26,Organometallic,K00799
CB13,"1,2-Dichlorobenzene",Group 26,Chlorinated,K01537
CB13,"1,2-Dichlorobenzene",Group 26,Chlorinated,K01537
CB13,"1,2-Dichlorobenzene",Group 26,Chlorinated,K01537
CB13,"1,2-Dichlorobenzene",Group 26,Chlorinated,K01537
CB13,"1,2-Dichlorobenzene",Group 26,Aromatic,K01537
CB13,"1,2-Dichlorobenzene",Group 26,Aromatic,K01537
CB13,"1,2-Dichlorobenzene",Group 26,Aromatic,K01537
CB13,"1,2-Dichlorobenzene",Group 26,Aromatic,K01537
CB13,"1,3-Dichloro-2-propanol",Group 26,Chlorinated,K00005
CB13,"1,3-Dichloro-2-propanol",Group 26,Aliphatic,K00005
CB13,"1,4-Dioxane",Group 26,Aliphatic,K00001
CB13,"1,4-Dioxane",Group 26,Aliphatic,K00001
CB13,"1,4-Dioxane",Group 26,Aliphatic,K00005
CB13,"1,4-Dioxane",Group 26,Aliphatic,K00005
CB13,1-Organyl-2-lyso-sn-glycero-3-phosphocholine,Group 26,Nitrogen-containing,K01058
CB13,1-Organyl-2-lyso-sn-glycero-3-phosphocholine,Group 26,Organophosphorus,K01058
CB13,"2,2',4,4',6,6'-Hexachlorobiphenyl",Group 26,Chlorinated,K01599
CB13,"2,2',4,4',6,6'-Hexachlorobiphenyl",Group 26,Chlorinated,K01599
CB13,"2,2',4,4',6,6'-Hexachlorobiphenyl",Group 26,Polyaromatic,K01599
CB13,"2,2',4,4',6,6'-Hexachlorobiphenyl",Group 26,Polyaromatic,K01599
CB13,"2,2',4,4'-Tetrachlorobiphenyl",Group 26,Chlorinated,K01599
CB13,"2,2',4,4'-Tetrachlorobiphenyl",Group 26,Chlorinated,K01599
CB13,"2,2',4,4'-Tetrachlorobiphenyl",Group 26,Polyaromatic,K01599
CB13,"2,2',4,4'-Tetrachlorobiphenyl",Group 26,Polyaromatic,K01599
CB13,"2,2',5,5'-Tetrachlorobiphenyl",Group 26,Chlorinated,K01599
CB13,"2,2',5,5'-Tetrachlorobiphenyl",Group 26,Chlorinated,K01599
CB13,"2,2',5,5'-Tetrachlorobiphenyl",Group 26,Polyaromatic,K01599
CB13,"2,2',5,5'-Tetrachlorobiphenyl",Group 26,Polyaromatic,K01599
CB13,"2,3,3',4,5-Pentachlorobiphenyl",Group 26,Chlorinated,K03981
CB13,"2,3,3',4,5-Pentachlorobiphenyl",Group 26,Chlorinated,K03981
CB13,"2,3,3',4,5-Pentachlorobiphenyl",Group 26,Polyaromatic,K03981
CB13,"2,3,3',4,5-Pentachlorobiphenyl",Group 26,Polyaromatic,K03981
CB13,"2,4-Hexadienal",Group 26,Aliphatic,K00002
CB13,"2-Amino-1-methyl-6-phenylimidazo[4,5-b]pyridine",Group 26,Nitrogen-containing,K00362
CB13,"2-Amino-1-methyl-6-phenylimidazo[4,5-b]pyridine",Group 26,Aromatic,K00362
CB13,"2-Amino-1-methyl-6-phenylimidazo[4,5-b]pyridine",Group 26,Nitrogen-containing,K00363
CB13,"2-Amino-1-methyl-6-phenylimidazo[4,5-b]pyridine",Group 26,Aromatic,K00363
CB13,"2-Amino-1-methyl-6-phenylimidazo[4,5-b]pyridine",Group 26,Nitrogen-containing,K18104
CB13,"2-Amino-1-methyl-6-phenylimidazo[4,5-b]pyridine",Group 26,Aromatic,K18104
CB13,2-Chlorophenol,Group 26,Aromatic,K01612
CB13,2-Chlorophenol,Group 26,Aromatic,K01612
CB13,2-Chlorophenol,Group 26,Aromatic,K01612
CB13,2-Chlorophenol,Group 26,Chlorinated,K01612
CB13,2-Chlorophenol,Group 26,Chlorinated,K01612
CB13,2-Chlorophenol,Group 26,Chlorinated,K01612
CB13,2-Chlorophenol,Group 26,Aromatic,K21759
CB13,2-Chlorophenol,Group 26,Aromatic,K21759
CB13,2-Chlorophenol,Group 26,Aromatic,K21759
CB13,2-Chlorophenol,Group 26,Chlorinated,K21759
CB13,2-Chlorophenol,Group 26,Chlorinated,K21759
CB13,2-Chlorophenol,Group 26,Chlorinated,K21759
CB13,2-Ethoxyethanol,Group 26,Aliphatic,K00001
CB13,2-Naphthylamine,Group 26,Nitrogen-containing,K00681
CB13,2-Naphthylamine,Group 26,Polyaromatic,K00681
CB13,"3,4,3',4'-Tetrachlorobiphenyl",Group 26,Chlorinated,K01599
CB13,"3,4,3',4'-Tetrachlorobiphenyl",Group 26,Chlorinated,K01599
CB13,"3,4,3',4'-Tetrachlorobiphenyl",Group 26,Polyaromatic,K01599
CB13,"3,4,3',4'-Tetrachlorobiphenyl",Group 26,Polyaromatic,K01599
CB13,"3,4,5,3',4',5'-Hexachlorobiphenyl",Group 26,Chlorinated,K01599
CB13,"3,4,5,3',4',5'-Hexachlorobiphenyl",Group 26,Chlorinated,K01599
CB13,"3,4,5,3',4',5'-Hexachlorobiphenyl",Group 26,Polyaromatic,K01599
CB13,"3,4,5,3',4',5'-Hexachlorobiphenyl",Group 26,Polyaromatic,K01599
CB13,"3,4-Dihydroxybenzoate",Group 26,Aromatic,K03863
CB13,"3,4-Dihydroxybenzoate",Group 26,Aromatic,K03863
CB13,"3,4-Dihydroxybenzoate",Group 26,Aromatic,K03863
CB13,"3,4-Dihydroxybenzoate",Group 26,Aromatic,K03863
CB13,"4,4'-Methylenebis(N,N-dimethylaniline)",Group 26,Nitrogen-containing,K03981
CB13,"4,4'-Methylenebis(N,N-dimethylaniline)",Group 26,Polyaromatic,K03981
CB13,4-Cresol,Group 26,Aromatic,K03150
CB13,4-Cresol,Group 26,Aromatic,K03150
CB13,4-Methylimidazole,Group 26,Nitrogen-containing,K00965
CB13,4-Methylimidazole,Group 26,Aliphatic,K00965
CB13,4-Methylimidazole,Group 26,Nitrogen-containing,K01673
CB13,4-Methylimidazole,Group 26,Aliphatic,K01673
CB13,4-Methylimidazole,Group 26,Nitrogen-containing,K01674
CB13,4-Methylimidazole,Group 26,Aliphatic,K01674
CB13,4-Nitrophenol,Group 26,Aromatic,K01077
CB13,4-Nitrophenol,Group 26,Aromatic,K01077
CB13,4-Nitrophenol,Group 26,Nitrogen-containing,K01077
CB13,4-Nitrophenol,Group 26,Nitrogen-containing,K01077
CB13,4-Nitrophenol,Group 26,Aromatic,K01101
CB13,4-Nitrophenol,Group 26,Aromatic,K01101
CB13,4-Nitrophenol,Group 26,Nitrogen-containing,K01101
CB13,4-Nitrophenol,Group 26,Nitrogen-containing,K01101
CB13,4-Nitrophenol,Group 26,Aromatic,K14394
CB13,4-Nitrophenol,Group 26,Aromatic,K14394
CB13,4-Nitrophenol,Group 26,Nitrogen-containing,K14394
CB13,4-Nitrophenol,Group 26,Nitrogen-containing,K14394
CB13,4-Nitrophenol,Group 26,Aromatic,K03788
CB13,4-Nitrophenol,Group 26,Aromatic,K03788
CB13,4-Nitrophenol,Group 26,Nitrogen-containing,K03788
CB13,4-Nitrophenol,Group 26,Nitrogen-containing,K03788
CB13,Acenaphthene,Group 26,Polyaromatic,K00433
CB13,Acenaphthene,Group 26,Polyaromatic,K00433
CB13,Acenaphthene,Group 26,Polyaromatic,K18104
CB13,Acenaphthene,Group 26,Polyaromatic,K18104
CB13,Acetaldehyde,Group 26,Aliphatic,K00001
CB13,Acetaldehyde,Group 26,Aliphatic,K00001
CB13,Acetaldehyde,Group 26,Aliphatic,K00001
CB13,Acetaldehyde,Group 26,Aliphatic,K04022
CB13,Acetaldehyde,Group 26,Aliphatic,K04022
CB13,Acetaldehyde,Group 26,Aliphatic,K04022
CB13,Acetaldehyde,Group 26,Aliphatic,K13953
CB13,Acetaldehyde,Group 26,Aliphatic,K13953
CB13,Acetaldehyde,Group 26,Aliphatic,K13953
CB13,Acetaldehyde,Group 26,Aliphatic,K00002
CB13,Acetaldehyde,Group 26,Aliphatic,K00002
CB13,Acetaldehyde,Group 26,Aliphatic,K00002
CB13,Acetaldehyde,Group 26,Aliphatic,K00121
CB13,Acetaldehyde,Group 26,Aliphatic,K00121
CB13,Acetaldehyde,Group 26,Aliphatic,K00121
CB13,Acetaldehyde,Group 26,Aliphatic,K00138
CB13,Acetaldehyde,Group 26,Aliphatic,K00138
CB13,Acetaldehyde,Group 26,Aliphatic,K00138
CB13,Acetaldehyde,Group 26,Aliphatic,K01568
CB13,Acetaldehyde,Group 26,Aliphatic,K01568
CB13,Acetaldehyde,Group 26,Aliphatic,K01568
CB13,Acetaldehyde,Group 26,Aliphatic,K01619
CB13,Acetaldehyde,Group 26,Aliphatic,K01619
CB13,Acetaldehyde,Group 26,Aliphatic,K01619
CB13,Acetaldehyde,Group 26,Aliphatic,K01620
CB13,Acetaldehyde,Group 26,Aliphatic,K01620
CB13,Acetaldehyde,Group 26,Aliphatic,K01620
CB13,Acetaldehyde,Group 26,Aliphatic,K20801
CB13,Acetaldehyde,Group 26,Aliphatic,K20801
CB13,Acetaldehyde,Group 26,Aliphatic,K20801
CB13,Acetaldehyde,Group 26,Aliphatic,K01737
CB13,Acetaldehyde,Group 26,Aliphatic,K01737
CB13,Acetaldehyde,Group 26,Aliphatic,K01737
CB13,Acetaldehyde,Group 26,Aliphatic,K04072
CB13,Acetaldehyde,Group 26,Aliphatic,K04072
CB13,Acetaldehyde,Group 26,Aliphatic,K04072
CB13,Acetaldehyde,Group 26,Aliphatic,K12957
CB13,Acetaldehyde,Group 26,Aliphatic,K12957
CB13,Acetaldehyde,Group 26,Aliphatic,K12957
CB13,"Aflatoxin B1-exo-8,9-epoxide",Group 26,Aromatic,K00799
CB13,"Aflatoxin B1exo-8,9-epoxide-GSH",Group 26,Aromatic,K00799
CB13,"Aflatoxin B1exo-8,9-epoxide-GSH",Group 26,Nitrogen-containing,K00799
CB13,"Aflatoxin B1exo-8,9-epoxide-GSH",Group 26,Sulfur-containing,K00799
CB13,Alachlor,Group 26,Aromatic,K00799
CB13,Alachlor,Group 26,Aromatic,K00799
CB13,Alachlor,Group 26,Chlorinated,K00799
CB13,Alachlor,Group 26,Chlorinated,K00799
CB13,Alachlor,Group 26,Nitrogen-containing,K00799
CB13,Alachlor,Group 26,Nitrogen-containing,K00799
CB13,Ammonia,Group 26,Nitrogen-containing,K00364
CB13,Ammonia,Group 26,Nitrogen-containing,K00364
CB13,Ammonia,Group 26,Nitrogen-containing,K00262
CB13,Ammonia,Group 26,Nitrogen-containing,K00262
CB13,Ammonia,Group 26,Nitrogen-containing,K00265
CB13,Ammonia,Group 26,Nitrogen-containing,K00265
CB13,Ammonia,Group 26,Nitrogen-containing,K00266
CB13,Ammonia,Group 26,Nitrogen-containing,K00266
CB13,Ammonia,Group 26,Nitrogen-containing,K00275
CB13,Ammonia,Group 26,Nitrogen-containing,K00275
CB13,Ammonia,Group 26,Nitrogen-containing,K00276
CB13,Ammonia,Group 26,Nitrogen-containing,K00276
CB13,Ammonia,Group 26,Nitrogen-containing,K00278
CB13,Ammonia,Group 26,Nitrogen-containing,K00278
CB13,Ammonia,Group 26,Nitrogen-containing,K00281
CB13,Ammonia,Group 26,Nitrogen-containing,K00281
CB13,Ammonia,Group 26,Nitrogen-containing,K00283
CB13,Ammonia,Group 26,Nitrogen-containing,K00283
CB13,Ammonia,Group 26,Nitrogen-containing,K00285
CB13,Ammonia,Group 26,Nitrogen-containing,K00285
CB13,Ammonia,Group 26,Nitrogen-containing,K00362
CB13,Ammonia,Group 26,Nitrogen-containing,K00362
CB13,Ammonia,Group 26,Nitrogen-containing,K00363
CB13,Ammonia,Group 26,Nitrogen-containing,K00363
CB13,Ammonia,Group 26,Nitrogen-containing,K00382
CB13,Ammonia,Group 26,Nitrogen-containing,K00382
CB13,Ammonia,Group 26,Nitrogen-containing,K00605
CB13,Ammonia,Group 26,Nitrogen-containing,K00605
CB13,Ammonia,Group 26,Nitrogen-containing,K09023
CB13,Ammonia,Group 26,Nitrogen-containing,K09023
CB13,Ammonia,Group 26,Nitrogen-containing,K13497
CB13,Ammonia,Group 26,Nitrogen-containing,K13497
CB13,Ammonia,Group 26,Nitrogen-containing,K00926
CB13,Ammonia,Group 26,Nitrogen-containing,K00926
CB13,Ammonia,Group 26,Nitrogen-containing,K01488
CB13,Ammonia,Group 26,Nitrogen-containing,K01488
CB13,Ammonia,Group 26,Nitrogen-containing,K01424
CB13,Ammonia,Group 26,Nitrogen-containing,K01424
CB13,Ammonia,Group 26,Nitrogen-containing,K13051
CB13,Ammonia,Group 26,Nitrogen-containing,K13051
CB13,Ammonia,Group 26,Nitrogen-containing,K01425
CB13,Ammonia,Group 26,Nitrogen-containing,K01425
CB13,Ammonia,Group 26,Nitrogen-containing,K01428
CB13,Ammonia,Group 26,Nitrogen-containing,K01428
CB13,Ammonia,Group 26,Nitrogen-containing,K01429
CB13,Ammonia,Group 26,Nitrogen-containing,K01429
CB13,Ammonia,Group 26,Nitrogen-containing,K01430
CB13,Ammonia,Group 26,Nitrogen-containing,K01430
CB13,Ammonia,Group 26,Nitrogen-containing,K14048
CB13,Ammonia,Group 26,Nitrogen-containing,K14048
CB13,Ammonia,Group 26,Nitrogen-containing,K01457
CB13,Ammonia,Group 26,Nitrogen-containing,K01457
CB13,Ammonia,Group 26,Nitrogen-containing,K01478
CB13,Ammonia,Group 26,Nitrogen-containing,K01478
CB13,Ammonia,Group 26,Nitrogen-containing,K01484
CB13,Ammonia,Group 26,Nitrogen-containing,K01484
CB13,Ammonia,Group 26,Nitrogen-containing,K01485
CB13,Ammonia,Group 26,Nitrogen-containing,K01485
CB13,Ammonia,Group 26,Nitrogen-containing,K01487
CB13,Ammonia,Group 26,Nitrogen-containing,K01487
CB13,Ammonia,Group 26,Nitrogen-containing,K01489
CB13,Ammonia,Group 26,Nitrogen-containing,K01489
CB13,Ammonia,Group 26,Nitrogen-containing,K01494
CB13,Ammonia,Group 26,Nitrogen-containing,K01494
CB13,Ammonia,Group 26,Nitrogen-containing,K01498
CB13,Ammonia,Group 26,Nitrogen-containing,K01498
CB13,Ammonia,Group 26,Nitrogen-containing,K11752
CB13,Ammonia,Group 26,Nitrogen-containing,K11752
CB13,Ammonia,Group 26,Nitrogen-containing,K01657
CB13,Ammonia,Group 26,Nitrogen-containing,K01657
CB13,Ammonia,Group 26,Nitrogen-containing,K13503
CB13,Ammonia,Group 26,Nitrogen-containing,K13503
CB13,Ammonia,Group 26,Nitrogen-containing,K01658
CB13,Ammonia,Group 26,Nitrogen-containing,K01658
CB13,Ammonia,Group 26,Nitrogen-containing,K01664
CB13,Ammonia,Group 26,Nitrogen-containing,K01664
CB13,Ammonia,Group 26,Nitrogen-containing,K01663
CB13,Ammonia,Group 26,Nitrogen-containing,K01663
CB13,Ammonia,Group 26,Nitrogen-containing,K02500
CB13,Ammonia,Group 26,Nitrogen-containing,K02500
CB13,Ammonia,Group 26,Nitrogen-containing,K01665
CB13,Ammonia,Group 26,Nitrogen-containing,K01665
CB13,Ammonia,Group 26,Nitrogen-containing,K01739
CB13,Ammonia,Group 26,Nitrogen-containing,K01739
CB13,Ammonia,Group 26,Nitrogen-containing,K01744
CB13,Ammonia,Group 26,Nitrogen-containing,K01744
CB13,Ammonia,Group 26,Nitrogen-containing,K01745
CB13,Ammonia,Group 26,Nitrogen-containing,K01745
CB13,Ammonia,Group 26,Nitrogen-containing,K01749
CB13,Ammonia,Group 26,Nitrogen-containing,K01749
CB13,Ammonia,Group 26,Nitrogen-containing,K01752
CB13,Ammonia,Group 26,Nitrogen-containing,K01752
CB13,Ammonia,Group 26,Nitrogen-containing,K01753
CB13,Ammonia,Group 26,Nitrogen-containing,K01753
CB13,Ammonia,Group 26,Nitrogen-containing,K01754
CB13,Ammonia,Group 26,Nitrogen-containing,K01754
CB13,Ammonia,Group 26,Nitrogen-containing,K01758
CB13,Ammonia,Group 26,Nitrogen-containing,K01758
CB13,Ammonia,Group 26,Nitrogen-containing,K01760
CB13,Ammonia,Group 26,Nitrogen-containing,K01760
CB13,Ammonia,Group 26,Nitrogen-containing,K01914
CB13,Ammonia,Group 26,Nitrogen-containing,K01914
CB13,Ammonia,Group 26,Nitrogen-containing,K01915
CB13,Ammonia,Group 26,Nitrogen-containing,K01915
CB13,Ammonia,Group 26,Nitrogen-containing,K01916
CB13,Ammonia,Group 26,Nitrogen-containing,K01916
CB13,Ammonia,Group 26,Nitrogen-containing,K01937
CB13,Ammonia,Group 26,Nitrogen-containing,K01937
CB13,Ammonia,Group 26,Nitrogen-containing,K01951
CB13,Ammonia,Group 26,Nitrogen-containing,K01951
CB13,Ammonia,Group 26,Nitrogen-containing,K01953
CB13,Ammonia,Group 26,Nitrogen-containing,K01953
CB13,Ammonia,Group 26,Nitrogen-containing,K01955
CB13,Ammonia,Group 26,Nitrogen-containing,K01955
CB13,Ammonia,Group 26,Nitrogen-containing,K01956
CB13,Ammonia,Group 26,Nitrogen-containing,K01956
CB13,Ammonia,Group 26,Nitrogen-containing,K02082
CB13,Ammonia,Group 26,Nitrogen-containing,K02082
CB13,Ammonia,Group 26,Nitrogen-containing,K02083
CB13,Ammonia,Group 26,Nitrogen-containing,K02083
CB13,Ammonia,Group 26,Nitrogen-containing,K19837
CB13,Ammonia,Group 26,Nitrogen-containing,K19837
CB13,Ammonia,Group 26,Nitrogen-containing,K02437
CB13,Ammonia,Group 26,Nitrogen-containing,K02437
CB13,Ammonia,Group 26,Nitrogen-containing,K02501
CB13,Ammonia,Group 26,Nitrogen-containing,K02501
CB13,Ammonia,Group 26,Nitrogen-containing,K02564
CB13,Ammonia,Group 26,Nitrogen-containing,K02564
CB13,Ammonia,Group 26,Nitrogen-containing,K03412
CB13,Ammonia,Group 26,Nitrogen-containing,K03412
CB13,Ammonia,Group 26,Nitrogen-containing,K03743
CB13,Ammonia,Group 26,Nitrogen-containing,K03743
CB13,Ammonia,Group 26,Nitrogen-containing,K05396
CB13,Ammonia,Group 26,Nitrogen-containing,K05396
CB13,Ammonia,Group 26,Nitrogen-containing,K05601
CB13,Ammonia,Group 26,Nitrogen-containing,K05601
CB13,Ammonia,Group 26,Nitrogen-containing,K05603
CB13,Ammonia,Group 26,Nitrogen-containing,K05603
CB13,Ammonia,Group 26,Nitrogen-containing,K05810
CB13,Ammonia,Group 26,Nitrogen-containing,K05810
CB13,Ammonia,Group 26,Nitrogen-containing,K06016
CB13,Ammonia,Group 26,Nitrogen-containing,K06016
CB13,Ammonia,Group 26,Nitrogen-containing,K06920
CB13,Ammonia,Group 26,Nitrogen-containing,K06920
CB13,Ammonia,Group 26,Nitrogen-containing,K08281
CB13,Ammonia,Group 26,Nitrogen-containing,K08281
CB13,Ammonia,Group 26,Nitrogen-containing,K09020
CB13,Ammonia,Group 26,Nitrogen-containing,K09020
CB13,Ammonia,Group 26,Nitrogen-containing,K09022
CB13,Ammonia,Group 26,Nitrogen-containing,K09022
CB13,Ammonia,Group 26,Nitrogen-containing,K10026
CB13,Ammonia,Group 26,Nitrogen-containing,K10026
CB13,Ammonia,Group 26,Nitrogen-containing,K13566
CB13,Ammonia,Group 26,Nitrogen-containing,K13566
CB13,Ammonia,Group 26,Nitrogen-containing,K11991
CB13,Ammonia,Group 26,Nitrogen-containing,K11991
CB13,Ammonia,Group 26,Nitrogen-containing,K14155
CB13,Ammonia,Group 26,Nitrogen-containing,K14155
CB13,Amsacrine,Group 26,Polyaromatic,K02469
CB13,Amsacrine,Group 26,Nitrogen-containing,K02469
CB13,Amsacrine,Group 26,Sulfur-containing,K02469
CB13,Amsacrine,Group 26,Polyaromatic,K02470
CB13,Amsacrine,Group 26,Nitrogen-containing,K02470
CB13,Amsacrine,Group 26,Sulfur-containing,K02470
CB13,Amsacrine,Group 26,Polyaromatic,K02621
CB13,Amsacrine,Group 26,Nitrogen-containing,K02621
CB13,Amsacrine,Group 26,Sulfur-containing,K02621
CB13,Amsacrine,Group 26,Polyaromatic,K02622
CB13,Amsacrine,Group 26,Nitrogen-containing,K02622
CB13,Amsacrine,Group 26,Sulfur-containing,K02622
CB13,Amsacrine,Group 26,Polyaromatic,K03168
CB13,Amsacrine,Group 26,Nitrogen-containing,K03168
CB13,Amsacrine,Group 26,Sulfur-containing,K03168
CB13,Amsacrine,Group 26,Polyaromatic,K03169
CB13,Amsacrine,Group 26,Nitrogen-containing,K03169
CB13,Amsacrine,Group 26,Sulfur-containing,K03169
CB13,Aristolochic acid,Group 26,Polyaromatic,K01058
CB13,Aristolochic acid,Group 26,Nitrogen-containing,K01058
CB13,Arsenic,Group 26,Metal,K01584
CB13,Arsenic,Group 26,Metal,K01584
CB13,Arsenic,Group 26,Metal,K01584
CB13,Arsenic,Group 26,Metal,K01584
CB13,Arsenic,Group 26,Metal,K01585
CB13,Arsenic,Group 26,Metal,K01585
CB13,Arsenic,Group 26,Metal,K01585
CB13,Arsenic,Group 26,Metal,K01585
CB13,Arsenic,Group 26,Metal,K04077
CB13,Arsenic,Group 26,Metal,K04077
CB13,Arsenic,Group 26,Metal,K04077
CB13,Arsenic,Group 26,Metal,K04077
CB13,Arylmercury,Group 26,Organometallic,K01179
CB13,Arylmercury,Group 26,Organometallic,K01179
CB13,Arylmercury,Group 26,Polyaromatic,K01179
CB13,Arylmercury,Group 26,Polyaromatic,K01179
CB13,Arylmercury,Group 26,Organometallic,K20542
CB13,Arylmercury,Group 26,Organometallic,K20542
CB13,Arylmercury,Group 26,Polyaromatic,K20542
CB13,Arylmercury,Group 26,Polyaromatic,K20542
CB13,Arylmercury,Group 26,Organometallic,K01584
CB13,Arylmercury,Group 26,Organometallic,K01584
CB13,Arylmercury,Group 26,Polyaromatic,K01584
CB13,Arylmercury,Group 26,Polyaromatic,K01584
CB13,Arylmercury,Group 26,Organometallic,K01585
CB13,Arylmercury,Group 26,Organometallic,K01585
CB13,Arylmercury,Group 26,Polyaromatic,K01585
CB13,Arylmercury,Group 26,Polyaromatic,K01585
CB13,Aziridine,Group 26,Nitrogen-containing,K01089
CB13,Aziridine,Group 26,Aliphatic,K01089
CB13,Benzo[k]fluoranthene,Group 26,Polyaromatic,K01183
CB13,Benzo[k]fluoranthene,Group 26,Polyaromatic,K01183
CB13,Benzo[k]fluoranthene,Group 26,Polyaromatic,K01183
CB13,Benzo[k]fluoranthene,Group 26,Polyaromatic,K01183
CB13,CO,Group 26,Inorganic,K00196
CB13,CO,Group 26,Inorganic,K03147
CB13,CO,Group 26,Inorganic,K06911
CB13,CO,Group 26,Inorganic,K08967
CB13,Cacodylate,Group 26,Inorganic,K00019
CB13,Cacodylate,Group 26,Inorganic,K00019
CB13,Cacodylate,Group 26,Metal,K00019
CB13,Cacodylate,Group 26,Metal,K00019
CB13,Cacodylate,Group 26,Inorganic,K00133
CB13,Cacodylate,Group 26,Inorganic,K00133
CB13,Cacodylate,Group 26,Metal,K00133
CB13,Cacodylate,Group 26,Metal,K00133
CB13,Cacodylate,Group 26,Inorganic,K01708
CB13,Cacodylate,Group 26,Inorganic,K01708
CB13,Cacodylate,Group 26,Metal,K01708
CB13,Cacodylate,Group 26,Metal,K01708
CB13,Caffeate,Group 26,Aromatic,K03186
CB13,Caffeate,Group 26,Aromatic,K13727
CB13,Captafol,Group 26,Chlorinated,K00652
CB13,Captafol,Group 26,Nitrogen-containing,K00652
CB13,Captafol,Group 26,Sulfur-containing,K00652
CB13,Carbon tetrachloride,Group 26,Chlorinated,K00384
CB13,Carbon tetrachloride,Group 26,Chlorinated,K00384
CB13,Carbon tetrachloride,Group 26,Chlorinated,K00384
CB13,Carbon tetrachloride,Group 26,Chlorinated,K00384
CB13,Carbon tetrachloride,Group 26,Chlorinated,K00384
CB13,Carbon tetrachloride,Group 26,Chlorinated,K00789
CB13,Carbon tetrachloride,Group 26,Chlorinated,K00789
CB13,Carbon tetrachloride,Group 26,Chlorinated,K00789
CB13,Carbon tetrachloride,Group 26,Chlorinated,K00789
CB13,Carbon tetrachloride,Group 26,Chlorinated,K00789
CB13,Carbon tetrachloride,Group 26,Chlorinated,K02566
CB13,Carbon tetrachloride,Group 26,Chlorinated,K02566
CB13,Carbon tetrachloride,Group 26,Chlorinated,K02566
CB13,Carbon tetrachloride,Group 26,Chlorinated,K02566
CB13,Carbon tetrachloride,Group 26,Chlorinated,K02566
CB13,Carbon tetrachloride,Group 26,Chlorinated,K01919
CB13,Carbon tetrachloride,Group 26,Chlorinated,K01919
CB13,Carbon tetrachloride,Group 26,Chlorinated,K01919
CB13,Carbon tetrachloride,Group 26,Chlorinated,K01919
CB13,Carbon tetrachloride,Group 26,Chlorinated,K01919
CB13,Carbon tetrachloride,Group 26,Chlorinated,K03787
CB13,Carbon tetrachloride,Group 26,Chlorinated,K03787
CB13,Carbon tetrachloride,Group 26,Chlorinated,K03787
CB13,Carbon tetrachloride,Group 26,Chlorinated,K03787
CB13,Carbon tetrachloride,Group 26,Chlorinated,K03787
CB13,Carbon tetrachloride,Group 26,Chlorinated,K06048
CB13,Carbon tetrachloride,Group 26,Chlorinated,K06048
CB13,Carbon tetrachloride,Group 26,Chlorinated,K06048
CB13,Carbon tetrachloride,Group 26,Chlorinated,K06048
CB13,Carbon tetrachloride,Group 26,Chlorinated,K06048
CB13,Carbon tetrachloride,Group 26,Chlorinated,K11751
CB13,Carbon tetrachloride,Group 26,Chlorinated,K11751
CB13,Carbon tetrachloride,Group 26,Chlorinated,K11751
CB13,Carbon tetrachloride,Group 26,Chlorinated,K11751
CB13,Carbon tetrachloride,Group 26,Chlorinated,K11751
CB13,Chloral hydrate,Group 26,Chlorinated,K00001
CB13,Chloral hydrate,Group 26,Aliphatic,K00001
CB13,Chloral hydrate,Group 26,Chlorinated,K13953
CB13,Chloral hydrate,Group 26,Aliphatic,K13953
CB13,Chloral hydrate,Group 26,Chlorinated,K00121
CB13,Chloral hydrate,Group 26,Aliphatic,K00121
CB13,Chloral hydrate,Group 26,Chlorinated,K04072
CB13,Chloral hydrate,Group 26,Aliphatic,K04072
CB13,Chloramine,Group 26,Nitrogen-containing,K03386
CB13,Chloramine,Group 26,Chlorinated,K03386
CB13,Chloramine,Group 26,Nitrogen-containing,K03564
CB13,Chloramine,Group 26,Chlorinated,K03564
CB13,Chloramine,Group 26,Nitrogen-containing,K11065
CB13,Chloramine,Group 26,Chlorinated,K11065
CB13,Chloraminophenamide,Group 26,Nitrogen-containing,K01673
CB13,Chloraminophenamide,Group 26,Sulfur-containing,K01673
CB13,Chloraminophenamide,Group 26,Chlorinated,K01673
CB13,Chloraminophenamide,Group 26,Aromatic,K01673
CB13,Chloraminophenamide,Group 26,Nitrogen-containing,K01674
CB13,Chloraminophenamide,Group 26,Sulfur-containing,K01674
CB13,Chloraminophenamide,Group 26,Chlorinated,K01674
CB13,Chloraminophenamide,Group 26,Aromatic,K01674
CB13,Chloramphenicol,Group 26,Aromatic,K19271
CB13,Chloramphenicol,Group 26,Nitrogen-containing,K19271
CB13,Chloramphenicol,Group 26,Chlorinated,K19271
CB13,Chlorothalonil,Group 26,Chlorinated,K11216
CB13,Chlorothalonil,Group 26,Aromatic,K11216
CB13,Chlorothalonil,Group 26,Nitrogen-containing,K11216
CB13,Chlorpyrifos,Group 26,Organophosphorus,K00799
CB13,Chlorpyrifos,Group 26,Organophosphorus,K00799
CB13,Chlorpyrifos,Group 26,Organophosphorus,K00799
CB13,Chlorpyrifos,Group 26,Chlorinated,K00799
CB13,Chlorpyrifos,Group 26,Chlorinated,K00799
CB13,Chlorpyrifos,Group 26,Chlorinated,K00799
CB13,Chlorpyrifos,Group 26,Organophosphorus,K10804
CB13,Chlorpyrifos,Group 26,Organophosphorus,K10804
CB13,Chlorpyrifos,Group 26,Organophosphorus,K10804
CB13,Chlorpyrifos,Group 26,Chlorinated,K10804
CB13,Chlorpyrifos,Group 26,Chlorinated,K10804
CB13,Chlorpyrifos,Group 26,Chlorinated,K10804
CB13,Chlorpyrifos,Group 26,Organophosphorus,K10805
CB13,Chlorpyrifos,Group 26,Organophosphorus,K10805
CB13,Chlorpyrifos,Group 26,Organophosphorus,K10805
CB13,Chlorpyrifos,Group 26,Chlorinated,K10805
CB13,Chlorpyrifos,Group 26,Chlorinated,K10805
CB13,Chlorpyrifos,Group 26,Chlorinated,K10805
CB13,Cobalt,Group 26,Metal,K01870
CB13,Cobaltous sulfate,Group 26,Metal,K01488
CB13,Cobaltous sulfate,Group 26,Inorganic,K01488
CB13,Cobaltous sulfate,Group 26,Metal,K01624
CB13,Cobaltous sulfate,Group 26,Inorganic,K01624
CB13,Cobaltous sulfate,Group 26,Metal,K01779
CB13,Cobaltous sulfate,Group 26,Inorganic,K01779
CB13,Cobaltous sulfate,Group 26,Metal,K05810
CB13,Cobaltous sulfate,Group 26,Inorganic,K05810
CB13,Cobaltous sulfate,Group 26,Metal,K11645
CB13,Cobaltous sulfate,Group 26,Inorganic,K11645
CB13,Copper,Group 26,Metal,K17686
CB13,Copper,Group 26,Metal,K17686
CB13,Copper,Group 26,Metal,K17686
CB13,Cyanide ion,Group 26,Nitrogen-containing,K01011
CB13,Cyanide ion,Group 26,Nitrogen-containing,K01011
CB13,Cyanide ion,Group 26,Nitrogen-containing,K01011
CB13,Cyanide ion,Group 26,Inorganic,K01011
CB13,Cyanide ion,Group 26,Inorganic,K01011
CB13,Cyanide ion,Group 26,Inorganic,K01011
CB13,Cyanide ion,Group 26,Nitrogen-containing,K02439
CB13,Cyanide ion,Group 26,Nitrogen-containing,K02439
CB13,Cyanide ion,Group 26,Nitrogen-containing,K02439
CB13,Cyanide ion,Group 26,Inorganic,K02439
CB13,Cyanide ion,Group 26,Inorganic,K02439
CB13,Cyanide ion,Group 26,Inorganic,K02439
CB13,Cyclosporin A,Group 26,Nitrogen-containing,K18104
CB13,Cypermethrin,Group 26,Polyaromatic,K00036
CB13,Cypermethrin,Group 26,Chlorinated,K00036
CB13,Cypermethrin,Group 26,Nitrogen-containing,K00036
CB13,Cypermethrin,Group 26,Polyaromatic,K00688
CB13,Cypermethrin,Group 26,Chlorinated,K00688
CB13,Cypermethrin,Group 26,Nitrogen-containing,K00688
CB13,Cypermethrin,Group 26,Polyaromatic,K00799
CB13,Cypermethrin,Group 26,Chlorinated,K00799
CB13,Cypermethrin,Group 26,Nitrogen-containing,K00799
CB13,Cypermethrin,Group 26,Polyaromatic,K00823
CB13,Cypermethrin,Group 26,Chlorinated,K00823
CB13,Cypermethrin,Group 26,Nitrogen-containing,K00823
CB13,Cypermethrin,Group 26,Polyaromatic,K07250
CB13,Cypermethrin,Group 26,Chlorinated,K07250
CB13,Cypermethrin,Group 26,Nitrogen-containing,K07250
CB13,Cypermethrin,Group 26,Polyaromatic,K03788
CB13,Cypermethrin,Group 26,Chlorinated,K03788
CB13,Cypermethrin,Group 26,Nitrogen-containing,K03788
CB13,Cypermethrin,Group 26,Polyaromatic,K07313
CB13,Cypermethrin,Group 26,Chlorinated,K07313
CB13,Cypermethrin,Group 26,Nitrogen-containing,K07313
CB13,Cypermethrin,Group 26,Polyaromatic,K18104
CB13,Cypermethrin,Group 26,Chlorinated,K18104
CB13,Cypermethrin,Group 26,Nitrogen-containing,K18104
CB13,Danthron,Group 26,Aromatic,K00344
CB13,Danthron,Group 26,Aromatic,K00355
CB13,Danthron,Group 26,Aromatic,K00383
CB13,Danthron,Group 26,Aromatic,K00384
CB13,Danthron,Group 26,Aromatic,K00528
CB13,Danthron,Group 26,Aromatic,K03809
CB13,Danthron,Group 26,Aromatic,K19267
CB13,Dichlorvos,Group 26,Organophosphorus,K00799
CB13,Dichlorvos,Group 26,Organophosphorus,K00799
CB13,Dichlorvos,Group 26,Organophosphorus,K00799
CB13,Dichlorvos,Group 26,Chlorinated,K00799
CB13,Dichlorvos,Group 26,Chlorinated,K00799
CB13,Dichlorvos,Group 26,Chlorinated,K00799
CB13,Dichlorvos,Group 26,Organophosphorus,K01048
CB13,Dichlorvos,Group 26,Organophosphorus,K01048
CB13,Dichlorvos,Group 26,Organophosphorus,K01048
CB13,Dichlorvos,Group 26,Chlorinated,K01048
CB13,Dichlorvos,Group 26,Chlorinated,K01048
CB13,Dichlorvos,Group 26,Chlorinated,K01048
CB13,Dichlorvos,Group 26,Organophosphorus,K03788
CB13,Dichlorvos,Group 26,Organophosphorus,K03788
CB13,Dichlorvos,Group 26,Organophosphorus,K03788
CB13,Dichlorvos,Group 26,Chlorinated,K03788
CB13,Dichlorvos,Group 26,Chlorinated,K03788
CB13,Dichlorvos,Group 26,Chlorinated,K03788
CB13,Digoxin,Group 26,Aliphatic,K00383
CB13,Digoxin,Group 26,Aliphatic,K18104
CB13,Diuron,Group 26,Nitrogen-containing,K00036
CB13,Diuron,Group 26,Nitrogen-containing,K00036
CB13,Diuron,Group 26,Nitrogen-containing,K00036
CB13,Diuron,Group 26,Chlorinated,K00036
CB13,Diuron,Group 26,Chlorinated,K00036
CB13,Diuron,Group 26,Chlorinated,K00036
CB13,Diuron,Group 26,Aromatic,K00036
CB13,Diuron,Group 26,Aromatic,K00036
CB13,Diuron,Group 26,Aromatic,K00036
CB13,Diuron,Group 26,Nitrogen-containing,K03981
CB13,Diuron,Group 26,Nitrogen-containing,K03981
CB13,Diuron,Group 26,Nitrogen-containing,K03981
CB13,Diuron,Group 26,Chlorinated,K03981
CB13,Diuron,Group 26,Chlorinated,K03981
CB13,Diuron,Group 26,Chlorinated,K03981
CB13,Diuron,Group 26,Aromatic,K03981
CB13,Diuron,Group 26,Aromatic,K03981
CB13,Diuron,Group 26,Aromatic,K03981
CB13,Endosulfan,Group 26,Chlorinated,K00799
CB13,Endosulfan,Group 26,Chlorinated,K00799
CB13,Endosulfan,Group 26,Chlorinated,K00799
CB13,Endosulfan,Group 26,Chlorinated,K00799
CB13,Endosulfan,Group 26,Inorganic,K00799
CB13,Endosulfan,Group 26,Inorganic,K00799
CB13,Endosulfan,Group 26,Inorganic,K00799
CB13,Endosulfan,Group 26,Inorganic,K00799
CB13,Endosulfan,Group 26,Chlorinated,K18104
CB13,Endosulfan,Group 26,Chlorinated,K18104
CB13,Endosulfan,Group 26,Chlorinated,K18104
CB13,Endosulfan,Group 26,Chlorinated,K18104
CB13,Endosulfan,Group 26,Inorganic,K18104
CB13,Endosulfan,Group 26,Inorganic,K18104
CB13,Endosulfan,Group 26,Inorganic,K18104
CB13,Endosulfan,Group 26,Inorganic,K18104
CB13,Epichlorohydrin,Group 26,Chlorinated,K00799
CB13,Epichlorohydrin,Group 26,Aliphatic,K00799
CB13,Epichlorohydrin,Group 26,Chlorinated,K05350
CB13,Epichlorohydrin,Group 26,Aliphatic,K05350
CB13,Epichlorohydrin,Group 26,Chlorinated,K05349
CB13,Epichlorohydrin,Group 26,Aliphatic,K05349
CB13,Ethanol,Group 26,Aliphatic,K00001
CB13,Ethanol,Group 26,Aliphatic,K04022
CB13,Ethanol,Group 26,Aliphatic,K13953
CB13,Ethanol,Group 26,Aliphatic,K00002
CB13,Ethanol,Group 26,Aliphatic,K00121
CB13,Ethanol,Group 26,Aliphatic,K04072
CB13,Ethanol,Group 26,Aliphatic,K12957
CB13,Ethyl methanesulfonate,Group 26,Organosulfur,K00560
CB13,Ethyl methanesulfonate,Group 26,Aliphatic,K00560
CB13,Etoposide,Group 26,Polyaromatic,K00432
CB13,Etoposide,Group 26,Polyaromatic,K18104
CB13,Fluoranthene,Group 26,Polyaromatic,K00433
CB13,Fluoranthene,Group 26,Polyaromatic,K00433
CB13,Fluoranthene,Group 26,Polyaromatic,K00433
CB13,Fluoranthene,Group 26,Polyaromatic,K00433
CB13,Formaldehyde,Group 26,Aliphatic,K00148
CB13,Formaldehyde,Group 26,Aliphatic,K00148
CB13,Formaldehyde,Group 26,Aliphatic,K00148
CB13,Formaldehyde,Group 26,Aliphatic,K00276
CB13,Formaldehyde,Group 26,Aliphatic,K00276
CB13,Formaldehyde,Group 26,Aliphatic,K00276
CB13,Formaldehyde,Group 26,Aliphatic,K00299
CB13,Formaldehyde,Group 26,Aliphatic,K00299
CB13,Formaldehyde,Group 26,Aliphatic,K00299
CB13,Formaldehyde,Group 26,Aliphatic,K00606
CB13,Formaldehyde,Group 26,Aliphatic,K00606
CB13,Formaldehyde,Group 26,Aliphatic,K00606
CB13,Formaldehyde,Group 26,Aliphatic,K03781
CB13,Formaldehyde,Group 26,Aliphatic,K03781
CB13,Formaldehyde,Group 26,Aliphatic,K03781
CB13,Formaldehyde,Group 26,Aliphatic,K03782
CB13,Formaldehyde,Group 26,Aliphatic,K03782
CB13,Formaldehyde,Group 26,Aliphatic,K03782
CB13,Formaldehyde,Group 26,Aliphatic,K03863
CB13,Formaldehyde,Group 26,Aliphatic,K03863
CB13,Formaldehyde,Group 26,Aliphatic,K03863
CB13,Formaldehyde,Group 26,Aliphatic,K04091
CB13,Formaldehyde,Group 26,Aliphatic,K04091
CB13,Formaldehyde,Group 26,Aliphatic,K04091
CB13,Formaldehyde,Group 26,Aliphatic,K07217
CB13,Formaldehyde,Group 26,Aliphatic,K07217
CB13,Formaldehyde,Group 26,Aliphatic,K07217
CB13,Glu-P-1,Group 26,Nitrogen-containing,K00675
CB13,Glu-P-1,Group 26,Aliphatic,K00675
CB13,Glycidaldehyde,Group 26,Aliphatic,K00600
CB13,Hydrochlorothiazide,Group 26,Nitrogen-containing,K00287
CB13,Hydrochlorothiazide,Group 26,Sulfur-containing,K00287
CB13,Hydrochlorothiazide,Group 26,Chlorinated,K00287
CB13,Hydrochlorothiazide,Group 26,Aromatic,K00287
CB13,Hydrochlorothiazide,Group 26,Nitrogen-containing,K18590
CB13,Hydrochlorothiazide,Group 26,Sulfur-containing,K18590
CB13,Hydrochlorothiazide,Group 26,Chlorinated,K18590
CB13,Hydrochlorothiazide,Group 26,Aromatic,K18590
CB13,Hydrochlorothiazide,Group 26,Nitrogen-containing,K01673
CB13,Hydrochlorothiazide,Group 26,Sulfur-containing,K01673
CB13,Hydrochlorothiazide,Group 26,Chlorinated,K01673
CB13,Hydrochlorothiazide,Group 26,Aromatic,K01673
CB13,Hydrochlorothiazide,Group 26,Nitrogen-containing,K01674
CB13,Hydrochlorothiazide,Group 26,Sulfur-containing,K01674
CB13,Hydrochlorothiazide,Group 26,Chlorinated,K01674
CB13,Hydrochlorothiazide,Group 26,Aromatic,K01674
CB13,Hydrochlorothiazide,Group 26,Nitrogen-containing,K13938
CB13,Hydrochlorothiazide,Group 26,Sulfur-containing,K13938
CB13,Hydrochlorothiazide,Group 26,Chlorinated,K13938
CB13,Hydrochlorothiazide,Group 26,Aromatic,K13938
CB13,Hydrochlorothiazide,Group 26,Nitrogen-containing,K18104
CB13,Hydrochlorothiazide,Group 26,Sulfur-containing,K18104
CB13,Hydrochlorothiazide,Group 26,Chlorinated,K18104
CB13,Hydrochlorothiazide,Group 26,Aromatic,K18104
CB13,Hydrogen cyanide,Group 26,Nitrogen-containing,K00799
CB13,Lead,Group 26,Metal,K00001
CB13,Lead,Group 26,Metal,K00001
CB13,Lead,Group 26,Metal,K00001
CB13,Lead,Group 26,Metal,K00001
CB13,Lead,Group 26,Metal,K00001
CB13,Lead nitrate,Group 26,Metal,K00383
CB13,Lead nitrate,Group 26,Metal,K00383
CB13,Lead nitrate,Group 26,Inorganic,K00383
CB13,Lead nitrate,Group 26,Inorganic,K00383
CB13,Lead nitrate,Group 26,Nitrogen-containing,K00383
CB13,Lead nitrate,Group 26,Nitrogen-containing,K00383
CB13,Lead nitrate,Group 26,Metal,K00845
CB13,Lead nitrate,Group 26,Metal,K00845
CB13,Lead nitrate,Group 26,Inorganic,K00845
CB13,Lead nitrate,Group 26,Inorganic,K00845
CB13,Lead nitrate,Group 26,Nitrogen-containing,K00845
CB13,Lead nitrate,Group 26,Nitrogen-containing,K00845
CB13,Lead nitrate,Group 26,Metal,K01749
CB13,Lead nitrate,Group 26,Metal,K01749
CB13,Lead nitrate,Group 26,Inorganic,K01749
CB13,Lead nitrate,Group 26,Inorganic,K01749
CB13,Lead nitrate,Group 26,Nitrogen-containing,K01749
CB13,Lead nitrate,Group 26,Nitrogen-containing,K01749
CB13,Mercuric chloride,Group 26,Metal,K00001
CB13,Mercuric chloride,Group 26,Metal,K00001
CB13,Mercuric chloride,Group 26,Chlorinated,K00001
CB13,Mercuric chloride,Group 26,Chlorinated,K00001
CB13,Mercuric chloride,Group 26,Metal,K00005
CB13,Mercuric chloride,Group 26,Metal,K00005
CB13,Mercuric chloride,Group 26,Chlorinated,K00005
CB13,Mercuric chloride,Group 26,Chlorinated,K00005
CB13,Merphalan,Group 26,Nitrogen-containing,K01271
CB13,Merphalan,Group 26,Chlorinated,K01271
CB13,Merphalan,Group 26,Aromatic,K01271
CB13,Merphalan,Group 26,Nitrogen-containing,K18104
CB13,Merphalan,Group 26,Chlorinated,K18104
CB13,Merphalan,Group 26,Aromatic,K18104
CB13,Methane,Group 26,Aliphatic,K06163
CB13,Methyl bromide,Group 26,Halogenated,K00567
CB13,Methyl bromide,Group 26,Aliphatic,K00567
CB13,Methyl bromide,Group 26,Halogenated,K10778
CB13,Methyl bromide,Group 26,Aliphatic,K10778
CB13,Methyl isobutyl ketone,Group 26,Aliphatic,K00001
CB13,Methyl tert-butyl ether,Group 26,Aliphatic,K00001
CB13,Methylmercury chloride,Group 26,Organometallic,K00287
CB13,Methylmercury chloride,Group 26,Organometallic,K00287
CB13,Methylmercury chloride,Group 26,Organometallic,K00287
CB13,Methylmercury chloride,Group 26,Chlorinated,K00287
CB13,Methylmercury chloride,Group 26,Chlorinated,K00287
CB13,Methylmercury chloride,Group 26,Chlorinated,K00287
CB13,Methylmercury chloride,Group 26,Organometallic,K18590
CB13,Methylmercury chloride,Group 26,Organometallic,K18590
CB13,Methylmercury chloride,Group 26,Organometallic,K18590
CB13,Methylmercury chloride,Group 26,Chlorinated,K18590
CB13,Methylmercury chloride,Group 26,Chlorinated,K18590
CB13,Methylmercury chloride,Group 26,Chlorinated,K18590
CB13,Methylmercury chloride,Group 26,Organometallic,K01262
CB13,Methylmercury chloride,Group 26,Organometallic,K01262
CB13,Methylmercury chloride,Group 26,Organometallic,K01262
CB13,Methylmercury chloride,Group 26,Chlorinated,K01262
CB13,Methylmercury chloride,Group 26,Chlorinated,K01262
CB13,Methylmercury chloride,Group 26,Chlorinated,K01262
CB13,Methylmercury chloride,Group 26,Organometallic,K01919
CB13,Methylmercury chloride,Group 26,Organometallic,K01919
CB13,Methylmercury chloride,Group 26,Organometallic,K01919
CB13,Methylmercury chloride,Group 26,Chlorinated,K01919
CB13,Methylmercury chloride,Group 26,Chlorinated,K01919
CB13,Methylmercury chloride,Group 26,Chlorinated,K01919
CB13,Methylmercury chloride,Group 26,Organometallic,K13938
CB13,Methylmercury chloride,Group 26,Organometallic,K13938
CB13,Methylmercury chloride,Group 26,Organometallic,K13938
CB13,Methylmercury chloride,Group 26,Chlorinated,K13938
CB13,Methylmercury chloride,Group 26,Chlorinated,K13938
CB13,Methylmercury chloride,Group 26,Chlorinated,K13938
CB13,Methylmercury chloride,Group 26,Organometallic,K06048
CB13,Methylmercury chloride,Group 26,Organometallic,K06048
CB13,Methylmercury chloride,Group 26,Organometallic,K06048
CB13,Methylmercury chloride,Group 26,Chlorinated,K06048
CB13,Methylmercury chloride,Group 26,Chlorinated,K06048
CB13,Methylmercury chloride,Group 26,Chlorinated,K06048
CB13,Methylnitrosourea,Group 26,Nitrogen-containing,K12410
CB13,Methylnitrosourea,Group 26,Aliphatic,K12410
CB13,Microcystin LR,Group 26,Nitrogen-containing,K01595
CB13,Microcystin LR,Group 26,Aromatic,K01595
CB13,Microcystin LR,Group 26,Nitrogen-containing,K07313
CB13,Microcystin LR,Group 26,Aromatic,K07313
CB13,Mitomycin,Group 26,Nitrogen-containing,K00758
CB13,Mitomycin,Group 26,Polyaromatic,K00758
CB13,Mitomycin,Group 26,Nitrogen-containing,K03809
CB13,Mitomycin,Group 26,Polyaromatic,K03809
CB13,Mitomycin,Group 26,Nitrogen-containing,K19267
CB13,Mitomycin,Group 26,Polyaromatic,K19267
CB13,Mitoxantrone,Group 26,Nitrogen-containing,K00523
CB13,Mitoxantrone,Group 26,Polyaromatic,K00523
CB13,Mitoxantrone,Group 26,Nitrogen-containing,K01104
CB13,Mitoxantrone,Group 26,Polyaromatic,K01104
CB13,Mitoxantrone,Group 26,Nitrogen-containing,K18104
CB13,Mitoxantrone,Group 26,Polyaromatic,K18104
CB13,"N,N'-Diacetylbenzidine",Group 26,Nitrogen-containing,K03594
CB13,"N,N'-Diacetylbenzidine",Group 26,Polyaromatic,K03594
CB13,N-Methyl-N'-nitro-N-nitrosoguanidine,Group 26,Nitrogen-containing,K13529
CB13,N-Methyl-N'-nitro-N-nitrosoguanidine,Group 26,Inorganic,K13529
CB13,Nafenopin,Group 26,Polyaromatic,K01961
CB13,Nafenopin,Group 26,Polyaromatic,K01962
CB13,Nafenopin,Group 26,Polyaromatic,K01963
CB13,Nickel chloride,Group 26,Metal,K01507
CB13,Nickel chloride,Group 26,Metal,K01507
CB13,Nickel chloride,Group 26,Metal,K01507
CB13,Nickel chloride,Group 26,Inorganic,K01507
CB13,Nickel chloride,Group 26,Inorganic,K01507
CB13,Nickel chloride,Group 26,Inorganic,K01507
CB13,Nickel chloride,Group 26,Chlorinated,K01507
CB13,Nickel chloride,Group 26,Chlorinated,K01507
CB13,Nickel chloride,Group 26,Chlorinated,K01507
CB13,Nitrate,Group 26,Nitrogen-containing,K00370
CB13,Nitrate,Group 26,Inorganic,K00370
CB13,Nitrate,Group 26,Nitrogen-containing,K00371
CB13,Nitrate,Group 26,Inorganic,K00371
CB13,Nitrate,Group 26,Nitrogen-containing,K00372
CB13,Nitrate,Group 26,Inorganic,K00372
CB13,Nitrate,Group 26,Nitrogen-containing,K00374
CB13,Nitrate,Group 26,Inorganic,K00374
CB13,Nitrate,Group 26,Nitrogen-containing,K05916
CB13,Nitrate,Group 26,Inorganic,K05916
CB13,Nitrite,Group 26,Nitrogen-containing,K00362
CB13,Nitrite,Group 26,Inorganic,K00362
CB13,Nitrite,Group 26,Nitrogen-containing,K00363
CB13,Nitrite,Group 26,Inorganic,K00363
CB13,Nitrite,Group 26,Nitrogen-containing,K00370
CB13,Nitrite,Group 26,Inorganic,K00370
CB13,Nitrite,Group 26,Nitrogen-containing,K00371
CB13,Nitrite,Group 26,Inorganic,K00371
CB13,Nitrite,Group 26,Nitrogen-containing,K00372
CB13,Nitrite,Group 26,Inorganic,K00372
CB13,Nitrite,Group 26,Nitrogen-containing,K00374
CB13,Nitrite,Group 26,Inorganic,K00374
CB13,Nitrogen mustard,Group 26,Chlorinated,K00130
CB13,Nitrogen mustard,Group 26,Nitrogen-containing,K00130
CB13,Nitrogen mustard,Group 26,Chlorinated,K00383
CB13,Nitrogen mustard,Group 26,Nitrogen-containing,K00383
CB13,Nitromethane,Group 26,Nitrogen-containing,K01745
CB13,Nitromethane,Group 26,Inorganic,K01745
CB13,Ochratoxin A,Group 26,Polyaromatic,K18104
CB13,Ochratoxin A,Group 26,Chlorinated,K18104
CB13,Ochratoxin A,Group 26,Nitrogen-containing,K18104
CB13,Phenacetin,Group 26,Aromatic,K01271
CB13,Phenacetin,Group 26,Nitrogen-containing,K01271
CB13,Phenobarbital,Group 26,Aromatic,K00002
CB13,Phenobarbital,Group 26,Nitrogen-containing,K00002
CB13,Phenol,Group 26,Aromatic,K01612
CB13,Phenol,Group 26,Aromatic,K01612
CB13,Phenol,Group 26,Aromatic,K01612
CB13,Phenol,Group 26,Aromatic,K01612
CB13,Phenol,Group 26,Aromatic,K03186
CB13,Phenol,Group 26,Aromatic,K03186
CB13,Phenol,Group 26,Aromatic,K03186
CB13,Phenol,Group 26,Aromatic,K03186
CB13,Phenol,Group 26,Aromatic,K10804
CB13,Phenol,Group 26,Aromatic,K10804
CB13,Phenol,Group 26,Aromatic,K10804
CB13,Phenol,Group 26,Aromatic,K10804
CB13,Phenol,Group 26,Aromatic,K10804
CB13,Phenol,Group 26,Aromatic,K21759
CB13,Phenol,Group 26,Aromatic,K21759
CB13,Phenol,Group 26,Aromatic,K21759
CB13,Phenol,Group 26,Aromatic,K21759
CB13,Phenylmercury acetate,Group 26,Organometallic,K04564
CB13,Phenylmercury acetate,Group 26,Organometallic,K04564
CB13,Phenylmercury acetate,Group 26,Aromatic,K04564
CB13,Phenylmercury acetate,Group 26,Aromatic,K04564
CB13,Phenylmethanesulfonyl fluoride,Group 26,Sulfur-containing,K00001
CB13,Phenylmethanesulfonyl fluoride,Group 26,Aromatic,K00001
CB13,Phenylmethanesulfonyl fluoride,Group 26,Sulfur-containing,K00024
CB13,Phenylmethanesulfonyl fluoride,Group 26,Aromatic,K00024
CB13,Phenytoin,Group 26,Polyaromatic,K00002
CB13,Phenytoin,Group 26,Nitrogen-containing,K00002
CB13,Salicylate,Group 26,Aromatic,K12238
CB13,Salicylate,Group 26,Aromatic,K12238
CB13,Salicylate,Group 26,Aromatic,K12238
CB13,Salicylate,Group 26,Aromatic,K12238
CB13,Simazine,Group 26,Nitrogen-containing,K01673
CB13,Simazine,Group 26,Nitrogen-containing,K01673
CB13,Simazine,Group 26,Chlorinated,K01673
CB13,Simazine,Group 26,Chlorinated,K01673
CB13,Simazine,Group 26,Nitrogen-containing,K01674
CB13,Simazine,Group 26,Nitrogen-containing,K01674
CB13,Simazine,Group 26,Chlorinated,K01674
CB13,Simazine,Group 26,Chlorinated,K01674
CB13,Sodium arsenite,Group 26,Inorganic,K00265
CB13,Sodium arsenite,Group 26,Metal,K00265
CB13,Sodium arsenite,Group 26,Inorganic,K00266
CB13,Sodium arsenite,Group 26,Metal,K00266
CB13,Sodium arsenite,Group 26,Inorganic,K01011
CB13,Sodium arsenite,Group 26,Metal,K01011
CB13,Sodium arsenite,Group 26,Inorganic,K02439
CB13,Sodium arsenite,Group 26,Metal,K02439
CB13,Sodium fluoride,Group 26,Inorganic,K00002
CB13,Sodium fluoride,Group 26,Inorganic,K00024
CB13,Streptozocin,Group 26,Nitrogen-containing,K01028
CB13,Streptozocin,Group 26,Aliphatic,K01028
CB13,Streptozocin,Group 26,Nitrogen-containing,K01029
CB13,Streptozocin,Group 26,Aliphatic,K01029
CB13,Streptozocin,Group 26,Nitrogen-containing,K22278
CB13,Streptozocin,Group 26,Aliphatic,K22278
CB13,Streptozocin,Group 26,Nitrogen-containing,K01495
CB13,Streptozocin,Group 26,Aliphatic,K01495
CB13,Streptozocin,Group 26,Nitrogen-containing,K01758
CB13,Streptozocin,Group 26,Aliphatic,K01758
CB13,Styrene,Group 26,Aromatic,K13727
CB13,Styrene,Group 26,Aromatic,K13727
CB13,Styrene,Group 26,Aromatic,K13727
CB13,Sulfasalazine,Group 26,Nitrogen-containing,K00927
CB13,Sulfasalazine,Group 26,Sulfur-containing,K00927
CB13,Sulfasalazine,Group 26,Polyaromatic,K00927
CB13,Sulfasalazine,Group 26,Nitrogen-containing,K13069
CB13,Sulfasalazine,Group 26,Sulfur-containing,K13069
CB13,Sulfasalazine,Group 26,Polyaromatic,K13069
CB13,Sulfasalazine,Group 26,Nitrogen-containing,K21021
CB13,Sulfasalazine,Group 26,Sulfur-containing,K21021
CB13,Sulfasalazine,Group 26,Polyaromatic,K21021
CB13,Sulfasalazine,Group 26,Nitrogen-containing,K18968
CB13,Sulfasalazine,Group 26,Sulfur-containing,K18968
CB13,Sulfasalazine,Group 26,Polyaromatic,K18968
CB13,Sulfasalazine,Group 26,Nitrogen-containing,K21088
CB13,Sulfasalazine,Group 26,Sulfur-containing,K21088
CB13,Sulfasalazine,Group 26,Polyaromatic,K21088
CB13,Sulfasalazine,Group 26,Nitrogen-containing,K20956
CB13,Sulfasalazine,Group 26,Sulfur-containing,K20956
CB13,Sulfasalazine,Group 26,Polyaromatic,K20956
CB13,Sulfasalazine,Group 26,Nitrogen-containing,K21020
CB13,Sulfasalazine,Group 26,Sulfur-containing,K21020
CB13,Sulfasalazine,Group 26,Polyaromatic,K21020
CB13,Sulfasalazine,Group 26,Nitrogen-containing,K21023
CB13,Sulfasalazine,Group 26,Sulfur-containing,K21023
CB13,Sulfasalazine,Group 26,Polyaromatic,K21023
CB13,Sulfasalazine,Group 26,Nitrogen-containing,K21084
CB13,Sulfasalazine,Group 26,Sulfur-containing,K21084
CB13,Sulfasalazine,Group 26,Polyaromatic,K21084
CB13,Sulfasalazine,Group 26,Nitrogen-containing,K21085
CB13,Sulfasalazine,Group 26,Sulfur-containing,K21085
CB13,Sulfasalazine,Group 26,Polyaromatic,K21085
CB13,Tetranitromethane,Group 26,Nitrogen-containing,K00033
CB13,Tetranitromethane,Group 26,Inorganic,K00033
CB13,Tetranitromethane,Group 26,Nitrogen-containing,K00278
CB13,Tetranitromethane,Group 26,Inorganic,K00278
CB13,Thioacetamide,Group 26,Nitrogen-containing,K00001
CB13,Thioacetamide,Group 26,Sulfur-containing,K00001
CB13,Thioacetamide,Group 26,Aliphatic,K00001
CB13,Thioacetamide,Group 26,Nitrogen-containing,K00384
CB13,Thioacetamide,Group 26,Sulfur-containing,K00384
CB13,Thioacetamide,Group 26,Aliphatic,K00384
CB13,Thioacetamide,Group 26,Nitrogen-containing,K02566
CB13,Thioacetamide,Group 26,Sulfur-containing,K02566
CB13,Thioacetamide,Group 26,Aliphatic,K02566
CB13,Thioacetamide,Group 26,Nitrogen-containing,K01919
CB13,Thioacetamide,Group 26,Sulfur-containing,K01919
CB13,Thioacetamide,Group 26,Aliphatic,K01919
CB13,Thioacetamide,Group 26,Nitrogen-containing,K01920
CB13,Thioacetamide,Group 26,Sulfur-containing,K01920
CB13,Thioacetamide,Group 26,Aliphatic,K01920
CB13,Thioacetamide,Group 26,Nitrogen-containing,K03787
CB13,Thioacetamide,Group 26,Sulfur-containing,K03787
CB13,Thioacetamide,Group 26,Aliphatic,K03787
CB13,Thioacetamide,Group 26,Nitrogen-containing,K11751
CB13,Thioacetamide,Group 26,Sulfur-containing,K11751
CB13,Thioacetamide,Group 26,Aliphatic,K11751
CB13,Thiocyanate,Group 26,Sulfur-containing,K01011
CB13,Thiocyanate,Group 26,Nitrogen-containing,K01011
CB13,Thiocyanate,Group 26,Sulfur-containing,K02439
CB13,Thiocyanate,Group 26,Nitrogen-containing,K02439
CB13,Thiouracil,Group 26,Nitrogen-containing,K00433
CB13,Thiouracil,Group 26,Sulfur-containing,K00433
CB13,Thiouracil,Group 26,Aliphatic,K00433
CB13,Thiouracil,Group 26,Nitrogen-containing,K00761
CB13,Thiouracil,Group 26,Sulfur-containing,K00761
CB13,Thiouracil,Group 26,Aliphatic,K00761
CB13,Thiouracil,Group 26,Nitrogen-containing,K00823
CB13,Thiouracil,Group 26,Sulfur-containing,K00823
CB13,Thiouracil,Group 26,Aliphatic,K00823
CB13,Thiouracil,Group 26,Nitrogen-containing,K07250
CB13,Thiouracil,Group 26,Sulfur-containing,K07250
CB13,Thiouracil,Group 26,Aliphatic,K07250
CB13,Thiouracil,Group 26,Nitrogen-containing,K01485
CB13,Thiouracil,Group 26,Sulfur-containing,K01485
CB13,Thiouracil,Group 26,Aliphatic,K01485
CB13,Tributyltin chloride,Group 26,Metal,K02111
CB13,Tributyltin chloride,Group 26,Metal,K02111
CB13,Tributyltin chloride,Group 26,Organometallic,K02111
CB13,Tributyltin chloride,Group 26,Organometallic,K02111
CB13,Tributyltin chloride,Group 26,Metal,K02112
CB13,Tributyltin chloride,Group 26,Metal,K02112
CB13,Tributyltin chloride,Group 26,Organometallic,K02112
CB13,Tributyltin chloride,Group 26,Organometallic,K02112
CB13,Tributyltin chloride,Group 26,Metal,K05851
CB13,Tributyltin chloride,Group 26,Metal,K05851
CB13,Tributyltin chloride,Group 26,Organometallic,K05851
CB13,Tributyltin chloride,Group 26,Organometallic,K05851
CB13,Tributyltin oxide,Group 26,Metal,K01058
CB13,Tributyltin oxide,Group 26,Metal,K01058
CB13,Tributyltin oxide,Group 26,Organometallic,K01058
CB13,Tributyltin oxide,Group 26,Organometallic,K01058
CB13,Trichloroethene,Group 26,Chlorinated,K00799
CB13,Trichloroethene,Group 26,Chlorinated,K00799
CB13,Trichloroethene,Group 26,Chlorinated,K00799
CB13,Trichloroethene,Group 26,Chlorinated,K00799
CB13,Trichloroethene,Group 26,Chlorinated,K00799
CB13,Trichloroethene,Group 26,Chlorinated,K00799
CB13,Trichloroethene,Group 26,Aliphatic,K00799
CB13,Trichloroethene,Group 26,Aliphatic,K00799
CB13,Trichloroethene,Group 26,Aliphatic,K00799
CB13,Trichloroethene,Group 26,Aliphatic,K00799
CB13,Trichloroethene,Group 26,Aliphatic,K00799
CB13,Trichloroethene,Group 26,Aliphatic,K00799
CB13,Trinitrotoluene,Group 26,Nitrogen-containing,K10678
CB13,Trinitrotoluene,Group 26,Aromatic,K10678
CB13,Trinitrotoluene,Group 26,Nitrogen-containing,K10679
CB13,Trinitrotoluene,Group 26,Aromatic,K10679
CB13,Trinitrotoluene,Group 26,Nitrogen-containing,K10680
CB13,Trinitrotoluene,Group 26,Aromatic,K10680
CB13,Vinyl fluoride,Group 26,Halogenated,K00574
CB13,Vinyl fluoride,Group 26,Halogenated,K00574
CB13,Vinyl fluoride,Group 26,Aliphatic,K00574
CB13,Vinyl fluoride,Group 26,Aliphatic,K00574
CB13,Zalcitabine,Group 26,Nitrogen-containing,K00857
CB13,Zalcitabine,Group 26,Nitrogen-containing,K00927
CB13,Zalcitabine,Group 26,Nitrogen-containing,K00986
CB13,Zalcitabine,Group 26,Nitrogen-containing,K01489
CB13,Zalcitabine,Group 26,Nitrogen-containing,K13378
CB13,Zalcitabine,Group 26,Nitrogen-containing,K18104
CB13,Zidovudine,Group 26,Nitrogen-containing,K00330
CB13,Zidovudine,Group 26,Nitrogen-containing,K00331
CB13,Zidovudine,Group 26,Nitrogen-containing,K00334
CB13,Zidovudine,Group 26,Nitrogen-containing,K00335
CB13,Zidovudine,Group 26,Nitrogen-containing,K00336
CB13,Zidovudine,Group 26,Nitrogen-containing,K00337
CB13,Zidovudine,Group 26,Nitrogen-containing,K00338
CB13,Zidovudine,Group 26,Nitrogen-containing,K00339
CB13,Zidovudine,Group 26,Nitrogen-containing,K00340
CB13,Zidovudine,Group 26,Nitrogen-containing,K00341
CB13,Zidovudine,Group 26,Nitrogen-containing,K00342
CB13,Zidovudine,Group 26,Nitrogen-containing,K00343
CB13,Zidovudine,Group 26,Nitrogen-containing,K00757
CB13,Zidovudine,Group 26,Nitrogen-containing,K00758
CB13,Zidovudine,Group 26,Nitrogen-containing,K00857
CB13,Zidovudine,Group 26,Nitrogen-containing,K00943
CB13,Zidovudine,Group 26,Nitrogen-containing,K00986
CB13,Zidovudine,Group 26,Nitrogen-containing,K02566
CB13,Zidovudine,Group 26,Nitrogen-containing,K01489
CB13,Zidovudine,Group 26,Nitrogen-containing,K03787
CB13,Zidovudine,Group 26,Nitrogen-containing,K11751
CB13,Zidovudine,Group 26,Nitrogen-containing,K13378
CB13,Zinc cation,Group 26,Metal,K00001
CB13,Zinc cation,Group 26,Metal,K00001
CB13,Zinc cation,Group 26,Metal,K00002
CB13,Zinc cation,Group 26,Metal,K00002
CB13,Zinc cation,Group 26,Metal,K00005
CB13,Zinc cation,Group 26,Metal,K00005
CB13,Zinc cation,Group 26,Metal,K00009
CB13,Zinc cation,Group 26,Metal,K00009
CB13,alpha-Chlorohydrin,Group 26,Chlorinated,K00005
CB13,alpha-Chlorohydrin,Group 26,Aliphatic,K00005
CB13,alpha-Chlorohydrin,Group 26,Chlorinated,K00134
CB13,alpha-Chlorohydrin,Group 26,Aliphatic,K00134
CB13,alpha-Chlorohydrin,Group 26,Chlorinated,K00864
CB13,alpha-Chlorohydrin,Group 26,Aliphatic,K00864
CB13,para-Aminoazobenzene,Group 26,Nitrogen-containing,K01255
CB13,para-Aminoazobenzene,Group 26,Polyaromatic,K01255
