rank,target_class,samples,sample_1,sample_2,sample_3,taxa,metal_groups,coverage_compounds,total_class_compounds,coverage_pct,coverage_kos,total_class_kos,ko_coverage_pct,gene_union_count,target_dcpip_metric,target_dcpip_mean,overall_dcpip_mean,min_compound_loss,mean_compound_loss,compound_losses,min_gene_loss,mean_gene_loss,gene_losses,avg_pairwise_compound_jaccard,avg_pairwise_gene_jaccard,balanced_v2_score
1,Aliphatic,BD127 + BD54 + BG1,BD127,BD54,BG1,BD127=Achromobacter; BD54=Acinetobacter; BG1=Bacillus amyloliquefaciens,BD127=Metal_Group_4; BD54=Metal_Group_1; BG1=Metal_Group_4,55,59,93.220339,100,153,65.359477,100,PL_mean,72.998333,64.388194,4,7.666667,BD127=14; BD54=4; BG1=5,16,18,BD127=16; BD54=18; BG1=20,0.510783,0.374835,0.908071
2,Aliphatic,BD127 + BG1 + E7,BD127,BG1,E7,BD127=Achromobacter; BG1=Bacillus amyloliquefaciens; E7=Acinetobacter,BD127=Metal_Group_4; BG1=Metal_Group_4; E7=Metal_Group_1,55,59,93.220339,100,153,65.359477,100,PL_mean,73.225556,62.348472,4,7.666667,BD127=14; BG1=5; E7=4,16,18,BD127=16; BG1=20; E7=18,0.510783,0.374835,0.906093
3,Aliphatic,BD120 + BD127 + BD54,BD120,BD127,BD54,BD120=Bacillus subtilis; BD127=Achromobacter; BD54=Acinetobacter,BD120=Metal_Group_4; BD127=Metal_Group_4; BD54=Metal_Group_1,54,59,91.525424,100,153,65.359477,100,PL_mean,75.134445,66.521805,4,4.666667,BD120=4; BD127=6; BD54=4,16,18,BD120=20; BD127=16; BD54=18,0.566944,0.374835,0.894838
4,Aliphatic,BD120 + BD127 + E7,BD120,BD127,E7,BD120=Bacillus subtilis; BD127=Achromobacter; E7=Acinetobacter,BD120=Metal_Group_4; BD127=Metal_Group_4; E7=Metal_Group_1,54,59,91.525424,100,153,65.359477,100,PL_mean,75.361667,64.482083,4,4.666667,BD120=4; BD127=6; E7=4,16,18,BD120=20; BD127=16; E7=18,0.566944,0.374835,0.89286
5,Aliphatic,BD127 + BD162 + BD54,BD127,BD162,BD54,BD127=Achromobacter; BD162=Bacillus safensis; BD54=Acinetobacter,BD127=Metal_Group_4; BD162=Metal_Group_4; BD54=Metal_Group_1,55,59,93.220339,100,153,65.359477,100,PL_mean,68.308333,61.88875,4,7.666667,BD127=14; BD162=5; BD54=4,16,18,BD127=16; BD162=20; BD54=18,0.510783,0.374835,0.888532
6,Aliphatic,BD127 + BD162 + E7,BD127,BD162,E7,BD127=Achromobacter; BD162=Bacillus safensis; E7=Acinetobacter,BD127=Metal_Group_4; BD162=Metal_Group_4; E7=Metal_Group_1,55,59,93.220339,100,153,65.359477,100,PL_mean,68.535556,59.849028,4,7.666667,BD127=14; BD162=5; E7=4,16,18,BD127=16; BD162=20; E7=18,0.510783,0.374835,0.886554
7,Aliphatic,BD120 + BD54 + BD61,BD120,BD54,BD61,BD120=Bacillus subtilis; BD54=Acinetobacter; BD61=Ochrobactrum,BD120=Metal_Group_4; BD54=Metal_Group_1; BD61=Metal_Group_4,51,59,86.440678,107,153,69.934641,107,PL_mean,82.597222,76.488055,3,6.333333,BD120=13; BD54=3; BD61=3,19,20.666667,BD120=20; BD54=19; BD61=23,0.563231,0.328594,0.880096
8,Aliphatic,BD127 + BD54 + BD9,BD127,BD54,BD9,BD127=Achromobacter; BD54=Acinetobacter; BD9=Bacillus amyloliquefaciens,BD127=Metal_Group_4; BD54=Metal_Group_1; BD9=Metal_Group_4,55,59,93.220339,100,153,65.359477,100,PL_mean,67.688333,57.208194,4,7.666667,BD127=14; BD54=4; BD9=5,16,18,BD127=16; BD54=18; BD9=20,0.510783,0.374835,0.880061
9,Aliphatic,BD120 + BD61 + E7,BD120,BD61,E7,BD120=Bacillus subtilis; BD61=Ochrobactrum; E7=Acinetobacter,BD120=Metal_Group_4; BD61=Metal_Group_4; E7=Metal_Group_1,51,59,86.440678,107,153,69.934641,107,PL_mean,82.824445,74.448333,3,6.333333,BD120=13; BD61=3; E7=3,19,20.666667,BD120=20; BD61=23; E7=19,0.563231,0.328594,0.878118
10,Aliphatic,BD127 + BD9 + E7,BD127,BD9,E7,BD127=Achromobacter; BD9=Bacillus amyloliquefaciens; E7=Acinetobacter,BD127=Metal_Group_4; BD9=Metal_Group_4; E7=Metal_Group_1,55,59,93.220339,100,153,65.359477,100,PL_mean,67.915556,55.168472,4,7.666667,BD127=14; BD9=5; E7=4,16,18,BD127=16; BD9=20; E7=18,0.510783,0.374835,0.878083
11,Aliphatic,BD127 + BD132 + BD54,BD127,BD132,BD54,BD127=Achromobacter; BD132=Bacillus safensis; BD54=Acinetobacter,BD127=Metal_Group_4; BD132=Metal_Group_4; BD54=Metal_Group_1,54,59,91.525424,96,153,62.745098,96,PL_mean,74.605556,66.232083,4,5,BD127=7; BD132=4; BD54=4,16,16.666667,BD127=16; BD132=16; BD54=18,0.605248,0.377778,0.877679
12,Aliphatic,BD127 + BD132 + E7,BD127,BD132,E7,BD127=Achromobacter; BD132=Bacillus safensis; E7=Acinetobacter,BD127=Metal_Group_4; BD132=Metal_Group_4; E7=Metal_Group_1,54,59,91.525424,96,153,62.745098,96,PL_mean,74.832778,64.192361,4,5,BD127=7; BD132=4; E7=4,16,16.666667,BD127=16; BD132=16; E7=18,0.605248,0.377778,0.875701
13,Aliphatic,BD127 + BD160 + BD54,BD127,BD160,BD54,BD127=Achromobacter; BD160=Bacillus stratosphericus; BD54=Acinetobacter,BD127=Metal_Group_4; BD160=Metal_Group_4; BD54=Metal_Group_1,54,59,91.525424,98,153,64.052288,98,PL_mean,73.481667,64.658472,4,5,BD127=7; BD160=4; BD54=4,16,17,BD127=16; BD160=18; BD54=17,0.605248,0.374882,0.875341
14,Aliphatic,BD127 + BD160 + E7,BD127,BD160,E7,BD127=Achromobacter; BD160=Bacillus stratosphericus; E7=Acinetobacter,BD127=Metal_Group_4; BD160=Metal_Group_4; E7=Metal_Group_1,54,59,91.525424,98,153,64.052288,98,PL_mean,73.708889,62.61875,4,5,BD127=7; BD160=4; E7=4,16,17,BD127=16; BD160=18; E7=17,0.605248,0.374882,0.873363
15,Aliphatic,BD132 + BD158 + BD54,BD132,BD158,BD54,BD132=Bacillus safensis; BD158=Salinicola; BD54=Acinetobacter,BD132=Metal_Group_4; BD158=Metal_Group_1; BD54=Metal_Group_1,51,59,86.440678,98,153,64.052288,98,PL_mean,77.178333,73.570361,4,7,BD132=13; BD158=4; BD54=4,17,17.333333,BD132=17; BD158=18; BD54=17,0.596865,0.371811,0.871344
16,Aliphatic,BD132 + BD158 + E7,BD132,BD158,E7,BD132=Bacillus safensis; BD158=Salinicola; E7=Acinetobacter,BD132=Metal_Group_4; BD158=Metal_Group_1; E7=Metal_Group_1,51,59,86.440678,98,153,64.052288,98,PL_mean,77.405556,71.530639,4,7,BD132=13; BD158=4; E7=4,17,17.333333,BD132=17; BD158=18; E7=17,0.596865,0.371811,0.869365
17,Aliphatic,BD127 + BD50 + BD54,BD127,BD50,BD54,BD127=Achromobacter; BD50=Bacillus safensis; BD54=Acinetobacter,BD127=Metal_Group_4; BD50=Metal_Group_4; BD54=Metal_Group_1,54,59,91.525424,96,153,62.745098,96,PL_mean,72.586111,63.38625,4,5,BD127=7; BD50=4; BD54=4,16,16.666667,BD127=16; BD50=16; BD54=18,0.605248,0.377778,0.86687
18,Aliphatic,BD127 + BD50 + E7,BD127,BD50,E7,BD127=Achromobacter; BD50=Bacillus safensis; E7=Acinetobacter,BD127=Metal_Group_4; BD50=Metal_Group_4; E7=Metal_Group_1,54,59,91.525424,96,153,62.745098,96,PL_mean,72.813334,61.346528,4,5,BD127=7; BD50=4; E7=4,16,16.666667,BD127=16; BD50=16; E7=18,0.605248,0.377778,0.864892
19,Aliphatic,BD158 + BD160 + BD54,BD158,BD160,BD54,BD158=Salinicola; BD160=Bacillus stratosphericus; BD54=Acinetobacter,BD158=Metal_Group_1; BD160=Metal_Group_4; BD54=Metal_Group_1,51,59,86.440678,100,153,65.359477,100,PL_mean,76.054444,71.99675,4,7,BD158=4; BD160=13; BD54=4,16,17.666667,BD158=18; BD160=19; BD54=16,0.596865,0.369356,0.86371
20,Aliphatic,BD160 + BD54 + BD61,BD160,BD54,BD61,BD160=Bacillus stratosphericus; BD54=Acinetobacter; BD61=Ochrobactrum,BD160=Metal_Group_4; BD54=Metal_Group_1; BD61=Metal_Group_4,51,59,86.440678,106,153,69.281046,106,PL_mean,80.944444,74.624722,3,6.666667,BD160=13; BD54=3; BD61=4,19,21,BD160=19; BD54=20; BD61=24,0.60209,0.333515,0.861847
21,Aliphatic,BD158 + BD160 + E7,BD158,BD160,E7,BD158=Salinicola; BD160=Bacillus stratosphericus; E7=Acinetobacter,BD158=Metal_Group_1; BD160=Metal_Group_4; E7=Metal_Group_1,51,59,86.440678,100,153,65.359477,100,PL_mean,76.281667,69.957028,4,7,BD158=4; BD160=13; E7=4,16,17.666667,BD158=18; BD160=19; E7=16,0.596865,0.369356,0.861732
22,Aliphatic,BD158 + BD50 + BD54,BD158,BD50,BD54,BD158=Salinicola; BD50=Bacillus safensis; BD54=Acinetobacter,BD158=Metal_Group_1; BD50=Metal_Group_4; BD54=Metal_Group_1,51,59,86.440678,98,153,64.052288,98,PL_mean,75.158889,70.724528,4,7,BD158=4; BD50=13; BD54=4,17,17.333333,BD158=18; BD50=17; BD54=17,0.596865,0.371811,0.860535
23,Aliphatic,BD160 + BD61 + E7,BD160,BD61,E7,BD160=Bacillus stratosphericus; BD61=Ochrobactrum; E7=Acinetobacter,BD160=Metal_Group_4; BD61=Metal_Group_4; E7=Metal_Group_1,51,59,86.440678,106,153,69.281046,106,PL_mean,81.171667,72.585,3,6.666667,BD160=13; BD61=4; E7=3,19,21,BD160=19; BD61=24; E7=20,0.60209,0.333515,0.859868
24,Aliphatic,BD158 + BD50 + E7,BD158,BD50,E7,BD158=Salinicola; BD50=Bacillus safensis; E7=Acinetobacter,BD158=Metal_Group_1; BD50=Metal_Group_4; E7=Metal_Group_1,51,59,86.440678,98,153,64.052288,98,PL_mean,75.386111,68.684806,4,7,BD158=4; BD50=13; E7=4,17,17.333333,BD158=18; BD50=17; E7=17,0.596865,0.371811,0.858557
25,Aliphatic,BD127 + BD48 + BG1,BD127,BD48,BG1,BD127=Achromobacter; BD48=Bacillus safensis; BG1=Bacillus amyloliquefaciens,BD127=Metal_Group_4; BD48=Metal_Group_1; BG1=Metal_Group_4,55,59,93.220339,100,153,65.359477,100,PL_mean,62.223889,52.947639,4,7.666667,BD127=14; BD48=4; BG1=5,16,18,BD127=16; BD48=18; BG1=20,0.510783,0.374835,0.85547
26,Aliphatic,BD132 + BD54 + BD61,BD132,BD54,BD61,BD132=Bacillus safensis; BD54=Acinetobacter; BD61=Ochrobactrum,BD132=Metal_Group_4; BD54=Metal_Group_1; BD61=Metal_Group_4,51,59,86.440678,104,153,67.973856,104,PL_mean,82.068333,76.198333,3,6.666667,BD132=13; BD54=3; BD61=4,17,20.666667,BD132=17; BD54=21; BD61=24,0.60209,0.335658,0.853714
27,Aliphatic,BD126 + BD127 + BD54,BD126,BD127,BD54,BD126=Bacillus; BD127=Achromobacter; BD54=Acinetobacter,BD126=Metal_Group_4; BD127=Metal_Group_4; BD54=Metal_Group_1,54,59,91.525424,100,153,65.359477,100,PL_mean,67.231111,55.443194,4,4.666667,BD126=4; BD127=6; BD54=4,16,18,BD126=20; BD127=16; BD54=18,0.566944,0.374835,0.852617
28,Aliphatic,BD132 + BD61 + E7,BD132,BD61,E7,BD132=Bacillus safensis; BD61=Ochrobactrum; E7=Acinetobacter,BD132=Metal_Group_4; BD61=Metal_Group_4; E7=Metal_Group_1,51,59,86.440678,104,153,67.973856,104,PL_mean,82.295556,74.158611,3,6.666667,BD132=13; BD61=4; E7=3,17,20.666667,BD132=17; BD61=24; E7=21,0.60209,0.335658,0.851736
29,Aliphatic,BD126 + BD127 + E7,BD126,BD127,E7,BD126=Bacillus; BD127=Achromobacter; E7=Acinetobacter,BD126=Metal_Group_4; BD127=Metal_Group_4; E7=Metal_Group_1,54,59,91.525424,100,153,65.359477,100,PL_mean,67.458334,53.403472,4,4.666667,BD126=4; BD127=6; E7=4,16,18,BD126=20; BD127=16; E7=18,0.566944,0.374835,0.850639
30,Aliphatic,BD50 + BD54 + BD61,BD50,BD54,BD61,BD50=Bacillus safensis; BD54=Acinetobacter; BD61=Ochrobactrum,BD50=Metal_Group_4; BD54=Metal_Group_1; BD61=Metal_Group_4,51,59,86.440678,104,153,67.973856,104,PL_mean,80.048889,73.3525,3,6.666667,BD50=13; BD54=3; BD61=4,17,20.666667,BD50=17; BD54=21; BD61=24,0.60209,0.335658,0.842905
31,Aliphatic,BD127 + BD163 + BD54,BD127,BD163,BD54,BD127=Achromobacter; BD163=Bacillus megaterium; BD54=Acinetobacter,BD127=Metal_Group_4; BD163=Metal_Group_12; BD54=Metal_Group_1,54,59,91.525424,103,153,67.320261,103,PL_mean,68.494167,60.138611,4,4.333333,BD127=5; BD163=4; BD54=4,13,16.666667,BD127=14; BD163=23; BD54=13,0.610476,0.392197,0.842516
32,Aliphatic,BD120 + BD127 + BD48,BD120,BD127,BD48,BD120=Bacillus subtilis; BD127=Achromobacter; BD48=Bacillus safensis,BD120=Metal_Group_4; BD127=Metal_Group_4; BD48=Metal_Group_1,54,59,91.525424,100,153,65.359477,100,PL_mean,64.36,55.08125,4,4.666667,BD120=4; BD127=6; BD48=4,16,18,BD120=20; BD127=16; BD48=18,0.566944,0.374835,0.842237
33,Aliphatic,BD50 + BD61 + E7,BD50,BD61,E7,BD50=Bacillus safensis; BD61=Ochrobactrum; E7=Acinetobacter,BD50=Metal_Group_4; BD61=Metal_Group_4; E7=Metal_Group_1,51,59,86.440678,104,153,67.973856,104,PL_mean,80.276111,71.312778,3,6.666667,BD50=13; BD61=4; E7=3,17,20.666667,BD50=17; BD61=24; E7=21,0.60209,0.335658,0.840927
34,Aliphatic,BD127 + BD163 + E7,BD127,BD163,E7,BD127=Achromobacter; BD163=Bacillus megaterium; E7=Acinetobacter,BD127=Metal_Group_4; BD163=Metal_Group_12; E7=Metal_Group_1,54,59,91.525424,103,153,67.320261,103,PL_mean,68.721389,58.098889,4,4.333333,BD127=5; BD163=4; E7=4,13,16.666667,BD127=14; BD163=23; E7=13,0.610476,0.392197,0.840538
35,Aliphatic,BD126 + BD54 + BD61,BD126,BD54,BD61,BD126=Bacillus; BD54=Acinetobacter; BD61=Ochrobactrum,BD126=Metal_Group_4; BD54=Metal_Group_1; BD61=Metal_Group_4,51,59,86.440678,107,153,69.934641,107,PL_mean,74.693889,65.409444,3,6.333333,BD126=13; BD54=3; BD61=3,19,20.666667,BD126=20; BD54=19; BD61=23,0.563231,0.328594,0.837875
36,Aliphatic,BD127 + BD162 + BD48,BD127,BD162,BD48,BD127=Achromobacter; BD162=Bacillus safensis; BD48=Bacillus safensis,BD127=Metal_Group_4; BD162=Metal_Group_4; BD48=Metal_Group_1,55,59,93.220339,100,153,65.359477,100,PL_mean,57.533889,50.448195,4,7.666667,BD127=14; BD162=5; BD48=4,16,18,BD127=16; BD162=20; BD48=18,0.510783,0.374835,0.835931
37,Aliphatic,BD126 + BD61 + E7,BD126,BD61,E7,BD126=Bacillus; BD61=Ochrobactrum; E7=Acinetobacter,BD126=Metal_Group_4; BD61=Metal_Group_4; E7=Metal_Group_1,51,59,86.440678,107,153,69.934641,107,PL_mean,74.921111,63.369722,3,6.333333,BD126=13; BD61=3; E7=3,19,20.666667,BD126=20; BD61=23; E7=19,0.563231,0.328594,0.835897
38,Aliphatic,BD120 + BD158 + BD54,BD120,BD158,BD54,BD120=Bacillus subtilis; BD158=Salinicola; BD54=Acinetobacter,BD120=Metal_Group_4; BD158=Metal_Group_1; BD54=Metal_Group_1,51,59,86.440678,102,153,66.666667,102,PL_mean,77.707222,73.860083,3,6.666667,BD120=13; BD158=3; BD54=4,16,18.333333,BD120=21; BD158=18; BD54=16,0.55771,0.364242,0.833758
39,Aliphatic,BD120 + BD158 + E7,BD120,BD158,E7,BD120=Bacillus subtilis; BD158=Salinicola; E7=Acinetobacter,BD120=Metal_Group_4; BD158=Metal_Group_1; E7=Metal_Group_1,51,59,86.440678,102,153,66.666667,102,PL_mean,77.934445,71.820361,3,6.666667,BD120=13; BD158=3; E7=4,16,18.333333,BD120=21; BD158=18; E7=16,0.55771,0.364242,0.83178
40,Aliphatic,BD163 + BD54 + BD61,BD163,BD54,BD61,BD163=Bacillus megaterium; BD54=Acinetobacter; BD61=Ochrobactrum,BD163=Metal_Group_12; BD54=Metal_Group_1; BD61=Metal_Group_4,52,59,88.135593,109,153,71.24183,109,PL_mean,75.956944,70.104861,3,6.666667,BD163=14; BD54=3; BD61=3,14,18.666667,BD163=22; BD54=14; BD61=20,0.597386,0.351937,0.828994
41,Aliphatic,BD120 + BD48 + BD61,BD120,BD48,BD61,BD120=Bacillus subtilis; BD48=Bacillus safensis; BD61=Ochrobactrum,BD120=Metal_Group_4; BD48=Metal_Group_1; BD61=Metal_Group_4,51,59,86.440678,107,153,69.934641,107,PL_mean,71.822778,65.0475,3,6.333333,BD120=13; BD48=3; BD61=3,19,20.666667,BD120=20; BD48=19; BD61=23,0.563231,0.328594,0.827494
42,Aliphatic,BD127 + BD48 + BD9,BD127,BD48,BD9,BD127=Achromobacter; BD48=Bacillus safensis; BD9=Bacillus amyloliquefaciens,BD127=Metal_Group_4; BD48=Metal_Group_1; BD9=Metal_Group_4,55,59,93.220339,100,153,65.359477,100,PL_mean,56.913889,45.767639,4,7.666667,BD127=14; BD48=4; BD9=5,16,18,BD127=16; BD48=18; BD9=20,0.510783,0.374835,0.82746
43,Aliphatic,BD163 + BD61 + E7,BD163,BD61,E7,BD163=Bacillus megaterium; BD61=Ochrobactrum; E7=Acinetobacter,BD163=Metal_Group_12; BD61=Metal_Group_4; E7=Metal_Group_1,52,59,88.135593,109,153,71.24183,109,PL_mean,76.184167,68.065139,3,6.666667,BD163=14; BD61=3; E7=3,14,18.666667,BD163=22; BD61=20; E7=14,0.597386,0.351937,0.827016
44,Aliphatic,BD127 + BD132 + BD48,BD127,BD132,BD48,BD127=Achromobacter; BD132=Bacillus safensis; BD48=Bacillus safensis,BD127=Metal_Group_4; BD132=Metal_Group_4; BD48=Metal_Group_1,54,59,91.525424,96,153,62.745098,96,PL_mean,63.831111,54.791528,4,5,BD127=7; BD132=4; BD48=4,16,16.666667,BD127=16; BD132=16; BD48=18,0.605248,0.377778,0.825077
45,Aliphatic,BD127 + BD160 + BD48,BD127,BD160,BD48,BD127=Achromobacter; BD160=Bacillus stratosphericus; BD48=Bacillus safensis,BD127=Metal_Group_4; BD160=Metal_Group_4; BD48=Metal_Group_1,54,59,91.525424,98,153,64.052288,98,PL_mean,62.707222,53.217917,4,5,BD127=7; BD160=4; BD48=4,16,17,BD127=16; BD160=18; BD48=17,0.605248,0.374882,0.82274
46,Aliphatic,BD132 + BD158 + BD48,BD132,BD158,BD48,BD132=Bacillus safensis; BD158=Salinicola; BD48=Bacillus safensis,BD132=Metal_Group_4; BD158=Metal_Group_1; BD48=Metal_Group_1,51,59,86.440678,98,153,64.052288,98,PL_mean,66.403889,62.129806,4,7,BD132=13; BD158=4; BD48=4,17,17.333333,BD132=17; BD158=18; BD48=17,0.596865,0.371811,0.818742
47,Aliphatic,BD127 + BD48 + BD50,BD127,BD48,BD50,BD127=Achromobacter; BD48=Bacillus safensis; BD50=Bacillus safensis,BD127=Metal_Group_4; BD48=Metal_Group_1; BD50=Metal_Group_4,54,59,91.525424,96,153,62.745098,96,PL_mean,61.811667,51.945695,4,5,BD127=7; BD48=4; BD50=4,16,16.666667,BD127=16; BD48=18; BD50=16,0.605248,0.377778,0.814269
48,Aliphatic,BD158 + BD160 + BD48,BD158,BD160,BD48,BD158=Salinicola; BD160=Bacillus stratosphericus; BD48=Bacillus safensis,BD158=Metal_Group_1; BD160=Metal_Group_4; BD48=Metal_Group_1,51,59,86.440678,100,153,65.359477,100,PL_mean,65.28,60.556194,4,7,BD158=4; BD160=13; BD48=4,16,17.666667,BD158=18; BD160=19; BD48=16,0.596865,0.369356,0.811108
49,Aliphatic,BD160 + BD48 + BD61,BD160,BD48,BD61,BD160=Bacillus stratosphericus; BD48=Bacillus safensis; BD61=Ochrobactrum,BD160=Metal_Group_4; BD48=Metal_Group_1; BD61=Metal_Group_4,51,59,86.440678,106,153,69.281046,106,PL_mean,70.17,63.184167,3,6.666667,BD160=13; BD48=3; BD61=4,19,21,BD160=19; BD48=20; BD61=24,0.60209,0.333515,0.809245
50,Aliphatic,BD158 + BD48 + BD50,BD158,BD48,BD50,BD158=Salinicola; BD48=Bacillus safensis; BD50=Bacillus safensis,BD158=Metal_Group_1; BD48=Metal_Group_1; BD50=Metal_Group_4,51,59,86.440678,98,153,64.052288,98,PL_mean,64.384445,59.283972,4,7,BD158=4; BD48=4; BD50=13,17,17.333333,BD158=18; BD48=17; BD50=17,0.596865,0.371811,0.807933
51,Aliphatic,BD132 + BD48 + BD61,BD132,BD48,BD61,BD132=Bacillus safensis; BD48=Bacillus safensis; BD61=Ochrobactrum,BD132=Metal_Group_4; BD48=Metal_Group_1; BD61=Metal_Group_4,51,59,86.440678,104,153,67.973856,104,PL_mean,71.293889,64.757778,3,6.666667,BD132=13; BD48=3; BD61=4,17,20.666667,BD132=17; BD48=21; BD61=24,0.60209,0.335658,0.801113
52,Aliphatic,BD126 + BD127 + BD48,BD126,BD127,BD48,BD126=Bacillus; BD127=Achromobacter; BD48=Bacillus safensis,BD126=Metal_Group_4; BD127=Metal_Group_4; BD48=Metal_Group_1,54,59,91.525424,100,153,65.359477,100,PL_mean,56.456667,44.002639,4,4.666667,BD126=4; BD127=6; BD48=4,16,18,BD126=20; BD127=16; BD48=18,0.566944,0.374835,0.800016
53,Aliphatic,BD158 + BD163 + BD54,BD158,BD163,BD54,BD158=Salinicola; BD163=Bacillus megaterium; BD54=Acinetobacter,BD158=Metal_Group_1; BD163=Metal_Group_12; BD54=Metal_Group_1,52,59,88.135593,105,153,68.627451,105,PL_mean,71.066944,67.476889,3,7,BD158=3; BD163=14; BD54=4,14,18,BD158=16; BD163=24; BD54=14,0.592157,0.396903,0.799417
54,Aliphatic,BD158 + BD163 + E7,BD158,BD163,E7,BD158=Salinicola; BD163=Bacillus megaterium; E7=Acinetobacter,BD158=Metal_Group_1; BD163=Metal_Group_12; E7=Metal_Group_1,52,59,88.135593,105,153,68.627451,105,PL_mean,71.294167,65.437167,3,7,BD158=3; BD163=14; E7=4,14,18,BD158=16; BD163=24; E7=14,0.592157,0.396903,0.797439
55,Aliphatic,BD126 + BD158 + BD54,BD126,BD158,BD54,BD126=Bacillus; BD158=Salinicola; BD54=Acinetobacter,BD126=Metal_Group_4; BD158=Metal_Group_1; BD54=Metal_Group_1,51,59,86.440678,102,153,66.666667,102,PL_mean,69.803889,62.781472,3,6.666667,BD126=13; BD158=3; BD54=4,16,18.333333,BD126=21; BD158=18; BD54=16,0.55771,0.364242,0.791537
56,Aliphatic,BD48 + BD50 + BD61,BD48,BD50,BD61,BD48=Bacillus safensis; BD50=Bacillus safensis; BD61=Ochrobactrum,BD48=Metal_Group_1; BD50=Metal_Group_4; BD61=Metal_Group_4,51,59,86.440678,104,153,67.973856,104,PL_mean,69.274445,61.911945,3,6.666667,BD48=3; BD50=13; BD61=4,17,20.666667,BD48=21; BD50=17; BD61=24,0.60209,0.335658,0.790304
57,Aliphatic,BD127 + BD163 + BD48,BD127,BD163,BD48,BD127=Achromobacter; BD163=Bacillus megaterium; BD48=Bacillus safensis,BD127=Metal_Group_4; BD163=Metal_Group_12; BD48=Metal_Group_1,54,59,91.525424,103,153,67.320261,103,PL_mean,57.719722,48.698056,4,4.333333,BD127=5; BD163=4; BD48=4,13,16.666667,BD127=14; BD163=23; BD48=13,0.610476,0.392197,0.789914
58,Aliphatic,BD126 + BD158 + E7,BD126,BD158,E7,BD126=Bacillus; BD158=Salinicola; E7=Acinetobacter,BD126=Metal_Group_4; BD158=Metal_Group_1; E7=Metal_Group_1,51,59,86.440678,102,153,66.666667,102,PL_mean,70.031111,60.74175,3,6.666667,BD126=13; BD158=3; E7=4,16,18.333333,BD126=21; BD158=18; E7=16,0.55771,0.364242,0.789559
59,Aliphatic,BD126 + BD48 + BD61,BD126,BD48,BD61,BD126=Bacillus; BD48=Bacillus safensis; BD61=Ochrobactrum,BD126=Metal_Group_4; BD48=Metal_Group_1; BD61=Metal_Group_4,51,59,86.440678,107,153,69.934641,107,PL_mean,63.919445,53.968889,3,6.333333,BD126=13; BD48=3; BD61=3,19,20.666667,BD126=20; BD48=19; BD61=23,0.563231,0.328594,0.785273
60,Aliphatic,BD120 + BD158 + BD48,BD120,BD158,BD48,BD120=Bacillus subtilis; BD158=Salinicola; BD48=Bacillus safensis,BD120=Metal_Group_4; BD158=Metal_Group_1; BD48=Metal_Group_1,51,59,86.440678,102,153,66.666667,102,PL_mean,66.932778,62.419528,3,6.666667,BD120=13; BD158=3; BD48=4,16,18.333333,BD120=21; BD158=18; BD48=16,0.55771,0.364242,0.781157
61,Aliphatic,BD163 + BD48 + BD61,BD163,BD48,BD61,BD163=Bacillus megaterium; BD48=Bacillus safensis; BD61=Ochrobactrum,BD163=Metal_Group_12; BD48=Metal_Group_1; BD61=Metal_Group_4,52,59,88.135593,109,153,71.24183,109,PL_mean,65.1825,58.664306,3,6.666667,BD163=14; BD48=3; BD61=3,14,18.666667,BD163=22; BD48=14; BD61=20,0.597386,0.351937,0.776393
62,Aliphatic,BD54 + BD61 + BG1,BD54,BD61,BG1,BD54=Acinetobacter; BD61=Ochrobactrum; BG1=Bacillus amyloliquefaciens,BD54=Metal_Group_1; BD61=Metal_Group_4; BG1=Metal_Group_4,44,59,74.576271,107,153,69.934641,107,PL_mean,80.461111,74.354444,3,4.666667,BD54=5; BD61=3; BG1=6,19,20.666667,BD54=19; BD61=23; BG1=20,0.611868,0.328594,0.775908
63,Aliphatic,BD61 + BG1 + E7,BD61,BG1,E7,BD61=Ochrobactrum; BG1=Bacillus amyloliquefaciens; E7=Acinetobacter,BD61=Metal_Group_4; BG1=Metal_Group_4; E7=Metal_Group_1,44,59,74.576271,107,153,69.934641,107,PL_mean,80.688333,72.314722,3,4.666667,BD61=3; BG1=6; E7=5,19,20.666667,BD61=23; BG1=20; E7=19,0.611868,0.328594,0.773929
64,Aliphatic,BD117 + BD120 + BD158,BD117,BD120,BD158,BD117=Micococcus luteus; BD120=Bacillus subtilis; BD158=Salinicola,BD117=Metal_Group_9; BD120=Metal_Group_4; BD158=Metal_Group_1,50,59,84.745763,93,153,60.784314,93,PL_mean,76.692222,74.512861,3,7.666667,BD117=3; BD120=15; BD158=5,7,19,BD117=7; BD120=23; BD158=27,0.521108,0.356784,0.764296
65,Aliphatic,BD162 + BD54 + BD61,BD162,BD54,BD61,BD162=Bacillus safensis; BD54=Acinetobacter; BD61=Ochrobactrum,BD162=Metal_Group_4; BD54=Metal_Group_1; BD61=Metal_Group_4,44,59,74.576271,107,153,69.934641,107,PL_mean,75.771111,71.855,3,4.666667,BD162=6; BD54=5; BD61=3,19,20.666667,BD162=20; BD54=19; BD61=23,0.611868,0.328594,0.756368
66,Aliphatic,BD162 + BD61 + E7,BD162,BD61,E7,BD162=Bacillus safensis; BD61=Ochrobactrum; E7=Acinetobacter,BD162=Metal_Group_4; BD61=Metal_Group_4; E7=Metal_Group_1,44,59,74.576271,107,153,69.934641,107,PL_mean,75.998333,69.815278,3,4.666667,BD162=6; BD61=3; E7=5,19,20.666667,BD162=20; BD61=23; E7=19,0.611868,0.328594,0.75439
67,Aliphatic,BD117 + BD158 + BD163,BD117,BD158,BD163,BD117=Micococcus luteus; BD158=Salinicola; BD163=Bacillus megaterium,BD117=Metal_Group_9; BD158=Metal_Group_1; BD163=Metal_Group_12,51,59,86.440678,99,153,64.705882,99,PL_mean,70.051944,68.129667,3,8,BD117=3; BD158=5; BD163=16,8,20,BD117=8; BD158=23; BD163=29,0.557048,0.360546,0.752763
68,Aliphatic,BD117 + BD132 + BD158,BD117,BD132,BD158,BD117=Micococcus luteus; BD132=Bacillus safensis; BD158=Salinicola,BD117=Metal_Group_9; BD132=Metal_Group_4; BD158=Metal_Group_1,50,59,84.745763,89,153,58.169935,89,PL_mean,76.163333,74.223139,3,8,BD117=3; BD132=15; BD158=6,8,17.666667,BD117=8; BD132=19; BD158=26,0.561555,0.358436,0.752058
69,Aliphatic,BD117 + BD158 + BD160,BD117,BD158,BD160,BD117=Micococcus luteus; BD158=Salinicola; BD160=Bacillus stratosphericus,BD117=Metal_Group_9; BD158=Metal_Group_1; BD160=Metal_Group_4,50,59,84.745763,92,153,60.130719,92,PL_mean,75.039444,72.649528,3,8,BD117=3; BD158=6; BD160=15,8,18.666667,BD117=8; BD158=26; BD160=22,0.561555,0.34899,0.751932
70,Aliphatic,BD54 + BD61 + BD9,BD54,BD61,BD9,BD54=Acinetobacter; BD61=Ochrobactrum; BD9=Bacillus amyloliquefaciens,BD54=Metal_Group_1; BD61=Metal_Group_4; BD9=Metal_Group_4,44,59,74.576271,107,153,69.934641,107,PL_mean,75.151111,67.174444,3,4.666667,BD54=5; BD61=3; BD9=6,19,20.666667,BD54=19; BD61=23; BD9=20,0.611868,0.328594,0.747897
71,Aliphatic,BD158 + BD163 + BD48,BD158,BD163,BD48,BD158=Salinicola; BD163=Bacillus megaterium; BD48=Bacillus safensis,BD158=Metal_Group_1; BD163=Metal_Group_12; BD48=Metal_Group_1,52,59,88.135593,105,153,68.627451,105,PL_mean,60.2925,56.036333,3,7,BD158=3; BD163=14; BD48=4,14,18,BD158=16; BD163=24; BD48=14,0.592157,0.396903,0.746815
72,Aliphatic,BD61 + BD9 + E7,BD61,BD9,E7,BD61=Ochrobactrum; BD9=Bacillus amyloliquefaciens; E7=Acinetobacter,BD61=Metal_Group_4; BD9=Metal_Group_4; E7=Metal_Group_1,44,59,74.576271,107,153,69.934641,107,PL_mean,75.378333,65.134722,3,4.666667,BD61=3; BD9=6; E7=5,19,20.666667,BD61=23; BD9=20; E7=19,0.611868,0.328594,0.745919
73,Aliphatic,BD117 + BD158 + BD50,BD117,BD158,BD50,BD117=Micococcus luteus; BD158=Salinicola; BD50=Bacillus safensis,BD117=Metal_Group_9; BD158=Metal_Group_1; BD50=Metal_Group_4,50,59,84.745763,89,153,58.169935,89,PL_mean,74.143889,71.377306,3,8,BD117=3; BD158=6; BD50=15,8,17.666667,BD117=8; BD158=26; BD50=19,0.561555,0.358436,0.74125
74,Aliphatic,BD117 + BD120 + BD54,BD117,BD120,BD54,BD117=Micococcus luteus; BD120=Bacillus subtilis; BD54=Acinetobacter,BD117=Metal_Group_9; BD120=Metal_Group_4; BD54=Metal_Group_1,50,59,84.745763,93,153,60.784314,93,PL_mean,81.792222,78.921944,2,7,BD117=2; BD120=14; BD54=5,9,18.333333,BD117=9; BD120=19; BD54=27,0.560648,0.359005,0.740112
75,Aliphatic,BD126 + BD158 + BD48,BD126,BD158,BD48,BD126=Bacillus; BD158=Salinicola; BD48=Bacillus safensis,BD126=Metal_Group_4; BD158=Metal_Group_1; BD48=Metal_Group_1,51,59,86.440678,102,153,66.666667,102,PL_mean,59.029445,51.340917,3,6.666667,BD126=13; BD158=3; BD48=4,16,18.333333,BD126=21; BD158=18; BD48=16,0.55771,0.364242,0.738936
76,Aliphatic,BD117 + BD120 + BD61,BD117,BD120,BD61,BD117=Micococcus luteus; BD120=Bacillus subtilis; BD61=Ochrobactrum,BD117=Metal_Group_9; BD120=Metal_Group_4; BD61=Metal_Group_4,50,59,84.745763,95,153,62.091503,95,PL_mean,81.582222,77.140833,2,7.333333,BD117=2; BD120=15; BD61=5,7,19.333333,BD117=7; BD120=22; BD61=29,0.527381,0.336377,0.738384
77,Aliphatic,BD117 + BD120 + E7,BD117,BD120,E7,BD117=Micococcus luteus; BD120=Bacillus subtilis; E7=Acinetobacter,BD117=Metal_Group_9; BD120=Metal_Group_4; E7=Metal_Group_1,50,59,84.745763,93,153,60.784314,93,PL_mean,82.019445,76.882222,2,7,BD117=2; BD120=14; E7=5,9,18.333333,BD117=9; BD120=19; E7=27,0.560648,0.359005,0.738133
78,Aliphatic,BD158 + BD54 + BG1,BD158,BD54,BG1,BD158=Salinicola; BD54=Acinetobacter; BG1=Bacillus amyloliquefaciens,BD158=Metal_Group_1; BD54=Metal_Group_1; BG1=Metal_Group_4,44,59,74.576271,103,153,67.320261,103,PL_mean,75.571111,71.726472,3,5,BD158=3; BD54=6; BG1=6,17,19.333333,BD158=19; BD54=17; BG1=22,0.608045,0.364242,0.73621
79,Aliphatic,BD158 + BG1 + E7,BD158,BG1,E7,BD158=Salinicola; BG1=Bacillus amyloliquefaciens; E7=Acinetobacter,BD158=Metal_Group_1; BG1=Metal_Group_4; E7=Metal_Group_1,44,59,74.576271,103,153,67.320261,103,PL_mean,75.798333,69.68675,3,5,BD158=3; BG1=6; E7=6,17,19.333333,BD158=19; BG1=22; E7=17,0.608045,0.364242,0.734232
80,Aliphatic,BD117 + BD132 + BD61,BD117,BD132,BD61,BD117=Micococcus luteus; BD132=Bacillus safensis; BD61=Ochrobactrum,BD117=Metal_Group_9; BD132=Metal_Group_4; BD61=Metal_Group_4,50,59,84.745763,92,153,60.130719,92,PL_mean,81.053333,76.851111,2,7.666667,BD117=2; BD132=15; BD61=6,9,19,BD117=9; BD132=19; BD61=29,0.567532,0.337525,0.733231
81,Aliphatic,BD117 + BD160 + BD61,BD117,BD160,BD61,BD117=Micococcus luteus; BD160=Bacillus stratosphericus; BD61=Ochrobactrum,BD117=Metal_Group_9; BD160=Metal_Group_4; BD61=Metal_Group_4,50,59,84.745763,95,153,62.091503,95,PL_mean,79.929444,75.2775,2,7.666667,BD117=2; BD160=15; BD61=6,9,20,BD117=9; BD160=22; BD61=29,0.567532,0.328391,0.733082
82,Aliphatic,BD132 + BD54 + BG1,BD132,BD54,BG1,BD132=Bacillus safensis; BD54=Acinetobacter; BG1=Bacillus amyloliquefaciens,BD132=Metal_Group_4; BD54=Metal_Group_1; BG1=Metal_Group_4,50,59,84.745763,87,153,56.862745,87,PL_mean,80.724444,78.156667,3,6,BD132=9; BD54=6; BG1=3,3,13.333333,BD132=3; BD54=30; BG1=7,0.590119,0.489056,0.727767
83,Aliphatic,BD132 + BG1 + E7,BD132,BG1,E7,BD132=Bacillus safensis; BG1=Bacillus amyloliquefaciens; E7=Acinetobacter,BD132=Metal_Group_4; BG1=Metal_Group_4; E7=Metal_Group_1,50,59,84.745763,87,153,56.862745,87,PL_mean,80.951667,76.116945,3,6,BD132=9; BG1=3; E7=6,3,13.333333,BD132=3; BG1=7; E7=30,0.590119,0.489056,0.725789
84,Aliphatic,BD48 + BD61 + BG1,BD48,BD61,BG1,BD48=Bacillus safensis; BD61=Ochrobactrum; BG1=Bacillus amyloliquefaciens,BD48=Metal_Group_1; BD61=Metal_Group_4; BG1=Metal_Group_4,44,59,74.576271,107,153,69.934641,107,PL_mean,69.686667,62.913889,3,4.666667,BD48=5; BD61=3; BG1=6,19,20.666667,BD48=19; BD61=23; BG1=20,0.611868,0.328594,0.723306
85,Aliphatic,BD117 + BD50 + BD61,BD117,BD50,BD61,BD117=Micococcus luteus; BD50=Bacillus safensis; BD61=Ochrobactrum,BD117=Metal_Group_9; BD50=Metal_Group_4; BD61=Metal_Group_4,50,59,84.745763,92,153,60.130719,92,PL_mean,79.033889,74.005278,2,7.666667,BD117=2; BD50=15; BD61=6,9,19,BD117=9; BD50=19; BD61=29,0.567532,0.337525,0.722422
86,Aliphatic,BD117 + BD126 + BD158,BD117,BD126,BD158,BD117=Micococcus luteus; BD126=Bacillus; BD158=Salinicola,BD117=Metal_Group_9; BD126=Metal_Group_4; BD158=Metal_Group_1,50,59,84.745763,93,153,60.784314,93,PL_mean,68.788889,63.43425,3,7.666667,BD117=3; BD126=15; BD158=5,7,19,BD117=7; BD126=23; BD158=27,0.521108,0.356784,0.722075
87,Aliphatic,BD117 + BD163 + BD54,BD117,BD163,BD54,BD117=Micococcus luteus; BD163=Bacillus megaterium; BD54=Acinetobacter,BD117=Metal_Group_9; BD163=Metal_Group_12; BD54=Metal_Group_1,51,59,86.440678,98,153,64.052288,98,PL_mean,75.151944,72.53875,2,7.333333,BD117=2; BD163=15; BD54=5,9,18.333333,BD117=9; BD163=24; BD54=22,0.595871,0.36212,0.721786
88,Aliphatic,BD160 + BD54 + BG1,BD160,BD54,BG1,BD160=Bacillus stratosphericus; BD54=Acinetobacter; BG1=Bacillus amyloliquefaciens,BD160=Metal_Group_4; BD54=Metal_Group_1; BG1=Metal_Group_4,50,59,84.745763,87,153,56.862745,87,PL_mean,79.600555,76.583055,3,6,BD160=9; BD54=6; BG1=3,3,12.333333,BD160=3; BD54=29; BG1=5,0.590119,0.497333,0.72115
89,Aliphatic,BD117 + BD163 + E7,BD117,BD163,E7,BD117=Micococcus luteus; BD163=Bacillus megaterium; E7=Acinetobacter,BD117=Metal_Group_9; BD163=Metal_Group_12; E7=Metal_Group_1,51,59,86.440678,98,153,64.052288,98,PL_mean,75.379167,70.499028,2,7.333333,BD117=2; BD163=15; E7=5,9,18.333333,BD117=9; BD163=24; E7=22,0.595871,0.36212,0.719808
90,Aliphatic,BD160 + BG1 + E7,BD160,BG1,E7,BD160=Bacillus stratosphericus; BG1=Bacillus amyloliquefaciens; E7=Acinetobacter,BD160=Metal_Group_4; BG1=Metal_Group_4; E7=Metal_Group_1,50,59,84.745763,87,153,56.862745,87,PL_mean,79.827778,74.543333,3,6,BD160=9; BG1=3; E7=6,3,12.333333,BD160=3; BG1=5; E7=29,0.590119,0.497333,0.719172
91,Aliphatic,BD50 + BD54 + BG1,BD50,BD54,BG1,BD50=Bacillus safensis; BD54=Acinetobacter; BG1=Bacillus amyloliquefaciens,BD50=Metal_Group_4; BD54=Metal_Group_1; BG1=Metal_Group_4,50,59,84.745763,87,153,56.862745,87,PL_mean,78.705,75.310833,3,6,BD50=9; BD54=6; BG1=3,3,13.333333,BD50=3; BD54=30; BG1=7,0.590119,0.489056,0.716959
92,Aliphatic,BD158 + BD162 + BD54,BD158,BD162,BD54,BD158=Salinicola; BD162=Bacillus safensis; BD54=Acinetobacter,BD158=Metal_Group_1; BD162=Metal_Group_4; BD54=Metal_Group_1,44,59,74.576271,103,153,67.320261,103,PL_mean,70.881111,69.227028,3,5,BD158=3; BD162=6; BD54=6,17,19.333333,BD158=19; BD162=22; BD54=17,0.608045,0.364242,0.716671
93,Aliphatic,BD117 + BD132 + BD54,BD117,BD132,BD54,BD117=Micococcus luteus; BD132=Bacillus safensis; BD54=Acinetobacter,BD117=Metal_Group_9; BD132=Metal_Group_4; BD54=Metal_Group_1,49,59,83.050847,90,153,58.823529,90,PL_mean,81.263333,78.632222,2,6.666667,BD117=2; BD132=13; BD54=5,10,17.666667,BD117=10; BD132=16; BD54=27,0.611881,0.356263,0.71572
94,Aliphatic,BD50 + BG1 + E7,BD50,BG1,E7,BD50=Bacillus safensis; BG1=Bacillus amyloliquefaciens; E7=Acinetobacter,BD50=Metal_Group_4; BG1=Metal_Group_4; E7=Metal_Group_1,50,59,84.745763,87,153,56.862745,87,PL_mean,78.932222,73.271111,3,6,BD50=9; BG1=3; E7=6,3,13.333333,BD50=3; BG1=7; E7=30,0.590119,0.489056,0.714981
95,Aliphatic,BD158 + BD162 + E7,BD158,BD162,E7,BD158=Salinicola; BD162=Bacillus safensis; E7=Acinetobacter,BD158=Metal_Group_1; BD162=Metal_Group_4; E7=Metal_Group_1,44,59,74.576271,103,153,67.320261,103,PL_mean,71.108333,67.187306,3,5,BD158=3; BD162=6; E7=6,17,19.333333,BD158=19; BD162=22; E7=17,0.608045,0.364242,0.714693
96,Aliphatic,BD117 + BD132 + E7,BD117,BD132,E7,BD117=Micococcus luteus; BD132=Bacillus safensis; E7=Acinetobacter,BD117=Metal_Group_9; BD132=Metal_Group_4; E7=Metal_Group_1,49,59,83.050847,90,153,58.823529,90,PL_mean,81.490556,76.5925,2,6.666667,BD117=2; BD132=13; E7=5,10,17.666667,BD117=10; BD132=16; E7=27,0.611881,0.356263,0.713742
97,Aliphatic,BD117 + BD160 + BD54,BD117,BD160,BD54,BD117=Micococcus luteus; BD160=Bacillus stratosphericus; BD54=Acinetobacter,BD117=Metal_Group_9; BD160=Metal_Group_4; BD54=Metal_Group_1,49,59,83.050847,92,153,60.130719,92,PL_mean,80.139444,77.058611,2,6.666667,BD117=2; BD160=13; BD54=5,10,18,BD117=10; BD160=18; BD54=26,0.611881,0.351711,0.713505
98,Aliphatic,BD127 + BD61 + BG1,BD127,BD61,BG1,BD127=Achromobacter; BD61=Ochrobactrum; BG1=Bacillus amyloliquefaciens,BD127=Metal_Group_4; BD61=Metal_Group_4; BG1=Metal_Group_4,52,59,88.135593,102,153,66.666667,102,PL_mean,72.788333,62.607083,1,6.333333,BD127=13; BD61=1; BG1=5,14,18,BD127=14; BD61=20; BG1=20,0.523314,0.334812,0.712277
99,Aliphatic,BD117 + BD127 + BD54,BD117,BD127,BD54,BD117=Micococcus luteus; BD127=Achromobacter; BD54=Acinetobacter,BD117=Metal_Group_9; BD127=Metal_Group_4; BD54=Metal_Group_1,52,59,88.135593,90,153,58.823529,90,PL_mean,73.537222,64.86375,2,7.666667,BD117=2; BD127=16; BD54=5,10,15.666667,BD117=10; BD127=16; BD54=21,0.574602,0.388216,0.71171
100,Aliphatic,BD117 + BD160 + E7,BD117,BD160,E7,BD117=Micococcus luteus; BD160=Bacillus stratosphericus; E7=Acinetobacter,BD117=Metal_Group_9; BD160=Metal_Group_4; E7=Metal_Group_1,49,59,83.050847,92,153,60.130719,92,PL_mean,80.366667,75.018889,2,6.666667,BD117=2; BD160=13; E7=5,10,18,BD117=10; BD160=18; E7=26,0.611881,0.351711,0.711527
101,Aliphatic,BD117 + BD163 + BD61,BD117,BD163,BD61,BD117=Micococcus luteus; BD163=Bacillus megaterium; BD61=Ochrobactrum,BD117=Metal_Group_9; BD163=Metal_Group_12; BD61=Metal_Group_4,51,59,86.440678,100,153,65.359477,100,PL_mean,74.941944,70.757639,2,7.666667,BD117=2; BD163=16; BD61=5,5,18.666667,BD117=5; BD163=27; BD61=24,0.563029,0.330822,0.710091
102,Aliphatic,BD117 + BD127 + E7,BD117,BD127,E7,BD117=Micococcus luteus; BD127=Achromobacter; E7=Acinetobacter,BD117=Metal_Group_9; BD127=Metal_Group_4; E7=Metal_Group_1,52,59,88.135593,90,153,58.823529,90,PL_mean,73.764445,62.824028,2,7.666667,BD117=2; BD127=16; E7=5,10,15.666667,BD117=10; BD127=16; E7=21,0.574602,0.388216,0.709732
103,Aliphatic,BD117 + BD120 + BD127,BD117,BD120,BD127,BD117=Micococcus luteus; BD120=Bacillus subtilis; BD127=Achromobacter,BD117=Metal_Group_9; BD120=Metal_Group_4; BD127=Metal_Group_4,52,59,88.135593,89,153,58.169935,89,PL_mean,74.119445,67.174583,2,4.666667,BD117=2; BD120=5; BD127=7,7,16.666667,BD117=7; BD120=20; BD127=23,0.532009,0.366673,0.70964
104,Aliphatic,BD132 + BD162 + BD54,BD132,BD162,BD54,BD132=Bacillus safensis; BD162=Bacillus safensis; BD54=Acinetobacter,BD132=Metal_Group_4; BD162=Metal_Group_4; BD54=Metal_Group_1,50,59,84.745763,87,153,56.862745,87,PL_mean,76.034444,75.657222,3,6,BD132=9; BD162=3; BD54=6,3,13.333333,BD132=3; BD162=7; BD54=30,0.590119,0.489056,0.708228
105,Aliphatic,BD158 + BD54 + BD9,BD158,BD54,BD9,BD158=Salinicola; BD54=Acinetobacter; BD9=Bacillus amyloliquefaciens,BD158=Metal_Group_1; BD54=Metal_Group_1; BD9=Metal_Group_4,44,59,74.576271,103,153,67.320261,103,PL_mean,70.261111,64.546472,3,5,BD158=3; BD54=6; BD9=6,17,19.333333,BD158=19; BD54=17; BD9=22,0.608045,0.364242,0.7082
106,Aliphatic,BD132 + BD162 + E7,BD132,BD162,E7,BD132=Bacillus safensis; BD162=Bacillus safensis; E7=Acinetobacter,BD132=Metal_Group_4; BD162=Metal_Group_4; E7=Metal_Group_1,50,59,84.745763,87,153,56.862745,87,PL_mean,76.261667,73.6175,3,6,BD132=9; BD162=3; E7=6,3,13.333333,BD132=3; BD162=7; E7=30,0.590119,0.489056,0.70625
107,Aliphatic,BD158 + BD9 + E7,BD158,BD9,E7,BD158=Salinicola; BD9=Bacillus amyloliquefaciens; E7=Acinetobacter,BD158=Metal_Group_1; BD9=Metal_Group_4; E7=Metal_Group_1,44,59,74.576271,103,153,67.320261,103,PL_mean,70.488333,62.50675,3,5,BD158=3; BD9=6; E7=6,17,19.333333,BD158=19; BD9=22; E7=17,0.608045,0.364242,0.706221
108,Aliphatic,BD117 + BD50 + BD54,BD117,BD50,BD54,BD117=Micococcus luteus; BD50=Bacillus safensis; BD54=Acinetobacter,BD117=Metal_Group_9; BD50=Metal_Group_4; BD54=Metal_Group_1,49,59,83.050847,90,153,58.823529,90,PL_mean,79.243889,75.786389,2,6.666667,BD117=2; BD50=13; BD54=5,10,17.666667,BD117=10; BD50=16; BD54=27,0.611881,0.356263,0.704911
109,Aliphatic,BD162 + BD48 + BD61,BD162,BD48,BD61,BD162=Bacillus safensis; BD48=Bacillus safensis; BD61=Ochrobactrum,BD162=Metal_Group_4; BD48=Metal_Group_1; BD61=Metal_Group_4,44,59,74.576271,107,153,69.934641,107,PL_mean,64.996667,60.414445,3,4.666667,BD162=6; BD48=5; BD61=3,19,20.666667,BD162=20; BD48=19; BD61=23,0.611868,0.328594,0.703767
110,Aliphatic,BD117 + BD50 + E7,BD117,BD50,E7,BD117=Micococcus luteus; BD50=Bacillus safensis; E7=Acinetobacter,BD117=Metal_Group_9; BD50=Metal_Group_4; E7=Metal_Group_1,49,59,83.050847,90,153,58.823529,90,PL_mean,79.471111,73.746667,2,6.666667,BD117=2; BD50=13; E7=5,10,17.666667,BD117=10; BD50=16; E7=27,0.611881,0.356263,0.702933
111,Aliphatic,BD160 + BD162 + BD54,BD160,BD162,BD54,BD160=Bacillus stratosphericus; BD162=Bacillus safensis; BD54=Acinetobacter,BD160=Metal_Group_4; BD162=Metal_Group_4; BD54=Metal_Group_1,50,59,84.745763,87,153,56.862745,87,PL_mean,74.910555,74.083611,3,6,BD160=9; BD162=3; BD54=6,3,12.333333,BD160=3; BD162=5; BD54=29,0.590119,0.497333,0.70161
112,Aliphatic,BD132 + BD54 + BD9,BD132,BD54,BD9,BD132=Bacillus safensis; BD54=Acinetobacter; BD9=Bacillus amyloliquefaciens,BD132=Metal_Group_4; BD54=Metal_Group_1; BD9=Metal_Group_4,50,59,84.745763,87,153,56.862745,87,PL_mean,75.414444,70.976667,3,6,BD132=9; BD54=6; BD9=3,3,13.333333,BD132=3; BD54=30; BD9=7,0.590119,0.489056,0.699757
113,Aliphatic,BD117 + BD127 + BD132,BD117,BD127,BD132,BD117=Micococcus luteus; BD127=Achromobacter; BD132=Bacillus safensis,BD117=Metal_Group_9; BD127=Metal_Group_4; BD132=Metal_Group_4,52,59,88.135593,86,153,56.20915,86,PL_mean,73.590556,66.884861,2,5,BD117=2; BD127=8; BD132=5,8,16,BD117=8; BD127=23; BD132=17,0.571605,0.363699,0.699644
114,Aliphatic,BD160 + BD162 + E7,BD160,BD162,E7,BD160=Bacillus stratosphericus; BD162=Bacillus safensis; E7=Acinetobacter,BD160=Metal_Group_4; BD162=Metal_Group_4; E7=Metal_Group_1,50,59,84.745763,87,153,56.862745,87,PL_mean,75.137778,72.043889,3,6,BD160=9; BD162=3; E7=6,3,12.333333,BD160=3; BD162=5; E7=29,0.590119,0.497333,0.699632
115,Aliphatic,BD117 + BD127 + BD160,BD117,BD127,BD160,BD117=Micococcus luteus; BD127=Achromobacter; BD160=Bacillus stratosphericus,BD117=Metal_Group_9; BD127=Metal_Group_4; BD160=Metal_Group_4,52,59,88.135593,89,153,58.169935,89,PL_mean,72.466667,65.31125,2,5,BD117=2; BD127=8; BD160=5,8,17,BD117=8; BD127=23; BD160=20,0.571605,0.353812,0.699551
116,Aliphatic,BD117 + BD126 + BD54,BD117,BD126,BD54,BD117=Micococcus luteus; BD126=Bacillus; BD54=Acinetobacter,BD117=Metal_Group_9; BD126=Metal_Group_4; BD54=Metal_Group_1,50,59,84.745763,93,153,60.784314,93,PL_mean,73.888889,67.843333,2,7,BD117=2; BD126=14; BD54=5,9,18.333333,BD117=9; BD126=19; BD54=27,0.560648,0.359005,0.697891
117,Aliphatic,BD132 + BD9 + E7,BD132,BD9,E7,BD132=Bacillus safensis; BD9=Bacillus amyloliquefaciens; E7=Acinetobacter,BD132=Metal_Group_4; BD9=Metal_Group_4; E7=Metal_Group_1,50,59,84.745763,87,153,56.862745,87,PL_mean,75.641667,68.936945,3,6,BD132=9; BD9=3; E7=6,3,13.333333,BD132=3; BD9=7; E7=30,0.590119,0.489056,0.697779
118,Aliphatic,BD162 + BD50 + BD54,BD162,BD50,BD54,BD162=Bacillus safensis; BD50=Bacillus safensis; BD54=Acinetobacter,BD162=Metal_Group_4; BD50=Metal_Group_4; BD54=Metal_Group_1,50,59,84.745763,87,153,56.862745,87,PL_mean,74.015,72.811389,3,6,BD162=3; BD50=9; BD54=6,3,13.333333,BD162=7; BD50=3; BD54=30,0.590119,0.489056,0.697419
119,Aliphatic,BD120 + BD127 + BD61,BD120,BD127,BD61,BD120=Bacillus subtilis; BD127=Achromobacter; BD61=Ochrobactrum,BD120=Metal_Group_4; BD127=Metal_Group_4; BD61=Metal_Group_4,51,59,86.440678,101,153,66.013072,101,PL_mean,74.924445,64.740694,1,2.666667,BD120=4; BD127=3; BD61=1,13,17,BD120=19; BD127=13; BD61=19,0.5576,0.334812,0.696528
120,Aliphatic,BD117 + BD126 + BD61,BD117,BD126,BD61,BD117=Micococcus luteus; BD126=Bacillus; BD61=Ochrobactrum,BD117=Metal_Group_9; BD126=Metal_Group_4; BD61=Metal_Group_4,50,59,84.745763,95,153,62.091503,95,PL_mean,73.678889,66.062222,2,7.333333,BD117=2; BD126=15; BD61=5,7,19.333333,BD117=7; BD126=22; BD61=29,0.527381,0.336377,0.696163
121,Aliphatic,BD117 + BD126 + E7,BD117,BD126,E7,BD117=Micococcus luteus; BD126=Bacillus; E7=Acinetobacter,BD117=Metal_Group_9; BD126=Metal_Group_4; E7=Metal_Group_1,50,59,84.745763,93,153,60.784314,93,PL_mean,74.116111,65.803611,2,7,BD117=2; BD126=14; E7=5,9,18.333333,BD117=9; BD126=19; E7=27,0.560648,0.359005,0.695912
122,Aliphatic,BD162 + BD50 + E7,BD162,BD50,E7,BD162=Bacillus safensis; BD50=Bacillus safensis; E7=Acinetobacter,BD162=Metal_Group_4; BD50=Metal_Group_4; E7=Metal_Group_1,50,59,84.745763,87,153,56.862745,87,PL_mean,74.242222,70.771667,3,6,BD162=3; BD50=9; E7=6,3,13.333333,BD162=7; BD50=3; E7=30,0.590119,0.489056,0.695441
123,Aliphatic,BD48 + BD61 + BD9,BD48,BD61,BD9,BD48=Bacillus safensis; BD61=Ochrobactrum; BD9=Bacillus amyloliquefaciens,BD48=Metal_Group_1; BD61=Metal_Group_4; BD9=Metal_Group_4,44,59,74.576271,107,153,69.934641,107,PL_mean,64.376667,55.733889,3,4.666667,BD48=5; BD61=3; BD9=6,19,20.666667,BD48=19; BD61=23; BD9=20,0.611868,0.328594,0.695296
124,Aliphatic,BD127 + BD132 + BD61,BD127,BD132,BD61,BD127=Achromobacter; BD132=Bacillus safensis; BD61=Ochrobactrum,BD127=Metal_Group_4; BD132=Metal_Group_4; BD61=Metal_Group_4,51,59,86.440678,98,153,64.052288,98,PL_mean,74.395556,64.450972,1,2.666667,BD127=3; BD132=4; BD61=1,15,17,BD127=15; BD132=16; BD61=20,0.584823,0.341643,0.693595
125,Aliphatic,BD127 + BD160 + BD61,BD127,BD160,BD61,BD127=Achromobacter; BD160=Bacillus stratosphericus; BD61=Ochrobactrum,BD127=Metal_Group_4; BD160=Metal_Group_4; BD61=Metal_Group_4,51,59,86.440678,101,153,66.013072,101,PL_mean,73.271667,62.877361,1,2.666667,BD127=3; BD160=4; BD61=1,15,18,BD127=15; BD160=19; BD61=20,0.584823,0.334165,0.693323
126,Aliphatic,BD160 + BD54 + BD9,BD160,BD54,BD9,BD160=Bacillus stratosphericus; BD54=Acinetobacter; BD9=Bacillus amyloliquefaciens,BD160=Metal_Group_4; BD54=Metal_Group_1; BD9=Metal_Group_4,50,59,84.745763,87,153,56.862745,87,PL_mean,74.290555,69.403055,3,6,BD160=9; BD54=6; BD9=3,3,12.333333,BD160=3; BD54=29; BD9=5,0.590119,0.497333,0.693139
127,Aliphatic,BD127 + BD162 + BD61,BD127,BD162,BD61,BD127=Achromobacter; BD162=Bacillus safensis; BD61=Ochrobactrum,BD127=Metal_Group_4; BD162=Metal_Group_4; BD61=Metal_Group_4,52,59,88.135593,102,153,66.666667,102,PL_mean,68.098333,60.107639,1,6.333333,BD127=13; BD162=5; BD61=1,14,18,BD127=14; BD162=20; BD61=20,0.523314,0.334812,0.692738
128,Aliphatic,BD160 + BD9 + E7,BD160,BD9,E7,BD160=Bacillus stratosphericus; BD9=Bacillus amyloliquefaciens; E7=Acinetobacter,BD160=Metal_Group_4; BD9=Metal_Group_4; E7=Metal_Group_1,50,59,84.745763,87,153,56.862745,87,PL_mean,74.517778,67.363333,3,6,BD160=9; BD9=3; E7=6,3,12.333333,BD160=3; BD9=5; E7=29,0.590119,0.497333,0.691161
129,Aliphatic,BD117 + BD127 + BD163,BD117,BD127,BD163,BD117=Micococcus luteus; BD127=Achromobacter; BD163=Bacillus megaterium,BD117=Metal_Group_9; BD127=Metal_Group_4; BD163=Metal_Group_12,52,59,88.135593,98,153,64.052288,98,PL_mean,67.479167,60.791389,2,4.333333,BD117=2; BD127=6; BD163=5,8,19.666667,BD117=8; BD127=22; BD163=29,0.577034,0.355136,0.690561
130,Aliphatic,BD50 + BD54 + BD9,BD50,BD54,BD9,BD50=Bacillus safensis; BD54=Acinetobacter; BD9=Bacillus amyloliquefaciens,BD50=Metal_Group_4; BD54=Metal_Group_1; BD9=Metal_Group_4,50,59,84.745763,87,153,56.862745,87,PL_mean,73.395,68.130833,3,6,BD50=9; BD54=6; BD9=3,3,13.333333,BD50=3; BD54=30; BD9=7,0.590119,0.489056,0.688948
131,Aliphatic,BD117 + BD127 + BD50,BD117,BD127,BD50,BD117=Micococcus luteus; BD127=Achromobacter; BD50=Bacillus safensis,BD117=Metal_Group_9; BD127=Metal_Group_4; BD50=Metal_Group_4,52,59,88.135593,86,153,56.20915,86,PL_mean,71.571111,64.039028,2,5,BD117=2; BD127=8; BD50=5,8,16,BD117=8; BD127=23; BD50=17,0.571605,0.363699,0.688836
132,Aliphatic,BD117 + BD120 + BD48,BD117,BD120,BD48,BD117=Micococcus luteus; BD120=Bacillus subtilis; BD48=Bacillus safensis,BD117=Metal_Group_9; BD120=Metal_Group_4; BD48=Metal_Group_1,50,59,84.745763,93,153,60.784314,93,PL_mean,71.017778,67.481389,2,7,BD117=2; BD120=14; BD48=5,9,18.333333,BD117=9; BD120=19; BD48=27,0.560648,0.359005,0.68751
133,Aliphatic,BD50 + BD9 + E7,BD50,BD9,E7,BD50=Bacillus safensis; BD9=Bacillus amyloliquefaciens; E7=Acinetobacter,BD50=Metal_Group_4; BD9=Metal_Group_4; E7=Metal_Group_1,50,59,84.745763,87,153,56.862745,87,PL_mean,73.622222,66.091111,3,6,BD50=9; BD9=3; E7=6,3,13.333333,BD50=3; BD9=7; E7=30,0.590119,0.489056,0.68697
134,Aliphatic,BD160 + BD61 + BG1,BD160,BD61,BG1,BD160=Bacillus stratosphericus; BD61=Ochrobactrum; BG1=Bacillus amyloliquefaciens,BD160=Metal_Group_4; BD61=Metal_Group_4; BG1=Metal_Group_4,50,59,84.745763,91,153,59.477124,91,PL_mean,79.390555,74.801944,2,6.333333,BD160=11; BD61=6; BG1=2,3,13.666667,BD160=3; BD61=33; BG1=5,0.559246,0.4483,0.684873
135,Aliphatic,BD127 + BD61 + BD9,BD127,BD61,BD9,BD127=Achromobacter; BD61=Ochrobactrum; BD9=Bacillus amyloliquefaciens,BD127=Metal_Group_4; BD61=Metal_Group_4; BD9=Metal_Group_4,52,59,88.135593,102,153,66.666667,102,PL_mean,67.478333,55.427083,1,6.333333,BD127=13; BD61=1; BD9=5,14,18,BD127=14; BD61=20; BD9=20,0.523314,0.334812,0.684267
136,Aliphatic,BD132 + BD61 + BG1,BD132,BD61,BG1,BD132=Bacillus safensis; BD61=Ochrobactrum; BG1=Bacillus amyloliquefaciens,BD132=Metal_Group_4; BD61=Metal_Group_4; BG1=Metal_Group_4,50,59,84.745763,90,153,58.823529,90,PL_mean,80.514444,76.375556,2,6.333333,BD132=11; BD61=6; BG1=2,2,14,BD132=2; BD61=33; BG1=7,0.559246,0.444605,0.684162
137,Aliphatic,BD158 + BD48 + BG1,BD158,BD48,BG1,BD158=Salinicola; BD48=Bacillus safensis; BG1=Bacillus amyloliquefaciens,BD158=Metal_Group_1; BD48=Metal_Group_1; BG1=Metal_Group_4,44,59,74.576271,103,153,67.320261,103,PL_mean,64.796667,60.285917,3,5,BD158=3; BD48=6; BG1=6,17,19.333333,BD158=19; BD48=17; BG1=22,0.608045,0.364242,0.683609
138,Aliphatic,BD127 + BD50 + BD61,BD127,BD50,BD61,BD127=Achromobacter; BD50=Bacillus safensis; BD61=Ochrobactrum,BD127=Metal_Group_4; BD50=Metal_Group_4; BD61=Metal_Group_4,51,59,86.440678,98,153,64.052288,98,PL_mean,72.376111,61.605139,1,2.666667,BD127=3; BD50=4; BD61=1,15,17,BD127=15; BD50=16; BD61=20,0.584823,0.341643,0.682786
139,Aliphatic,BD120 + BD61 + BG1,BD120,BD61,BG1,BD120=Bacillus subtilis; BD61=Ochrobactrum; BG1=Bacillus amyloliquefaciens,BD120=Metal_Group_4; BD61=Metal_Group_4; BG1=Metal_Group_4,50,59,84.745763,90,153,58.823529,90,PL_mean,81.043333,76.665278,2,7.333333,BD120=11; BD61=9; BG1=2,2,12.333333,BD120=2; BD61=33; BG1=2,0.568454,0.468368,0.682725
140,Aliphatic,BD120 + BD54 + BG1,BD120,BD54,BG1,BD120=Bacillus subtilis; BD54=Acinetobacter; BG1=Bacillus amyloliquefaciens,BD120=Metal_Group_4; BD54=Metal_Group_1; BG1=Metal_Group_4,50,59,84.745763,87,153,56.862745,87,PL_mean,81.253333,78.446389,2,6.666667,BD120=9; BD54=9; BG1=2,3,12,BD120=3; BD54=30; BG1=3,0.588245,0.516708,0.678306
141,Aliphatic,BD120 + BG1 + E7,BD120,BG1,E7,BD120=Bacillus subtilis; BG1=Bacillus amyloliquefaciens; E7=Acinetobacter,BD120=Metal_Group_4; BG1=Metal_Group_4; E7=Metal_Group_1,50,59,84.745763,87,153,56.862745,87,PL_mean,81.480556,76.406667,2,6.666667,BD120=9; BG1=2; E7=9,3,12,BD120=3; BG1=3; E7=30,0.588245,0.516708,0.676328
142,Aliphatic,BD132 + BD48 + BG1,BD132,BD48,BG1,BD132=Bacillus safensis; BD48=Bacillus safensis; BG1=Bacillus amyloliquefaciens,BD132=Metal_Group_4; BD48=Metal_Group_1; BG1=Metal_Group_4,50,59,84.745763,87,153,56.862745,87,PL_mean,69.95,66.716111,3,6,BD132=9; BD48=6; BG1=3,3,13.333333,BD132=3; BD48=30; BG1=7,0.590119,0.489056,0.675166
143,Aliphatic,BD50 + BD61 + BG1,BD50,BD61,BG1,BD50=Bacillus safensis; BD61=Ochrobactrum; BG1=Bacillus amyloliquefaciens,BD50=Metal_Group_4; BD61=Metal_Group_4; BG1=Metal_Group_4,50,59,84.745763,90,153,58.823529,90,PL_mean,78.495,73.529722,2,6.333333,BD50=11; BD61=6; BG1=2,2,14,BD50=2; BD61=33; BG1=7,0.559246,0.444605,0.673354
144,Aliphatic,BD127 + BD158 + BG1,BD127,BD158,BG1,BD127=Achromobacter; BD158=Salinicola; BG1=Bacillus amyloliquefaciens,BD127=Metal_Group_4; BD158=Metal_Group_1; BG1=Metal_Group_4,52,59,88.135593,98,153,64.052288,98,PL_mean,67.898333,59.979111,1,7,BD127=14; BD158=1; BG1=6,12,16.333333,BD127=12; BD158=16; BG1=21,0.532425,0.366828,0.670206
145,Aliphatic,BD117 + BD163 + BD48,BD117,BD163,BD48,BD117=Micococcus luteus; BD163=Bacillus megaterium; BD48=Bacillus safensis,BD117=Metal_Group_9; BD163=Metal_Group_12; BD48=Metal_Group_1,51,59,86.440678,98,153,64.052288,98,PL_mean,64.3775,61.098195,2,7.333333,BD117=2; BD163=15; BD48=5,9,18.333333,BD117=9; BD163=24; BD48=22,0.595871,0.36212,0.669185
146,Aliphatic,BD160 + BD48 + BG1,BD160,BD48,BG1,BD160=Bacillus stratosphericus; BD48=Bacillus safensis; BG1=Bacillus amyloliquefaciens,BD160=Metal_Group_4; BD48=Metal_Group_1; BG1=Metal_Group_4,50,59,84.745763,87,153,56.862745,87,PL_mean,68.826111,65.1425,3,6,BD160=9; BD48=6; BG1=3,3,12.333333,BD160=3; BD48=29; BG1=5,0.590119,0.497333,0.668548
147,Aliphatic,BD117 + BD126 + BD127,BD117,BD126,BD127,BD117=Micococcus luteus; BD126=Bacillus; BD127=Achromobacter,BD117=Metal_Group_9; BD126=Metal_Group_4; BD127=Metal_Group_4,52,59,88.135593,89,153,58.169935,89,PL_mean,66.216111,56.095972,2,4.666667,BD117=2; BD126=5; BD127=7,7,16.666667,BD117=7; BD126=20; BD127=23,0.532009,0.366673,0.667419
148,Aliphatic,BD160 + BD162 + BD61,BD160,BD162,BD61,BD160=Bacillus stratosphericus; BD162=Bacillus safensis; BD61=Ochrobactrum,BD160=Metal_Group_4; BD162=Metal_Group_4; BD61=Metal_Group_4,50,59,84.745763,91,153,59.477124,91,PL_mean,74.700555,72.3025,2,6.333333,BD160=11; BD162=2; BD61=6,3,13.666667,BD160=3; BD162=5; BD61=33,0.559246,0.4483,0.665334
149,Aliphatic,BD132 + BD162 + BD61,BD132,BD162,BD61,BD132=Bacillus safensis; BD162=Bacillus safensis; BD61=Ochrobactrum,BD132=Metal_Group_4; BD162=Metal_Group_4; BD61=Metal_Group_4,50,59,84.745763,90,153,58.823529,90,PL_mean,75.824444,73.876111,2,6.333333,BD132=11; BD162=2; BD61=6,2,14,BD132=2; BD162=7; BD61=33,0.559246,0.444605,0.664623
150,Aliphatic,BD48 + BD50 + BG1,BD48,BD50,BG1,BD48=Bacillus safensis; BD50=Bacillus safensis; BG1=Bacillus amyloliquefaciens,BD48=Metal_Group_1; BD50=Metal_Group_4; BG1=Metal_Group_4,50,59,84.745763,87,153,56.862745,87,PL_mean,67.930556,63.870278,3,6,BD48=6; BD50=9; BG1=3,3,13.333333,BD48=30; BD50=3; BG1=7,0.590119,0.489056,0.664357
151,Aliphatic,BD158 + BD162 + BD48,BD158,BD162,BD48,BD158=Salinicola; BD162=Bacillus safensis; BD48=Bacillus safensis,BD158=Metal_Group_1; BD162=Metal_Group_4; BD48=Metal_Group_1,44,59,74.576271,103,153,67.320261,103,PL_mean,60.106667,57.786472,3,5,BD158=3; BD162=6; BD48=6,17,19.333333,BD158=19; BD162=22; BD48=17,0.608045,0.364242,0.664069
152,Aliphatic,BD120 + BD162 + BD61,BD120,BD162,BD61,BD120=Bacillus subtilis; BD162=Bacillus safensis; BD61=Ochrobactrum,BD120=Metal_Group_4; BD162=Metal_Group_4; BD61=Metal_Group_4,50,59,84.745763,90,153,58.823529,90,PL_mean,76.353333,74.165833,2,7.333333,BD120=11; BD162=2; BD61=9,2,12.333333,BD120=2; BD162=2; BD61=33,0.568454,0.468368,0.663186
153,Aliphatic,BD117 + BD132 + BD48,BD117,BD132,BD48,BD117=Micococcus luteus; BD132=Bacillus safensis; BD48=Bacillus safensis,BD117=Metal_Group_9; BD132=Metal_Group_4; BD48=Metal_Group_1,49,59,83.050847,90,153,58.823529,90,PL_mean,70.488889,67.191667,2,6.666667,BD117=2; BD132=13; BD48=5,10,17.666667,BD117=10; BD132=16; BD48=27,0.611881,0.356263,0.663118
154,Aliphatic,BD120 + BD127 + BD158,BD120,BD127,BD158,BD120=Bacillus subtilis; BD127=Achromobacter; BD158=Salinicola,BD120=Metal_Group_4; BD127=Metal_Group_4; BD158=Metal_Group_1,51,59,86.440678,98,153,64.052288,98,PL_mean,70.034445,62.112722,1,3.333333,BD120=5; BD127=4; BD158=1,12,16.333333,BD120=21; BD127=12; BD158=16,0.565014,0.366828,0.661791
155,Aliphatic,BD117 + BD160 + BD48,BD117,BD160,BD48,BD117=Micococcus luteus; BD160=Bacillus stratosphericus; BD48=Bacillus safensis,BD117=Metal_Group_9; BD160=Metal_Group_4; BD48=Metal_Group_1,49,59,83.050847,92,153,60.130719,92,PL_mean,69.365,65.618056,2,6.666667,BD117=2; BD160=13; BD48=5,10,18,BD117=10; BD160=18; BD48=26,0.611881,0.351711,0.660904
156,Aliphatic,BD127 + BD139 + BD54,BD127,BD139,BD54,BD127=Achromobacter; BD139=Brevibacillus brevis; BD54=Acinetobacter,BD127=Metal_Group_4; BD139=Metal_Group_4; BD54=Metal_Group_1,51,59,86.440678,102,153,66.666667,102,PL_mean,64.833333,57.18125,1,7,BD127=15; BD139=1; BD54=5,16,18,BD127=16; BD139=22; BD54=16,0.568889,0.413566,0.660877
157,Aliphatic,BD127 + BD163 + BD61,BD127,BD163,BD61,BD127=Achromobacter; BD163=Bacillus megaterium; BD61=Ochrobactrum,BD127=Metal_Group_4; BD163=Metal_Group_12; BD61=Metal_Group_4,51,59,86.440678,107,153,69.934641,107,PL_mean,68.284167,58.3575,1,2.333333,BD127=2; BD163=4; BD61=1,12,18,BD127=12; BD163=25; BD61=17,0.601557,0.343503,0.660463
158,Aliphatic,BD117 + BD127 + BG1,BD117,BD127,BG1,BD117=Micococcus luteus; BD127=Achromobacter; BG1=Bacillus amyloliquefaciens,BD117=Metal_Group_9; BD127=Metal_Group_4; BG1=Metal_Group_4,52,59,88.135593,90,153,58.823529,90,PL_mean,71.983333,65.040972,1,7.666667,BD117=1; BD127=17; BG1=5,8,17.666667,BD117=8; BD127=24; BG1=21,0.516435,0.366673,0.659564
159,Aliphatic,BD117 + BD127 + BD48,BD117,BD127,BD48,BD117=Micococcus luteus; BD127=Achromobacter; BD48=Bacillus safensis,BD117=Metal_Group_9; BD127=Metal_Group_4; BD48=Metal_Group_1,52,59,88.135593,90,153,58.823529,90,PL_mean,62.762778,53.423195,2,7.666667,BD117=2; BD127=16; BD48=5,10,15.666667,BD117=10; BD127=16; BD48=21,0.574602,0.388216,0.659108
160,Aliphatic,BD127 + BD139 + E7,BD127,BD139,E7,BD127=Achromobacter; BD139=Brevibacillus brevis; E7=Acinetobacter,BD127=Metal_Group_4; BD139=Metal_Group_4; E7=Metal_Group_1,51,59,86.440678,102,153,66.666667,102,PL_mean,65.060556,55.141528,1,7,BD127=15; BD139=1; E7=5,16,18,BD127=16; BD139=22; E7=16,0.568889,0.413566,0.658899
161,Aliphatic,BD120 + BD162 + BD54,BD120,BD162,BD54,BD120=Bacillus subtilis; BD162=Bacillus safensis; BD54=Acinetobacter,BD120=Metal_Group_4; BD162=Metal_Group_4; BD54=Metal_Group_1,50,59,84.745763,87,153,56.862745,87,PL_mean,76.563333,75.946944,2,6.666667,BD120=9; BD162=2; BD54=9,3,12,BD120=3; BD162=3; BD54=30,0.588245,0.516708,0.658766
162,Aliphatic,BD160 + BD61 + BD9,BD160,BD61,BD9,BD160=Bacillus stratosphericus; BD61=Ochrobactrum; BD9=Bacillus amyloliquefaciens,BD160=Metal_Group_4; BD61=Metal_Group_4; BD9=Metal_Group_4,50,59,84.745763,91,153,59.477124,91,PL_mean,74.080555,67.621944,2,6.333333,BD160=11; BD61=6; BD9=2,3,13.666667,BD160=3; BD61=33; BD9=5,0.559246,0.4483,0.656863
163,Aliphatic,BD120 + BD162 + E7,BD120,BD162,E7,BD120=Bacillus subtilis; BD162=Bacillus safensis; E7=Acinetobacter,BD120=Metal_Group_4; BD162=Metal_Group_4; E7=Metal_Group_1,50,59,84.745763,87,153,56.862745,87,PL_mean,76.790556,73.907222,2,6.666667,BD120=9; BD162=2; E7=9,3,12,BD120=3; BD162=3; E7=30,0.588245,0.516708,0.656788
164,Aliphatic,BD117 + BD127 + BD61,BD117,BD127,BD61,BD117=Micococcus luteus; BD127=Achromobacter; BD61=Ochrobactrum,BD117=Metal_Group_9; BD127=Metal_Group_4; BD61=Metal_Group_4,49,59,83.050847,89,153,58.169935,89,PL_mean,73.327222,63.082639,2,6,BD117=2; BD127=14; BD61=2,7,14.333333,BD117=7; BD127=16; BD61=20,0.573658,0.373905,0.656321
165,Aliphatic,BD132 + BD61 + BD9,BD132,BD61,BD9,BD132=Bacillus safensis; BD61=Ochrobactrum; BD9=Bacillus amyloliquefaciens,BD132=Metal_Group_4; BD61=Metal_Group_4; BD9=Metal_Group_4,50,59,84.745763,90,153,58.823529,90,PL_mean,75.204444,69.195556,2,6.333333,BD132=11; BD61=6; BD9=2,2,14,BD132=2; BD61=33; BD9=7,0.559246,0.444605,0.656152
166,Aliphatic,BD132 + BD162 + BD48,BD132,BD162,BD48,BD132=Bacillus safensis; BD162=Bacillus safensis; BD48=Bacillus safensis,BD132=Metal_Group_4; BD162=Metal_Group_4; BD48=Metal_Group_1,50,59,84.745763,87,153,56.862745,87,PL_mean,65.26,64.216667,3,6,BD132=9; BD162=3; BD48=6,3,13.333333,BD132=3; BD162=7; BD48=30,0.590119,0.489056,0.655627
167,Aliphatic,BD158 + BD48 + BD9,BD158,BD48,BD9,BD158=Salinicola; BD48=Bacillus safensis; BD9=Bacillus amyloliquefaciens,BD158=Metal_Group_1; BD48=Metal_Group_1; BD9=Metal_Group_4,44,59,74.576271,103,153,67.320261,103,PL_mean,59.486667,53.105917,3,5,BD158=3; BD48=6; BD9=6,17,19.333333,BD158=19; BD48=17; BD9=22,0.608045,0.364242,0.655598
168,Aliphatic,BD120 + BD61 + BD9,BD120,BD61,BD9,BD120=Bacillus subtilis; BD61=Ochrobactrum; BD9=Bacillus amyloliquefaciens,BD120=Metal_Group_4; BD61=Metal_Group_4; BD9=Metal_Group_4,50,59,84.745763,90,153,58.823529,90,PL_mean,75.733333,69.485278,2,7.333333,BD120=11; BD61=9; BD9=2,2,12.333333,BD120=2; BD61=33; BD9=2,0.568454,0.468368,0.654715
169,Aliphatic,BD126 + BD127 + BD61,BD126,BD127,BD61,BD126=Bacillus; BD127=Achromobacter; BD61=Ochrobactrum,BD126=Metal_Group_4; BD127=Metal_Group_4; BD61=Metal_Group_4,51,59,86.440678,101,153,66.013072,101,PL_mean,67.021111,53.662083,1,2.666667,BD126=4; BD127=3; BD61=1,13,17,BD126=19; BD127=13; BD61=19,0.5576,0.334812,0.654307
170,Aliphatic,BD162 + BD50 + BD61,BD162,BD50,BD61,BD162=Bacillus safensis; BD50=Bacillus safensis; BD61=Ochrobactrum,BD162=Metal_Group_4; BD50=Metal_Group_4; BD61=Metal_Group_4,50,59,84.745763,90,153,58.823529,90,PL_mean,73.805,71.030278,2,6.333333,BD162=2; BD50=11; BD61=6,2,14,BD162=7; BD50=2; BD61=33,0.559246,0.444605,0.653814
171,Aliphatic,BD117 + BD48 + BD50,BD117,BD48,BD50,BD117=Micococcus luteus; BD48=Bacillus safensis; BD50=Bacillus safensis,BD117=Metal_Group_9; BD48=Metal_Group_1; BD50=Metal_Group_4,49,59,83.050847,90,153,58.823529,90,PL_mean,68.469445,64.345834,2,6.666667,BD117=2; BD48=5; BD50=13,10,17.666667,BD117=10; BD48=27; BD50=16,0.611881,0.356263,0.65231
172,Aliphatic,BD127 + BD158 + BD162,BD127,BD158,BD162,BD127=Achromobacter; BD158=Salinicola; BD162=Bacillus safensis,BD127=Metal_Group_4; BD158=Metal_Group_1; BD162=Metal_Group_4,52,59,88.135593,98,153,64.052288,98,PL_mean,63.208333,57.479667,1,7,BD127=14; BD158=1; BD162=6,12,16.333333,BD127=12; BD158=16; BD162=21,0.532425,0.366828,0.650667
173,Aliphatic,BD120 + BD54 + BD9,BD120,BD54,BD9,BD120=Bacillus subtilis; BD54=Acinetobacter; BD9=Bacillus amyloliquefaciens,BD120=Metal_Group_4; BD54=Metal_Group_1; BD9=Metal_Group_4,50,59,84.745763,87,153,56.862745,87,PL_mean,75.943333,71.266389,2,6.666667,BD120=9; BD54=9; BD9=2,3,12,BD120=3; BD54=30; BD9=3,0.588245,0.516708,0.650295
174,Aliphatic,BD160 + BD162 + BD48,BD160,BD162,BD48,BD160=Bacillus stratosphericus; BD162=Bacillus safensis; BD48=Bacillus safensis,BD160=Metal_Group_4; BD162=Metal_Group_4; BD48=Metal_Group_1,50,59,84.745763,87,153,56.862745,87,PL_mean,64.136111,62.643056,3,6,BD160=9; BD162=3; BD48=6,3,12.333333,BD160=3; BD162=5; BD48=29,0.590119,0.497333,0.649009
175,Aliphatic,BD120 + BD9 + E7,BD120,BD9,E7,BD120=Bacillus subtilis; BD9=Bacillus amyloliquefaciens; E7=Acinetobacter,BD120=Metal_Group_4; BD9=Metal_Group_4; E7=Metal_Group_1,50,59,84.745763,87,153,56.862745,87,PL_mean,76.170556,69.226667,2,6.666667,BD120=9; BD9=2; E7=9,3,12,BD120=3; BD9=3; E7=30,0.588245,0.516708,0.648317
176,Aliphatic,BD132 + BD48 + BD9,BD132,BD48,BD9,BD132=Bacillus safensis; BD48=Bacillus safensis; BD9=Bacillus amyloliquefaciens,BD132=Metal_Group_4; BD48=Metal_Group_1; BD9=Metal_Group_4,50,59,84.745763,87,153,56.862745,87,PL_mean,64.64,59.536111,3,6,BD132=9; BD48=6; BD9=3,3,13.333333,BD132=3; BD48=30; BD9=7,0.590119,0.489056,0.647156
177,Aliphatic,BD50 + BD61 + BD9,BD50,BD61,BD9,BD50=Bacillus safensis; BD61=Ochrobactrum; BD9=Bacillus amyloliquefaciens,BD50=Metal_Group_4; BD61=Metal_Group_4; BD9=Metal_Group_4,50,59,84.745763,90,153,58.823529,90,PL_mean,73.185,66.349722,2,6.333333,BD50=11; BD61=6; BD9=2,2,14,BD50=2; BD61=33; BD9=7,0.559246,0.444605,0.645343
178,Aliphatic,BD117 + BD126 + BD48,BD117,BD126,BD48,BD117=Micococcus luteus; BD126=Bacillus; BD48=Bacillus safensis,BD117=Metal_Group_9; BD126=Metal_Group_4; BD48=Metal_Group_1,50,59,84.745763,93,153,60.784314,93,PL_mean,63.114445,56.402778,2,7,BD117=2; BD126=14; BD48=5,9,18.333333,BD117=9; BD126=19; BD48=27,0.560648,0.359005,0.645289
179,Aliphatic,BD162 + BD48 + BD50,BD162,BD48,BD50,BD162=Bacillus safensis; BD48=Bacillus safensis; BD50=Bacillus safensis,BD162=Metal_Group_4; BD48=Metal_Group_1; BD50=Metal_Group_4,50,59,84.745763,87,153,56.862745,87,PL_mean,63.240556,61.370834,3,6,BD162=3; BD48=6; BD50=9,3,13.333333,BD162=7; BD48=30; BD50=3,0.590119,0.489056,0.644818
180,Aliphatic,BD127 + BD132 + BD158,BD127,BD132,BD158,BD127=Achromobacter; BD132=Bacillus safensis; BD158=Salinicola,BD127=Metal_Group_4; BD132=Metal_Group_4; BD158=Metal_Group_1,51,59,86.440678,93,153,60.784314,93,PL_mean,69.505556,61.823,1,3.333333,BD127=4; BD132=5; BD158=1,12,14.333333,BD127=12; BD132=16; BD158=15,0.592532,0.374165,0.644786
181,Aliphatic,BD127 + BD158 + BD160,BD127,BD158,BD160,BD127=Achromobacter; BD158=Salinicola; BD160=Bacillus stratosphericus,BD127=Metal_Group_4; BD158=Metal_Group_1; BD160=Metal_Group_4,51,59,86.440678,96,153,62.745098,96,PL_mean,68.381667,60.249389,1,3.333333,BD127=4; BD158=1; BD160=5,12,15.333333,BD127=12; BD158=15; BD160=19,0.592532,0.366375,0.644536
182,Aliphatic,BD120 + BD158 + BG1,BD120,BD158,BG1,BD120=Bacillus subtilis; BD158=Salinicola; BG1=Bacillus amyloliquefaciens,BD120=Metal_Group_4; BD158=Metal_Group_1; BG1=Metal_Group_4,49,59,83.050847,88,153,57.51634,88,PL_mean,76.153333,74.037305,2,7,BD120=11; BD158=8; BG1=2,2,11.666667,BD120=2; BD158=31; BG1=2,0.576653,0.480348,0.644307
183,Aliphatic,BD127 + BD158 + BD9,BD127,BD158,BD9,BD127=Achromobacter; BD158=Salinicola; BD9=Bacillus amyloliquefaciens,BD127=Metal_Group_4; BD158=Metal_Group_1; BD9=Metal_Group_4,52,59,88.135593,98,153,64.052288,98,PL_mean,62.588333,52.799111,1,7,BD127=14; BD158=1; BD9=6,12,16.333333,BD127=12; BD158=16; BD9=21,0.532425,0.366828,0.642196
184,Aliphatic,BD160 + BD48 + BD9,BD160,BD48,BD9,BD160=Bacillus stratosphericus; BD48=Bacillus safensis; BD9=Bacillus amyloliquefaciens,BD160=Metal_Group_4; BD48=Metal_Group_1; BD9=Metal_Group_4,50,59,84.745763,87,153,56.862745,87,PL_mean,63.516111,57.9625,3,6,BD160=9; BD48=6; BD9=3,3,12.333333,BD160=3; BD48=29; BD9=5,0.590119,0.497333,0.640538
185,Aliphatic,BD126 + BD61 + BG1,BD126,BD61,BG1,BD126=Bacillus; BD61=Ochrobactrum; BG1=Bacillus amyloliquefaciens,BD126=Metal_Group_4; BD61=Metal_Group_4; BG1=Metal_Group_4,50,59,84.745763,90,153,58.823529,90,PL_mean,73.14,65.586667,2,7.333333,BD126=11; BD61=9; BG1=2,2,12.333333,BD126=2; BD61=33; BG1=2,0.568454,0.468368,0.640504
186,Aliphatic,BD117 + BD127 + BD162,BD117,BD127,BD162,BD117=Micococcus luteus; BD127=Achromobacter; BD162=Bacillus safensis,BD117=Metal_Group_9; BD127=Metal_Group_4; BD162=Metal_Group_4,52,59,88.135593,90,153,58.823529,90,PL_mean,67.293333,62.541528,1,7.666667,BD117=1; BD127=17; BD162=5,8,17.666667,BD117=8; BD127=24; BD162=21,0.516435,0.366673,0.640025
187,Aliphatic,BD158 + BD160 + BG1,BD158,BD160,BG1,BD158=Salinicola; BD160=Bacillus stratosphericus; BG1=Bacillus amyloliquefaciens,BD158=Metal_Group_1; BD160=Metal_Group_4; BG1=Metal_Group_4,49,59,83.050847,88,153,57.51634,88,PL_mean,74.500555,72.173972,2,6,BD158=5; BD160=11; BG1=2,2,12,BD158=30; BD160=2; BG1=4,0.567741,0.460473,0.639393
188,Aliphatic,BD117 + BD127 + BD158,BD117,BD127,BD158,BD117=Micococcus luteus; BD127=Achromobacter; BD158=Salinicola,BD117=Metal_Group_9; BD127=Metal_Group_4; BD158=Metal_Group_1,49,59,83.050847,86,153,56.20915,86,PL_mean,68.437222,60.454667,2,6.333333,BD117=3; BD127=14; BD158=2,9,14,BD117=9; BD127=16; BD158=17,0.568297,0.414348,0.639357
189,Aliphatic,BD132 + BD158 + BG1,BD132,BD158,BG1,BD132=Bacillus safensis; BD158=Salinicola; BG1=Bacillus amyloliquefaciens,BD132=Metal_Group_4; BD158=Metal_Group_1; BG1=Metal_Group_4,49,59,83.050847,87,153,56.862745,87,PL_mean,75.624444,73.747583,2,6,BD132=11; BD158=5; BG1=2,1,12.333333,BD132=1; BD158=30; BG1=6,0.567741,0.45709,0.638659
190,Aliphatic,BD48 + BD50 + BD9,BD48,BD50,BD9,BD48=Bacillus safensis; BD50=Bacillus safensis; BD9=Bacillus amyloliquefaciens,BD48=Metal_Group_1; BD50=Metal_Group_4; BD9=Metal_Group_4,50,59,84.745763,87,153,56.862745,87,PL_mean,62.620556,56.690278,3,6,BD48=6; BD50=9; BD9=3,3,13.333333,BD48=30; BD50=3; BD9=7,0.590119,0.489056,0.636347
191,Aliphatic,BD126 + BD54 + BG1,BD126,BD54,BG1,BD126=Bacillus; BD54=Acinetobacter; BG1=Bacillus amyloliquefaciens,BD126=Metal_Group_4; BD54=Metal_Group_1; BG1=Metal_Group_4,50,59,84.745763,87,153,56.862745,87,PL_mean,73.35,67.367778,2,6.666667,BD126=9; BD54=9; BG1=2,3,12,BD126=3; BD54=30; BG1=3,0.588245,0.516708,0.636085
192,Aliphatic,BD126 + BG1 + E7,BD126,BG1,E7,BD126=Bacillus; BG1=Bacillus amyloliquefaciens; E7=Acinetobacter,BD126=Metal_Group_4; BG1=Metal_Group_4; E7=Metal_Group_1,50,59,84.745763,87,153,56.862745,87,PL_mean,73.577222,65.328056,2,6.666667,BD126=9; BG1=2; E7=9,3,12,BD126=3; BG1=3; E7=30,0.588245,0.516708,0.634107
193,Aliphatic,BD127 + BD139 + BD158,BD127,BD139,BD158,BD127=Achromobacter; BD139=Brevibacillus brevis; BD158=Salinicola,BD127=Metal_Group_4; BD139=Metal_Group_4; BD158=Metal_Group_1,48,59,81.355932,101,153,66.013072,101,PL_mean,59.733333,52.772167,2,6.333333,BD127=15; BD139=2; BD158=2,14,17.666667,BD127=14; BD139=24; BD158=15,0.594642,0.410641,0.634044
194,Aliphatic,BD127 + BD158 + BD50,BD127,BD158,BD50,BD127=Achromobacter; BD158=Salinicola; BD50=Bacillus safensis,BD127=Metal_Group_4; BD158=Metal_Group_1; BD50=Metal_Group_4,51,59,86.440678,93,153,60.784314,93,PL_mean,67.486111,58.977167,1,3.333333,BD127=4; BD158=1; BD50=5,12,14.333333,BD127=12; BD158=15; BD50=16,0.592532,0.374165,0.633977
195,Aliphatic,BD117 + BD127 + BD9,BD117,BD127,BD9,BD117=Micococcus luteus; BD127=Achromobacter; BD9=Bacillus amyloliquefaciens,BD117=Metal_Group_9; BD127=Metal_Group_4; BD9=Metal_Group_4,52,59,88.135593,90,153,58.823529,90,PL_mean,66.673333,57.860972,1,7.666667,BD117=1; BD127=17; BD9=5,8,17.666667,BD117=8; BD127=24; BD9=21,0.516435,0.366673,0.631554
196,Aliphatic,BD163 + BD61 + BG1,BD163,BD61,BG1,BD163=Bacillus megaterium; BD61=Ochrobactrum; BG1=Bacillus amyloliquefaciens,BD163=Metal_Group_12; BD61=Metal_Group_4; BG1=Metal_Group_4,50,59,84.745763,99,153,64.705882,99,PL_mean,74.403055,70.282083,1,6,BD163=11; BD61=6; BG1=1,4,14.333333,BD163=11; BD61=28; BG1=4,0.577799,0.405117,0.630053
197,Aliphatic,BD127 + BD158 + BD163,BD127,BD158,BD163,BD127=Achromobacter; BD158=Salinicola; BD163=Bacillus megaterium,BD127=Metal_Group_4; BD158=Metal_Group_1; BD163=Metal_Group_12,51,59,86.440678,103,153,67.320261,103,PL_mean,63.394167,55.729528,1,3,BD127=3; BD158=1; BD163=5,12,17,BD127=12; BD158=13; BD163=26,0.609263,0.384837,0.628512
198,Aliphatic,BD158 + BD50 + BG1,BD158,BD50,BG1,BD158=Salinicola; BD50=Bacillus safensis; BG1=Bacillus amyloliquefaciens,BD158=Metal_Group_1; BD50=Metal_Group_4; BG1=Metal_Group_4,49,59,83.050847,87,153,56.862745,87,PL_mean,73.605,70.90175,2,6,BD158=5; BD50=11; BG1=2,1,12.333333,BD158=30; BD50=1; BG1=6,0.567741,0.45709,0.62785
199,Aliphatic,BD120 + BD48 + BG1,BD120,BD48,BG1,BD120=Bacillus subtilis; BD48=Bacillus safensis; BG1=Bacillus amyloliquefaciens,BD120=Metal_Group_4; BD48=Metal_Group_1; BG1=Metal_Group_4,50,59,84.745763,87,153,56.862745,87,PL_mean,70.478889,67.005833,2,6.666667,BD120=9; BD48=9; BG1=2,3,12,BD120=3; BD48=30; BG1=3,0.588245,0.516708,0.625704
200,Aliphatic,BD120 + BD158 + BD162,BD120,BD158,BD162,BD120=Bacillus subtilis; BD158=Salinicola; BD162=Bacillus safensis,BD120=Metal_Group_4; BD158=Metal_Group_1; BD162=Metal_Group_4,49,59,83.050847,88,153,57.51634,88,PL_mean,71.463333,71.537861,2,7,BD120=11; BD158=8; BD162=2,2,11.666667,BD120=2; BD158=31; BD162=2,0.576653,0.480348,0.624767
201,Aliphatic,BD127 + BD139 + BD61,BD127,BD139,BD61,BD127=Achromobacter; BD139=Brevibacillus brevis; BD61=Ochrobactrum,BD127=Metal_Group_4; BD139=Metal_Group_4; BD61=Metal_Group_4,48,59,81.355932,103,153,67.320261,103,PL_mean,64.623333,55.400139,1,5.666667,BD127=14; BD139=1; BD61=2,16,18,BD127=16; BD139=21; BD61=17,0.583646,0.388446,0.622321
202,Aliphatic,BD163 + BD54 + BG1,BD163,BD54,BG1,BD163=Bacillus megaterium; BD54=Acinetobacter; BG1=Bacillus amyloliquefaciens,BD163=Metal_Group_12; BD54=Metal_Group_1; BG1=Metal_Group_4,50,59,84.745763,94,153,61.437908,94,PL_mean,74.613055,72.063194,1,5.333333,BD163=9; BD54=6; BG1=1,5,12.666667,BD163=10; BD54=23; BG1=5,0.597165,0.462128,0.621627
203,Aliphatic,BD126 + BD162 + BD61,BD126,BD162,BD61,BD126=Bacillus; BD162=Bacillus safensis; BD61=Ochrobactrum,BD126=Metal_Group_4; BD162=Metal_Group_4; BD61=Metal_Group_4,50,59,84.745763,90,153,58.823529,90,PL_mean,68.45,63.087222,2,7.333333,BD126=11; BD162=2; BD61=9,2,12.333333,BD126=2; BD162=2; BD61=33,0.568454,0.468368,0.620965
204,Aliphatic,BD158 + BD160 + BD162,BD158,BD160,BD162,BD158=Salinicola; BD160=Bacillus stratosphericus; BD162=Bacillus safensis,BD158=Metal_Group_1; BD160=Metal_Group_4; BD162=Metal_Group_4,49,59,83.050847,88,153,57.51634,88,PL_mean,69.810555,69.674528,2,6,BD158=5; BD160=11; BD162=2,2,12,BD158=30; BD160=2; BD162=4,0.567741,0.460473,0.619853
205,Aliphatic,BD163 + BG1 + E7,BD163,BG1,E7,BD163=Bacillus megaterium; BG1=Bacillus amyloliquefaciens; E7=Acinetobacter,BD163=Metal_Group_12; BG1=Metal_Group_4; E7=Metal_Group_1,50,59,84.745763,94,153,61.437908,94,PL_mean,74.840278,70.023472,1,5.333333,BD163=9; BG1=1; E7=6,5,12.666667,BD163=10; BG1=5; E7=23,0.597165,0.462128,0.619649
206,Aliphatic,BD126 + BD127 + BD158,BD126,BD127,BD158,BD126=Bacillus; BD127=Achromobacter; BD158=Salinicola,BD126=Metal_Group_4; BD127=Metal_Group_4; BD158=Metal_Group_1,51,59,86.440678,98,153,64.052288,98,PL_mean,62.131111,51.034111,1,3.333333,BD126=5; BD127=4; BD158=1,12,16.333333,BD126=21; BD127=12; BD158=16,0.565014,0.366828,0.61957
207,Aliphatic,BD132 + BD158 + BD162,BD132,BD158,BD162,BD132=Bacillus safensis; BD158=Salinicola; BD162=Bacillus safensis,BD132=Metal_Group_4; BD158=Metal_Group_1; BD162=Metal_Group_4,49,59,83.050847,87,153,56.862745,87,PL_mean,70.934444,71.248139,2,6,BD132=11; BD158=5; BD162=2,1,12.333333,BD132=1; BD158=30; BD162=6,0.567741,0.45709,0.619119
208,Aliphatic,BD126 + BD162 + BD54,BD126,BD162,BD54,BD126=Bacillus; BD162=Bacillus safensis; BD54=Acinetobacter,BD126=Metal_Group_4; BD162=Metal_Group_4; BD54=Metal_Group_1,50,59,84.745763,87,153,56.862745,87,PL_mean,68.66,64.868333,2,6.666667,BD126=9; BD162=2; BD54=9,3,12,BD126=3; BD162=3; BD54=30,0.588245,0.516708,0.616545
209,Aliphatic,BD120 + BD158 + BD9,BD120,BD158,BD9,BD120=Bacillus subtilis; BD158=Salinicola; BD9=Bacillus amyloliquefaciens,BD120=Metal_Group_4; BD158=Metal_Group_1; BD9=Metal_Group_4,49,59,83.050847,88,153,57.51634,88,PL_mean,70.843333,66.857305,2,7,BD120=11; BD158=8; BD9=2,2,11.666667,BD120=2; BD158=31; BD9=2,0.576653,0.480348,0.616296
210,Aliphatic,BD126 + BD162 + E7,BD126,BD162,E7,BD126=Bacillus; BD162=Bacillus safensis; E7=Acinetobacter,BD126=Metal_Group_4; BD162=Metal_Group_4; E7=Metal_Group_1,50,59,84.745763,87,153,56.862745,87,PL_mean,68.887222,62.828611,2,6.666667,BD126=9; BD162=2; E7=9,3,12,BD126=3; BD162=3; E7=30,0.588245,0.516708,0.614567
211,Aliphatic,BD126 + BD61 + BD9,BD126,BD61,BD9,BD126=Bacillus; BD61=Ochrobactrum; BD9=Bacillus amyloliquefaciens,BD126=Metal_Group_4; BD61=Metal_Group_4; BD9=Metal_Group_4,50,59,84.745763,90,153,58.823529,90,PL_mean,67.83,58.406667,2,7.333333,BD126=11; BD61=9; BD9=2,2,12.333333,BD126=2; BD61=33; BD9=2,0.568454,0.468368,0.612494
212,Aliphatic,BD139 + BD160 + BD54,BD139,BD160,BD54,BD139=Brevibacillus brevis; BD160=Bacillus stratosphericus; BD54=Acinetobacter,BD139=Metal_Group_4; BD160=Metal_Group_4; BD54=Metal_Group_1,48,59,81.355932,96,153,62.745098,96,PL_mean,71.435555,69.376111,1,6.333333,BD139=1; BD160=12; BD54=6,10,14.333333,BD139=14; BD160=10; BD54=19,0.619216,0.413265,0.611938
213,Aliphatic,BD158 + BD160 + BD9,BD158,BD160,BD9,BD158=Salinicola; BD160=Bacillus stratosphericus; BD9=Bacillus amyloliquefaciens,BD158=Metal_Group_1; BD160=Metal_Group_4; BD9=Metal_Group_4,49,59,83.050847,88,153,57.51634,88,PL_mean,69.190555,64.993972,2,6,BD158=5; BD160=11; BD9=2,2,12,BD158=30; BD160=2; BD9=4,0.567741,0.460473,0.611382
214,Aliphatic,BD132 + BD158 + BD9,BD132,BD158,BD9,BD132=Bacillus safensis; BD158=Salinicola; BD9=Bacillus amyloliquefaciens,BD132=Metal_Group_4; BD158=Metal_Group_1; BD9=Metal_Group_4,49,59,83.050847,87,153,56.862745,87,PL_mean,70.314444,66.567583,2,6,BD132=11; BD158=5; BD9=2,1,12.333333,BD132=1; BD158=30; BD9=6,0.567741,0.45709,0.610648
215,Aliphatic,BD162 + BD163 + BD61,BD162,BD163,BD61,BD162=Bacillus safensis; BD163=Bacillus megaterium; BD61=Ochrobactrum,BD162=Metal_Group_4; BD163=Metal_Group_12; BD61=Metal_Group_4,50,59,84.745763,99,153,64.705882,99,PL_mean,69.713055,67.782639,1,6,BD162=1; BD163=11; BD61=6,4,14.333333,BD162=4; BD163=11; BD61=28,0.577799,0.405117,0.610514
216,Aliphatic,BD139 + BD160 + E7,BD139,BD160,E7,BD139=Brevibacillus brevis; BD160=Bacillus stratosphericus; E7=Acinetobacter,BD139=Metal_Group_4; BD160=Metal_Group_4; E7=Metal_Group_1,48,59,81.355932,96,153,62.745098,96,PL_mean,71.662778,67.336389,1,6.333333,BD139=1; BD160=12; E7=6,10,14.333333,BD139=14; BD160=10; E7=19,0.619216,0.413265,0.60996
217,Aliphatic,BD158 + BD162 + BD50,BD158,BD162,BD50,BD158=Salinicola; BD162=Bacillus safensis; BD50=Bacillus safensis,BD158=Metal_Group_1; BD162=Metal_Group_4; BD50=Metal_Group_4,49,59,83.050847,87,153,56.862745,87,PL_mean,68.915,68.402306,2,6,BD158=5; BD162=2; BD50=11,1,12.333333,BD158=30; BD162=6; BD50=1,0.567741,0.45709,0.608311
218,Aliphatic,BD127 + BD139 + BD48,BD127,BD139,BD48,BD127=Achromobacter; BD139=Brevibacillus brevis; BD48=Bacillus safensis,BD127=Metal_Group_4; BD139=Metal_Group_4; BD48=Metal_Group_1,51,59,86.440678,102,153,66.666667,102,PL_mean,54.058889,45.740695,1,7,BD127=15; BD139=1; BD48=5,16,18,BD127=16; BD139=22; BD48=16,0.568889,0.413566,0.608276
219,Aliphatic,BD126 + BD54 + BD9,BD126,BD54,BD9,BD126=Bacillus; BD54=Acinetobacter; BD9=Bacillus amyloliquefaciens,BD126=Metal_Group_4; BD54=Metal_Group_1; BD9=Metal_Group_4,50,59,84.745763,87,153,56.862745,87,PL_mean,68.04,60.187778,2,6.666667,BD126=9; BD54=9; BD9=2,3,12,BD126=3; BD54=30; BD9=3,0.588245,0.516708,0.608074
220,Aliphatic,BD120 + BD162 + BD48,BD120,BD162,BD48,BD120=Bacillus subtilis; BD162=Bacillus safensis; BD48=Bacillus safensis,BD120=Metal_Group_4; BD162=Metal_Group_4; BD48=Metal_Group_1,50,59,84.745763,87,153,56.862745,87,PL_mean,65.788889,64.506389,2,6.666667,BD120=9; BD162=2; BD48=9,3,12,BD120=3; BD162=3; BD48=30,0.588245,0.516708,0.606165
221,Aliphatic,BD126 + BD9 + E7,BD126,BD9,E7,BD126=Bacillus; BD9=Bacillus amyloliquefaciens; E7=Acinetobacter,BD126=Metal_Group_4; BD9=Metal_Group_4; E7=Metal_Group_1,50,59,84.745763,87,153,56.862745,87,PL_mean,68.267222,58.148056,2,6.666667,BD126=9; BD9=2; E7=9,3,12,BD126=3; BD9=3; E7=30,0.588245,0.516708,0.606096
222,Aliphatic,BD132 + BD139 + BD54,BD132,BD139,BD54,BD132=Bacillus safensis; BD139=Brevibacillus brevis; BD54=Acinetobacter,BD132=Metal_Group_4; BD139=Metal_Group_4; BD54=Metal_Group_1,48,59,81.355932,94,153,61.437908,94,PL_mean,72.559444,70.949722,1,6.333333,BD132=12; BD139=1; BD54=6,8,14,BD132=8; BD139=14; BD54=20,0.619216,0.418364,0.603585
223,Aliphatic,BD162 + BD163 + BD54,BD162,BD163,BD54,BD162=Bacillus safensis; BD163=Bacillus megaterium; BD54=Acinetobacter,BD162=Metal_Group_4; BD163=Metal_Group_12; BD54=Metal_Group_1,50,59,84.745763,94,153,61.437908,94,PL_mean,69.923055,69.56375,1,5.333333,BD162=1; BD163=9; BD54=6,5,12.666667,BD162=5; BD163=10; BD54=23,0.597165,0.462128,0.602087
224,Aliphatic,BD126 + BD158 + BG1,BD126,BD158,BG1,BD126=Bacillus; BD158=Salinicola; BG1=Bacillus amyloliquefaciens,BD126=Metal_Group_4; BD158=Metal_Group_1; BG1=Metal_Group_4,49,59,83.050847,88,153,57.51634,88,PL_mean,68.25,62.958694,2,7,BD126=11; BD158=8; BG1=2,2,11.666667,BD126=2; BD158=31; BG1=2,0.576653,0.480348,0.602086
225,Aliphatic,BD163 + BD61 + BD9,BD163,BD61,BD9,BD163=Bacillus megaterium; BD61=Ochrobactrum; BD9=Bacillus amyloliquefaciens,BD163=Metal_Group_12; BD61=Metal_Group_4; BD9=Metal_Group_4,50,59,84.745763,99,153,64.705882,99,PL_mean,69.093055,63.102083,1,6,BD163=11; BD61=6; BD9=1,4,14.333333,BD163=11; BD61=28; BD9=4,0.577799,0.405117,0.602042
226,Aliphatic,BD132 + BD139 + E7,BD132,BD139,E7,BD132=Bacillus safensis; BD139=Brevibacillus brevis; E7=Acinetobacter,BD132=Metal_Group_4; BD139=Metal_Group_4; E7=Metal_Group_1,48,59,81.355932,94,153,61.437908,94,PL_mean,72.786667,68.91,1,6.333333,BD132=12; BD139=1; E7=6,8,14,BD132=8; BD139=14; E7=20,0.619216,0.418364,0.601607
227,Aliphatic,BD158 + BD163 + BG1,BD158,BD163,BG1,BD158=Salinicola; BD163=Bacillus megaterium; BG1=Bacillus amyloliquefaciens,BD158=Metal_Group_1; BD163=Metal_Group_12; BG1=Metal_Group_4,49,59,83.050847,97,153,63.398693,97,PL_mean,69.513055,67.654111,1,5.666667,BD158=5; BD163=11; BG1=1,6,14.333333,BD158=26; BD163=11; BG1=6,0.586291,0.426415,0.601407
228,Aliphatic,BD162 + BD163 + E7,BD162,BD163,E7,BD162=Bacillus safensis; BD163=Bacillus megaterium; E7=Acinetobacter,BD162=Metal_Group_4; BD163=Metal_Group_12; E7=Metal_Group_1,50,59,84.745763,94,153,61.437908,94,PL_mean,70.150278,67.524028,1,5.333333,BD162=1; BD163=9; E7=6,5,12.666667,BD162=5; BD163=10; E7=23,0.597165,0.462128,0.600109
229,Aliphatic,BD158 + BD50 + BD9,BD158,BD50,BD9,BD158=Salinicola; BD50=Bacillus safensis; BD9=Bacillus amyloliquefaciens,BD158=Metal_Group_1; BD50=Metal_Group_4; BD9=Metal_Group_4,49,59,83.050847,87,153,56.862745,87,PL_mean,68.295,63.72175,2,6,BD158=5; BD50=11; BD9=2,1,12.333333,BD158=30; BD50=1; BD9=6,0.567741,0.45709,0.59984
230,Aliphatic,BD127 + BD54 + BD61,BD127,BD54,BD61,BD127=Achromobacter; BD54=Acinetobacter; BD61=Ochrobactrum,BD127=Metal_Group_4; BD54=Metal_Group_1; BD61=Metal_Group_4,50,59,84.745763,98,153,64.052288,98,PL_mean,74.342222,62.429861,0,5,BD127=12; BD54=3; BD61=0,11,15,BD127=11; BD54=16; BD61=18,0.608331,0.406752,0.59797
231,Aliphatic,BD120 + BD48 + BD9,BD120,BD48,BD9,BD120=Bacillus subtilis; BD48=Bacillus safensis; BD9=Bacillus amyloliquefaciens,BD120=Metal_Group_4; BD48=Metal_Group_1; BD9=Metal_Group_4,50,59,84.745763,87,153,56.862745,87,PL_mean,65.168889,59.825833,2,6.666667,BD120=9; BD48=9; BD9=2,3,12,BD120=3; BD48=30; BD9=3,0.588245,0.516708,0.597694
232,Aliphatic,BD127 + BD61 + E7,BD127,BD61,E7,BD127=Achromobacter; BD61=Ochrobactrum; E7=Acinetobacter,BD127=Metal_Group_4; BD61=Metal_Group_4; E7=Metal_Group_1,50,59,84.745763,98,153,64.052288,98,PL_mean,74.569445,60.390139,0,5,BD127=12; BD61=0; E7=3,11,15,BD127=11; BD61=18; E7=16,0.608331,0.406752,0.595992
233,Aliphatic,BD163 + BD54 + BD9,BD163,BD54,BD9,BD163=Bacillus megaterium; BD54=Acinetobacter; BD9=Bacillus amyloliquefaciens,BD163=Metal_Group_12; BD54=Metal_Group_1; BD9=Metal_Group_4,50,59,84.745763,94,153,61.437908,94,PL_mean,69.303055,64.883194,1,5.333333,BD163=9; BD54=6; BD9=1,5,12.666667,BD163=10; BD54=23; BD9=5,0.597165,0.462128,0.593616
234,Aliphatic,BD139 + BD50 + BD54,BD139,BD50,BD54,BD139=Brevibacillus brevis; BD50=Bacillus safensis; BD54=Acinetobacter,BD139=Metal_Group_4; BD50=Metal_Group_4; BD54=Metal_Group_1,48,59,81.355932,94,153,61.437908,94,PL_mean,70.54,68.103889,1,6.333333,BD139=1; BD50=12; BD54=6,8,14,BD139=14; BD50=8; BD54=20,0.619216,0.418364,0.592777
235,Aliphatic,BD163 + BD9 + E7,BD163,BD9,E7,BD163=Bacillus megaterium; BD9=Bacillus amyloliquefaciens; E7=Acinetobacter,BD163=Metal_Group_12; BD9=Metal_Group_4; E7=Metal_Group_1,50,59,84.745763,94,153,61.437908,94,PL_mean,69.530278,62.843472,1,5.333333,BD163=9; BD9=1; E7=6,5,12.666667,BD163=10; BD9=5; E7=23,0.597165,0.462128,0.591638
236,Aliphatic,BD139 + BD50 + E7,BD139,BD50,E7,BD139=Brevibacillus brevis; BD50=Bacillus safensis; E7=Acinetobacter,BD139=Metal_Group_4; BD50=Metal_Group_4; E7=Metal_Group_1,48,59,81.355932,94,153,61.437908,94,PL_mean,70.767222,66.064167,1,6.333333,BD139=1; BD50=12; E7=6,8,14,BD139=14; BD50=8; E7=20,0.619216,0.418364,0.590799
237,Aliphatic,BD117 + BD160 + BG1,BD117,BD160,BG1,BD117=Micococcus luteus; BD160=Bacillus stratosphericus; BG1=Bacillus amyloliquefaciens,BD117=Metal_Group_9; BD160=Metal_Group_4; BG1=Metal_Group_4,46,59,77.966102,69,153,45.098039,69,PL_mean,78.585555,77.235833,2,5,BD117=2; BD160=11; BG1=2,3,5.666667,BD117=11; BD160=3; BG1=3,0.595887,0.516893,0.586867
238,Aliphatic,BD117 + BD132 + BG1,BD117,BD132,BG1,BD117=Micococcus luteus; BD132=Bacillus safensis; BG1=Bacillus amyloliquefaciens,BD117=Metal_Group_9; BD132=Metal_Group_4; BG1=Metal_Group_4,46,59,77.966102,68,153,44.444444,68,PL_mean,79.709444,78.809445,2,5,BD117=2; BD132=11; BG1=2,2,6,BD117=11; BD132=2; BG1=5,0.595887,0.515607,0.585977
239,Aliphatic,BD117 + BD54 + BD61,BD117,BD54,BD61,BD117=Micococcus luteus; BD54=Acinetobacter; BD61=Ochrobactrum,BD117=Metal_Group_9; BD54=Metal_Group_1; BD61=Metal_Group_4,40,59,67.79661,95,153,62.091503,95,PL_mean,81.0,74.83,2,3.666667,BD117=2; BD54=5; BD61=4,8,17,BD117=8; BD54=22; BD61=21,0.687371,0.349373,0.584843
240,Aliphatic,BD126 + BD48 + BG1,BD126,BD48,BG1,BD126=Bacillus; BD48=Bacillus safensis; BG1=Bacillus amyloliquefaciens,BD126=Metal_Group_4; BD48=Metal_Group_1; BG1=Metal_Group_4,50,59,84.745763,87,153,56.862745,87,PL_mean,62.575556,55.927222,2,6.666667,BD126=9; BD48=9; BG1=2,3,12,BD126=3; BD48=30; BG1=3,0.588245,0.516708,0.583483
241,Aliphatic,BD120 + BD139 + BD61,BD120,BD139,BD61,BD120=Bacillus subtilis; BD139=Brevibacillus brevis; BD61=Ochrobactrum,BD120=Metal_Group_4; BD139=Metal_Group_4; BD61=Metal_Group_4,48,59,81.355932,98,153,64.052288,98,PL_mean,72.878333,69.458333,0,6.666667,BD120=14; BD139=0; BD61=6,10,14.666667,BD120=11; BD139=10; BD61=23,0.560808,0.398955,0.583472
242,Aliphatic,BD139 + BD160 + BD61,BD139,BD160,BD61,BD139=Brevibacillus brevis; BD160=Bacillus stratosphericus; BD61=Ochrobactrum,BD139=Metal_Group_4; BD160=Metal_Group_4; BD61=Metal_Group_4,48,59,81.355932,99,153,64.705882,99,PL_mean,71.225555,67.595,0,6.666667,BD139=0; BD160=14; BD61=6,12,15.666667,BD139=13; BD160=12; BD61=22,0.59057,0.379136,0.582899
243,Aliphatic,BD117 + BD61 + E7,BD117,BD61,E7,BD117=Micococcus luteus; BD61=Ochrobactrum; E7=Acinetobacter,BD117=Metal_Group_9; BD61=Metal_Group_4; E7=Metal_Group_1,40,59,67.79661,95,153,62.091503,95,PL_mean,81.227222,72.790278,2,3.666667,BD117=2; BD61=4; E7=5,8,17,BD117=8; BD61=21; E7=22,0.687371,0.349373,0.582865
244,Aliphatic,BD126 + BD158 + BD162,BD126,BD158,BD162,BD126=Bacillus; BD158=Salinicola; BD162=Bacillus safensis,BD126=Metal_Group_4; BD158=Metal_Group_1; BD162=Metal_Group_4,49,59,83.050847,88,153,57.51634,88,PL_mean,63.56,60.45925,2,7,BD126=11; BD158=8; BD162=2,2,11.666667,BD126=2; BD158=31; BD162=2,0.576653,0.480348,0.582546
245,Aliphatic,BD158 + BD162 + BD163,BD158,BD162,BD163,BD158=Salinicola; BD162=Bacillus safensis; BD163=Bacillus megaterium,BD158=Metal_Group_1; BD162=Metal_Group_4; BD163=Metal_Group_12,49,59,83.050847,97,153,63.398693,97,PL_mean,64.823055,65.154667,1,5.666667,BD158=5; BD162=1; BD163=11,6,14.333333,BD158=26; BD162=6; BD163=11,0.586291,0.426415,0.581868
246,Aliphatic,BD120 + BD158 + BD61,BD120,BD158,BD61,BD120=Bacillus subtilis; BD158=Salinicola; BD61=Ochrobactrum,BD120=Metal_Group_4; BD158=Metal_Group_1; BD61=Metal_Group_4,48,59,81.355932,96,153,62.745098,96,PL_mean,77.497222,72.078972,0,5.666667,BD120=16; BD158=0; BD61=1,8,13.666667,BD120=23; BD158=8; BD61=10,0.610889,0.388722,0.579481
247,Aliphatic,BD120 + BD139 + BD54,BD120,BD139,BD54,BD120=Bacillus subtilis; BD139=Brevibacillus brevis; BD54=Acinetobacter,BD120=Metal_Group_4; BD139=Metal_Group_4; BD54=Metal_Group_1,48,59,81.355932,96,153,62.745098,96,PL_mean,73.088333,71.239444,0,6,BD120=12; BD139=0; BD54=6,10,14.333333,BD120=10; BD139=12; BD54=21,0.578373,0.432392,0.577078
248,Aliphatic,BD132 + BD158 + BD61,BD132,BD158,BD61,BD132=Bacillus safensis; BD158=Salinicola; BD61=Ochrobactrum,BD132=Metal_Group_4; BD158=Metal_Group_1; BD61=Metal_Group_4,48,59,81.355932,93,153,60.784314,93,PL_mean,76.968333,71.78925,0,5.666667,BD132=16; BD158=0; BD61=1,10,14,BD132=20; BD158=10; BD61=12,0.638963,0.400179,0.576029
249,Aliphatic,BD158 + BD160 + BD61,BD158,BD160,BD61,BD158=Salinicola; BD160=Bacillus stratosphericus; BD61=Ochrobactrum,BD158=Metal_Group_1; BD160=Metal_Group_4; BD61=Metal_Group_4,48,59,81.355932,96,153,62.745098,96,PL_mean,75.844444,70.215639,0,5.666667,BD158=0; BD160=16; BD61=1,10,15,BD158=10; BD160=23; BD61=12,0.638963,0.393143,0.575724
250,Aliphatic,BD117 + BD50 + BG1,BD117,BD50,BG1,BD117=Micococcus luteus; BD50=Bacillus safensis; BG1=Bacillus amyloliquefaciens,BD117=Metal_Group_9; BD50=Metal_Group_4; BG1=Metal_Group_4,46,59,77.966102,68,153,44.444444,68,PL_mean,77.69,75.963611,2,5,BD117=2; BD50=11; BG1=2,2,6,BD117=11; BD50=2; BG1=5,0.595887,0.515607,0.575168
251,Aliphatic,BD120 + BD139 + E7,BD120,BD139,E7,BD120=Bacillus subtilis; BD139=Brevibacillus brevis; E7=Acinetobacter,BD120=Metal_Group_4; BD139=Metal_Group_4; E7=Metal_Group_1,48,59,81.355932,96,153,62.745098,96,PL_mean,73.315556,69.199722,0,6,BD120=12; BD139=0; E7=6,10,14.333333,BD120=10; BD139=12; E7=21,0.578373,0.432392,0.5751
252,Aliphatic,BD126 + BD158 + BD9,BD126,BD158,BD9,BD126=Bacillus; BD158=Salinicola; BD9=Bacillus amyloliquefaciens,BD126=Metal_Group_4; BD158=Metal_Group_1; BD9=Metal_Group_4,49,59,83.050847,88,153,57.51634,88,PL_mean,62.94,55.778694,2,7,BD126=11; BD158=8; BD9=2,2,11.666667,BD126=2; BD158=31; BD9=2,0.576653,0.480348,0.574075
253,Aliphatic,BD158 + BD163 + BD9,BD158,BD163,BD9,BD158=Salinicola; BD163=Bacillus megaterium; BD9=Bacillus amyloliquefaciens,BD158=Metal_Group_1; BD163=Metal_Group_12; BD9=Metal_Group_4,49,59,83.050847,97,153,63.398693,97,PL_mean,64.203055,60.474111,1,5.666667,BD158=5; BD163=11; BD9=1,6,14.333333,BD158=26; BD163=11; BD9=6,0.586291,0.426415,0.573397
254,Aliphatic,BD117 + BD54 + BG1,BD117,BD54,BG1,BD117=Micococcus luteus; BD54=Acinetobacter; BG1=Bacillus amyloliquefaciens,BD117=Metal_Group_9; BD54=Metal_Group_1; BG1=Metal_Group_4,42,59,71.186441,93,153,60.784314,93,PL_mean,79.656111,76.788333,1,4.666667,BD117=1; BD54=7; BG1=6,9,18.333333,BD117=9; BD54=27; BG1=19,0.627997,0.359005,0.570098
255,Aliphatic,BD127 + BD139 + BG1,BD127,BD139,BG1,BD127=Achromobacter; BD139=Brevibacillus brevis; BG1=Bacillus amyloliquefaciens,BD127=Metal_Group_4; BD139=Metal_Group_4; BG1=Metal_Group_4,51,59,86.440678,96,153,62.745098,96,PL_mean,63.279444,57.358472,0,7.666667,BD127=18; BD139=0; BG1=5,10,15,BD127=21; BD139=14; BG1=10,0.542781,0.411565,0.569326
256,Aliphatic,BD163 + BD48 + BG1,BD163,BD48,BG1,BD163=Bacillus megaterium; BD48=Bacillus safensis; BG1=Bacillus amyloliquefaciens,BD163=Metal_Group_12; BD48=Metal_Group_1; BG1=Metal_Group_4,50,59,84.745763,94,153,61.437908,94,PL_mean,63.838611,60.622639,1,5.333333,BD163=9; BD48=6; BG1=1,5,12.666667,BD163=10; BD48=23; BG1=5,0.597165,0.462128,0.569025
257,Aliphatic,BD120 + BD163 + BD61,BD120,BD163,BD61,BD120=Bacillus subtilis; BD163=Bacillus megaterium; BD61=Ochrobactrum,BD120=Metal_Group_4; BD163=Metal_Group_12; BD61=Metal_Group_4,49,59,83.050847,99,153,64.705882,99,PL_mean,76.539167,72.415694,0,2.333333,BD120=0; BD163=1; BD61=6,4,14.333333,BD120=4; BD163=11; BD61=28,0.625171,0.405117,0.568616
258,Aliphatic,BD117 + BG1 + E7,BD117,BG1,E7,BD117=Micococcus luteus; BG1=Bacillus amyloliquefaciens; E7=Acinetobacter,BD117=Metal_Group_9; BG1=Metal_Group_4; E7=Metal_Group_1,42,59,71.186441,93,153,60.784314,93,PL_mean,79.883333,74.748611,1,4.666667,BD117=1; BG1=6; E7=7,9,18.333333,BD117=9; BG1=19; E7=27,0.627997,0.359005,0.56812
259,Aliphatic,BD117 + BD160 + BD162,BD117,BD160,BD162,BD117=Micococcus luteus; BD160=Bacillus stratosphericus; BD162=Bacillus safensis,BD117=Metal_Group_9; BD160=Metal_Group_4; BD162=Metal_Group_4,46,59,77.966102,69,153,45.098039,69,PL_mean,73.895555,74.736389,2,5,BD117=2; BD160=11; BD162=2,3,5.666667,BD117=11; BD160=3; BD162=3,0.595887,0.516893,0.567328
260,Aliphatic,BD132 + BD139 + BD61,BD132,BD139,BD61,BD132=Bacillus safensis; BD139=Brevibacillus brevis; BD61=Ochrobactrum,BD132=Metal_Group_4; BD139=Metal_Group_4; BD61=Metal_Group_4,48,59,81.355932,96,153,62.745098,96,PL_mean,72.349444,69.168611,0,6.666667,BD132=14; BD139=0; BD61=6,9,14.666667,BD132=9; BD139=13; BD61=22,0.59057,0.388816,0.567218
261,Aliphatic,BD117 + BD132 + BD162,BD117,BD132,BD162,BD117=Micococcus luteus; BD132=Bacillus safensis; BD162=Bacillus safensis,BD117=Metal_Group_9; BD132=Metal_Group_4; BD162=Metal_Group_4,46,59,77.966102,68,153,44.444444,68,PL_mean,75.019444,76.31,2,5,BD117=2; BD132=11; BD162=2,2,6,BD117=11; BD132=2; BD162=5,0.595887,0.515607,0.566438
262,Aliphatic,BD117 + BD158 + BG1,BD117,BD158,BG1,BD117=Micococcus luteus; BD158=Salinicola; BG1=Bacillus amyloliquefaciens,BD117=Metal_Group_9; BD158=Metal_Group_1; BG1=Metal_Group_4,40,59,67.79661,93,153,60.784314,93,PL_mean,74.556111,72.37925,2,4,BD117=2; BD158=5; BG1=5,7,19,BD117=7; BD158=27; BG1=23,0.61203,0.356784,0.565465
263,Aliphatic,BD158 + BD50 + BD61,BD158,BD50,BD61,BD158=Salinicola; BD50=Bacillus safensis; BD61=Ochrobactrum,BD158=Metal_Group_1; BD50=Metal_Group_4; BD61=Metal_Group_4,48,59,81.355932,93,153,60.784314,93,PL_mean,74.948889,68.943417,0,5.666667,BD158=0; BD50=16; BD61=1,10,14,BD158=10; BD50=20; BD61=12,0.638963,0.400179,0.565221
264,Aliphatic,BD127 + BD158 + BD54,BD127,BD158,BD54,BD127=Achromobacter; BD158=Salinicola; BD54=Acinetobacter,BD127=Metal_Group_4; BD158=Metal_Group_1; BD54=Metal_Group_1,50,59,84.745763,92,153,60.130719,92,PL_mean,69.452222,59.801889,0,5.333333,BD127=12; BD158=0; BD54=4,11,12.666667,BD127=11; BD158=12; BD54=15,0.603722,0.462437,0.56402
265,Aliphatic,BD126 + BD162 + BD48,BD126,BD162,BD48,BD126=Bacillus; BD162=Bacillus safensis; BD48=Bacillus safensis,BD126=Metal_Group_4; BD162=Metal_Group_4; BD48=Metal_Group_1,50,59,84.745763,87,153,56.862745,87,PL_mean,57.885556,53.427778,2,6.666667,BD126=9; BD162=2; BD48=9,3,12,BD126=3; BD162=3; BD48=30,0.588245,0.516708,0.563944
266,Aliphatic,BD127 + BD158 + E7,BD127,BD158,E7,BD127=Achromobacter; BD158=Salinicola; E7=Acinetobacter,BD127=Metal_Group_4; BD158=Metal_Group_1; E7=Metal_Group_1,50,59,84.745763,92,153,60.130719,92,PL_mean,69.679445,57.762167,0,5.333333,BD127=12; BD158=0; E7=4,11,12.666667,BD127=11; BD158=12; E7=15,0.603722,0.462437,0.562042
267,Aliphatic,BD117 + BD158 + BD54,BD117,BD158,BD54,BD117=Micococcus luteus; BD158=Salinicola; BD54=Acinetobacter,BD117=Metal_Group_9; BD158=Metal_Group_1; BD54=Metal_Group_1,40,59,67.79661,90,153,58.823529,90,PL_mean,76.11,72.202028,2,3.666667,BD117=2; BD158=4; BD54=5,9,15,BD117=9; BD158=16; BD54=20,0.669075,0.393447,0.561542
268,Aliphatic,BD132 + BD163 + BD61,BD132,BD163,BD61,BD132=Bacillus safensis; BD163=Bacillus megaterium; BD61=Ochrobactrum,BD132=Metal_Group_4; BD163=Metal_Group_12; BD61=Metal_Group_4,49,59,83.050847,99,153,64.705882,99,PL_mean,76.010278,72.125972,0,2.333333,BD132=0; BD163=1; BD61=6,4,16.333333,BD132=4; BD163=16; BD61=29,0.654564,0.394631,0.561175
269,Aliphatic,BD117 + BD158 + E7,BD117,BD158,E7,BD117=Micococcus luteus; BD158=Salinicola; E7=Acinetobacter,BD117=Metal_Group_9; BD158=Metal_Group_1; E7=Metal_Group_1,40,59,67.79661,90,153,58.823529,90,PL_mean,76.337222,70.162306,2,3.666667,BD117=2; BD158=4; E7=5,9,15,BD117=9; BD158=16; E7=20,0.669075,0.393447,0.559563
270,Aliphatic,BD139 + BD160 + BD48,BD139,BD160,BD48,BD139=Brevibacillus brevis; BD160=Bacillus stratosphericus; BD48=Bacillus safensis,BD139=Metal_Group_4; BD160=Metal_Group_4; BD48=Metal_Group_1,48,59,81.355932,96,153,62.745098,96,PL_mean,60.661111,57.935556,1,6.333333,BD139=1; BD160=12; BD48=6,10,14.333333,BD139=14; BD160=10; BD48=19,0.619216,0.413265,0.559337
271,Aliphatic,BD117 + BD160 + BD9,BD117,BD160,BD9,BD117=Micococcus luteus; BD160=Bacillus stratosphericus; BD9=Bacillus amyloliquefaciens,BD117=Metal_Group_9; BD160=Metal_Group_4; BD9=Metal_Group_4,46,59,77.966102,69,153,45.098039,69,PL_mean,73.275555,70.055833,2,5,BD117=2; BD160=11; BD9=2,3,5.666667,BD117=11; BD160=3; BD9=3,0.595887,0.516893,0.558856
272,Aliphatic,BD127 + BD139 + BD160,BD127,BD139,BD160,BD127=Achromobacter; BD139=Brevibacillus brevis; BD160=Bacillus stratosphericus,BD127=Metal_Group_4; BD139=Metal_Group_4; BD160=Metal_Group_4,50,59,84.745763,97,153,63.398693,97,PL_mean,63.762778,57.62875,0,4,BD127=8; BD139=0; BD160=4,11,15.666667,BD127=20; BD139=16; BD160=11,0.591746,0.386871,0.558174
273,Aliphatic,BD117 + BD132 + BD9,BD117,BD132,BD9,BD117=Micococcus luteus; BD132=Bacillus safensis; BD9=Bacillus amyloliquefaciens,BD117=Metal_Group_9; BD132=Metal_Group_4; BD9=Metal_Group_4,46,59,77.966102,68,153,44.444444,68,PL_mean,74.399444,71.629445,2,5,BD117=2; BD132=11; BD9=2,2,6,BD117=11; BD132=2; BD9=5,0.595887,0.515607,0.557966
274,Aliphatic,BD120 + BD127 + BD139,BD120,BD127,BD139,BD120=Bacillus subtilis; BD127=Achromobacter; BD139=Brevibacillus brevis,BD120=Metal_Group_4; BD127=Metal_Group_4; BD139=Metal_Group_4,50,59,84.745763,95,153,62.091503,95,PL_mean,65.415556,59.492083,0,4,BD120=4; BD127=8; BD139=0,9,14,BD120=9; BD127=20; BD139=13,0.56254,0.411565,0.556546
275,Aliphatic,BD139 + BD50 + BD61,BD139,BD50,BD61,BD139=Brevibacillus brevis; BD50=Bacillus safensis; BD61=Ochrobactrum,BD139=Metal_Group_4; BD50=Metal_Group_4; BD61=Metal_Group_4,48,59,81.355932,96,153,62.745098,96,PL_mean,70.33,66.322778,0,6.666667,BD139=0; BD50=14; BD61=6,9,14.666667,BD139=13; BD50=9; BD61=22,0.59057,0.388816,0.556409
276,Aliphatic,BD158 + BD163 + BD61,BD158,BD163,BD61,BD158=Salinicola; BD163=Bacillus megaterium; BD61=Ochrobactrum,BD158=Metal_Group_1; BD163=Metal_Group_12; BD61=Metal_Group_4,49,59,83.050847,102,153,66.666667,102,PL_mean,70.856944,65.695778,0,6,BD158=0; BD163=17; BD61=1,7,15.666667,BD158=7; BD163=29; BD61=11,0.645762,0.412712,0.556134
277,Aliphatic,BD120 + BD163 + BD54,BD120,BD163,BD54,BD120=Bacillus subtilis; BD163=Bacillus megaterium; BD54=Acinetobacter,BD120=Metal_Group_4; BD163=Metal_Group_12; BD54=Metal_Group_1,49,59,83.050847,94,153,61.437908,94,PL_mean,76.749167,74.196805,0,2.333333,BD120=0; BD163=1; BD54=6,5,12.666667,BD120=5; BD163=10; BD54=23,0.666413,0.462128,0.555718
278,Aliphatic,BD117 + BD162 + BD50,BD117,BD162,BD50,BD117=Micococcus luteus; BD162=Bacillus safensis; BD50=Bacillus safensis,BD117=Metal_Group_9; BD162=Metal_Group_4; BD50=Metal_Group_4,46,59,77.966102,68,153,44.444444,68,PL_mean,73.0,73.464167,2,5,BD117=2; BD162=2; BD50=11,2,6,BD117=11; BD162=5; BD50=2,0.595887,0.515607,0.555629
279,Aliphatic,BD126 + BD48 + BD9,BD126,BD48,BD9,BD126=Bacillus; BD48=Bacillus safensis; BD9=Bacillus amyloliquefaciens,BD126=Metal_Group_4; BD48=Metal_Group_1; BD9=Metal_Group_4,50,59,84.745763,87,153,56.862745,87,PL_mean,57.265556,48.747222,2,6.666667,BD126=9; BD48=9; BD9=2,3,12,BD126=3; BD48=30; BD9=3,0.588245,0.516708,0.555473
280,Aliphatic,BD160 + BD163 + BD61,BD160,BD163,BD61,BD160=Bacillus stratosphericus; BD163=Bacillus megaterium; BD61=Ochrobactrum,BD160=Metal_Group_4; BD163=Metal_Group_12; BD61=Metal_Group_4,49,59,83.050847,99,153,64.705882,99,PL_mean,74.886389,70.552361,0,2.333333,BD160=0; BD163=1; BD61=6,4,15.333333,BD160=4; BD163=13; BD61=29,0.654564,0.405555,0.55436
281,Aliphatic,BD117 + BD127 + BD139,BD117,BD127,BD139,BD117=Micococcus luteus; BD127=Achromobacter; BD139=Brevibacillus brevis,BD117=Metal_Group_9; BD127=Metal_Group_4; BD139=Metal_Group_4,48,59,81.355932,93,153,60.784314,93,PL_mean,63.818333,57.834028,1,7.333333,BD117=2; BD127=19; BD139=1,7,17.333333,BD117=7; BD127=21; BD139=24,0.605649,0.383894,0.554073
282,Aliphatic,BD120 + BD163 + E7,BD120,BD163,E7,BD120=Bacillus subtilis; BD163=Bacillus megaterium; E7=Acinetobacter,BD120=Metal_Group_4; BD163=Metal_Group_12; E7=Metal_Group_1,49,59,83.050847,94,153,61.437908,94,PL_mean,76.976389,72.157083,0,2.333333,BD120=0; BD163=1; E7=6,5,12.666667,BD120=5; BD163=10; E7=23,0.666413,0.462128,0.55374
283,Aliphatic,BD132 + BD139 + BD48,BD132,BD139,BD48,BD132=Bacillus safensis; BD139=Brevibacillus brevis; BD48=Bacillus safensis,BD132=Metal_Group_4; BD139=Metal_Group_4; BD48=Metal_Group_1,48,59,81.355932,94,153,61.437908,94,PL_mean,61.785,59.509167,1,6.333333,BD132=12; BD139=1; BD48=6,8,14,BD132=8; BD139=14; BD48=20,0.619216,0.418364,0.550984
284,Aliphatic,BD117 + BD162 + BD54,BD117,BD162,BD54,BD117=Micococcus luteus; BD162=Bacillus safensis; BD54=Acinetobacter,BD117=Metal_Group_9; BD162=Metal_Group_4; BD54=Metal_Group_1,42,59,71.186441,93,153,60.784314,93,PL_mean,74.966111,74.288889,1,4.666667,BD117=1; BD162=6; BD54=7,9,18.333333,BD117=9; BD162=19; BD54=27,0.627997,0.359005,0.550559
285,Aliphatic,BD163 + BD50 + BD61,BD163,BD50,BD61,BD163=Bacillus megaterium; BD50=Bacillus safensis; BD61=Ochrobactrum,BD163=Metal_Group_12; BD50=Metal_Group_4; BD61=Metal_Group_4,49,59,83.050847,99,153,64.705882,99,PL_mean,73.990833,69.280139,0,2.333333,BD163=1; BD50=0; BD61=6,4,16.333333,BD163=16; BD50=4; BD61=29,0.654564,0.394631,0.550366
286,Aliphatic,BD127 + BD139 + BD162,BD127,BD139,BD162,BD127=Achromobacter; BD139=Brevibacillus brevis; BD162=Bacillus safensis,BD127=Metal_Group_4; BD139=Metal_Group_4; BD162=Metal_Group_4,51,59,86.440678,96,153,62.745098,96,PL_mean,58.589444,54.859028,0,7.666667,BD127=18; BD139=0; BD162=5,10,15,BD127=21; BD139=14; BD162=10,0.542781,0.411565,0.549786
287,Aliphatic,BD162 + BD163 + BD48,BD162,BD163,BD48,BD162=Bacillus safensis; BD163=Bacillus megaterium; BD48=Bacillus safensis,BD162=Metal_Group_4; BD163=Metal_Group_12; BD48=Metal_Group_1,50,59,84.745763,94,153,61.437908,94,PL_mean,59.148611,58.123195,1,5.333333,BD162=1; BD163=9; BD48=6,5,12.666667,BD162=5; BD163=10; BD48=23,0.597165,0.462128,0.549486
288,Aliphatic,BD117 + BD162 + E7,BD117,BD162,E7,BD117=Micococcus luteus; BD162=Bacillus safensis; E7=Acinetobacter,BD117=Metal_Group_9; BD162=Metal_Group_4; E7=Metal_Group_1,42,59,71.186441,93,153,60.784314,93,PL_mean,75.193333,72.249167,1,4.666667,BD117=1; BD162=6; E7=7,9,18.333333,BD117=9; BD162=19; E7=27,0.627997,0.359005,0.548581
289,Aliphatic,BD117 + BD50 + BD9,BD117,BD50,BD9,BD117=Micococcus luteus; BD50=Bacillus safensis; BD9=Bacillus amyloliquefaciens,BD117=Metal_Group_9; BD50=Metal_Group_4; BD9=Metal_Group_4,46,59,77.966102,68,153,44.444444,68,PL_mean,72.38,68.783611,2,5,BD117=2; BD50=11; BD9=2,2,6,BD117=11; BD50=2; BD9=5,0.595887,0.515607,0.547158
290,Aliphatic,BD139 + BD163 + BD54,BD139,BD163,BD54,BD139=Brevibacillus brevis; BD163=Bacillus megaterium; BD54=Acinetobacter,BD139=Metal_Group_4; BD163=Metal_Group_12; BD54=Metal_Group_1,49,59,83.050847,98,153,64.052288,98,PL_mean,66.448055,64.85625,0,6.333333,BD139=0; BD163=13; BD54=6,9,12.333333,BD139=9; BD163=12; BD54=16,0.614249,0.449483,0.547143
291,Aliphatic,BD120 + BD139 + BD158,BD120,BD139,BD158,BD120=Bacillus subtilis; BD139=Brevibacillus brevis; BD158=Salinicola,BD120=Metal_Group_4; BD139=Metal_Group_4; BD158=Metal_Group_1,47,59,79.661017,97,153,63.398693,97,PL_mean,67.988333,66.830361,0,6.333333,BD120=14; BD139=0; BD158=5,10,14.333333,BD120=10; BD139=11; BD158=22,0.570891,0.401114,0.547124
292,Aliphatic,BD139 + BD163 + BD61,BD139,BD163,BD61,BD139=Brevibacillus brevis; BD163=Bacillus megaterium; BD61=Ochrobactrum,BD139=Metal_Group_4; BD163=Metal_Group_12; BD61=Metal_Group_4,49,59,83.050847,102,153,66.666667,102,PL_mean,66.238055,63.075139,0,7,BD139=0; BD163=15; BD61=6,7,14,BD139=7; BD163=15; BD61=20,0.597109,0.407376,0.547018
293,Aliphatic,BD117 + BD158 + BD162,BD117,BD158,BD162,BD117=Micococcus luteus; BD158=Salinicola; BD162=Bacillus safensis,BD117=Metal_Group_9; BD158=Metal_Group_1; BD162=Metal_Group_4,40,59,67.79661,93,153,60.784314,93,PL_mean,69.866111,69.879806,2,4,BD117=2; BD158=5; BD162=5,7,19,BD117=7; BD158=27; BD162=23,0.61203,0.356784,0.545925
294,Aliphatic,BD127 + BD48 + BD61,BD127,BD48,BD61,BD127=Achromobacter; BD48=Bacillus safensis; BD61=Ochrobactrum,BD127=Metal_Group_4; BD48=Metal_Group_1; BD61=Metal_Group_4,50,59,84.745763,98,153,64.052288,98,PL_mean,63.567778,50.989306,0,5,BD127=12; BD48=3; BD61=0,11,15,BD127=11; BD48=16; BD61=18,0.608331,0.406752,0.545369
295,Aliphatic,BD139 + BD163 + E7,BD139,BD163,E7,BD139=Brevibacillus brevis; BD163=Bacillus megaterium; E7=Acinetobacter,BD139=Metal_Group_4; BD163=Metal_Group_12; E7=Metal_Group_1,49,59,83.050847,98,153,64.052288,98,PL_mean,66.675278,62.816528,0,6.333333,BD139=0; BD163=13; E7=6,9,12.333333,BD139=9; BD163=12; E7=16,0.614249,0.449483,0.545165
296,Aliphatic,BD127 + BD163 + BG1,BD127,BD163,BG1,BD127=Achromobacter; BD163=Bacillus megaterium; BG1=Bacillus amyloliquefaciens,BD127=Metal_Group_4; BD163=Metal_Group_12; BG1=Metal_Group_4,51,59,86.440678,95,153,62.091503,95,PL_mean,66.940278,60.315833,0,2.666667,BD127=7; BD163=0; BG1=1,5,14,BD127=24; BD163=13; BG1=5,0.603488,0.43683,0.54361
297,Aliphatic,BD117 + BD120 + BG1,BD117,BD120,BG1,BD117=Micococcus luteus; BD120=Bacillus subtilis; BG1=Bacillus amyloliquefaciens,BD117=Metal_Group_9; BD120=Metal_Group_4; BG1=Metal_Group_4,46,59,77.966102,69,153,45.098039,69,PL_mean,80.238333,79.099167,1,5.666667,BD117=5; BD120=11; BG1=1,3,6,BD117=12; BD120=3; BG1=3,0.592722,0.549176,0.543326
298,Aliphatic,BD120 + BD160 + BD61,BD120,BD160,BD61,BD120=Bacillus subtilis; BD160=Bacillus stratosphericus; BD61=Ochrobactrum,BD120=Metal_Group_4; BD160=Metal_Group_4; BD61=Metal_Group_4,48,59,81.355932,89,153,58.169935,89,PL_mean,81.526667,76.935555,0,2,BD120=0; BD160=0; BD61=6,1,12.333333,BD120=3; BD160=1; BD61=33,0.621032,0.469647,0.542926
299,Aliphatic,BD139 + BD54 + BD61,BD139,BD54,BD61,BD139=Brevibacillus brevis; BD54=Acinetobacter; BD61=Ochrobactrum,BD139=Metal_Group_4; BD54=Metal_Group_1; BD61=Metal_Group_4,39,59,66.101695,104,153,67.973856,104,PL_mean,72.296111,67.1475,1,3,BD139=1; BD54=5; BD61=3,17,17.333333,BD139=17; BD54=17; BD61=18,0.684555,0.392408,0.542718
300,Aliphatic,BD127 + BD132 + BD139,BD127,BD132,BD139,BD127=Achromobacter; BD132=Bacillus safensis; BD139=Brevibacillus brevis,BD127=Metal_Group_4; BD132=Metal_Group_4; BD139=Metal_Group_4,50,59,84.745763,94,153,61.437908,94,PL_mean,64.886667,59.202361,0,4,BD127=8; BD132=4; BD139=0,8,14.666667,BD127=20; BD132=8; BD139=16,0.591746,0.397304,0.542436
301,Aliphatic,BD120 + BD132 + BD61,BD120,BD132,BD61,BD120=Bacillus subtilis; BD132=Bacillus safensis; BD61=Ochrobactrum,BD120=Metal_Group_4; BD132=Metal_Group_4; BD61=Metal_Group_4,48,59,81.355932,88,153,57.51634,88,PL_mean,82.650556,78.509167,0,2,BD120=0; BD132=0; BD61=6,0,12.666667,BD120=5; BD132=0; BD61=33,0.621032,0.466083,0.542206
302,Aliphatic,BD117 + BD54 + BD9,BD117,BD54,BD9,BD117=Micococcus luteus; BD54=Acinetobacter; BD9=Bacillus amyloliquefaciens,BD117=Metal_Group_9; BD54=Metal_Group_1; BD9=Metal_Group_4,42,59,71.186441,93,153,60.784314,93,PL_mean,74.346111,69.608333,1,4.666667,BD117=1; BD54=7; BD9=6,9,18.333333,BD117=9; BD54=27; BD9=19,0.627997,0.359005,0.542088
303,Aliphatic,BD127 + BD139 + BD9,BD127,BD139,BD9,BD127=Achromobacter; BD139=Brevibacillus brevis; BD9=Bacillus amyloliquefaciens,BD127=Metal_Group_4; BD139=Metal_Group_4; BD9=Metal_Group_4,51,59,86.440678,96,153,62.745098,96,PL_mean,57.969444,50.178472,0,7.666667,BD127=18; BD139=0; BD9=5,10,15,BD127=21; BD139=14; BD9=10,0.542781,0.411565,0.541315
304,Aliphatic,BD126 + BD139 + BD61,BD126,BD139,BD61,BD126=Bacillus; BD139=Brevibacillus brevis; BD61=Ochrobactrum,BD126=Metal_Group_4; BD139=Metal_Group_4; BD61=Metal_Group_4,48,59,81.355932,98,153,64.052288,98,PL_mean,64.975,58.379722,0,6.666667,BD126=14; BD139=0; BD61=6,10,14.666667,BD126=11; BD139=10; BD61=23,0.560808,0.398955,0.541251
305,Aliphatic,BD139 + BD158 + BD160,BD139,BD158,BD160,BD139=Brevibacillus brevis; BD158=Salinicola; BD160=Bacillus stratosphericus,BD139=Metal_Group_4; BD158=Metal_Group_1; BD160=Metal_Group_4,47,59,79.661017,98,153,64.052288,98,PL_mean,66.335555,64.967028,0,6.333333,BD139=0; BD158=5; BD160=14,11,15.333333,BD139=14; BD158=21; BD160=11,0.600949,0.381487,0.541213
306,Aliphatic,BD163 + BD48 + BD9,BD163,BD48,BD9,BD163=Bacillus megaterium; BD48=Bacillus safensis; BD9=Bacillus amyloliquefaciens,BD163=Metal_Group_12; BD48=Metal_Group_1; BD9=Metal_Group_4,50,59,84.745763,94,153,61.437908,94,PL_mean,58.528611,53.442639,1,5.333333,BD163=9; BD48=6; BD9=1,5,12.666667,BD163=10; BD48=23; BD9=5,0.597165,0.462128,0.541015
307,Aliphatic,BD139 + BD61 + E7,BD139,BD61,E7,BD139=Brevibacillus brevis; BD61=Ochrobactrum; E7=Acinetobacter,BD139=Metal_Group_4; BD61=Metal_Group_4; E7=Metal_Group_1,39,59,66.101695,104,153,67.973856,104,PL_mean,72.523333,65.107778,1,3,BD139=1; BD61=3; E7=5,17,17.333333,BD139=17; BD61=18; E7=17,0.684555,0.392408,0.54074
308,Aliphatic,BD139 + BD48 + BD50,BD139,BD48,BD50,BD139=Brevibacillus brevis; BD48=Bacillus safensis; BD50=Bacillus safensis,BD139=Metal_Group_4; BD48=Metal_Group_1; BD50=Metal_Group_4,48,59,81.355932,94,153,61.437908,94,PL_mean,59.765556,56.663334,1,6.333333,BD139=1; BD48=6; BD50=12,8,14,BD139=14; BD48=20; BD50=8,0.619216,0.418364,0.540175
309,Aliphatic,BD117 + BD9 + E7,BD117,BD9,E7,BD117=Micococcus luteus; BD9=Bacillus amyloliquefaciens; E7=Acinetobacter,BD117=Metal_Group_9; BD9=Metal_Group_4; E7=Metal_Group_1,42,59,71.186441,93,153,60.784314,93,PL_mean,74.573333,67.568611,1,4.666667,BD117=1; BD9=6; E7=7,9,18.333333,BD117=9; BD9=19; E7=27,0.627997,0.359005,0.54011
310,Aliphatic,BD117 + BD61 + BG1,BD117,BD61,BG1,BD117=Micococcus luteus; BD61=Ochrobactrum; BG1=Bacillus amyloliquefaciens,BD117=Metal_Group_9; BD61=Metal_Group_4; BG1=Metal_Group_4,40,59,67.79661,95,153,62.091503,95,PL_mean,79.446111,75.007222,1,3.666667,BD117=1; BD61=5; BG1=5,7,19.333333,BD117=7; BD61=29; BG1=22,0.616606,0.336377,0.539899
311,Aliphatic,BD132 + BD163 + BD54,BD132,BD163,BD54,BD132=Bacillus safensis; BD163=Bacillus megaterium; BD54=Acinetobacter,BD132=Metal_Group_4; BD163=Metal_Group_12; BD54=Metal_Group_1,49,59,83.050847,93,153,60.784314,93,PL_mean,76.220278,73.907083,0,2.666667,BD132=0; BD163=2; BD54=6,4,13.333333,BD132=4; BD163=13; BD54=23,0.706887,0.447753,0.539314
312,Aliphatic,BD120 + BD127 + BG1,BD120,BD127,BG1,BD120=Bacillus subtilis; BD127=Achromobacter; BG1=Bacillus amyloliquefaciens,BD120=Metal_Group_4; BD127=Metal_Group_4; BG1=Metal_Group_4,51,59,86.440678,84,153,54.901961,84,PL_mean,73.580556,66.699028,0,3.666667,BD120=0; BD127=10; BG1=1,2,10.333333,BD120=2; BD127=27; BG1=2,0.584766,0.506062,0.539042
313,Aliphatic,BD117 + BD158 + BD9,BD117,BD158,BD9,BD117=Micococcus luteus; BD158=Salinicola; BD9=Bacillus amyloliquefaciens,BD117=Metal_Group_9; BD158=Metal_Group_1; BD9=Metal_Group_4,40,59,67.79661,93,153,60.784314,93,PL_mean,69.246111,65.19925,2,4,BD117=2; BD158=5; BD9=5,7,19,BD117=7; BD158=27; BD9=23,0.61203,0.356784,0.537454
314,Aliphatic,BD132 + BD163 + E7,BD132,BD163,E7,BD132=Bacillus safensis; BD163=Bacillus megaterium; E7=Acinetobacter,BD132=Metal_Group_4; BD163=Metal_Group_12; E7=Metal_Group_1,49,59,83.050847,93,153,60.784314,93,PL_mean,76.4475,71.867361,0,2.666667,BD132=0; BD163=2; E7=6,4,13.333333,BD132=4; BD163=13; E7=23,0.706887,0.447753,0.537336
315,Aliphatic,BD126 + BD158 + BD61,BD126,BD158,BD61,BD126=Bacillus; BD158=Salinicola; BD61=Ochrobactrum,BD126=Metal_Group_4; BD158=Metal_Group_1; BD61=Metal_Group_4,48,59,81.355932,96,153,62.745098,96,PL_mean,69.593889,61.000361,0,5.666667,BD126=16; BD158=0; BD61=1,8,13.666667,BD126=23; BD158=8; BD61=10,0.610889,0.388722,0.53726
316,Aliphatic,BD117 + BD139 + BD160,BD117,BD139,BD160,BD117=Micococcus luteus; BD139=Brevibacillus brevis; BD160=Bacillus stratosphericus,BD117=Metal_Group_9; BD139=Metal_Group_4; BD160=Metal_Group_4,45,59,76.271186,85,153,55.555556,85,PL_mean,70.420555,70.028889,1,6.666667,BD117=3; BD139=1; BD160=16,8,13.333333,BD117=8; BD139=19; BD160=13,0.656093,0.411316,0.53644
317,Aliphatic,BD117 + BD132 + BD139,BD117,BD132,BD139,BD117=Micococcus luteus; BD132=Bacillus safensis; BD139=Brevibacillus brevis,BD117=Metal_Group_9; BD132=Metal_Group_4; BD139=Metal_Group_4,45,59,76.271186,82,153,53.594771,82,PL_mean,71.544444,71.6025,1,6.666667,BD117=3; BD132=16; BD139=1,8,12.333333,BD117=8; BD132=10; BD139=19,0.656093,0.423406,0.53637
318,Aliphatic,BD126 + BD139 + BD54,BD126,BD139,BD54,BD126=Bacillus; BD139=Brevibacillus brevis; BD54=Acinetobacter,BD126=Metal_Group_4; BD139=Metal_Group_4; BD54=Metal_Group_1,48,59,81.355932,96,153,62.745098,96,PL_mean,65.185,60.160833,0,6,BD126=12; BD139=0; BD54=6,10,14.333333,BD126=10; BD139=12; BD54=21,0.578373,0.432392,0.534857
319,Aliphatic,BD127 + BD160 + BG1,BD127,BD160,BG1,BD127=Achromobacter; BD160=Bacillus stratosphericus; BG1=Bacillus amyloliquefaciens,BD127=Metal_Group_4; BD160=Metal_Group_4; BG1=Metal_Group_4,51,59,86.440678,84,153,54.901961,84,PL_mean,71.927778,64.835694,0,2.666667,BD127=7; BD160=0; BG1=1,2,10.333333,BD127=26; BD160=2; BG1=3,0.575003,0.48112,0.534679
320,Aliphatic,BD127 + BD132 + BG1,BD127,BD132,BG1,BD127=Achromobacter; BD132=Bacillus safensis; BG1=Bacillus amyloliquefaciens,BD127=Metal_Group_4; BD132=Metal_Group_4; BG1=Metal_Group_4,51,59,86.440678,83,153,54.248366,83,PL_mean,73.051667,66.409306,0,2.666667,BD127=7; BD132=0; BG1=1,1,10.666667,BD127=26; BD132=1; BG1=5,0.575003,0.478177,0.533912
321,Aliphatic,BD120 + BD158 + BD163,BD120,BD158,BD163,BD120=Bacillus subtilis; BD158=Salinicola; BD163=Bacillus megaterium,BD120=Metal_Group_4; BD158=Metal_Group_1; BD163=Metal_Group_12,48,59,81.355932,96,153,62.745098,96,PL_mean,71.649167,69.787722,0,2,BD120=0; BD158=5; BD163=1,5,13.333333,BD120=5; BD158=25; BD163=10,0.631965,0.426415,0.53333
322,Aliphatic,BD126 + BD139 + E7,BD126,BD139,E7,BD126=Bacillus; BD139=Brevibacillus brevis; E7=Acinetobacter,BD126=Metal_Group_4; BD139=Metal_Group_4; E7=Metal_Group_1,48,59,81.355932,96,153,62.745098,96,PL_mean,65.412222,58.121111,0,6,BD126=12; BD139=0; E7=6,10,14.333333,BD126=10; BD139=12; E7=21,0.578373,0.432392,0.532879
323,Aliphatic,BD117 + BD48 + BD61,BD117,BD48,BD61,BD117=Micococcus luteus; BD48=Bacillus safensis; BD61=Ochrobactrum,BD117=Metal_Group_9; BD48=Metal_Group_1; BD61=Metal_Group_4,40,59,67.79661,95,153,62.091503,95,PL_mean,70.225556,63.389445,2,3.666667,BD117=2; BD48=5; BD61=4,8,17,BD117=8; BD48=22; BD61=21,0.687371,0.349373,0.532241
324,Aliphatic,BD160 + BD163 + BD54,BD160,BD163,BD54,BD160=Bacillus stratosphericus; BD163=Bacillus megaterium; BD54=Acinetobacter,BD160=Metal_Group_4; BD163=Metal_Group_12; BD54=Metal_Group_1,49,59,83.050847,93,153,60.784314,93,PL_mean,75.096389,72.333472,0,2.666667,BD160=0; BD163=2; BD54=6,4,12.666667,BD160=4; BD163=11; BD54=23,0.706887,0.463258,0.532158
325,Aliphatic,BD127 + BD139 + BD50,BD127,BD139,BD50,BD127=Achromobacter; BD139=Brevibacillus brevis; BD50=Bacillus safensis,BD127=Metal_Group_4; BD139=Metal_Group_4; BD50=Metal_Group_4,50,59,84.745763,94,153,61.437908,94,PL_mean,62.867222,56.356528,0,4,BD127=8; BD139=0; BD50=4,8,14.666667,BD127=20; BD139=16; BD50=8,0.591746,0.397304,0.531628
326,Aliphatic,BD120 + BD50 + BD61,BD120,BD50,BD61,BD120=Bacillus subtilis; BD50=Bacillus safensis; BD61=Ochrobactrum,BD120=Metal_Group_4; BD50=Metal_Group_4; BD61=Metal_Group_4,48,59,81.355932,88,153,57.51634,88,PL_mean,80.631111,75.663333,0,2,BD120=0; BD50=0; BD61=6,0,12.666667,BD120=5; BD50=0; BD61=33,0.621032,0.466083,0.531397
327,Aliphatic,BD160 + BD163 + E7,BD160,BD163,E7,BD160=Bacillus stratosphericus; BD163=Bacillus megaterium; E7=Acinetobacter,BD160=Metal_Group_4; BD163=Metal_Group_12; E7=Metal_Group_1,49,59,83.050847,93,153,60.784314,93,PL_mean,75.323611,70.29375,0,2.666667,BD160=0; BD163=2; E7=6,4,12.666667,BD160=4; BD163=11; E7=23,0.706887,0.463258,0.53018
328,Aliphatic,BD163 + BD50 + BD54,BD163,BD50,BD54,BD163=Bacillus megaterium; BD50=Bacillus safensis; BD54=Acinetobacter,BD163=Metal_Group_12; BD50=Metal_Group_4; BD54=Metal_Group_1,49,59,83.050847,93,153,60.784314,93,PL_mean,74.200833,71.06125,0,2.666667,BD163=2; BD50=0; BD54=6,4,13.333333,BD163=13; BD50=4; BD54=23,0.706887,0.447753,0.528505
329,Aliphatic,BD120 + BD139 + BG1,BD120,BD139,BG1,BD120=Bacillus subtilis; BD139=Brevibacillus brevis; BG1=Bacillus amyloliquefaciens,BD120=Metal_Group_4; BD139=Metal_Group_4; BG1=Metal_Group_4,44,59,74.576271,78,153,50.980392,78,PL_mean,71.534444,71.416667,2,5.333333,BD120=11; BD139=3; BG1=2,3,9,BD120=3; BD139=21; BG1=3,0.642505,0.642105,0.527367
330,Aliphatic,BD163 + BD50 + E7,BD163,BD50,E7,BD163=Bacillus megaterium; BD50=Bacillus safensis; E7=Acinetobacter,BD163=Metal_Group_12; BD50=Metal_Group_4; E7=Metal_Group_1,49,59,83.050847,93,153,60.784314,93,PL_mean,74.428056,69.021528,0,2.666667,BD163=2; BD50=0; E7=6,4,13.333333,BD163=13; BD50=4; E7=23,0.706887,0.447753,0.526527
331,Aliphatic,BD126 + BD163 + BD61,BD126,BD163,BD61,BD126=Bacillus; BD163=Bacillus megaterium; BD61=Ochrobactrum,BD126=Metal_Group_4; BD163=Metal_Group_12; BD61=Metal_Group_4,49,59,83.050847,99,153,64.705882,99,PL_mean,68.635833,61.337083,0,2.333333,BD126=0; BD163=1; BD61=6,4,14.333333,BD126=4; BD163=11; BD61=28,0.625171,0.405117,0.526395
332,Aliphatic,BD117 + BD139 + BD50,BD117,BD139,BD50,BD117=Micococcus luteus; BD139=Brevibacillus brevis; BD50=Bacillus safensis,BD117=Metal_Group_9; BD139=Metal_Group_4; BD50=Metal_Group_4,45,59,76.271186,82,153,53.594771,82,PL_mean,69.525,68.756667,1,6.666667,BD117=3; BD139=1; BD50=16,8,12.333333,BD117=8; BD139=19; BD50=10,0.656093,0.423406,0.525561
333,Aliphatic,BD132 + BD139 + BD158,BD132,BD139,BD158,BD132=Bacillus safensis; BD139=Brevibacillus brevis; BD158=Salinicola,BD132=Metal_Group_4; BD139=Metal_Group_4; BD158=Metal_Group_1,47,59,79.661017,95,153,62.091503,95,PL_mean,67.459444,66.540639,0,6.333333,BD132=14; BD139=0; BD158=5,8,14.333333,BD132=8; BD139=14; BD158=21,0.600949,0.39148,0.525509
334,Aliphatic,BD120 + BD139 + BD48,BD120,BD139,BD48,BD120=Bacillus subtilis; BD139=Brevibacillus brevis; BD48=Bacillus safensis,BD120=Metal_Group_4; BD139=Metal_Group_4; BD48=Metal_Group_1,48,59,81.355932,96,153,62.745098,96,PL_mean,62.313889,59.798889,0,6,BD120=12; BD139=0; BD48=6,10,14.333333,BD120=10; BD139=12; BD48=21,0.578373,0.432392,0.524477
335,Aliphatic,BD120 + BD132 + BD54,BD120,BD132,BD54,BD120=Bacillus subtilis; BD132=Bacillus safensis; BD54=Acinetobacter,BD120=Metal_Group_4; BD132=Metal_Group_4; BD54=Metal_Group_1,48,59,81.355932,84,153,54.901961,84,PL_mean,82.860556,80.290278,0,2.333333,BD120=1; BD132=0; BD54=6,0,11,BD120=4; BD132=0; BD54=29,0.67378,0.510534,0.524352
336,Aliphatic,BD127 + BD162 + BD163,BD127,BD162,BD163,BD127=Achromobacter; BD162=Bacillus safensis; BD163=Bacillus megaterium,BD127=Metal_Group_4; BD162=Metal_Group_4; BD163=Metal_Group_12,51,59,86.440678,95,153,62.091503,95,PL_mean,62.250278,57.816389,0,2.666667,BD127=7; BD162=1; BD163=0,5,14,BD127=24; BD162=5; BD163=13,0.603488,0.43683,0.524071
337,Aliphatic,BD117 + BD120 + BD162,BD117,BD120,BD162,BD117=Micococcus luteus; BD120=Bacillus subtilis; BD162=Bacillus safensis,BD117=Metal_Group_9; BD120=Metal_Group_4; BD162=Metal_Group_4,46,59,77.966102,69,153,45.098039,69,PL_mean,75.548333,76.599722,1,5.666667,BD117=5; BD120=11; BD162=1,3,6,BD117=12; BD120=3; BD162=3,0.592722,0.549176,0.523787
338,Aliphatic,BD127 + BD50 + BG1,BD127,BD50,BG1,BD127=Achromobacter; BD50=Bacillus safensis; BG1=Bacillus amyloliquefaciens,BD127=Metal_Group_4; BD50=Metal_Group_4; BG1=Metal_Group_4,51,59,86.440678,83,153,54.248366,83,PL_mean,71.032222,63.563472,0,2.666667,BD127=7; BD50=0; BG1=1,1,10.666667,BD127=26; BD50=1; BG1=5,0.575003,0.478177,0.523104
339,Aliphatic,BD127 + BD139 + BD163,BD127,BD139,BD163,BD127=Achromobacter; BD139=Brevibacillus brevis; BD163=Bacillus megaterium,BD127=Metal_Group_4; BD139=Metal_Group_4; BD163=Metal_Group_12,50,59,84.745763,99,153,64.705882,99,PL_mean,58.775278,53.108889,0,3.666667,BD127=7; BD139=0; BD163=4,9,13,BD127=17; BD139=9; BD163=13,0.608217,0.414004,0.52241
340,Aliphatic,BD120 + BD132 + E7,BD120,BD132,E7,BD120=Bacillus subtilis; BD132=Bacillus safensis; E7=Acinetobacter,BD120=Metal_Group_4; BD132=Metal_Group_4; E7=Metal_Group_1,48,59,81.355932,84,153,54.901961,84,PL_mean,83.087778,78.250556,0,2.333333,BD120=1; BD132=0; E7=6,0,11,BD120=4; BD132=0; E7=29,0.67378,0.510534,0.522374
341,Aliphatic,BD117 + BD162 + BD61,BD117,BD162,BD61,BD117=Micococcus luteus; BD162=Bacillus safensis; BD61=Ochrobactrum,BD117=Metal_Group_9; BD162=Metal_Group_4; BD61=Metal_Group_4,40,59,67.79661,95,153,62.091503,95,PL_mean,74.756111,72.507778,1,3.666667,BD117=1; BD162=5; BD61=5,7,19.333333,BD117=7; BD162=22; BD61=29,0.616606,0.336377,0.52036
342,Aliphatic,BD120 + BD127 + BD162,BD120,BD127,BD162,BD120=Bacillus subtilis; BD127=Achromobacter; BD162=Bacillus safensis,BD120=Metal_Group_4; BD127=Metal_Group_4; BD162=Metal_Group_4,51,59,86.440678,84,153,54.901961,84,PL_mean,68.890556,64.199583,0,3.666667,BD120=0; BD127=10; BD162=1,2,10.333333,BD120=2; BD127=27; BD162=2,0.584766,0.506062,0.519503
343,Aliphatic,BD132 + BD158 + BD163,BD132,BD158,BD163,BD132=Bacillus safensis; BD158=Salinicola; BD163=Bacillus megaterium,BD132=Metal_Group_4; BD158=Metal_Group_1; BD163=Metal_Group_12,48,59,81.355932,95,153,62.091503,95,PL_mean,71.120278,69.498,0,2,BD132=0; BD158=5; BD163=1,4,14.333333,BD132=4; BD158=25; BD163=14,0.661653,0.416434,0.518803
344,Aliphatic,BD139 + BD158 + BD163,BD139,BD158,BD163,BD139=Brevibacillus brevis; BD158=Salinicola; BD163=Bacillus megaterium,BD139=Metal_Group_4; BD158=Metal_Group_1; BD163=Metal_Group_12,48,59,81.355932,100,153,65.359477,100,PL_mean,61.348055,60.447167,0,6.666667,BD139=0; BD158=5; BD163=15,9,13.333333,BD139=9; BD158=18; BD163=13,0.607485,0.418852,0.518718
345,Aliphatic,BD132 + BD160 + BD61,BD132,BD160,BD61,BD132=Bacillus safensis; BD160=Bacillus stratosphericus; BD61=Ochrobactrum,BD132=Metal_Group_4; BD160=Metal_Group_4; BD61=Metal_Group_4,48,59,81.355932,86,153,56.20915,86,PL_mean,80.997778,76.645833,0,2.333333,BD132=0; BD160=0; BD61=7,0,12.666667,BD132=0; BD160=3; BD61=35,0.666667,0.503134,0.518455
346,Aliphatic,BD120 + BD160 + BD54,BD120,BD160,BD54,BD120=Bacillus subtilis; BD160=Bacillus stratosphericus; BD54=Acinetobacter,BD120=Metal_Group_4; BD160=Metal_Group_4; BD54=Metal_Group_1,48,59,81.355932,84,153,54.901961,84,PL_mean,81.736667,78.716666,0,2.333333,BD120=1; BD160=0; BD54=6,0,10,BD120=2; BD160=0; BD54=28,0.67378,0.51868,0.517744
347,Aliphatic,BD117 + BD48 + BG1,BD117,BD48,BG1,BD117=Micococcus luteus; BD48=Bacillus safensis; BG1=Bacillus amyloliquefaciens,BD117=Metal_Group_9; BD48=Metal_Group_1; BG1=Metal_Group_4,42,59,71.186441,93,153,60.784314,93,PL_mean,68.881667,65.347778,1,4.666667,BD117=1; BD48=7; BG1=6,9,18.333333,BD117=9; BD48=27; BG1=19,0.627997,0.359005,0.517497
348,Aliphatic,BD120 + BD160 + E7,BD120,BD160,E7,BD120=Bacillus subtilis; BD160=Bacillus stratosphericus; E7=Acinetobacter,BD120=Metal_Group_4; BD160=Metal_Group_4; E7=Metal_Group_1,48,59,81.355932,84,153,54.901961,84,PL_mean,81.963889,76.676944,0,2.333333,BD120=1; BD160=0; E7=6,0,10,BD120=2; BD160=0; E7=28,0.67378,0.51868,0.515766
349,Aliphatic,BD127 + BD163 + BD9,BD127,BD163,BD9,BD127=Achromobacter; BD163=Bacillus megaterium; BD9=Bacillus amyloliquefaciens,BD127=Metal_Group_4; BD163=Metal_Group_12; BD9=Metal_Group_4,51,59,86.440678,95,153,62.091503,95,PL_mean,61.630278,53.135833,0,2.666667,BD127=7; BD163=0; BD9=1,5,14,BD127=24; BD163=13; BD9=5,0.603488,0.43683,0.515599
350,Aliphatic,BD117 + BD120 + BD9,BD117,BD120,BD9,BD117=Micococcus luteus; BD120=Bacillus subtilis; BD9=Bacillus amyloliquefaciens,BD117=Metal_Group_9; BD120=Metal_Group_4; BD9=Metal_Group_4,46,59,77.966102,69,153,45.098039,69,PL_mean,74.928333,71.919167,1,5.666667,BD117=5; BD120=11; BD9=1,3,6,BD117=12; BD120=3; BD9=3,0.592722,0.549176,0.515316
351,Aliphatic,BD127 + BD160 + BD162,BD127,BD160,BD162,BD127=Achromobacter; BD160=Bacillus stratosphericus; BD162=Bacillus safensis,BD127=Metal_Group_4; BD160=Metal_Group_4; BD162=Metal_Group_4,51,59,86.440678,84,153,54.901961,84,PL_mean,67.237778,62.33625,0,2.666667,BD127=7; BD160=0; BD162=1,2,10.333333,BD127=26; BD160=2; BD162=3,0.575003,0.48112,0.51514
352,Aliphatic,BD139 + BD158 + BD50,BD139,BD158,BD50,BD139=Brevibacillus brevis; BD158=Salinicola; BD50=Bacillus safensis,BD139=Metal_Group_4; BD158=Metal_Group_1; BD50=Metal_Group_4,47,59,79.661017,95,153,62.091503,95,PL_mean,65.44,63.694806,0,6.333333,BD139=0; BD158=5; BD50=14,8,14.333333,BD139=14; BD158=21; BD50=8,0.600949,0.39148,0.5147
353,Aliphatic,BD127 + BD132 + BD162,BD127,BD132,BD162,BD127=Achromobacter; BD132=Bacillus safensis; BD162=Bacillus safensis,BD127=Metal_Group_4; BD132=Metal_Group_4; BD162=Metal_Group_4,51,59,86.440678,83,153,54.248366,83,PL_mean,68.361667,63.909861,0,2.666667,BD127=7; BD132=0; BD162=1,1,10.666667,BD127=26; BD132=1; BD162=5,0.575003,0.478177,0.514373
354,Aliphatic,BD126 + BD127 + BD139,BD126,BD127,BD139,BD126=Bacillus; BD127=Achromobacter; BD139=Brevibacillus brevis,BD126=Metal_Group_4; BD127=Metal_Group_4; BD139=Metal_Group_4,50,59,84.745763,95,153,62.091503,95,PL_mean,57.512222,48.413472,0,4,BD126=4; BD127=8; BD139=0,9,14,BD126=9; BD127=20; BD139=13,0.56254,0.411565,0.514325
355,Aliphatic,BD120 + BD54 + E7,BD120,BD54,E7,BD120=Bacillus subtilis; BD54=Acinetobacter; E7=Acinetobacter,BD120=Metal_Group_4; BD54=Metal_Group_1; E7=Metal_Group_1,48,59,81.355932,84,153,54.901961,84,PL_mean,83.034445,76.229444,0,4.666667,BD120=14; BD54=0; E7=0,0,8,BD120=24; BD54=0; E7=0,0.680556,0.563492,0.514127
356,Aliphatic,BD120 + BD50 + BD54,BD120,BD50,BD54,BD120=Bacillus subtilis; BD50=Bacillus safensis; BD54=Acinetobacter,BD120=Metal_Group_4; BD50=Metal_Group_4; BD54=Metal_Group_1,48,59,81.355932,84,153,54.901961,84,PL_mean,80.841111,77.444444,0,2.333333,BD120=1; BD50=0; BD54=6,0,11,BD120=4; BD50=0; BD54=29,0.67378,0.510534,0.513543
357,Aliphatic,BD126 + BD163 + BD54,BD126,BD163,BD54,BD126=Bacillus; BD163=Bacillus megaterium; BD54=Acinetobacter,BD126=Metal_Group_4; BD163=Metal_Group_12; BD54=Metal_Group_1,49,59,83.050847,94,153,61.437908,94,PL_mean,68.845833,63.118194,0,2.333333,BD126=0; BD163=1; BD54=6,5,12.666667,BD126=5; BD163=10; BD54=23,0.666413,0.462128,0.513497
358,Aliphatic,BD158 + BD160 + BD163,BD158,BD160,BD163,BD158=Salinicola; BD160=Bacillus stratosphericus; BD163=Bacillus megaterium,BD158=Metal_Group_1; BD160=Metal_Group_4; BD163=Metal_Group_12,48,59,81.355932,95,153,62.091503,95,PL_mean,69.996389,67.924389,0,2,BD158=5; BD160=0; BD163=1,4,13.333333,BD158=25; BD160=4; BD163=11,0.661653,0.427045,0.512012
359,Aliphatic,BD117 + BD61 + BD9,BD117,BD61,BD9,BD117=Micococcus luteus; BD61=Ochrobactrum; BD9=Bacillus amyloliquefaciens,BD117=Metal_Group_9; BD61=Metal_Group_4; BD9=Metal_Group_4,40,59,67.79661,95,153,62.091503,95,PL_mean,74.136111,67.827222,1,3.666667,BD117=1; BD61=5; BD9=5,7,19.333333,BD117=7; BD61=29; BD9=22,0.616606,0.336377,0.511889
360,Aliphatic,BD120 + BD50 + E7,BD120,BD50,E7,BD120=Bacillus subtilis; BD50=Bacillus safensis; E7=Acinetobacter,BD120=Metal_Group_4; BD50=Metal_Group_4; E7=Metal_Group_1,48,59,81.355932,84,153,54.901961,84,PL_mean,81.068334,75.404722,0,2.333333,BD120=1; BD50=0; E7=6,0,11,BD120=4; BD50=0; E7=29,0.67378,0.510534,0.511565
361,Aliphatic,BD126 + BD163 + E7,BD126,BD163,E7,BD126=Bacillus; BD163=Bacillus megaterium; E7=Acinetobacter,BD126=Metal_Group_4; BD163=Metal_Group_12; E7=Metal_Group_1,49,59,83.050847,94,153,61.437908,94,PL_mean,69.073056,61.078472,0,2.333333,BD126=0; BD163=1; E7=6,5,12.666667,BD126=5; BD163=10; E7=23,0.666413,0.462128,0.511519
362,Aliphatic,BD127 + BD158 + BD48,BD127,BD158,BD48,BD127=Achromobacter; BD158=Salinicola; BD48=Bacillus safensis,BD127=Metal_Group_4; BD158=Metal_Group_1; BD48=Metal_Group_1,50,59,84.745763,92,153,60.130719,92,PL_mean,58.677778,48.361333,0,5.333333,BD127=12; BD158=0; BD48=4,11,12.666667,BD127=11; BD158=12; BD48=15,0.603722,0.462437,0.511418
363,Aliphatic,BD120 + BD127 + BD9,BD120,BD127,BD9,BD120=Bacillus subtilis; BD127=Achromobacter; BD9=Bacillus amyloliquefaciens,BD120=Metal_Group_4; BD127=Metal_Group_4; BD9=Metal_Group_4,51,59,86.440678,84,153,54.901961,84,PL_mean,68.270556,59.519028,0,3.666667,BD120=0; BD127=10; BD9=1,2,10.333333,BD120=2; BD127=27; BD9=2,0.584766,0.506062,0.511032
364,Aliphatic,BD120 + BD127 + BD163,BD120,BD127,BD163,BD120=Bacillus subtilis; BD127=Achromobacter; BD163=Bacillus megaterium,BD120=Metal_Group_4; BD127=Metal_Group_4; BD163=Metal_Group_12,50,59,84.745763,95,153,62.091503,95,PL_mean,69.076389,62.449444,0,2.333333,BD120=0; BD127=7; BD163=0,5,14,BD120=5; BD127=24; BD163=13,0.755659,0.43683,0.510751
365,Aliphatic,BD117 + BD158 + BD48,BD117,BD158,BD48,BD117=Micococcus luteus; BD158=Salinicola; BD48=Bacillus safensis,BD117=Metal_Group_9; BD158=Metal_Group_1; BD48=Metal_Group_1,40,59,67.79661,90,153,58.823529,90,PL_mean,65.335556,60.761472,2,3.666667,BD117=2; BD158=4; BD48=5,9,15,BD117=9; BD158=16; BD48=20,0.669075,0.393447,0.50894
366,Aliphatic,BD158 + BD163 + BD50,BD158,BD163,BD50,BD158=Salinicola; BD163=Bacillus megaterium; BD50=Bacillus safensis,BD158=Metal_Group_1; BD163=Metal_Group_12; BD50=Metal_Group_4,48,59,81.355932,95,153,62.091503,95,PL_mean,69.100833,66.652167,0,2,BD158=5; BD163=1; BD50=0,4,14.333333,BD158=25; BD163=14; BD50=4,0.661653,0.416434,0.507995
367,Aliphatic,BD120 + BD139 + BD162,BD120,BD139,BD162,BD120=Bacillus subtilis; BD139=Brevibacillus brevis; BD162=Bacillus safensis,BD120=Metal_Group_4; BD139=Metal_Group_4; BD162=Metal_Group_4,44,59,74.576271,78,153,50.980392,78,PL_mean,66.844444,68.917222,2,5.333333,BD120=11; BD139=3; BD162=2,3,9,BD120=3; BD139=21; BD162=3,0.642505,0.642105,0.507828
368,Aliphatic,BD160 + BD50 + BD61,BD160,BD50,BD61,BD160=Bacillus stratosphericus; BD50=Bacillus safensis; BD61=Ochrobactrum,BD160=Metal_Group_4; BD50=Metal_Group_4; BD61=Metal_Group_4,48,59,81.355932,86,153,56.20915,86,PL_mean,78.978333,73.8,0,2.333333,BD160=0; BD50=0; BD61=7,0,12.666667,BD160=3; BD50=0; BD61=35,0.666667,0.503134,0.507647
369,Aliphatic,BD139 + BD158 + BD54,BD139,BD158,BD54,BD139=Brevibacillus brevis; BD158=Salinicola; BD54=Acinetobacter,BD139=Metal_Group_4; BD158=Metal_Group_1; BD54=Metal_Group_1,39,59,66.101695,102,153,66.666667,102,PL_mean,67.406111,64.519528,1,3.333333,BD139=1; BD158=3; BD54=6,15,17.333333,BD139=21; BD158=16; BD54=15,0.682616,0.418235,0.506815
370,Aliphatic,BD132 + BD50 + BD61,BD132,BD50,BD61,BD132=Bacillus safensis; BD50=Bacillus safensis; BD61=Ochrobactrum,BD132=Metal_Group_4; BD50=Metal_Group_4; BD61=Metal_Group_4,48,59,81.355932,83,153,54.248366,83,PL_mean,80.102222,75.373611,0,2.333333,BD132=0; BD50=0; BD61=7,0,11.666667,BD132=0; BD50=0; BD61=35,0.666667,0.526104,0.506766
371,Aliphatic,BD127 + BD160 + BD9,BD127,BD160,BD9,BD127=Achromobacter; BD160=Bacillus stratosphericus; BD9=Bacillus amyloliquefaciens,BD127=Metal_Group_4; BD160=Metal_Group_4; BD9=Metal_Group_4,51,59,86.440678,84,153,54.901961,84,PL_mean,66.617778,57.655694,0,2.666667,BD127=7; BD160=0; BD9=1,2,10.333333,BD127=26; BD160=2; BD9=3,0.575003,0.48112,0.506669
372,Aliphatic,BD127 + BD132 + BD9,BD127,BD132,BD9,BD127=Achromobacter; BD132=Bacillus safensis; BD9=Bacillus amyloliquefaciens,BD127=Metal_Group_4; BD132=Metal_Group_4; BD9=Metal_Group_4,51,59,86.440678,83,153,54.248366,83,PL_mean,67.741667,59.229306,0,2.666667,BD127=7; BD132=0; BD9=1,1,10.666667,BD127=26; BD132=1; BD9=5,0.575003,0.478177,0.505902
373,Aliphatic,BD126 + BD139 + BD158,BD126,BD139,BD158,BD126=Bacillus; BD139=Brevibacillus brevis; BD158=Salinicola,BD126=Metal_Group_4; BD139=Metal_Group_4; BD158=Metal_Group_1,47,59,79.661017,97,153,63.398693,97,PL_mean,60.085,55.75175,0,6.333333,BD126=14; BD139=0; BD158=5,10,14.333333,BD126=10; BD139=11; BD158=22,0.570891,0.401114,0.504903
374,Aliphatic,BD139 + BD158 + E7,BD139,BD158,E7,BD139=Brevibacillus brevis; BD158=Salinicola; E7=Acinetobacter,BD139=Metal_Group_4; BD158=Metal_Group_1; E7=Metal_Group_1,39,59,66.101695,102,153,66.666667,102,PL_mean,67.633333,62.479806,1,3.333333,BD139=1; BD158=3; E7=6,15,17.333333,BD139=21; BD158=16; E7=15,0.682616,0.418235,0.504837
375,Aliphatic,BD120 + BD158 + BD160,BD120,BD158,BD160,BD120=Bacillus subtilis; BD158=Salinicola; BD160=Bacillus stratosphericus,BD120=Metal_Group_4; BD158=Metal_Group_1; BD160=Metal_Group_4,47,59,79.661017,87,153,56.862745,87,PL_mean,76.636667,74.307583,0,1.666667,BD120=0; BD158=5; BD160=0,1,11.666667,BD120=3; BD158=31; BD160=1,0.627828,0.48182,0.50478
376,Aliphatic,BD120 + BD132 + BD158,BD120,BD132,BD158,BD120=Bacillus subtilis; BD132=Bacillus safensis; BD158=Salinicola,BD120=Metal_Group_4; BD132=Metal_Group_4; BD158=Metal_Group_1,47,59,79.661017,86,153,56.20915,86,PL_mean,77.760556,75.881194,0,1.666667,BD120=0; BD132=0; BD158=5,0,12,BD120=5; BD132=0; BD158=31,0.627828,0.478568,0.504036
377,Aliphatic,BD127 + BD162 + BD50,BD127,BD162,BD50,BD127=Achromobacter; BD162=Bacillus safensis; BD50=Bacillus safensis,BD127=Metal_Group_4; BD162=Metal_Group_4; BD50=Metal_Group_4,51,59,86.440678,83,153,54.248366,83,PL_mean,66.342222,61.064028,0,2.666667,BD127=7; BD162=1; BD50=0,1,10.666667,BD127=26; BD162=5; BD50=1,0.575003,0.478177,0.503564
378,Aliphatic,BD120 + BD163 + BD48,BD120,BD163,BD48,BD120=Bacillus subtilis; BD163=Bacillus megaterium; BD48=Bacillus safensis,BD120=Metal_Group_4; BD163=Metal_Group_12; BD48=Metal_Group_1,49,59,83.050847,94,153,61.437908,94,PL_mean,65.974722,62.75625,0,2.333333,BD120=0; BD163=1; BD48=6,5,12.666667,BD120=5; BD163=10; BD48=23,0.666413,0.462128,0.503117
379,Aliphatic,BD117 + BD126 + BG1,BD117,BD126,BG1,BD117=Micococcus luteus; BD126=Bacillus; BG1=Bacillus amyloliquefaciens,BD117=Metal_Group_9; BD126=Metal_Group_4; BG1=Metal_Group_4,46,59,77.966102,69,153,45.098039,69,PL_mean,72.335,68.020556,1,5.666667,BD117=5; BD126=11; BG1=1,3,6,BD117=12; BD126=3; BG1=3,0.592722,0.549176,0.501105
380,Aliphatic,BD117 + BD139 + BD54,BD117,BD139,BD54,BD117=Micococcus luteus; BD139=Brevibacillus brevis; BD54=Acinetobacter,BD117=Metal_Group_9; BD139=Metal_Group_4; BD54=Metal_Group_1,38,59,64.40678,93,153,60.784314,93,PL_mean,71.491111,69.581389,2,4.333333,BD117=2; BD139=2; BD54=9,7,15.666667,BD117=7; BD139=19; BD54=21,0.729566,0.386407,0.500889
381,Aliphatic,BD126 + BD160 + BD61,BD126,BD160,BD61,BD126=Bacillus; BD160=Bacillus stratosphericus; BD61=Ochrobactrum,BD126=Metal_Group_4; BD160=Metal_Group_4; BD61=Metal_Group_4,48,59,81.355932,89,153,58.169935,89,PL_mean,73.623333,65.856944,0,2,BD126=0; BD160=0; BD61=6,1,12.333333,BD126=3; BD160=1; BD61=33,0.621032,0.469647,0.500705
382,Aliphatic,BD126 + BD132 + BD61,BD126,BD132,BD61,BD126=Bacillus; BD132=Bacillus safensis; BD61=Ochrobactrum,BD126=Metal_Group_4; BD132=Metal_Group_4; BD61=Metal_Group_4,48,59,81.355932,88,153,57.51634,88,PL_mean,74.747222,67.430556,0,2,BD126=0; BD132=0; BD61=6,0,12.666667,BD126=5; BD132=0; BD61=33,0.621032,0.466083,0.499985
383,Aliphatic,BD120 + BD139 + BD9,BD120,BD139,BD9,BD120=Bacillus subtilis; BD139=Brevibacillus brevis; BD9=Bacillus amyloliquefaciens,BD120=Metal_Group_4; BD139=Metal_Group_4; BD9=Metal_Group_4,44,59,74.576271,78,153,50.980392,78,PL_mean,66.224444,64.236667,2,5.333333,BD120=11; BD139=3; BD9=2,3,9,BD120=3; BD139=21; BD9=3,0.642505,0.642105,0.499356
384,Aliphatic,BD117 + BD139 + E7,BD117,BD139,E7,BD117=Micococcus luteus; BD139=Brevibacillus brevis; E7=Acinetobacter,BD117=Metal_Group_9; BD139=Metal_Group_4; E7=Metal_Group_1,38,59,64.40678,93,153,60.784314,93,PL_mean,71.718333,67.541667,2,4.333333,BD117=2; BD139=2; E7=9,7,15.666667,BD117=7; BD139=19; E7=21,0.729566,0.386407,0.498911
385,Aliphatic,BD117 + BD162 + BD48,BD117,BD162,BD48,BD117=Micococcus luteus; BD162=Bacillus safensis; BD48=Bacillus safensis,BD117=Metal_Group_9; BD162=Metal_Group_4; BD48=Metal_Group_1,42,59,71.186441,93,153,60.784314,93,PL_mean,64.191667,62.848334,1,4.666667,BD117=1; BD162=6; BD48=7,9,18.333333,BD117=9; BD162=19; BD48=27,0.627997,0.359005,0.497958
386,Aliphatic,BD117 + BD120 + BD139,BD117,BD120,BD139,BD117=Micococcus luteus; BD120=Bacillus subtilis; BD139=Brevibacillus brevis,BD117=Metal_Group_9; BD120=Metal_Group_4; BD139=Metal_Group_4,45,59,76.271186,83,153,54.248366,83,PL_mean,72.073333,71.892222,0,6.333333,BD117=3; BD120=16; BD139=0,8,12,BD117=8; BD120=11; BD139=17,0.613957,0.44335,0.497436
387,Aliphatic,BD120 + BD127 + BD160,BD120,BD127,BD160,BD120=Bacillus subtilis; BD127=Achromobacter; BD160=Bacillus stratosphericus,BD120=Metal_Group_4; BD127=Metal_Group_4; BD160=Metal_Group_4,50,59,84.745763,84,153,54.901961,84,PL_mean,74.063889,66.969305,0,2.666667,BD120=0; BD127=8; BD160=0,2,11,BD120=3; BD127=28; BD160=2,0.741587,0.502466,0.497285
388,Aliphatic,BD126 + BD127 + BG1,BD126,BD127,BG1,BD126=Bacillus; BD127=Achromobacter; BG1=Bacillus amyloliquefaciens,BD126=Metal_Group_4; BD127=Metal_Group_4; BG1=Metal_Group_4,51,59,86.440678,84,153,54.901961,84,PL_mean,65.677222,55.620417,0,3.666667,BD126=0; BD127=10; BG1=1,2,10.333333,BD126=2; BD127=27; BG1=2,0.584766,0.506062,0.496821
389,Aliphatic,BD127 + BD132 + BD163,BD127,BD132,BD163,BD127=Achromobacter; BD132=Bacillus safensis; BD163=Bacillus megaterium,BD127=Metal_Group_4; BD132=Metal_Group_4; BD163=Metal_Group_12,50,59,84.745763,94,153,61.437908,94,PL_mean,68.5475,62.159722,0,2.333333,BD127=7; BD132=0; BD163=0,4,14.666667,BD127=24; BD132=4; BD163=16,0.784496,0.422222,0.496743
390,Aliphatic,BD120 + BD127 + BD132,BD120,BD127,BD132,BD120=Bacillus subtilis; BD127=Achromobacter; BD132=Bacillus safensis,BD120=Metal_Group_4; BD127=Metal_Group_4; BD132=Metal_Group_4,50,59,84.745763,83,153,54.248366,83,PL_mean,75.187778,68.542917,0,2.666667,BD120=0; BD127=8; BD132=0,1,11.333333,BD120=5; BD127=28; BD132=1,0.741587,0.499655,0.496509
391,Aliphatic,BD127 + BD50 + BD9,BD127,BD50,BD9,BD127=Achromobacter; BD50=Bacillus safensis; BD9=Bacillus amyloliquefaciens,BD127=Metal_Group_4; BD50=Metal_Group_4; BD9=Metal_Group_4,51,59,86.440678,83,153,54.248366,83,PL_mean,65.722222,56.383472,0,2.666667,BD127=7; BD50=0; BD9=1,1,10.666667,BD127=26; BD50=1; BD9=5,0.575003,0.478177,0.495093
392,Aliphatic,BD120 + BD126 + BD61,BD120,BD126,BD61,BD120=Bacillus subtilis; BD126=Bacillus; BD61=Ochrobactrum,BD120=Metal_Group_4; BD126=Metal_Group_4; BD61=Metal_Group_4,48,59,81.355932,88,153,57.51634,88,PL_mean,75.276111,67.720278,0,3,BD120=0; BD126=0; BD61=9,0,11.666667,BD120=0; BD126=0; BD61=35,0.638889,0.515152,0.494896
393,Aliphatic,BD139 + BD163 + BD48,BD139,BD163,BD48,BD139=Brevibacillus brevis; BD163=Bacillus megaterium; BD48=Bacillus safensis,BD139=Metal_Group_4; BD163=Metal_Group_12; BD48=Metal_Group_1,49,59,83.050847,98,153,64.052288,98,PL_mean,55.673611,53.415695,0,6.333333,BD139=0; BD163=13; BD48=6,9,12.333333,BD139=9; BD163=12; BD48=16,0.614249,0.449483,0.494542
394,Aliphatic,BD117 + BD120 + BD163,BD117,BD120,BD163,BD117=Micococcus luteus; BD120=Bacillus subtilis; BD163=Bacillus megaterium,BD117=Metal_Group_9; BD120=Metal_Group_4; BD163=Metal_Group_12,46,59,77.966102,80,153,52.287582,80,PL_mean,75.734167,74.849583,0,1.333333,BD117=3; BD120=0; BD163=1,4,9,BD117=9; BD120=4; BD163=14,0.631794,0.465697,0.494515
395,Aliphatic,BD163 + BD54 + E7,BD163,BD54,E7,BD163=Bacillus megaterium; BD54=Acinetobacter; E7=Acinetobacter,BD163=Metal_Group_12; BD54=Metal_Group_1; E7=Metal_Group_1,49,59,83.050847,89,153,58.169935,89,PL_mean,76.394167,69.84625,0,5,BD163=15; BD54=0; E7=0,0,9.666667,BD163=29; BD54=0; E7=0,0.714286,0.595506,0.493955
396,Aliphatic,BD120 + BD158 + BD50,BD120,BD158,BD50,BD120=Bacillus subtilis; BD158=Salinicola; BD50=Bacillus safensis,BD120=Metal_Group_4; BD158=Metal_Group_1; BD50=Metal_Group_4,47,59,79.661017,86,153,56.20915,86,PL_mean,75.741111,73.035361,0,1.666667,BD120=0; BD158=5; BD50=0,0,12,BD120=5; BD158=31; BD50=0,0.627828,0.478568,0.493228
397,Aliphatic,BD126 + BD158 + BD163,BD126,BD158,BD163,BD126=Bacillus; BD158=Salinicola; BD163=Bacillus megaterium,BD126=Metal_Group_4; BD158=Metal_Group_1; BD163=Metal_Group_12,48,59,81.355932,96,153,62.745098,96,PL_mean,63.745833,58.709111,0,2,BD126=0; BD158=5; BD163=1,5,13.333333,BD126=5; BD158=25; BD163=10,0.631965,0.426415,0.491109
398,Aliphatic,BD117 + BD163 + BG1,BD117,BD163,BG1,BD117=Micococcus luteus; BD163=Bacillus megaterium; BG1=Bacillus amyloliquefaciens,BD117=Metal_Group_9; BD163=Metal_Group_12; BG1=Metal_Group_4,46,59,77.966102,80,153,52.287582,80,PL_mean,73.598055,72.715972,0,4.333333,BD117=2; BD163=11; BG1=0,4,9,BD117=9; BD163=14; BG1=4,0.603134,0.465697,0.490127
399,Aliphatic,BD139 + BD48 + BD61,BD139,BD48,BD61,BD139=Brevibacillus brevis; BD48=Bacillus safensis; BD61=Ochrobactrum,BD139=Metal_Group_4; BD48=Metal_Group_1; BD61=Metal_Group_4,39,59,66.101695,104,153,67.973856,104,PL_mean,61.521667,55.706945,1,3,BD139=1; BD48=5; BD61=3,17,17.333333,BD139=17; BD48=17; BD61=18,0.684555,0.392408,0.490117
400,Aliphatic,BD127 + BD160 + BD163,BD127,BD160,BD163,BD127=Achromobacter; BD160=Bacillus stratosphericus; BD163=Bacillus megaterium,BD127=Metal_Group_4; BD160=Metal_Group_4; BD163=Metal_Group_12,50,59,84.745763,94,153,61.437908,94,PL_mean,67.423611,60.586111,0,2.333333,BD127=7; BD160=0; BD163=0,4,13.666667,BD127=24; BD160=4; BD163=13,0.784496,0.432393,0.489984
401,Aliphatic,BD117 + BD48 + BD9,BD117,BD48,BD9,BD117=Micococcus luteus; BD48=Bacillus safensis; BD9=Bacillus amyloliquefaciens,BD117=Metal_Group_9; BD48=Metal_Group_1; BD9=Metal_Group_4,42,59,71.186441,93,153,60.784314,93,PL_mean,63.571667,58.167778,1,4.666667,BD117=1; BD48=7; BD9=6,9,18.333333,BD117=9; BD48=27; BD9=19,0.627997,0.359005,0.489486
402,Aliphatic,BD126 + BD50 + BD61,BD126,BD50,BD61,BD126=Bacillus; BD50=Bacillus safensis; BD61=Ochrobactrum,BD126=Metal_Group_4; BD50=Metal_Group_4; BD61=Metal_Group_4,48,59,81.355932,88,153,57.51634,88,PL_mean,72.727778,64.584722,0,2,BD126=0; BD50=0; BD61=6,0,12.666667,BD126=5; BD50=0; BD61=33,0.621032,0.466083,0.489176
403,Aliphatic,BD132 + BD163 + BD48,BD132,BD163,BD48,BD132=Bacillus safensis; BD163=Bacillus megaterium; BD48=Bacillus safensis,BD132=Metal_Group_4; BD163=Metal_Group_12; BD48=Metal_Group_1,49,59,83.050847,93,153,60.784314,93,PL_mean,65.445833,62.466528,0,2.666667,BD132=0; BD163=2; BD48=6,4,13.333333,BD132=4; BD163=13; BD48=23,0.706887,0.447753,0.486712
404,Aliphatic,BD132 + BD160 + BD54,BD132,BD160,BD54,BD132=Bacillus safensis; BD160=Bacillus stratosphericus; BD54=Acinetobacter,BD132=Metal_Group_4; BD160=Metal_Group_4; BD54=Metal_Group_1,47,59,79.661017,82,153,53.594771,82,PL_mean,81.207778,78.426944,0,2,BD132=0; BD160=0; BD54=6,0,11,BD132=0; BD160=2; BD54=31,0.730496,0.548278,0.486285
405,Aliphatic,BD127 + BD163 + BD50,BD127,BD163,BD50,BD127=Achromobacter; BD163=Bacillus megaterium; BD50=Bacillus safensis,BD127=Metal_Group_4; BD163=Metal_Group_12; BD50=Metal_Group_4,50,59,84.745763,94,153,61.437908,94,PL_mean,66.528056,59.313889,0,2.333333,BD127=7; BD163=0; BD50=0,4,14.666667,BD127=24; BD163=16; BD50=4,0.784496,0.422222,0.485934
406,Aliphatic,BD120 + BD127 + BD50,BD120,BD127,BD50,BD120=Bacillus subtilis; BD127=Achromobacter; BD50=Bacillus safensis,BD120=Metal_Group_4; BD127=Metal_Group_4; BD50=Metal_Group_4,50,59,84.745763,83,153,54.248366,83,PL_mean,73.168334,65.697083,0,2.666667,BD120=0; BD127=8; BD50=0,1,11.333333,BD120=5; BD127=28; BD50=1,0.741587,0.499655,0.4857
407,Aliphatic,BD117 + BD132 + BD163,BD117,BD132,BD163,BD117=Micococcus luteus; BD132=Bacillus safensis; BD163=Bacillus megaterium,BD117=Metal_Group_9; BD132=Metal_Group_4; BD163=Metal_Group_12,46,59,77.966102,80,153,52.287582,80,PL_mean,75.205278,74.559861,0,1.666667,BD117=3; BD132=0; BD163=2,4,10.333333,BD117=10; BD132=4; BD163=17,0.673561,0.445405,0.485274
408,Aliphatic,BD126 + BD139 + BG1,BD126,BD139,BG1,BD126=Bacillus; BD139=Brevibacillus brevis; BG1=Bacillus amyloliquefaciens,BD126=Metal_Group_4; BD139=Metal_Group_4; BG1=Metal_Group_4,44,59,74.576271,78,153,50.980392,78,PL_mean,63.631111,60.338056,2,5.333333,BD126=11; BD139=3; BG1=2,3,9,BD126=3; BD139=21; BG1=3,0.642505,0.642105,0.485146
409,Aliphatic,BD127 + BD162 + BG1,BD127,BD162,BG1,BD127=Achromobacter; BD162=Bacillus safensis; BG1=Bacillus amyloliquefaciens,BD127=Metal_Group_4; BD162=Metal_Group_4; BG1=Metal_Group_4,51,59,86.440678,82,153,53.594771,82,PL_mean,66.754444,62.065972,0,7,BD127=21; BD162=0; BG1=0,0,9.666667,BD127=29; BD162=0; BG1=0,0.620915,0.552846,0.48441
410,Aliphatic,BD132 + BD160 + E7,BD132,BD160,E7,BD132=Bacillus safensis; BD160=Bacillus stratosphericus; E7=Acinetobacter,BD132=Metal_Group_4; BD160=Metal_Group_4; E7=Metal_Group_1,47,59,79.661017,82,153,53.594771,82,PL_mean,81.435,76.387222,0,2,BD132=0; BD160=0; E7=6,0,11,BD132=0; BD160=2; E7=31,0.730496,0.548278,0.484307
411,Aliphatic,BD132 + BD54 + E7,BD132,BD54,E7,BD132=Bacillus safensis; BD54=Acinetobacter; E7=Acinetobacter,BD132=Metal_Group_4; BD54=Metal_Group_1; E7=Metal_Group_1,47,59,79.661017,80,153,52.287582,80,PL_mean,82.505556,75.939722,0,4.333333,BD132=13; BD54=0; E7=0,0,6.666667,BD132=20; BD54=0; E7=0,0.730496,0.566667,0.482572
412,Aliphatic,BD126 + BD139 + BD48,BD126,BD139,BD48,BD126=Bacillus; BD139=Brevibacillus brevis; BD48=Bacillus safensis,BD126=Metal_Group_4; BD139=Metal_Group_4; BD48=Metal_Group_1,48,59,81.355932,96,153,62.745098,96,PL_mean,54.410556,48.720278,0,6,BD126=12; BD139=0; BD48=6,10,14.333333,BD126=10; BD139=12; BD48=21,0.578373,0.432392,0.482256
413,Aliphatic,BD126 + BD132 + BD54,BD126,BD132,BD54,BD126=Bacillus; BD132=Bacillus safensis; BD54=Acinetobacter,BD126=Metal_Group_4; BD132=Metal_Group_4; BD54=Metal_Group_1,48,59,81.355932,84,153,54.901961,84,PL_mean,74.957222,69.211667,0,2.333333,BD126=1; BD132=0; BD54=6,0,11,BD126=4; BD132=0; BD54=29,0.67378,0.510534,0.482131
414,Aliphatic,BD117 + BD126 + BD162,BD117,BD126,BD162,BD117=Micococcus luteus; BD126=Bacillus; BD162=Bacillus safensis,BD117=Metal_Group_9; BD126=Metal_Group_4; BD162=Metal_Group_4,46,59,77.966102,69,153,45.098039,69,PL_mean,67.645,65.521111,1,5.666667,BD117=5; BD126=11; BD162=1,3,6,BD117=12; BD126=3; BD162=3,0.592722,0.549176,0.481566
415,Aliphatic,BD132 + BD158 + BD160,BD132,BD158,BD160,BD132=Bacillus safensis; BD158=Salinicola; BD160=Bacillus stratosphericus,BD132=Metal_Group_4; BD158=Metal_Group_1; BD160=Metal_Group_4,47,59,79.661017,84,153,54.901961,84,PL_mean,76.107778,74.017861,0,2,BD132=0; BD158=6; BD160=0,0,12,BD132=0; BD158=33; BD160=3,0.673759,0.515812,0.480211
416,Aliphatic,BD126 + BD132 + E7,BD126,BD132,E7,BD126=Bacillus; BD132=Bacillus safensis; E7=Acinetobacter,BD126=Metal_Group_4; BD132=Metal_Group_4; E7=Metal_Group_1,48,59,81.355932,84,153,54.901961,84,PL_mean,75.184445,67.171945,0,2.333333,BD126=1; BD132=0; E7=6,0,11,BD126=4; BD132=0; E7=29,0.67378,0.510534,0.480153
417,Aliphatic,BD160 + BD54 + E7,BD160,BD54,E7,BD160=Bacillus stratosphericus; BD54=Acinetobacter; E7=Acinetobacter,BD160=Metal_Group_4; BD54=Metal_Group_1; E7=Metal_Group_1,47,59,79.661017,82,153,53.594771,82,PL_mean,81.381667,74.366111,0,4.333333,BD160=13; BD54=0; E7=0,0,7.333333,BD160=22; BD54=0; E7=0,0.730496,0.569106,0.479837
418,Aliphatic,BD160 + BD163 + BD48,BD160,BD163,BD48,BD160=Bacillus stratosphericus; BD163=Bacillus megaterium; BD48=Bacillus safensis,BD160=Metal_Group_4; BD163=Metal_Group_12; BD48=Metal_Group_1,49,59,83.050847,93,153,60.784314,93,PL_mean,64.321944,60.892917,0,2.666667,BD160=0; BD163=2; BD48=6,4,12.666667,BD160=4; BD163=11; BD48=23,0.706887,0.463258,0.479557
419,Aliphatic,BD120 + BD126 + BD54,BD120,BD126,BD54,BD120=Bacillus subtilis; BD126=Bacillus; BD54=Acinetobacter,BD120=Metal_Group_4; BD126=Metal_Group_4; BD54=Metal_Group_1,48,59,81.355932,84,153,54.901961,84,PL_mean,75.486111,69.501389,0,3,BD120=0; BD126=0; BD54=9,0,10.333333,BD120=0; BD126=0; BD54=31,0.680556,0.563492,0.479018
420,Aliphatic,BD117 + BD160 + BD163,BD117,BD160,BD163,BD117=Micococcus luteus; BD160=Bacillus stratosphericus; BD163=Bacillus megaterium,BD117=Metal_Group_9; BD160=Metal_Group_4; BD163=Metal_Group_12,46,59,77.966102,80,153,52.287582,80,PL_mean,74.081389,72.98625,0,1.666667,BD117=3; BD160=0; BD163=2,4,9.333333,BD117=10; BD160=4; BD163=14,0.673561,0.453919,0.478639
421,Aliphatic,BD126 + BD127 + BD162,BD126,BD127,BD162,BD126=Bacillus; BD127=Achromobacter; BD162=Bacillus safensis,BD126=Metal_Group_4; BD127=Metal_Group_4; BD162=Metal_Group_4,51,59,86.440678,84,153,54.901961,84,PL_mean,60.987222,53.120972,0,3.666667,BD126=0; BD127=10; BD162=1,2,10.333333,BD126=2; BD127=27; BD162=2,0.584766,0.506062,0.477282
422,Aliphatic,BD120 + BD126 + E7,BD120,BD126,E7,BD120=Bacillus subtilis; BD126=Bacillus; E7=Acinetobacter,BD120=Metal_Group_4; BD126=Metal_Group_4; E7=Metal_Group_1,48,59,81.355932,84,153,54.901961,84,PL_mean,75.713334,67.461667,0,3,BD120=0; BD126=0; E7=9,0,10.333333,BD120=0; BD126=0; E7=31,0.680556,0.563492,0.477039
423,Aliphatic,BD132 + BD50 + BD54,BD132,BD50,BD54,BD132=Bacillus safensis; BD50=Bacillus safensis; BD54=Acinetobacter,BD132=Metal_Group_4; BD50=Metal_Group_4; BD54=Metal_Group_1,47,59,79.661017,80,153,52.287582,80,PL_mean,80.312222,77.154722,0,2,BD132=0; BD50=0; BD54=6,0,10.666667,BD132=0; BD50=0; BD54=32,0.730496,0.566667,0.476661
424,Aliphatic,BD117 + BD139 + BD163,BD117,BD139,BD163,BD117=Micococcus luteus; BD139=Brevibacillus brevis; BD163=Bacillus megaterium,BD117=Metal_Group_9; BD139=Metal_Group_4; BD163=Metal_Group_12,46,59,77.966102,89,153,58.169935,89,PL_mean,65.433055,65.509028,0,6.666667,BD117=3; BD139=0; BD163=17,7,12.333333,BD117=7; BD139=13; BD163=17,0.651326,0.431542,0.476244
425,Aliphatic,BD127 + BD54 + E7,BD127,BD54,E7,BD127=Achromobacter; BD54=Acinetobacter; E7=Acinetobacter,BD127=Metal_Group_4; BD54=Metal_Group_1; E7=Metal_Group_1,50,59,84.745763,80,153,52.287582,80,PL_mean,74.779445,62.17125,0,5.333333,BD127=16; BD54=0; E7=0,0,6.666667,BD127=20; BD54=0; E7=0,0.693333,0.633333,0.475954
426,Aliphatic,BD127 + BD9 + BG1,BD127,BD9,BG1,BD127=Achromobacter; BD9=Bacillus amyloliquefaciens; BG1=Bacillus amyloliquefaciens,BD127=Metal_Group_4; BD9=Metal_Group_4; BG1=Metal_Group_4,51,59,86.440678,82,153,53.594771,82,PL_mean,66.134444,57.385417,0,7,BD127=21; BD9=0; BG1=0,0,9.666667,BD127=29; BD9=0; BG1=0,0.620915,0.552846,0.475939
427,Aliphatic,BD163 + BD48 + BD50,BD163,BD48,BD50,BD163=Bacillus megaterium; BD48=Bacillus safensis; BD50=Bacillus safensis,BD163=Metal_Group_12; BD48=Metal_Group_1; BD50=Metal_Group_4,49,59,83.050847,93,153,60.784314,93,PL_mean,63.426389,59.620695,0,2.666667,BD163=2; BD48=6; BD50=0,4,13.333333,BD163=13; BD48=23; BD50=4,0.706887,0.447753,0.475904
428,Aliphatic,BD126 + BD160 + BD54,BD126,BD160,BD54,BD126=Bacillus; BD160=Bacillus stratosphericus; BD54=Acinetobacter,BD126=Metal_Group_4; BD160=Metal_Group_4; BD54=Metal_Group_1,48,59,81.355932,84,153,54.901961,84,PL_mean,73.833333,67.638055,0,2.333333,BD126=1; BD160=0; BD54=6,0,10,BD126=2; BD160=0; BD54=28,0.67378,0.51868,0.475523
429,Aliphatic,BD160 + BD50 + BD54,BD160,BD50,BD54,BD160=Bacillus stratosphericus; BD50=Bacillus safensis; BD54=Acinetobacter,BD160=Metal_Group_4; BD50=Metal_Group_4; BD54=Metal_Group_1,47,59,79.661017,82,153,53.594771,82,PL_mean,79.188333,75.581111,0,2,BD160=0; BD50=0; BD54=6,0,11,BD160=2; BD50=0; BD54=31,0.730496,0.548278,0.475476
430,Aliphatic,BD132 + BD50 + E7,BD132,BD50,E7,BD132=Bacillus safensis; BD50=Bacillus safensis; E7=Acinetobacter,BD132=Metal_Group_4; BD50=Metal_Group_4; E7=Metal_Group_1,47,59,79.661017,80,153,52.287582,80,PL_mean,80.539445,75.115,0,2,BD132=0; BD50=0; E7=6,0,10.666667,BD132=0; BD50=0; E7=32,0.730496,0.566667,0.474682
431,Aliphatic,BD117 + BD163 + BD50,BD117,BD163,BD50,BD117=Micococcus luteus; BD163=Bacillus megaterium; BD50=Bacillus safensis,BD117=Metal_Group_9; BD163=Metal_Group_12; BD50=Metal_Group_4,46,59,77.966102,80,153,52.287582,80,PL_mean,73.185833,71.714028,0,1.666667,BD117=3; BD163=2; BD50=0,4,10.333333,BD117=10; BD163=17; BD50=4,0.673561,0.445405,0.474466
432,Aliphatic,BD126 + BD160 + E7,BD126,BD160,E7,BD126=Bacillus; BD160=Bacillus stratosphericus; E7=Acinetobacter,BD126=Metal_Group_4; BD160=Metal_Group_4; E7=Metal_Group_1,48,59,81.355932,84,153,54.901961,84,PL_mean,74.060556,65.598333,0,2.333333,BD126=1; BD160=0; E7=6,0,10,BD126=2; BD160=0; E7=28,0.67378,0.51868,0.473545
433,Aliphatic,BD160 + BD50 + E7,BD160,BD50,E7,BD160=Bacillus stratosphericus; BD50=Bacillus safensis; E7=Acinetobacter,BD160=Metal_Group_4; BD50=Metal_Group_4; E7=Metal_Group_1,47,59,79.661017,82,153,53.594771,82,PL_mean,79.415556,73.541389,0,2,BD160=0; BD50=0; E7=6,0,11,BD160=2; BD50=0; E7=31,0.730496,0.548278,0.473498
434,Aliphatic,BD117 + BD126 + BD9,BD117,BD126,BD9,BD117=Micococcus luteus; BD126=Bacillus; BD9=Bacillus amyloliquefaciens,BD117=Metal_Group_9; BD126=Metal_Group_4; BD9=Metal_Group_4,46,59,77.966102,69,153,45.098039,69,PL_mean,67.025,60.840556,1,5.666667,BD117=5; BD126=11; BD9=1,3,6,BD117=12; BD126=3; BD9=3,0.592722,0.549176,0.473095
435,Aliphatic,BD126 + BD54 + E7,BD126,BD54,E7,BD126=Bacillus; BD54=Acinetobacter; E7=Acinetobacter,BD126=Metal_Group_4; BD54=Metal_Group_1; E7=Metal_Group_1,48,59,81.355932,84,153,54.901961,84,PL_mean,75.131111,65.150833,0,4.666667,BD126=14; BD54=0; E7=0,0,8,BD126=24; BD54=0; E7=0,0.680556,0.563492,0.471906
436,Aliphatic,BD50 + BD54 + E7,BD50,BD54,E7,BD50=Bacillus safensis; BD54=Acinetobacter; E7=Acinetobacter,BD50=Metal_Group_4; BD54=Metal_Group_1; E7=Metal_Group_1,47,59,79.661017,80,153,52.287582,80,PL_mean,80.486111,73.093889,0,4.333333,BD50=13; BD54=0; E7=0,0,6.666667,BD50=20; BD54=0; E7=0,0.730496,0.566667,0.471763
437,Aliphatic,BD127 + BD158 + BD61,BD127,BD158,BD61,BD127=Achromobacter; BD158=Salinicola; BD61=Ochrobactrum,BD127=Metal_Group_4; BD158=Metal_Group_1; BD61=Metal_Group_4,47,59,79.661017,88,153,57.51634,88,PL_mean,69.242222,58.020778,0,5.333333,BD127=15; BD158=0; BD61=1,6,10.666667,BD127=15; BD158=6; BD61=11,0.689225,0.495233,0.471754
438,Aliphatic,BD120 + BD132 + BD48,BD120,BD132,BD48,BD120=Bacillus subtilis; BD132=Bacillus safensis; BD48=Bacillus safensis,BD120=Metal_Group_4; BD132=Metal_Group_4; BD48=Metal_Group_1,48,59,81.355932,84,153,54.901961,84,PL_mean,72.086111,68.849722,0,2.333333,BD120=1; BD132=0; BD48=6,0,11,BD120=4; BD132=0; BD48=29,0.67378,0.510534,0.471751
439,Aliphatic,BD126 + BD50 + BD54,BD126,BD50,BD54,BD126=Bacillus; BD50=Bacillus safensis; BD54=Acinetobacter,BD126=Metal_Group_4; BD50=Metal_Group_4; BD54=Metal_Group_1,48,59,81.355932,84,153,54.901961,84,PL_mean,72.937778,66.365833,0,2.333333,BD126=1; BD50=0; BD54=6,0,11,BD126=4; BD50=0; BD54=29,0.67378,0.510534,0.471322
440,Aliphatic,BD117 + BD162 + BD163,BD117,BD162,BD163,BD117=Micococcus luteus; BD162=Bacillus safensis; BD163=Bacillus megaterium,BD117=Metal_Group_9; BD162=Metal_Group_4; BD163=Metal_Group_12,46,59,77.966102,80,153,52.287582,80,PL_mean,68.908055,70.216528,0,4.333333,BD117=2; BD162=0; BD163=11,4,9,BD117=9; BD162=4; BD163=14,0.603134,0.465697,0.470588
441,Aliphatic,BD158 + BD160 + BD50,BD158,BD160,BD50,BD158=Salinicola; BD160=Bacillus stratosphericus; BD50=Bacillus safensis,BD158=Metal_Group_1; BD160=Metal_Group_4; BD50=Metal_Group_4,47,59,79.661017,84,153,54.901961,84,PL_mean,74.088333,71.172028,0,2,BD158=6; BD160=0; BD50=0,0,12,BD158=33; BD160=3; BD50=0,0.673759,0.515812,0.469403
442,Aliphatic,BD126 + BD50 + E7,BD126,BD50,E7,BD126=Bacillus; BD50=Bacillus safensis; E7=Acinetobacter,BD126=Metal_Group_4; BD50=Metal_Group_4; E7=Metal_Group_1,48,59,81.355932,84,153,54.901961,84,PL_mean,73.165,64.326111,0,2.333333,BD126=1; BD50=0; E7=6,0,11,BD126=4; BD50=0; E7=29,0.67378,0.510534,0.469344
443,Aliphatic,BD126 + BD127 + BD9,BD126,BD127,BD9,BD126=Bacillus; BD127=Achromobacter; BD9=Bacillus amyloliquefaciens,BD126=Metal_Group_4; BD127=Metal_Group_4; BD9=Metal_Group_4,51,59,86.440678,84,153,54.901961,84,PL_mean,60.367222,48.440417,0,3.666667,BD126=0; BD127=10; BD9=1,2,10.333333,BD126=2; BD127=27; BD9=2,0.584766,0.506062,0.468811
444,Aliphatic,BD126 + BD127 + BD163,BD126,BD127,BD163,BD126=Bacillus; BD127=Achromobacter; BD163=Bacillus megaterium,BD126=Metal_Group_4; BD127=Metal_Group_4; BD163=Metal_Group_12,50,59,84.745763,95,153,62.091503,95,PL_mean,61.173056,51.370833,0,2.333333,BD126=0; BD127=7; BD163=0,5,14,BD126=5; BD127=24; BD163=13,0.755659,0.43683,0.46853
445,Aliphatic,BD132 + BD158 + BD50,BD132,BD158,BD50,BD132=Bacillus safensis; BD158=Salinicola; BD50=Bacillus safensis,BD132=Metal_Group_4; BD158=Metal_Group_1; BD50=Metal_Group_4,47,59,79.661017,81,153,52.941176,81,PL_mean,75.212222,72.745639,0,2,BD132=0; BD158=6; BD50=0,0,11,BD132=0; BD158=33; BD50=0,0.673759,0.539095,0.468498
446,Aliphatic,BD127 + BD132 + BD160,BD127,BD132,BD160,BD127=Achromobacter; BD132=Bacillus safensis; BD160=Bacillus stratosphericus,BD127=Metal_Group_4; BD132=Metal_Group_4; BD160=Metal_Group_4,50,59,84.745763,81,153,52.941176,81,PL_mean,73.535,66.679583,0,3,BD127=9; BD132=0; BD160=0,0,11,BD127=30; BD132=0; BD160=3,0.786667,0.531832,0.467971
447,Aliphatic,BD117 + BD120 + BD160,BD117,BD120,BD160,BD117=Micococcus luteus; BD120=Bacillus subtilis; BD160=Bacillus stratosphericus,BD117=Metal_Group_9; BD120=Metal_Group_4; BD160=Metal_Group_4,45,59,76.271186,68,153,44.444444,68,PL_mean,80.721667,79.369444,0,1.333333,BD117=3; BD120=1; BD160=0,2,5.333333,BD117=12; BD120=2; BD160=2,0.638961,0.53824,0.467732
448,Aliphatic,BD117 + BD120 + BD132,BD117,BD120,BD132,BD117=Micococcus luteus; BD120=Bacillus subtilis; BD132=Bacillus safensis,BD117=Metal_Group_9; BD120=Metal_Group_4; BD132=Metal_Group_4,45,59,76.271186,67,153,43.79085,67,PL_mean,81.845556,80.943056,0,1.333333,BD117=3; BD120=1; BD132=0,1,5.666667,BD117=12; BD120=4; BD132=1,0.638961,0.537085,0.466833
449,Aliphatic,BD126 + BD139 + BD162,BD126,BD139,BD162,BD126=Bacillus; BD139=Brevibacillus brevis; BD162=Bacillus safensis,BD126=Metal_Group_4; BD139=Metal_Group_4; BD162=Metal_Group_4,44,59,74.576271,78,153,50.980392,78,PL_mean,58.941111,57.838611,2,5.333333,BD126=11; BD139=3; BD162=2,3,9,BD126=3; BD139=21; BD162=3,0.642505,0.642105,0.465607
450,Aliphatic,BD120 + BD160 + BD48,BD120,BD160,BD48,BD120=Bacillus subtilis; BD160=Bacillus stratosphericus; BD48=Bacillus safensis,BD120=Metal_Group_4; BD160=Metal_Group_4; BD48=Metal_Group_1,48,59,81.355932,84,153,54.901961,84,PL_mean,70.962222,67.276111,0,2.333333,BD120=1; BD160=0; BD48=6,0,10,BD120=2; BD160=0; BD48=28,0.67378,0.51868,0.465143
451,Aliphatic,BD120 + BD48 + BD54,BD120,BD48,BD54,BD120=Bacillus subtilis; BD48=Bacillus safensis; BD54=Acinetobacter,BD120=Metal_Group_4; BD48=Metal_Group_1; BD54=Metal_Group_1,48,59,81.355932,84,153,54.901961,84,PL_mean,72.032778,66.828611,0,4.666667,BD120=14; BD48=0; BD54=0,0,8,BD120=24; BD48=0; BD54=0,0.680556,0.563492,0.463504
452,Aliphatic,BD139 + BD54 + BG1,BD139,BD54,BG1,BD139=Brevibacillus brevis; BD54=Acinetobacter; BG1=Bacillus amyloliquefaciens,BD139=Metal_Group_4; BD54=Metal_Group_1; BG1=Metal_Group_4,41,59,69.491525,95,153,62.091503,95,PL_mean,70.952222,69.105833,0,4.333333,BD139=0; BD54=8; BG1=5,9,13.333333,BD139=11; BD54=20; BG1=9,0.641537,0.432392,0.462933
453,Aliphatic,BD126 + BD158 + BD160,BD126,BD158,BD160,BD126=Bacillus; BD158=Salinicola; BD160=Bacillus stratosphericus,BD126=Metal_Group_4; BD158=Metal_Group_1; BD160=Metal_Group_4,47,59,79.661017,87,153,56.862745,87,PL_mean,68.733333,63.228972,0,1.666667,BD126=0; BD158=5; BD160=0,1,11.666667,BD126=3; BD158=31; BD160=1,0.627828,0.48182,0.462559
454,Aliphatic,BD117 + BD163 + BD9,BD117,BD163,BD9,BD117=Micococcus luteus; BD163=Bacillus megaterium; BD9=Bacillus amyloliquefaciens,BD117=Metal_Group_9; BD163=Metal_Group_12; BD9=Metal_Group_4,46,59,77.966102,80,153,52.287582,80,PL_mean,68.288055,65.535972,0,4.333333,BD117=2; BD163=11; BD9=0,4,9,BD117=9; BD163=14; BD9=4,0.603134,0.465697,0.462116
455,Aliphatic,BD126 + BD132 + BD158,BD126,BD132,BD158,BD126=Bacillus; BD132=Bacillus safensis; BD158=Salinicola,BD126=Metal_Group_4; BD132=Metal_Group_4; BD158=Metal_Group_1,47,59,79.661017,86,153,56.20915,86,PL_mean,69.857222,64.802583,0,1.666667,BD126=0; BD132=0; BD158=5,0,12,BD126=5; BD132=0; BD158=31,0.627828,0.478568,0.461816
456,Aliphatic,BD120 + BD48 + E7,BD120,BD48,E7,BD120=Bacillus subtilis; BD48=Bacillus safensis; E7=Acinetobacter,BD120=Metal_Group_4; BD48=Metal_Group_1; E7=Metal_Group_1,48,59,81.355932,84,153,54.901961,84,PL_mean,72.26,64.788889,0,4.666667,BD120=14; BD48=0; E7=0,0,8,BD120=24; BD48=0; E7=0,0.680556,0.563492,0.461526
457,Aliphatic,BD139 + BG1 + E7,BD139,BG1,E7,BD139=Brevibacillus brevis; BG1=Bacillus amyloliquefaciens; E7=Acinetobacter,BD139=Metal_Group_4; BG1=Metal_Group_4; E7=Metal_Group_1,41,59,69.491525,95,153,62.091503,95,PL_mean,71.179444,67.066111,0,4.333333,BD139=0; BG1=5; E7=8,9,13.333333,BD139=11; BG1=9; E7=20,0.641537,0.432392,0.460955
458,Aliphatic,BD120 + BD48 + BD50,BD120,BD48,BD50,BD120=Bacillus subtilis; BD48=Bacillus safensis; BD50=Bacillus safensis,BD120=Metal_Group_4; BD48=Metal_Group_1; BD50=Metal_Group_4,48,59,81.355932,84,153,54.901961,84,PL_mean,70.066667,66.003889,0,2.333333,BD120=1; BD48=6; BD50=0,0,11,BD120=4; BD48=29; BD50=0,0.67378,0.510534,0.460942
459,Aliphatic,BD126 + BD163 + BD48,BD126,BD163,BD48,BD126=Bacillus; BD163=Bacillus megaterium; BD48=Bacillus safensis,BD126=Metal_Group_4; BD163=Metal_Group_12; BD48=Metal_Group_1,49,59,83.050847,94,153,61.437908,94,PL_mean,58.071389,51.677639,0,2.333333,BD126=0; BD163=1; BD48=6,5,12.666667,BD126=5; BD163=10; BD48=23,0.666413,0.462128,0.460896
460,Aliphatic,BD127 + BD160 + BD50,BD127,BD160,BD50,BD127=Achromobacter; BD160=Bacillus stratosphericus; BD50=Bacillus safensis,BD127=Metal_Group_4; BD160=Metal_Group_4; BD50=Metal_Group_4,50,59,84.745763,81,153,52.941176,81,PL_mean,71.515556,63.83375,0,3,BD127=9; BD160=0; BD50=0,0,11,BD127=30; BD160=3; BD50=0,0.786667,0.531832,0.457163
461,Aliphatic,BD126 + BD139 + BD9,BD126,BD139,BD9,BD126=Bacillus; BD139=Brevibacillus brevis; BD9=Bacillus amyloliquefaciens,BD126=Metal_Group_4; BD139=Metal_Group_4; BD9=Metal_Group_4,44,59,74.576271,78,153,50.980392,78,PL_mean,58.321111,53.158056,2,5.333333,BD126=11; BD139=3; BD9=2,3,9,BD126=3; BD139=21; BD9=3,0.642505,0.642105,0.457135
462,Aliphatic,BD120 + BD126 + BD158,BD120,BD126,BD158,BD120=Bacillus subtilis; BD126=Bacillus; BD158=Salinicola,BD120=Metal_Group_4; BD126=Metal_Group_4; BD158=Metal_Group_1,47,59,79.661017,86,153,56.20915,86,PL_mean,70.386111,65.092305,0,2.666667,BD120=0; BD126=0; BD158=8,0,11,BD120=0; BD126=0; BD158=33,0.64539,0.527132,0.456824
463,Aliphatic,BD127 + BD162 + BD9,BD127,BD162,BD9,BD127=Achromobacter; BD162=Bacillus safensis; BD9=Bacillus amyloliquefaciens,BD127=Metal_Group_4; BD162=Metal_Group_4; BD9=Metal_Group_4,51,59,86.440678,82,153,53.594771,82,PL_mean,61.444444,54.885972,0,7,BD127=21; BD162=0; BD9=0,0,9.666667,BD127=29; BD162=0; BD9=0,0.620915,0.552846,0.456399
464,Aliphatic,BD127 + BD132 + BD50,BD127,BD132,BD50,BD127=Achromobacter; BD132=Bacillus safensis; BD50=Bacillus safensis,BD127=Metal_Group_4; BD132=Metal_Group_4; BD50=Metal_Group_4,50,59,84.745763,78,153,50.980392,78,PL_mean,72.639445,65.407361,0,3,BD127=9; BD132=0; BD50=0,0,10,BD127=30; BD132=0; BD50=0,0.786667,0.555556,0.456226
465,Aliphatic,BD117 + BD120 + BD50,BD117,BD120,BD50,BD117=Micococcus luteus; BD120=Bacillus subtilis; BD50=Bacillus safensis,BD117=Metal_Group_9; BD120=Metal_Group_4; BD50=Metal_Group_4,45,59,76.271186,67,153,43.79085,67,PL_mean,79.826111,78.097222,0,1.333333,BD117=3; BD120=1; BD50=0,1,5.666667,BD117=12; BD120=4; BD50=1,0.638961,0.537085,0.456024
466,Aliphatic,BD117 + BD126 + BD139,BD117,BD126,BD139,BD117=Micococcus luteus; BD126=Bacillus; BD139=Brevibacillus brevis,BD117=Metal_Group_9; BD126=Metal_Group_4; BD139=Metal_Group_4,45,59,76.271186,83,153,54.248366,83,PL_mean,64.17,60.813611,0,6.333333,BD117=3; BD126=16; BD139=0,8,12,BD117=8; BD126=11; BD139=17,0.613957,0.44335,0.455215
467,Aliphatic,BD126 + BD127 + BD160,BD126,BD127,BD160,BD126=Bacillus; BD127=Achromobacter; BD160=Bacillus stratosphericus,BD126=Metal_Group_4; BD127=Metal_Group_4; BD160=Metal_Group_4,50,59,84.745763,84,153,54.901961,84,PL_mean,66.160556,55.890694,0,2.666667,BD126=0; BD127=8; BD160=0,2,11,BD126=3; BD127=28; BD160=2,0.741587,0.502466,0.455064
468,Aliphatic,BD126 + BD127 + BD132,BD126,BD127,BD132,BD126=Bacillus; BD127=Achromobacter; BD132=Bacillus safensis,BD126=Metal_Group_4; BD127=Metal_Group_4; BD132=Metal_Group_4,50,59,84.745763,83,153,54.248366,83,PL_mean,67.284445,57.464306,0,2.666667,BD126=0; BD127=8; BD132=0,1,11.333333,BD126=5; BD127=28; BD132=1,0.741587,0.499655,0.454288
469,Aliphatic,BD139 + BD158 + BD48,BD139,BD158,BD48,BD139=Brevibacillus brevis; BD158=Salinicola; BD48=Bacillus safensis,BD139=Metal_Group_4; BD158=Metal_Group_1; BD48=Metal_Group_1,39,59,66.101695,102,153,66.666667,102,PL_mean,56.631667,53.078972,1,3.333333,BD139=1; BD158=3; BD48=6,15,17.333333,BD139=21; BD158=16; BD48=15,0.682616,0.418235,0.454214
470,Aliphatic,BD158 + BD61 + BG1,BD158,BD61,BG1,BD158=Salinicola; BD61=Ochrobactrum; BG1=Bacillus amyloliquefaciens,BD158=Metal_Group_1; BD61=Metal_Group_4; BG1=Metal_Group_4,39,59,66.101695,97,153,63.398693,97,PL_mean,75.361111,69.945361,0,2.666667,BD158=0; BD61=1; BG1=7,9,14.666667,BD158=9; BD61=11; BG1=24,0.6831,0.388722,0.453461
471,Aliphatic,BD117 + BD126 + BD163,BD117,BD126,BD163,BD117=Micococcus luteus; BD126=Bacillus; BD163=Bacillus megaterium,BD117=Metal_Group_9; BD126=Metal_Group_4; BD163=Metal_Group_12,46,59,77.966102,80,153,52.287582,80,PL_mean,67.830833,63.770972,0,1.333333,BD117=3; BD126=0; BD163=1,4,9,BD117=9; BD126=4; BD163=14,0.631794,0.465697,0.452294
472,Aliphatic,BD126 + BD158 + BD50,BD126,BD158,BD50,BD126=Bacillus; BD158=Salinicola; BD50=Bacillus safensis,BD126=Metal_Group_4; BD158=Metal_Group_1; BD50=Metal_Group_4,47,59,79.661017,86,153,56.20915,86,PL_mean,67.837778,61.95675,0,1.666667,BD126=0; BD158=5; BD50=0,0,12,BD126=5; BD158=31; BD50=0,0.627828,0.478568,0.451007
473,Aliphatic,BD117 + BD139 + BD48,BD117,BD139,BD48,BD117=Micococcus luteus; BD139=Brevibacillus brevis; BD48=Bacillus safensis,BD117=Metal_Group_9; BD139=Metal_Group_4; BD48=Metal_Group_1,38,59,64.40678,93,153,60.784314,93,PL_mean,60.716667,58.140834,2,4.333333,BD117=2; BD139=2; BD48=9,7,15.666667,BD117=7; BD139=19; BD48=21,0.729566,0.386407,0.448287
474,Aliphatic,BD139 + BD61 + BG1,BD139,BD61,BG1,BD139=Brevibacillus brevis; BD61=Ochrobactrum; BG1=Bacillus amyloliquefaciens,BD139=Metal_Group_4; BD61=Metal_Group_4; BG1=Metal_Group_4,39,59,66.101695,98,153,64.052288,98,PL_mean,70.742222,67.324722,0,3.666667,BD139=0; BD61=6; BG1=5,10,14.666667,BD139=10; BD61=23; BG1=11,0.645848,0.398955,0.447843
475,Aliphatic,BD126 + BD127 + BD50,BD126,BD127,BD50,BD126=Bacillus; BD127=Achromobacter; BD50=Bacillus safensis,BD126=Metal_Group_4; BD127=Metal_Group_4; BD50=Metal_Group_4,50,59,84.745763,83,153,54.248366,83,PL_mean,65.265,54.618472,0,2.666667,BD126=0; BD127=8; BD50=0,1,11.333333,BD126=5; BD127=28; BD50=1,0.741587,0.499655,0.443479
476,Aliphatic,BD139 + BD162 + BD54,BD139,BD162,BD54,BD139=Brevibacillus brevis; BD162=Bacillus safensis; BD54=Acinetobacter,BD139=Metal_Group_4; BD162=Metal_Group_4; BD54=Metal_Group_1,41,59,69.491525,95,153,62.091503,95,PL_mean,66.262222,66.606389,0,4.333333,BD139=0; BD162=5; BD54=8,9,13.333333,BD139=11; BD162=9; BD54=20,0.641537,0.432392,0.443394
477,Aliphatic,BD163 + BD48 + BD54,BD163,BD48,BD54,BD163=Bacillus megaterium; BD48=Bacillus safensis; BD54=Acinetobacter,BD163=Metal_Group_12; BD48=Metal_Group_1; BD54=Metal_Group_1,49,59,83.050847,89,153,58.169935,89,PL_mean,65.3925,60.445417,0,5,BD163=15; BD48=0; BD54=0,0,9.666667,BD163=29; BD48=0; BD54=0,0.714286,0.595506,0.443332
478,Aliphatic,BD120 + BD126 + BD127,BD120,BD126,BD127,BD120=Bacillus subtilis; BD126=Bacillus; BD127=Achromobacter,BD120=Metal_Group_4; BD126=Metal_Group_4; BD127=Metal_Group_4,50,59,84.745763,82,153,53.594771,82,PL_mean,67.813334,57.754028,0,3.666667,BD120=0; BD126=0; BD127=11,0,9.666667,BD120=0; BD126=0; BD127=29,0.76,0.552846,0.441791
479,Aliphatic,BD139 + BD162 + E7,BD139,BD162,E7,BD139=Brevibacillus brevis; BD162=Bacillus safensis; E7=Acinetobacter,BD139=Metal_Group_4; BD162=Metal_Group_4; E7=Metal_Group_1,41,59,69.491525,95,153,62.091503,95,PL_mean,66.489444,64.566667,0,4.333333,BD139=0; BD162=5; E7=8,9,13.333333,BD139=11; BD162=9; E7=20,0.641537,0.432392,0.441416
480,Aliphatic,BD163 + BD48 + E7,BD163,BD48,E7,BD163=Bacillus megaterium; BD48=Bacillus safensis; E7=Acinetobacter,BD163=Metal_Group_12; BD48=Metal_Group_1; E7=Metal_Group_1,49,59,83.050847,89,153,58.169935,89,PL_mean,65.619722,58.405695,0,5,BD163=15; BD48=0; E7=0,0,9.666667,BD163=29; BD48=0; E7=0,0.714286,0.595506,0.441354
481,Aliphatic,BD139 + BD54 + BD9,BD139,BD54,BD9,BD139=Brevibacillus brevis; BD54=Acinetobacter; BD9=Bacillus amyloliquefaciens,BD139=Metal_Group_4; BD54=Metal_Group_1; BD9=Metal_Group_4,41,59,69.491525,95,153,62.091503,95,PL_mean,65.642222,61.925833,0,4.333333,BD139=0; BD54=8; BD9=5,9,13.333333,BD139=11; BD54=20; BD9=9,0.641537,0.432392,0.434923
482,Aliphatic,BD158 + BD162 + BD61,BD158,BD162,BD61,BD158=Salinicola; BD162=Bacillus safensis; BD61=Ochrobactrum,BD158=Metal_Group_1; BD162=Metal_Group_4; BD61=Metal_Group_4,39,59,66.101695,97,153,63.398693,97,PL_mean,70.671111,67.445917,0,2.666667,BD158=0; BD162=7; BD61=1,9,14.666667,BD158=9; BD162=24; BD61=11,0.6831,0.388722,0.433922
483,Aliphatic,BD132 + BD160 + BD48,BD132,BD160,BD48,BD132=Bacillus safensis; BD160=Bacillus stratosphericus; BD48=Bacillus safensis,BD132=Metal_Group_4; BD160=Metal_Group_4; BD48=Metal_Group_1,47,59,79.661017,82,153,53.594771,82,PL_mean,70.433333,66.986389,0,2,BD132=0; BD160=0; BD48=6,0,11,BD132=0; BD160=2; BD48=31,0.730496,0.548278,0.433683
484,Aliphatic,BD139 + BD9 + E7,BD139,BD9,E7,BD139=Brevibacillus brevis; BD9=Bacillus amyloliquefaciens; E7=Acinetobacter,BD139=Metal_Group_4; BD9=Metal_Group_4; E7=Metal_Group_1,41,59,69.491525,95,153,62.091503,95,PL_mean,65.869444,59.886111,0,4.333333,BD139=0; BD9=5; E7=8,9,13.333333,BD139=11; BD9=9; E7=20,0.641537,0.432392,0.432945
485,Aliphatic,BD132 + BD48 + BD54,BD132,BD48,BD54,BD132=Bacillus safensis; BD48=Bacillus safensis; BD54=Acinetobacter,BD132=Metal_Group_4; BD48=Metal_Group_1; BD54=Metal_Group_1,47,59,79.661017,80,153,52.287582,80,PL_mean,71.503889,66.538889,0,4.333333,BD132=13; BD48=0; BD54=0,0,6.666667,BD132=20; BD48=0; BD54=0,0.730496,0.566667,0.431948
486,Aliphatic,BD132 + BD48 + E7,BD132,BD48,E7,BD132=Bacillus safensis; BD48=Bacillus safensis; E7=Acinetobacter,BD132=Metal_Group_4; BD48=Metal_Group_1; E7=Metal_Group_1,47,59,79.661017,80,153,52.287582,80,PL_mean,71.731111,64.499167,0,4.333333,BD132=13; BD48=0; E7=0,0,6.666667,BD132=20; BD48=0; E7=0,0.730496,0.566667,0.42997
487,Aliphatic,BD132 + BD139 + BG1,BD132,BD139,BG1,BD132=Bacillus safensis; BD139=Brevibacillus brevis; BG1=Bacillus amyloliquefaciens,BD132=Metal_Group_4; BD139=Metal_Group_4; BG1=Metal_Group_4,44,59,74.576271,78,153,50.980392,78,PL_mean,71.005555,71.126945,0,4.333333,BD132=11; BD139=0; BG1=2,3,9.333333,BD132=3; BD139=21; BG1=4,0.635281,0.59725,0.429969
488,Aliphatic,BD126 + BD132 + BD48,BD126,BD132,BD48,BD126=Bacillus; BD132=Bacillus safensis; BD48=Bacillus safensis,BD126=Metal_Group_4; BD132=Metal_Group_4; BD48=Metal_Group_1,48,59,81.355932,84,153,54.901961,84,PL_mean,64.182778,57.771111,0,2.333333,BD126=1; BD132=0; BD48=6,0,11,BD126=4; BD132=0; BD48=29,0.67378,0.510534,0.42953
489,Aliphatic,BD160 + BD48 + BD54,BD160,BD48,BD54,BD160=Bacillus stratosphericus; BD48=Bacillus safensis; BD54=Acinetobacter,BD160=Metal_Group_4; BD48=Metal_Group_1; BD54=Metal_Group_1,47,59,79.661017,82,153,53.594771,82,PL_mean,70.38,64.965278,0,4.333333,BD160=13; BD48=0; BD54=0,0,7.333333,BD160=22; BD48=0; BD54=0,0.730496,0.569106,0.429213
490,Aliphatic,BD139 + BD162 + BD61,BD139,BD162,BD61,BD139=Brevibacillus brevis; BD162=Bacillus safensis; BD61=Ochrobactrum,BD139=Metal_Group_4; BD162=Metal_Group_4; BD61=Metal_Group_4,39,59,66.101695,98,153,64.052288,98,PL_mean,66.052222,64.825278,0,3.666667,BD139=0; BD162=5; BD61=6,10,14.666667,BD139=10; BD162=11; BD61=23,0.645848,0.398955,0.428304
491,Aliphatic,BD117 + BD139 + BD61,BD117,BD139,BD61,BD117=Micococcus luteus; BD139=Brevibacillus brevis; BD61=Ochrobactrum,BD117=Metal_Group_9; BD139=Metal_Group_4; BD61=Metal_Group_4,36,59,61.016949,94,153,61.437908,94,PL_mean,71.281111,67.800278,1,3.333333,BD117=2; BD139=1; BD61=7,7,16.666667,BD117=7; BD139=21; BD61=22,0.7204,0.378683,0.427927
492,Aliphatic,BD160 + BD48 + E7,BD160,BD48,E7,BD160=Bacillus stratosphericus; BD48=Bacillus safensis; E7=Acinetobacter,BD160=Metal_Group_4; BD48=Metal_Group_1; E7=Metal_Group_1,47,59,79.661017,82,153,53.594771,82,PL_mean,70.607222,62.925556,0,4.333333,BD160=13; BD48=0; E7=0,0,7.333333,BD160=22; BD48=0; E7=0,0.730496,0.569106,0.427235
493,Aliphatic,BD120 + BD126 + BD48,BD120,BD126,BD48,BD120=Bacillus subtilis; BD126=Bacillus; BD48=Bacillus safensis,BD120=Metal_Group_4; BD126=Metal_Group_4; BD48=Metal_Group_1,48,59,81.355932,84,153,54.901961,84,PL_mean,64.711667,58.060833,0,3,BD120=0; BD126=0; BD48=9,0,10.333333,BD120=0; BD126=0; BD48=31,0.680556,0.563492,0.426416
494,Aliphatic,BD117 + BD132 + BD160,BD117,BD132,BD160,BD117=Micococcus luteus; BD132=Bacillus safensis; BD160=Bacillus stratosphericus,BD117=Metal_Group_9; BD132=Metal_Group_4; BD160=Metal_Group_4,44,59,74.576271,66,153,43.137255,66,PL_mean,80.192778,79.079722,0,1,BD117=3; BD132=0; BD160=0,0,6,BD117=15; BD132=0; BD160=3,0.69697,0.561922,0.425923
495,Aliphatic,BD117 + BD126 + BD160,BD117,BD126,BD160,BD117=Micococcus luteus; BD126=Bacillus; BD160=Bacillus stratosphericus,BD117=Metal_Group_9; BD126=Metal_Group_4; BD160=Metal_Group_4,45,59,76.271186,68,153,44.444444,68,PL_mean,72.818333,68.290833,0,1.333333,BD117=3; BD126=1; BD160=0,2,5.333333,BD117=12; BD126=2; BD160=2,0.638961,0.53824,0.425511
496,Aliphatic,BD158 + BD61 + BD9,BD158,BD61,BD9,BD158=Salinicola; BD61=Ochrobactrum; BD9=Bacillus amyloliquefaciens,BD158=Metal_Group_1; BD61=Metal_Group_4; BD9=Metal_Group_4,39,59,66.101695,97,153,63.398693,97,PL_mean,70.051111,62.765361,0,2.666667,BD158=0; BD61=1; BD9=7,9,14.666667,BD158=9; BD61=11; BD9=24,0.6831,0.388722,0.425451
497,Aliphatic,BD127 + BD48 + BD54,BD127,BD48,BD54,BD127=Achromobacter; BD48=Bacillus safensis; BD54=Acinetobacter,BD127=Metal_Group_4; BD48=Metal_Group_1; BD54=Metal_Group_1,50,59,84.745763,80,153,52.287582,80,PL_mean,63.777778,52.770417,0,5.333333,BD127=16; BD48=0; BD54=0,0,6.666667,BD127=20; BD48=0; BD54=0,0.693333,0.633333,0.42533
498,Aliphatic,BD117 + BD126 + BD132,BD117,BD126,BD132,BD117=Micococcus luteus; BD126=Bacillus; BD132=Bacillus safensis,BD117=Metal_Group_9; BD126=Metal_Group_4; BD132=Metal_Group_4,45,59,76.271186,67,153,43.79085,67,PL_mean,73.942222,69.864445,0,1.333333,BD117=3; BD126=1; BD132=0,1,5.666667,BD117=12; BD126=4; BD132=1,0.638961,0.537085,0.424612
499,Aliphatic,BD132 + BD48 + BD50,BD132,BD48,BD50,BD132=Bacillus safensis; BD48=Bacillus safensis; BD50=Bacillus safensis,BD132=Metal_Group_4; BD48=Metal_Group_1; BD50=Metal_Group_4,47,59,79.661017,80,153,52.287582,80,PL_mean,69.537778,65.714167,0,2,BD132=0; BD48=6; BD50=0,0,10.666667,BD132=0; BD48=32; BD50=0,0.730496,0.566667,0.424059
500,Aliphatic,BD127 + BD48 + E7,BD127,BD48,E7,BD127=Achromobacter; BD48=Bacillus safensis; E7=Acinetobacter,BD127=Metal_Group_4; BD48=Metal_Group_1; E7=Metal_Group_1,50,59,84.745763,80,153,52.287582,80,PL_mean,64.005,50.730695,0,5.333333,BD127=16; BD48=0; E7=0,0,6.666667,BD127=20; BD48=0; E7=0,0.693333,0.633333,0.423352
501,Aliphatic,BD126 + BD160 + BD48,BD126,BD160,BD48,BD126=Bacillus; BD160=Bacillus stratosphericus; BD48=Bacillus safensis,BD126=Metal_Group_4; BD160=Metal_Group_4; BD48=Metal_Group_1,48,59,81.355932,84,153,54.901961,84,PL_mean,63.058889,56.1975,0,2.333333,BD126=1; BD160=0; BD48=6,0,10,BD126=2; BD160=0; BD48=28,0.67378,0.51868,0.422922
502,Aliphatic,BD160 + BD48 + BD50,BD160,BD48,BD50,BD160=Bacillus stratosphericus; BD48=Bacillus safensis; BD50=Bacillus safensis,BD160=Metal_Group_4; BD48=Metal_Group_1; BD50=Metal_Group_4,47,59,79.661017,82,153,53.594771,82,PL_mean,68.413889,64.140556,0,2,BD160=0; BD48=6; BD50=0,0,11,BD160=2; BD48=31; BD50=0,0.730496,0.548278,0.422875
503,Aliphatic,BD126 + BD48 + BD54,BD126,BD48,BD54,BD126=Bacillus; BD48=Bacillus safensis; BD54=Acinetobacter,BD126=Metal_Group_4; BD48=Metal_Group_1; BD54=Metal_Group_1,48,59,81.355932,84,153,54.901961,84,PL_mean,64.129445,55.75,0,4.666667,BD126=14; BD48=0; BD54=0,0,8,BD126=24; BD48=0; BD54=0,0.680556,0.563492,0.421283
504,Aliphatic,BD48 + BD50 + BD54,BD48,BD50,BD54,BD48=Bacillus safensis; BD50=Bacillus safensis; BD54=Acinetobacter,BD48=Metal_Group_1; BD50=Metal_Group_4; BD54=Metal_Group_1,47,59,79.661017,80,153,52.287582,80,PL_mean,69.484445,63.693056,0,4.333333,BD48=0; BD50=13; BD54=0,0,6.666667,BD48=0; BD50=20; BD54=0,0.730496,0.566667,0.42114
505,Aliphatic,BD139 + BD160 + BG1,BD139,BD160,BG1,BD139=Brevibacillus brevis; BD160=Bacillus stratosphericus; BG1=Bacillus amyloliquefaciens,BD139=Metal_Group_4; BD160=Metal_Group_4; BG1=Metal_Group_4,44,59,74.576271,79,153,51.633987,79,PL_mean,69.881666,69.553333,0,4.333333,BD139=0; BD160=11; BG1=2,2,9,BD139=21; BD160=4; BG1=2,0.635281,0.59799,0.420373
506,Aliphatic,BD139 + BD61 + BD9,BD139,BD61,BD9,BD139=Brevibacillus brevis; BD61=Ochrobactrum; BD9=Bacillus amyloliquefaciens,BD139=Metal_Group_4; BD61=Metal_Group_4; BD9=Metal_Group_4,39,59,66.101695,98,153,64.052288,98,PL_mean,65.432222,60.144722,0,3.666667,BD139=0; BD61=6; BD9=5,10,14.666667,BD139=10; BD61=23; BD9=11,0.645848,0.398955,0.419832
507,Aliphatic,BD126 + BD48 + E7,BD126,BD48,E7,BD126=Bacillus; BD48=Bacillus safensis; E7=Acinetobacter,BD126=Metal_Group_4; BD48=Metal_Group_1; E7=Metal_Group_1,48,59,81.355932,84,153,54.901961,84,PL_mean,64.356667,53.710278,0,4.666667,BD126=14; BD48=0; E7=0,0,8,BD126=24; BD48=0; E7=0,0.680556,0.563492,0.419305
508,Aliphatic,BD48 + BD50 + E7,BD48,BD50,E7,BD48=Bacillus safensis; BD50=Bacillus safensis; E7=Acinetobacter,BD48=Metal_Group_1; BD50=Metal_Group_4; E7=Metal_Group_1,47,59,79.661017,80,153,52.287582,80,PL_mean,69.711667,61.653334,0,4.333333,BD48=0; BD50=13; E7=0,0,6.666667,BD48=0; BD50=20; E7=0,0.730496,0.566667,0.419162
509,Aliphatic,BD139 + BD50 + BG1,BD139,BD50,BG1,BD139=Brevibacillus brevis; BD50=Bacillus safensis; BG1=Bacillus amyloliquefaciens,BD139=Metal_Group_4; BD50=Metal_Group_4; BG1=Metal_Group_4,44,59,74.576271,78,153,50.980392,78,PL_mean,68.986111,68.281111,0,4.333333,BD139=0; BD50=11; BG1=2,3,9.333333,BD139=21; BD50=3; BG1=4,0.635281,0.59725,0.41916
510,Aliphatic,BD126 + BD48 + BD50,BD126,BD48,BD50,BD126=Bacillus; BD48=Bacillus safensis; BD50=Bacillus safensis,BD126=Metal_Group_4; BD48=Metal_Group_1; BD50=Metal_Group_4,48,59,81.355932,84,153,54.901961,84,PL_mean,62.163334,54.925278,0,2.333333,BD126=1; BD48=6; BD50=0,0,11,BD126=4; BD48=29; BD50=0,0.67378,0.510534,0.418721
511,Aliphatic,BD139 + BD158 + BG1,BD139,BD158,BG1,BD139=Brevibacillus brevis; BD158=Salinicola; BG1=Bacillus amyloliquefaciens,BD139=Metal_Group_4; BD158=Metal_Group_1; BG1=Metal_Group_4,38,59,64.40678,98,153,64.052288,98,PL_mean,65.852222,64.69675,0,3.333333,BD139=0; BD158=5; BG1=5,11,15.333333,BD139=12; BD158=23; BG1=11,0.657629,0.401114,0.418135
512,Aliphatic,BD117 + BD160 + BD50,BD117,BD160,BD50,BD117=Micococcus luteus; BD160=Bacillus stratosphericus; BD50=Bacillus safensis,BD117=Metal_Group_9; BD160=Metal_Group_4; BD50=Metal_Group_4,44,59,74.576271,66,153,43.137255,66,PL_mean,78.173333,76.233889,0,1,BD117=3; BD160=0; BD50=0,0,6,BD117=15; BD160=3; BD50=0,0.69697,0.561922,0.415115
513,Aliphatic,BD54 + BG1 + E7,BD54,BG1,E7,BD54=Acinetobacter; BG1=Bacillus amyloliquefaciens; E7=Acinetobacter,BD54=Metal_Group_1; BG1=Metal_Group_4; E7=Metal_Group_1,41,59,69.491525,84,153,54.901961,84,PL_mean,80.898333,74.095833,0,2.333333,BD54=0; BG1=7; E7=0,0,8,BD54=0; BG1=24; E7=0,0.707317,0.563492,0.41441
514,Aliphatic,BD117 + BD120 + BD126,BD117,BD120,BD126,BD117=Micococcus luteus; BD120=Bacillus subtilis; BD126=Bacillus,BD117=Metal_Group_9; BD120=Metal_Group_4; BD126=Metal_Group_4,45,59,76.271186,66,153,43.137255,66,PL_mean,74.471111,70.154167,0,2,BD117=6; BD120=0; BD126=0,0,4.333333,BD117=13; BD120=0; BD126=0,0.644444,0.59596,0.414334
515,Aliphatic,BD117 + BD132 + BD50,BD117,BD132,BD50,BD117=Micococcus luteus; BD132=Bacillus safensis; BD50=Bacillus safensis,BD117=Metal_Group_9; BD132=Metal_Group_4; BD50=Metal_Group_4,44,59,74.576271,63,153,41.176471,63,PL_mean,79.297222,77.8075,0,1,BD117=3; BD132=0; BD50=0,0,5,BD117=15; BD132=0; BD50=0,0.69697,0.587302,0.414054
516,Aliphatic,BD117 + BD126 + BD50,BD117,BD126,BD50,BD117=Micococcus luteus; BD126=Bacillus; BD50=Bacillus safensis,BD117=Metal_Group_9; BD126=Metal_Group_4; BD50=Metal_Group_4,45,59,76.271186,67,153,43.79085,67,PL_mean,71.922778,67.018611,0,1.333333,BD117=3; BD126=1; BD50=0,1,5.666667,BD117=12; BD126=4; BD50=1,0.638961,0.537085,0.413803
517,Aliphatic,BD132 + BD139 + BD162,BD132,BD139,BD162,BD132=Bacillus safensis; BD139=Brevibacillus brevis; BD162=Bacillus safensis,BD132=Metal_Group_4; BD139=Metal_Group_4; BD162=Metal_Group_4,44,59,74.576271,78,153,50.980392,78,PL_mean,66.315555,68.6275,0,4.333333,BD132=11; BD139=0; BD162=2,3,9.333333,BD132=3; BD139=21; BD162=4,0.635281,0.59725,0.410429
518,Aliphatic,BD139 + BD48 + BG1,BD139,BD48,BG1,BD139=Brevibacillus brevis; BD48=Bacillus safensis; BG1=Bacillus amyloliquefaciens,BD139=Metal_Group_4; BD48=Metal_Group_1; BG1=Metal_Group_4,41,59,69.491525,95,153,62.091503,95,PL_mean,60.177778,57.665278,0,4.333333,BD139=0; BD48=8; BG1=5,9,13.333333,BD139=11; BD48=20; BG1=9,0.641537,0.432392,0.410332
519,Aliphatic,BD117 + BD139 + BD158,BD117,BD139,BD158,BD117=Micococcus luteus; BD139=Brevibacillus brevis; BD158=Salinicola,BD117=Metal_Group_9; BD139=Metal_Group_4; BD158=Metal_Group_1,36,59,61.016949,94,153,61.437908,94,PL_mean,66.391111,65.172306,1,3.666667,BD117=3; BD139=1; BD158=7,7,17.666667,BD117=7; BD139=24; BD158=22,0.717709,0.389267,0.407287
520,Aliphatic,BD132 + BD163 + BG1,BD132,BD163,BG1,BD132=Bacillus safensis; BD163=Bacillus megaterium; BG1=Bacillus amyloliquefaciens,BD132=Metal_Group_4; BD163=Metal_Group_12; BG1=Metal_Group_4,44,59,74.576271,73,153,47.712418,73,PL_mean,74.666389,74.084306,0,0.333333,BD132=0; BD163=0; BG1=1,2,7,BD132=2; BD163=16; BG1=3,0.742072,0.673272,0.40521
521,Aliphatic,BD139 + BD163 + BG1,BD139,BD163,BG1,BD139=Brevibacillus brevis; BD163=Bacillus megaterium; BG1=Bacillus amyloliquefaciens,BD139=Metal_Group_4; BD163=Metal_Group_12; BG1=Metal_Group_4,44,59,74.576271,84,153,54.901961,84,PL_mean,64.894166,65.033472,0,4,BD139=0; BD163=11; BG1=1,2,8,BD139=13; BD163=9; BG1=2,0.653571,0.572602,0.403847
522,Aliphatic,BD120 + BD163 + BG1,BD120,BD163,BG1,BD120=Bacillus subtilis; BD163=Bacillus megaterium; BG1=Bacillus amyloliquefaciens,BD120=Metal_Group_4; BD163=Metal_Group_12; BG1=Metal_Group_4,44,59,74.576271,73,153,47.712418,73,PL_mean,75.195278,74.374028,0,1.333333,BD120=0; BD163=3; BG1=1,2,6.666667,BD120=2; BD163=16; BG1=2,0.749665,0.718475,0.402507
523,Aliphatic,BD120 + BD139 + BD163,BD120,BD139,BD163,BD120=Bacillus subtilis; BD139=Brevibacillus brevis; BD163=Bacillus megaterium,BD120=Metal_Group_4; BD139=Metal_Group_4; BD163=Metal_Group_12,43,59,72.881356,85,153,55.555556,85,PL_mean,67.030278,67.167083,0,0.333333,BD120=0; BD139=0; BD163=1,3,9,BD120=3; BD139=14; BD163=10,0.686416,0.572602,0.402367
524,Aliphatic,BD132 + BD139 + BD9,BD132,BD139,BD9,BD132=Bacillus safensis; BD139=Brevibacillus brevis; BD9=Bacillus amyloliquefaciens,BD132=Metal_Group_4; BD139=Metal_Group_4; BD9=Metal_Group_4,44,59,74.576271,78,153,50.980392,78,PL_mean,65.695555,63.946945,0,4.333333,BD132=11; BD139=0; BD9=2,3,9.333333,BD132=3; BD139=21; BD9=4,0.635281,0.59725,0.401958
525,Aliphatic,BD139 + BD160 + BD162,BD139,BD160,BD162,BD139=Brevibacillus brevis; BD160=Bacillus stratosphericus; BD162=Bacillus safensis,BD139=Metal_Group_4; BD160=Metal_Group_4; BD162=Metal_Group_4,44,59,74.576271,79,153,51.633987,79,PL_mean,65.191666,67.053889,0,4.333333,BD139=0; BD160=11; BD162=2,2,9,BD139=21; BD160=4; BD162=2,0.635281,0.59799,0.400834
526,Aliphatic,BD139 + BD162 + BD50,BD139,BD162,BD50,BD139=Brevibacillus brevis; BD162=Bacillus safensis; BD50=Bacillus safensis,BD139=Metal_Group_4; BD162=Metal_Group_4; BD50=Metal_Group_4,44,59,74.576271,78,153,50.980392,78,PL_mean,64.296111,65.781667,0,4.333333,BD139=0; BD162=2; BD50=11,3,9.333333,BD139=21; BD162=4; BD50=3,0.635281,0.59725,0.399621
527,Aliphatic,BD139 + BD158 + BD162,BD139,BD158,BD162,BD139=Brevibacillus brevis; BD158=Salinicola; BD162=Bacillus safensis,BD139=Metal_Group_4; BD158=Metal_Group_1; BD162=Metal_Group_4,38,59,64.40678,98,153,64.052288,98,PL_mean,61.162222,62.197306,0,3.333333,BD139=0; BD158=5; BD162=5,11,15.333333,BD139=12; BD158=23; BD162=11,0.657629,0.401114,0.398595
528,Aliphatic,BD160 + BD163 + BG1,BD160,BD163,BG1,BD160=Bacillus stratosphericus; BD163=Bacillus megaterium; BG1=Bacillus amyloliquefaciens,BD160=Metal_Group_4; BD163=Metal_Group_12; BG1=Metal_Group_4,44,59,74.576271,73,153,47.712418,73,PL_mean,73.5425,72.510694,0,0.333333,BD160=0; BD163=0; BG1=1,2,6.666667,BD160=2; BD163=15; BG1=3,0.742072,0.694616,0.39762
529,Aliphatic,BD120 + BD132 + BG1,BD120,BD132,BG1,BD120=Bacillus subtilis; BD132=Bacillus safensis; BG1=Bacillus amyloliquefaciens,BD120=Metal_Group_4; BD132=Metal_Group_4; BG1=Metal_Group_4,44,59,74.576271,58,153,37.908497,58,PL_mean,81.306667,80.4675,0,1.666667,BD120=0; BD132=3; BG1=2,1,1.666667,BD120=1; BD132=1; BG1=3,0.733775,0.822648,0.396175
530,Aliphatic,BD132 + BD139 + BD163,BD132,BD139,BD163,BD132=Bacillus safensis; BD139=Brevibacillus brevis; BD163=Bacillus megaterium,BD132=Metal_Group_4; BD139=Metal_Group_4; BD163=Metal_Group_12,43,59,72.881356,85,153,55.555556,85,PL_mean,66.501389,66.877361,0,0.333333,BD132=0; BD139=0; BD163=1,3,9.666667,BD132=3; BD139=15; BD163=11,0.717793,0.541024,0.39609
531,Aliphatic,BD162 + BD54 + E7,BD162,BD54,E7,BD162=Bacillus safensis; BD54=Acinetobacter; E7=Acinetobacter,BD162=Metal_Group_4; BD54=Metal_Group_1; E7=Metal_Group_1,41,59,69.491525,84,153,54.901961,84,PL_mean,76.208333,71.596389,0,2.333333,BD162=7; BD54=0; E7=0,0,8,BD162=24; BD54=0; E7=0,0.707317,0.563492,0.394871
532,Aliphatic,BD163 + BD50 + BG1,BD163,BD50,BG1,BD163=Bacillus megaterium; BD50=Bacillus safensis; BG1=Bacillus amyloliquefaciens,BD163=Metal_Group_12; BD50=Metal_Group_4; BG1=Metal_Group_4,44,59,74.576271,73,153,47.712418,73,PL_mean,72.646944,71.238472,0,0.333333,BD163=0; BD50=0; BG1=1,2,7,BD163=16; BD50=2; BG1=3,0.742072,0.673272,0.394402
533,Aliphatic,BD158 + BD54 + BD61,BD158,BD54,BD61,BD158=Salinicola; BD54=Acinetobacter; BD61=Ochrobactrum,BD158=Metal_Group_1; BD54=Metal_Group_1; BD61=Metal_Group_4,38,59,64.40678,92,153,60.130719,92,PL_mean,76.915,69.768139,0,2,BD158=0; BD54=6; BD61=0,5,11.666667,BD158=5; BD54=19; BD61=11,0.766996,0.475782,0.393271
534,Aliphatic,BD139 + BD160 + BD9,BD139,BD160,BD9,BD139=Brevibacillus brevis; BD160=Bacillus stratosphericus; BD9=Bacillus amyloliquefaciens,BD139=Metal_Group_4; BD160=Metal_Group_4; BD9=Metal_Group_4,44,59,74.576271,79,153,51.633987,79,PL_mean,64.571666,62.373333,0,4.333333,BD139=0; BD160=11; BD9=2,2,9,BD139=21; BD160=4; BD9=2,0.635281,0.59799,0.392363
535,Aliphatic,BD162 + BD54 + BG1,BD162,BD54,BG1,BD162=Bacillus safensis; BD54=Acinetobacter; BG1=Bacillus amyloliquefaciens,BD162=Metal_Group_4; BD54=Metal_Group_1; BG1=Metal_Group_4,41,59,69.491525,84,153,54.901961,84,PL_mean,74.427222,73.813333,0,3.666667,BD162=0; BD54=11; BG1=0,0,10.333333,BD162=0; BD54=31; BG1=0,0.707317,0.563492,0.391736
536,Aliphatic,BD158 + BD61 + E7,BD158,BD61,E7,BD158=Salinicola; BD61=Ochrobactrum; E7=Acinetobacter,BD158=Metal_Group_1; BD61=Metal_Group_4; E7=Metal_Group_1,38,59,64.40678,92,153,60.130719,92,PL_mean,77.142222,67.728417,0,2,BD158=0; BD61=0; E7=6,5,11.666667,BD158=5; BD61=11; E7=19,0.766996,0.475782,0.391293
537,Aliphatic,BD139 + BD50 + BD9,BD139,BD50,BD9,BD139=Brevibacillus brevis; BD50=Bacillus safensis; BD9=Bacillus amyloliquefaciens,BD139=Metal_Group_4; BD50=Metal_Group_4; BD9=Metal_Group_4,44,59,74.576271,78,153,50.980392,78,PL_mean,63.676111,61.101111,0,4.333333,BD139=0; BD50=11; BD9=2,3,9.333333,BD139=21; BD50=3; BD9=4,0.635281,0.59725,0.39115
538,Aliphatic,BD120 + BD132 + BD139,BD120,BD132,BD139,BD120=Bacillus subtilis; BD132=Bacillus safensis; BD139=Brevibacillus brevis,BD120=Metal_Group_4; BD132=Metal_Group_4; BD139=Metal_Group_4,42,59,71.186441,76,153,49.673203,76,PL_mean,73.141667,73.260556,0,0,BD120=0; BD132=0; BD139=0,1,8,BD120=2; BD132=1; BD139=21,0.68254,0.618728,0.390982
539,Aliphatic,BD120 + BD160 + BG1,BD120,BD160,BG1,BD120=Bacillus subtilis; BD160=Bacillus stratosphericus; BG1=Bacillus amyloliquefaciens,BD120=Metal_Group_4; BD160=Metal_Group_4; BG1=Metal_Group_4,44,59,74.576271,59,153,38.562092,59,PL_mean,80.182778,78.893889,0,1.666667,BD120=0; BD160=3; BG1=2,1,2,BD120=1; BD160=2; BG1=3,0.733775,0.836632,0.390856
540,Aliphatic,BD139 + BD162 + BD48,BD139,BD162,BD48,BD139=Brevibacillus brevis; BD162=Bacillus safensis; BD48=Bacillus safensis,BD139=Metal_Group_4; BD162=Metal_Group_4; BD48=Metal_Group_1,41,59,69.491525,95,153,62.091503,95,PL_mean,55.487778,55.165834,0,4.333333,BD139=0; BD162=5; BD48=8,9,13.333333,BD139=11; BD162=9; BD48=20,0.641537,0.432392,0.390793
541,Aliphatic,BD139 + BD158 + BD9,BD139,BD158,BD9,BD139=Brevibacillus brevis; BD158=Salinicola; BD9=Bacillus amyloliquefaciens,BD139=Metal_Group_4; BD158=Metal_Group_1; BD9=Metal_Group_4,38,59,64.40678,98,153,64.052288,98,PL_mean,60.542222,57.51675,0,3.333333,BD139=0; BD158=5; BD9=5,11,15.333333,BD139=12; BD158=23; BD9=11,0.657629,0.401114,0.390124
542,Aliphatic,BD162 + BG1 + E7,BD162,BG1,E7,BD162=Bacillus safensis; BG1=Bacillus amyloliquefaciens; E7=Acinetobacter,BD162=Metal_Group_4; BG1=Metal_Group_4; E7=Metal_Group_1,41,59,69.491525,84,153,54.901961,84,PL_mean,74.654444,71.773611,0,3.666667,BD162=0; BG1=0; E7=11,0,10.333333,BD162=0; BG1=0; E7=31,0.707317,0.563492,0.389758
543,Aliphatic,BD139 + BD160 + BD163,BD139,BD160,BD163,BD139=Brevibacillus brevis; BD160=Bacillus stratosphericus; BD163=Bacillus megaterium,BD139=Metal_Group_4; BD160=Metal_Group_4; BD163=Metal_Group_12,43,59,72.881356,85,153,55.555556,85,PL_mean,65.3775,65.30375,0,0.333333,BD139=0; BD160=0; BD163=1,3,8.666667,BD139=15; BD160=3; BD163=8,0.717793,0.548992,0.389495
544,Aliphatic,BD54 + BD9 + E7,BD54,BD9,E7,BD54=Acinetobacter; BD9=Bacillus amyloliquefaciens; E7=Acinetobacter,BD54=Metal_Group_1; BD9=Metal_Group_4; E7=Metal_Group_1,41,59,69.491525,84,153,54.901961,84,PL_mean,75.588333,66.915833,0,2.333333,BD54=0; BD9=7; E7=0,0,8,BD54=0; BD9=24; E7=0,0.707317,0.563492,0.3864
545,Aliphatic,BD132 + BD162 + BD163,BD132,BD162,BD163,BD132=Bacillus safensis; BD162=Bacillus safensis; BD163=Bacillus megaterium,BD132=Metal_Group_4; BD162=Metal_Group_4; BD163=Metal_Group_12,44,59,74.576271,73,153,47.712418,73,PL_mean,69.976389,71.584861,0,0.333333,BD132=0; BD162=1; BD163=0,2,7,BD132=2; BD162=3; BD163=16,0.742072,0.673272,0.385671
546,Aliphatic,BD120 + BD50 + BG1,BD120,BD50,BG1,BD120=Bacillus subtilis; BD50=Bacillus safensis; BG1=Bacillus amyloliquefaciens,BD120=Metal_Group_4; BD50=Metal_Group_4; BG1=Metal_Group_4,44,59,74.576271,58,153,37.908497,58,PL_mean,79.287222,77.621667,0,1.666667,BD120=0; BD50=3; BG1=2,1,1.666667,BD120=1; BD50=1; BG1=3,0.733775,0.822648,0.385366
547,Aliphatic,BD139 + BD163 + BD50,BD139,BD163,BD50,BD139=Brevibacillus brevis; BD163=Bacillus megaterium; BD50=Bacillus safensis,BD139=Metal_Group_4; BD163=Metal_Group_12; BD50=Metal_Group_4,43,59,72.881356,85,153,55.555556,85,PL_mean,64.481944,64.031528,0,0.333333,BD139=0; BD163=1; BD50=0,3,9.666667,BD139=15; BD163=11; BD50=3,0.717793,0.541024,0.385281
548,Aliphatic,BD139 + BD162 + BD163,BD139,BD162,BD163,BD139=Brevibacillus brevis; BD162=Bacillus safensis; BD163=Bacillus megaterium,BD139=Metal_Group_4; BD162=Metal_Group_4; BD163=Metal_Group_12,44,59,74.576271,84,153,54.901961,84,PL_mean,60.204166,62.534028,0,4,BD139=0; BD162=1; BD163=11,2,8,BD139=13; BD162=2; BD163=9,0.653571,0.572602,0.384307
549,Aliphatic,BD54 + BD9 + BG1,BD54,BD9,BG1,BD54=Acinetobacter; BD9=Bacillus amyloliquefaciens; BG1=Bacillus amyloliquefaciens,BD54=Metal_Group_1; BD9=Metal_Group_4; BG1=Metal_Group_4,41,59,69.491525,84,153,54.901961,84,PL_mean,73.807222,69.132778,0,3.666667,BD54=11; BD9=0; BG1=0,0,10.333333,BD54=31; BD9=0; BG1=0,0.707317,0.563492,0.383265
550,Aliphatic,BD120 + BD162 + BD163,BD120,BD162,BD163,BD120=Bacillus subtilis; BD162=Bacillus safensis; BD163=Bacillus megaterium,BD120=Metal_Group_4; BD162=Metal_Group_4; BD163=Metal_Group_12,44,59,74.576271,73,153,47.712418,73,PL_mean,70.505278,71.874583,0,1.333333,BD120=0; BD162=1; BD163=3,2,6.666667,BD120=2; BD162=2; BD163=16,0.749665,0.718475,0.382968
551,Aliphatic,BD139 + BD48 + BD9,BD139,BD48,BD9,BD139=Brevibacillus brevis; BD48=Bacillus safensis; BD9=Bacillus amyloliquefaciens,BD139=Metal_Group_4; BD48=Metal_Group_1; BD9=Metal_Group_4,41,59,69.491525,95,153,62.091503,95,PL_mean,54.867778,50.485278,0,4.333333,BD139=0; BD48=8; BD9=5,9,13.333333,BD139=11; BD48=20; BD9=9,0.641537,0.432392,0.382321
552,Aliphatic,BD120 + BD139 + BD160,BD120,BD139,BD160,BD120=Bacillus subtilis; BD139=Brevibacillus brevis; BD160=Bacillus stratosphericus,BD120=Metal_Group_4; BD139=Metal_Group_4; BD160=Metal_Group_4,42,59,71.186441,77,153,50.326797,77,PL_mean,72.017778,71.686944,0,0,BD120=0; BD139=0; BD160=0,0,7.666667,BD120=0; BD139=21; BD160=2,0.68254,0.619336,0.381396
553,Aliphatic,BD9 + BG1 + E7,BD9,BG1,E7,BD9=Bacillus amyloliquefaciens; BG1=Bacillus amyloliquefaciens; E7=Acinetobacter,BD9=Metal_Group_4; BG1=Metal_Group_4; E7=Metal_Group_1,41,59,69.491525,84,153,54.901961,84,PL_mean,74.034444,67.093056,0,3.666667,BD9=0; BG1=0; E7=11,0,10.333333,BD9=0; BG1=0; E7=31,0.707317,0.563492,0.381287
554,Aliphatic,BD120 + BD139 + BD50,BD120,BD139,BD50,BD120=Bacillus subtilis; BD139=Brevibacillus brevis; BD50=Bacillus safensis,BD120=Metal_Group_4; BD139=Metal_Group_4; BD50=Metal_Group_4,42,59,71.186441,76,153,49.673203,76,PL_mean,71.122222,70.414722,0,0,BD120=0; BD139=0; BD50=0,1,8,BD120=2; BD139=21; BD50=1,0.68254,0.618728,0.380173
555,Aliphatic,BD132 + BD160 + BG1,BD132,BD160,BG1,BD132=Bacillus safensis; BD160=Bacillus stratosphericus; BG1=Bacillus amyloliquefaciens,BD132=Metal_Group_4; BD160=Metal_Group_4; BG1=Metal_Group_4,44,59,74.576271,58,153,37.908497,58,PL_mean,79.653889,78.604167,0,1,BD132=0; BD160=0; BG1=3,0,2.666667,BD132=0; BD160=1; BG1=7,0.742424,0.835403,0.379978
556,Aliphatic,BD160 + BD162 + BD163,BD160,BD162,BD163,BD160=Bacillus stratosphericus; BD162=Bacillus safensis; BD163=Bacillus megaterium,BD160=Metal_Group_4; BD162=Metal_Group_4; BD163=Metal_Group_12,44,59,74.576271,73,153,47.712418,73,PL_mean,68.8525,70.01125,0,0.333333,BD160=0; BD162=1; BD163=0,2,6.666667,BD160=2; BD162=3; BD163=15,0.742072,0.694616,0.37808
557,Aliphatic,BD132 + BD163 + BD9,BD132,BD163,BD9,BD132=Bacillus safensis; BD163=Bacillus megaterium; BD9=Bacillus amyloliquefaciens,BD132=Metal_Group_4; BD163=Metal_Group_12; BD9=Metal_Group_4,44,59,74.576271,73,153,47.712418,73,PL_mean,69.356389,66.904306,0,0.333333,BD132=0; BD163=0; BD9=1,2,7,BD132=2; BD163=16; BD9=3,0.742072,0.673272,0.3772
558,Aliphatic,BD120 + BD132 + BD162,BD120,BD132,BD162,BD120=Bacillus subtilis; BD132=Bacillus safensis; BD162=Bacillus safensis,BD120=Metal_Group_4; BD132=Metal_Group_4; BD162=Metal_Group_4,44,59,74.576271,58,153,37.908497,58,PL_mean,76.616667,77.968056,0,1.666667,BD120=0; BD132=3; BD162=2,1,1.666667,BD120=1; BD132=1; BD162=3,0.733775,0.822648,0.376635
559,Aliphatic,BD139 + BD163 + BD9,BD139,BD163,BD9,BD139=Brevibacillus brevis; BD163=Bacillus megaterium; BD9=Bacillus amyloliquefaciens,BD139=Metal_Group_4; BD163=Metal_Group_12; BD9=Metal_Group_4,44,59,74.576271,84,153,54.901961,84,PL_mean,59.584166,57.853472,0,4,BD139=0; BD163=11; BD9=1,2,8,BD139=13; BD163=9; BD9=2,0.653571,0.572602,0.375836
560,Aliphatic,BD162 + BD163 + BD50,BD162,BD163,BD50,BD162=Bacillus safensis; BD163=Bacillus megaterium; BD50=Bacillus safensis,BD162=Metal_Group_4; BD163=Metal_Group_12; BD50=Metal_Group_4,44,59,74.576271,73,153,47.712418,73,PL_mean,67.956944,68.739028,0,0.333333,BD162=1; BD163=0; BD50=0,2,7,BD162=3; BD163=16; BD50=2,0.742072,0.673272,0.374862
561,Aliphatic,BD162 + BD61 + BG1,BD162,BD61,BG1,BD162=Bacillus safensis; BD61=Ochrobactrum; BG1=Bacillus amyloliquefaciens,BD162=Metal_Group_4; BD61=Metal_Group_4; BG1=Metal_Group_4,39,59,66.101695,88,153,57.51634,88,PL_mean,74.217222,72.032222,0,3,BD162=0; BD61=9; BG1=0,0,11.666667,BD162=0; BD61=35; BG1=0,0.709402,0.515152,0.374671
562,Aliphatic,BD120 + BD163 + BD9,BD120,BD163,BD9,BD120=Bacillus subtilis; BD163=Bacillus megaterium; BD9=Bacillus amyloliquefaciens,BD120=Metal_Group_4; BD163=Metal_Group_12; BD9=Metal_Group_4,44,59,74.576271,73,153,47.712418,73,PL_mean,69.885278,67.194028,0,1.333333,BD120=0; BD163=3; BD9=1,2,6.666667,BD120=2; BD163=16; BD9=2,0.749665,0.718475,0.374497
563,Aliphatic,BD132 + BD50 + BG1,BD132,BD50,BG1,BD132=Bacillus safensis; BD50=Bacillus safensis; BG1=Bacillus amyloliquefaciens,BD132=Metal_Group_4; BD50=Metal_Group_4; BG1=Metal_Group_4,44,59,74.576271,57,153,37.254902,57,PL_mean,78.758333,77.331945,0,1,BD132=0; BD50=0; BG1=3,0,3,BD132=0; BD50=0; BG1=9,0.742424,0.847953,0.372513
564,Aliphatic,BD120 + BD160 + BD162,BD120,BD160,BD162,BD120=Bacillus subtilis; BD160=Bacillus stratosphericus; BD162=Bacillus safensis,BD120=Metal_Group_4; BD160=Metal_Group_4; BD162=Metal_Group_4,44,59,74.576271,59,153,38.562092,59,PL_mean,75.492778,76.394444,0,1.666667,BD120=0; BD160=3; BD162=2,1,2,BD120=1; BD160=2; BD162=3,0.733775,0.836632,0.371317
565,Aliphatic,BD160 + BD163 + BD9,BD160,BD163,BD9,BD160=Bacillus stratosphericus; BD163=Bacillus megaterium; BD9=Bacillus amyloliquefaciens,BD160=Metal_Group_4; BD163=Metal_Group_12; BD9=Metal_Group_4,44,59,74.576271,73,153,47.712418,73,PL_mean,68.2325,65.330694,0,0.333333,BD160=0; BD163=0; BD9=1,2,6.666667,BD160=2; BD163=15; BD9=3,0.742072,0.694616,0.369609
566,Aliphatic,BD160 + BD50 + BG1,BD160,BD50,BG1,BD160=Bacillus stratosphericus; BD50=Bacillus safensis; BG1=Bacillus amyloliquefaciens,BD160=Metal_Group_4; BD50=Metal_Group_4; BG1=Metal_Group_4,44,59,74.576271,58,153,37.908497,58,PL_mean,77.634444,75.758333,0,1,BD160=0; BD50=0; BG1=3,0,2.666667,BD160=1; BD50=0; BG1=7,0.742424,0.835403,0.36917
567,Aliphatic,BD132 + BD139 + BD160,BD132,BD139,BD160,BD132=Bacillus safensis; BD139=Brevibacillus brevis; BD160=Bacillus stratosphericus,BD132=Metal_Group_4; BD139=Metal_Group_4; BD160=Metal_Group_4,42,59,71.186441,77,153,50.326797,77,PL_mean,71.488889,71.397222,0,0.333333,BD132=0; BD139=1; BD160=0,0,9.666667,BD132=0; BD139=26; BD160=3,0.730159,0.631732,0.368525
568,Aliphatic,BD117 + BD158 + BD61,BD117,BD158,BD61,BD117=Micococcus luteus; BD158=Salinicola; BD61=Ochrobactrum,BD117=Metal_Group_9; BD158=Metal_Group_1; BD61=Metal_Group_4,35,59,59.322034,82,153,53.594771,82,PL_mean,75.9,70.420917,0,1,BD117=3; BD158=0; BD61=0,9,10,BD117=9; BD158=9; BD61=12,0.730655,0.44364,0.36829
569,Aliphatic,BD120 + BD132 + BD9,BD120,BD132,BD9,BD120=Bacillus subtilis; BD132=Bacillus safensis; BD9=Bacillus amyloliquefaciens,BD120=Metal_Group_4; BD132=Metal_Group_4; BD9=Metal_Group_4,44,59,74.576271,58,153,37.908497,58,PL_mean,75.996667,73.2875,0,1.666667,BD120=0; BD132=3; BD9=2,1,1.666667,BD120=1; BD132=1; BD9=3,0.733775,0.822648,0.368164
570,Aliphatic,BD163 + BD50 + BD9,BD163,BD50,BD9,BD163=Bacillus megaterium; BD50=Bacillus safensis; BD9=Bacillus amyloliquefaciens,BD163=Metal_Group_12; BD50=Metal_Group_4; BD9=Metal_Group_4,44,59,74.576271,73,153,47.712418,73,PL_mean,67.336944,64.058472,0,0.333333,BD163=0; BD50=0; BD9=1,2,7,BD163=16; BD50=2; BD9=3,0.742072,0.673272,0.366391
571,Aliphatic,BD61 + BD9 + BG1,BD61,BD9,BG1,BD61=Ochrobactrum; BD9=Bacillus amyloliquefaciens; BG1=Bacillus amyloliquefaciens,BD61=Metal_Group_4; BD9=Metal_Group_4; BG1=Metal_Group_4,39,59,66.101695,88,153,57.51634,88,PL_mean,73.597222,67.351667,0,3,BD61=9; BD9=0; BG1=0,0,11.666667,BD61=35; BD9=0; BG1=0,0.709402,0.515152,0.3662
572,Aliphatic,BD120 + BD162 + BD50,BD120,BD162,BD50,BD120=Bacillus subtilis; BD162=Bacillus safensis; BD50=Bacillus safensis,BD120=Metal_Group_4; BD162=Metal_Group_4; BD50=Metal_Group_4,44,59,74.576271,58,153,37.908497,58,PL_mean,74.597222,75.122222,0,1.666667,BD120=0; BD162=2; BD50=3,1,1.666667,BD120=1; BD162=3; BD50=1,0.733775,0.822648,0.365827
573,Aliphatic,BD54 + BD61 + E7,BD54,BD61,E7,BD54=Acinetobacter; BD61=Ochrobactrum; E7=Acinetobacter,BD54=Metal_Group_1; BD61=Metal_Group_4; E7=Metal_Group_1,38,59,64.40678,87,153,56.862745,87,PL_mean,82.242222,72.1375,0,1.333333,BD54=0; BD61=4; E7=0,0,9,BD54=0; BD61=27; E7=0,0.807018,0.578544,0.364061
574,Aliphatic,BD48 + BD54 + BG1,BD48,BD54,BG1,BD48=Bacillus safensis; BD54=Acinetobacter; BG1=Bacillus amyloliquefaciens,BD48=Metal_Group_1; BD54=Metal_Group_1; BG1=Metal_Group_4,41,59,69.491525,84,153,54.901961,84,PL_mean,69.896667,64.695,0,2.333333,BD48=0; BD54=0; BG1=7,0,8,BD48=0; BD54=0; BG1=24,0.707317,0.563492,0.363787
575,Aliphatic,BD162 + BD54 + BD9,BD162,BD54,BD9,BD162=Bacillus safensis; BD54=Acinetobacter; BD9=Bacillus amyloliquefaciens,BD162=Metal_Group_4; BD54=Metal_Group_1; BD9=Metal_Group_4,41,59,69.491525,84,153,54.901961,84,PL_mean,69.117222,66.633333,0,3.666667,BD162=0; BD54=11; BD9=0,0,10.333333,BD162=0; BD54=31; BD9=0,0.707317,0.563492,0.363725
576,Aliphatic,BD120 + BD160 + BD9,BD120,BD160,BD9,BD120=Bacillus subtilis; BD160=Bacillus stratosphericus; BD9=Bacillus amyloliquefaciens,BD120=Metal_Group_4; BD160=Metal_Group_4; BD9=Metal_Group_4,44,59,74.576271,59,153,38.562092,59,PL_mean,74.872778,71.713889,0,1.666667,BD120=0; BD160=3; BD9=2,1,2,BD120=1; BD160=2; BD9=3,0.733775,0.836632,0.362846
577,Aliphatic,BD48 + BG1 + E7,BD48,BG1,E7,BD48=Bacillus safensis; BG1=Bacillus amyloliquefaciens; E7=Acinetobacter,BD48=Metal_Group_1; BG1=Metal_Group_4; E7=Metal_Group_1,41,59,69.491525,84,153,54.901961,84,PL_mean,70.123889,62.655278,0,2.333333,BD48=0; BG1=7; E7=0,0,8,BD48=0; BG1=24; E7=0,0.707317,0.563492,0.361809
578,Aliphatic,BD162 + BD9 + E7,BD162,BD9,E7,BD162=Bacillus safensis; BD9=Bacillus amyloliquefaciens; E7=Acinetobacter,BD162=Metal_Group_4; BD9=Metal_Group_4; E7=Metal_Group_1,41,59,69.491525,84,153,54.901961,84,PL_mean,69.344444,64.593611,0,3.666667,BD162=0; BD9=0; E7=11,0,10.333333,BD162=0; BD9=0; E7=31,0.707317,0.563492,0.361747
579,Aliphatic,BD132 + BD160 + BD162,BD132,BD160,BD162,BD132=Bacillus safensis; BD160=Bacillus stratosphericus; BD162=Bacillus safensis,BD132=Metal_Group_4; BD160=Metal_Group_4; BD162=Metal_Group_4,44,59,74.576271,58,153,37.908497,58,PL_mean,74.963889,76.104722,0,1,BD132=0; BD160=0; BD162=3,0,2.666667,BD132=0; BD160=1; BD162=7,0.742424,0.835403,0.360439
580,Aliphatic,BD126 + BD163 + BG1,BD126,BD163,BG1,BD126=Bacillus; BD163=Bacillus megaterium; BG1=Bacillus amyloliquefaciens,BD126=Metal_Group_4; BD163=Metal_Group_12; BG1=Metal_Group_4,44,59,74.576271,73,153,47.712418,73,PL_mean,67.291944,63.295417,0,1.333333,BD126=0; BD163=3; BG1=1,2,6.666667,BD126=2; BD163=16; BG1=2,0.749665,0.718475,0.360286
581,Aliphatic,BD126 + BD139 + BD163,BD126,BD139,BD163,BD126=Bacillus; BD139=Brevibacillus brevis; BD163=Bacillus megaterium,BD126=Metal_Group_4; BD139=Metal_Group_4; BD163=Metal_Group_12,43,59,72.881356,85,153,55.555556,85,PL_mean,59.126944,56.088472,0,0.333333,BD126=0; BD139=0; BD163=1,3,9,BD126=3; BD139=14; BD163=10,0.686416,0.572602,0.360146
582,Aliphatic,BD139 + BD160 + BD50,BD139,BD160,BD50,BD139=Brevibacillus brevis; BD160=Bacillus stratosphericus; BD50=Bacillus safensis,BD139=Metal_Group_4; BD160=Metal_Group_4; BD50=Metal_Group_4,42,59,71.186441,77,153,50.326797,77,PL_mean,69.469444,68.551389,0,0.333333,BD139=1; BD160=0; BD50=0,0,9.666667,BD139=26; BD160=3; BD50=0,0.730159,0.631732,0.357717
583,Aliphatic,BD120 + BD50 + BD9,BD120,BD50,BD9,BD120=Bacillus subtilis; BD50=Bacillus safensis; BD9=Bacillus amyloliquefaciens,BD120=Metal_Group_4; BD50=Metal_Group_4; BD9=Metal_Group_4,44,59,74.576271,58,153,37.908497,58,PL_mean,73.977222,70.441667,0,1.666667,BD120=0; BD50=3; BD9=2,1,1.666667,BD120=1; BD50=1; BD9=3,0.733775,0.822648,0.357356
584,Aliphatic,BD132 + BD139 + BD50,BD132,BD139,BD50,BD132=Bacillus safensis; BD139=Brevibacillus brevis; BD50=Bacillus safensis,BD132=Metal_Group_4; BD139=Metal_Group_4; BD50=Metal_Group_4,42,59,71.186441,74,153,48.366013,74,PL_mean,70.593333,70.125,0,0.333333,BD132=0; BD139=1; BD50=0,0,8.666667,BD132=0; BD139=26; BD50=0,0.730159,0.657658,0.356616
585,Aliphatic,BD132 + BD162 + BG1,BD132,BD162,BG1,BD132=Bacillus safensis; BD162=Bacillus safensis; BG1=Bacillus amyloliquefaciens,BD132=Metal_Group_4; BD162=Metal_Group_4; BG1=Metal_Group_4,44,59,74.576271,57,153,37.254902,57,PL_mean,74.480555,75.834445,0,4.666667,BD132=14; BD162=0; BG1=0,0,1.333333,BD132=4; BD162=0; BG1=0,0.742424,0.847953,0.35575
586,Aliphatic,BD126 + BD132 + BG1,BD126,BD132,BG1,BD126=Bacillus; BD132=Bacillus safensis; BG1=Bacillus amyloliquefaciens,BD126=Metal_Group_4; BD132=Metal_Group_4; BG1=Metal_Group_4,44,59,74.576271,58,153,37.908497,58,PL_mean,73.403333,69.388889,0,1.666667,BD126=0; BD132=3; BG1=2,1,1.666667,BD126=1; BD132=1; BG1=3,0.733775,0.822648,0.353954
587,Aliphatic,BD132 + BD162 + BD50,BD132,BD162,BD50,BD132=Bacillus safensis; BD162=Bacillus safensis; BD50=Bacillus safensis,BD132=Metal_Group_4; BD162=Metal_Group_4; BD50=Metal_Group_4,44,59,74.576271,57,153,37.254902,57,PL_mean,74.068333,74.8325,0,1,BD132=0; BD162=3; BD50=0,0,3,BD132=0; BD162=9; BD50=0,0.742424,0.847953,0.352974
588,Aliphatic,BD117 + BD139 + BG1,BD117,BD139,BG1,BD117=Micococcus luteus; BD139=Brevibacillus brevis; BG1=Bacillus amyloliquefaciens,BD117=Metal_Group_9; BD139=Metal_Group_4; BG1=Metal_Group_4,35,59,59.322034,84,153,54.901961,84,PL_mean,69.937222,69.758611,0,2.666667,BD117=2; BD139=0; BG1=6,9,13,BD117=9; BD139=18; BG1=12,0.717709,0.44335,0.352969
589,Aliphatic,BD132 + BD160 + BD9,BD132,BD160,BD9,BD132=Bacillus safensis; BD160=Bacillus stratosphericus; BD9=Bacillus amyloliquefaciens,BD132=Metal_Group_4; BD160=Metal_Group_4; BD9=Metal_Group_4,44,59,74.576271,58,153,37.908497,58,PL_mean,74.343889,71.424167,0,1,BD132=0; BD160=0; BD9=3,0,2.666667,BD132=0; BD160=1; BD9=7,0.742424,0.835403,0.351968
590,Aliphatic,BD120 + BD132 + BD163,BD120,BD132,BD163,BD120=Bacillus subtilis; BD132=Bacillus safensis; BD163=Bacillus megaterium,BD120=Metal_Group_4; BD132=Metal_Group_4; BD163=Metal_Group_12,43,59,72.881356,71,153,46.405229,71,PL_mean,76.8025,76.217917,0,0.333333,BD120=0; BD132=0; BD163=1,0,5.666667,BD120=1; BD132=0; BD163=16,0.921742,0.69475,0.351157
591,Aliphatic,BD162 + BD163 + BG1,BD162,BD163,BG1,BD162=Bacillus safensis; BD163=Bacillus megaterium; BG1=Bacillus amyloliquefaciens,BD162=Metal_Group_4; BD163=Metal_Group_12; BG1=Metal_Group_4,44,59,74.576271,71,153,46.405229,71,PL_mean,68.369166,69.740972,0,4.666667,BD162=0; BD163=14; BG1=0,0,6,BD162=0; BD163=18; BG1=0,0.772727,0.765258,0.35055
592,Aliphatic,BD160 + BD162 + BG1,BD160,BD162,BG1,BD160=Bacillus stratosphericus; BD162=Bacillus safensis; BG1=Bacillus amyloliquefaciens,BD160=Metal_Group_4; BD162=Metal_Group_4; BG1=Metal_Group_4,44,59,74.576271,58,153,37.908497,58,PL_mean,73.356666,74.260833,0,4.666667,BD160=14; BD162=0; BG1=0,0,1.666667,BD160=5; BD162=0; BG1=0,0.742424,0.862069,0.350421
593,Aliphatic,BD160 + BD162 + BD50,BD160,BD162,BD50,BD160=Bacillus stratosphericus; BD162=Bacillus safensis; BD50=Bacillus safensis,BD160=Metal_Group_4; BD162=Metal_Group_4; BD50=Metal_Group_4,44,59,74.576271,58,153,37.908497,58,PL_mean,72.944444,73.258889,0,1,BD160=0; BD162=3; BD50=0,0,2.666667,BD160=1; BD162=7; BD50=0,0.742424,0.835403,0.34963
594,Aliphatic,BD126 + BD132 + BD139,BD126,BD132,BD139,BD126=Bacillus; BD132=Bacillus safensis; BD139=Brevibacillus brevis,BD126=Metal_Group_4; BD132=Metal_Group_4; BD139=Metal_Group_4,42,59,71.186441,76,153,49.673203,76,PL_mean,65.238333,62.181945,0,0,BD126=0; BD132=0; BD139=0,1,8,BD126=2; BD132=1; BD139=21,0.68254,0.618728,0.348761
595,Aliphatic,BD126 + BD160 + BG1,BD126,BD160,BG1,BD126=Bacillus; BD160=Bacillus stratosphericus; BG1=Bacillus amyloliquefaciens,BD126=Metal_Group_4; BD160=Metal_Group_4; BG1=Metal_Group_4,44,59,74.576271,59,153,38.562092,59,PL_mean,72.279444,67.815278,0,1.666667,BD126=0; BD160=3; BG1=2,1,2,BD126=1; BD160=2; BG1=3,0.733775,0.836632,0.348635
596,Aliphatic,BD132 + BD9 + BG1,BD132,BD9,BG1,BD132=Bacillus safensis; BD9=Bacillus amyloliquefaciens; BG1=Bacillus amyloliquefaciens,BD132=Metal_Group_4; BD9=Metal_Group_4; BG1=Metal_Group_4,44,59,74.576271,57,153,37.254902,57,PL_mean,73.860555,71.153889,0,4.666667,BD132=14; BD9=0; BG1=0,0,1.333333,BD132=4; BD9=0; BG1=0,0.742424,0.847953,0.347279
597,Aliphatic,BD162 + BD61 + BD9,BD162,BD61,BD9,BD162=Bacillus safensis; BD61=Ochrobactrum; BD9=Bacillus amyloliquefaciens,BD162=Metal_Group_4; BD61=Metal_Group_4; BD9=Metal_Group_4,39,59,66.101695,88,153,57.51634,88,PL_mean,68.907222,64.852222,0,3,BD162=0; BD61=9; BD9=0,0,11.666667,BD162=0; BD61=35; BD9=0,0.709402,0.515152,0.346661
598,Aliphatic,BD162 + BD50 + BG1,BD162,BD50,BG1,BD162=Bacillus safensis; BD50=Bacillus safensis; BG1=Bacillus amyloliquefaciens,BD162=Metal_Group_4; BD50=Metal_Group_4; BG1=Metal_Group_4,44,59,74.576271,57,153,37.254902,57,PL_mean,72.461111,72.988611,0,4.666667,BD162=0; BD50=14; BG1=0,0,1.333333,BD162=0; BD50=4; BG1=0,0.742424,0.847953,0.344941
599,Aliphatic,BD132 + BD50 + BD9,BD132,BD50,BD9,BD132=Bacillus safensis; BD50=Bacillus safensis; BD9=Bacillus amyloliquefaciens,BD132=Metal_Group_4; BD50=Metal_Group_4; BD9=Metal_Group_4,44,59,74.576271,57,153,37.254902,57,PL_mean,73.448333,70.151945,0,1,BD132=0; BD50=0; BD9=3,0,3,BD132=0; BD50=0; BD9=9,0.742424,0.847953,0.344503
600,Aliphatic,BD162 + BD48 + BD54,BD162,BD48,BD54,BD162=Bacillus safensis; BD48=Bacillus safensis; BD54=Acinetobacter,BD162=Metal_Group_4; BD48=Metal_Group_1; BD54=Metal_Group_1,41,59,69.491525,84,153,54.901961,84,PL_mean,65.206667,62.195556,0,2.333333,BD162=7; BD48=0; BD54=0,0,8,BD162=24; BD48=0; BD54=0,0.707317,0.563492,0.344248
601,Aliphatic,BD120 + BD160 + BD163,BD120,BD160,BD163,BD120=Bacillus subtilis; BD160=Bacillus stratosphericus; BD163=Bacillus megaterium,BD120=Metal_Group_4; BD160=Metal_Group_4; BD163=Metal_Group_12,43,59,72.881356,71,153,46.405229,71,PL_mean,75.678611,74.644305,0,0.333333,BD120=0; BD160=0; BD163=1,0,5.333333,BD120=1; BD160=0; BD163=15,0.921742,0.715962,0.343576
602,Aliphatic,BD126 + BD50 + BG1,BD126,BD50,BG1,BD126=Bacillus; BD50=Bacillus safensis; BG1=Bacillus amyloliquefaciens,BD126=Metal_Group_4; BD50=Metal_Group_4; BG1=Metal_Group_4,44,59,74.576271,58,153,37.908497,58,PL_mean,71.383889,66.543056,0,1.666667,BD126=0; BD50=3; BG1=2,1,1.666667,BD126=1; BD50=1; BG1=3,0.733775,0.822648,0.343145
603,Aliphatic,BD162 + BD48 + E7,BD162,BD48,E7,BD162=Bacillus safensis; BD48=Bacillus safensis; E7=Acinetobacter,BD162=Metal_Group_4; BD48=Metal_Group_1; E7=Metal_Group_1,41,59,69.491525,84,153,54.901961,84,PL_mean,65.433889,60.155834,0,2.333333,BD162=7; BD48=0; E7=0,0,8,BD162=24; BD48=0; E7=0,0.707317,0.563492,0.342269
604,Aliphatic,BD163 + BD9 + BG1,BD163,BD9,BG1,BD163=Bacillus megaterium; BD9=Bacillus amyloliquefaciens; BG1=Bacillus amyloliquefaciens,BD163=Metal_Group_12; BD9=Metal_Group_4; BG1=Metal_Group_4,44,59,74.576271,71,153,46.405229,71,PL_mean,67.749166,65.060417,0,4.666667,BD163=14; BD9=0; BG1=0,0,6,BD163=18; BD9=0; BG1=0,0.772727,0.765258,0.342078
605,Aliphatic,BD160 + BD9 + BG1,BD160,BD9,BG1,BD160=Bacillus stratosphericus; BD9=Bacillus amyloliquefaciens; BG1=Bacillus amyloliquefaciens,BD160=Metal_Group_4; BD9=Metal_Group_4; BG1=Metal_Group_4,44,59,74.576271,58,153,37.908497,58,PL_mean,72.736666,69.580278,0,4.666667,BD160=14; BD9=0; BG1=0,0,1.666667,BD160=5; BD9=0; BG1=0,0.742424,0.862069,0.34195
606,Aliphatic,BD160 + BD50 + BD9,BD160,BD50,BD9,BD160=Bacillus stratosphericus; BD50=Bacillus safensis; BD9=Bacillus amyloliquefaciens,BD160=Metal_Group_4; BD50=Metal_Group_4; BD9=Metal_Group_4,44,59,74.576271,58,153,37.908497,58,PL_mean,72.324444,68.578333,0,1,BD160=0; BD50=0; BD9=3,0,2.666667,BD160=1; BD50=0; BD9=7,0.742424,0.835403,0.341159
607,Aliphatic,BD126 + BD162 + BD163,BD126,BD162,BD163,BD126=Bacillus; BD162=Bacillus safensis; BD163=Bacillus megaterium,BD126=Metal_Group_4; BD162=Metal_Group_4; BD163=Metal_Group_12,44,59,74.576271,73,153,47.712418,73,PL_mean,62.601944,60.795972,0,1.333333,BD126=0; BD162=1; BD163=3,2,6.666667,BD126=2; BD162=2; BD163=16,0.749665,0.718475,0.340747
608,Aliphatic,BD158 + BD48 + BD61,BD158,BD48,BD61,BD158=Salinicola; BD48=Bacillus safensis; BD61=Ochrobactrum,BD158=Metal_Group_1; BD48=Metal_Group_1; BD61=Metal_Group_4,38,59,64.40678,92,153,60.130719,92,PL_mean,66.140556,58.327583,0,2,BD158=0; BD48=6; BD61=0,5,11.666667,BD158=5; BD48=19; BD61=11,0.766996,0.475782,0.340669
609,Aliphatic,BD120 + BD163 + BD50,BD120,BD163,BD50,BD120=Bacillus subtilis; BD163=Bacillus megaterium; BD50=Bacillus safensis,BD120=Metal_Group_4; BD163=Metal_Group_12; BD50=Metal_Group_4,43,59,72.881356,71,153,46.405229,71,PL_mean,74.783056,73.372083,0,0.333333,BD120=0; BD163=1; BD50=0,0,5.666667,BD120=1; BD163=16; BD50=0,0.921742,0.69475,0.340348
610,Aliphatic,BD126 + BD139 + BD160,BD126,BD139,BD160,BD126=Bacillus; BD139=Brevibacillus brevis; BD160=Bacillus stratosphericus,BD126=Metal_Group_4; BD139=Metal_Group_4; BD160=Metal_Group_4,42,59,71.186441,77,153,50.326797,77,PL_mean,64.114444,60.608333,0,0,BD126=0; BD139=0; BD160=0,0,7.666667,BD126=0; BD139=21; BD160=2,0.68254,0.619336,0.339175
611,Aliphatic,BD162 + BD48 + BG1,BD162,BD48,BG1,BD162=Bacillus safensis; BD48=Bacillus safensis; BG1=Bacillus amyloliquefaciens,BD162=Metal_Group_4; BD48=Metal_Group_1; BG1=Metal_Group_4,41,59,69.491525,84,153,54.901961,84,PL_mean,63.652778,62.372778,0,3.666667,BD162=0; BD48=11; BG1=0,0,10.333333,BD162=0; BD48=31; BG1=0,0.707317,0.563492,0.339134
612,Aliphatic,BD126 + BD139 + BD50,BD126,BD139,BD50,BD126=Bacillus; BD139=Brevibacillus brevis; BD50=Bacillus safensis,BD126=Metal_Group_4; BD139=Metal_Group_4; BD50=Metal_Group_4,42,59,71.186441,76,153,49.673203,76,PL_mean,63.218889,59.336111,0,0,BD126=0; BD139=0; BD50=0,1,8,BD126=2; BD139=21; BD50=1,0.68254,0.618728,0.337952
613,Aliphatic,BD50 + BD9 + BG1,BD50,BD9,BG1,BD50=Bacillus safensis; BD9=Bacillus amyloliquefaciens; BG1=Bacillus amyloliquefaciens,BD50=Metal_Group_4; BD9=Metal_Group_4; BG1=Metal_Group_4,44,59,74.576271,57,153,37.254902,57,PL_mean,71.841111,68.308056,0,4.666667,BD50=14; BD9=0; BG1=0,0,1.333333,BD50=4; BD9=0; BG1=0,0.742424,0.847953,0.33647
614,Aliphatic,BD158 + BD162 + BG1,BD158,BD162,BG1,BD158=Salinicola; BD162=Bacillus safensis; BG1=Bacillus amyloliquefaciens,BD158=Metal_Group_1; BD162=Metal_Group_4; BG1=Metal_Group_4,38,59,64.40678,86,153,56.20915,86,PL_mean,69.327222,69.40425,0,2.666667,BD158=8; BD162=0; BG1=0,0,11,BD158=33; BD162=0; BG1=0,0.719298,0.527132,0.335906
615,Aliphatic,BD48 + BD54 + BD9,BD48,BD54,BD9,BD48=Bacillus safensis; BD54=Acinetobacter; BD9=Bacillus amyloliquefaciens,BD48=Metal_Group_1; BD54=Metal_Group_1; BD9=Metal_Group_4,41,59,69.491525,84,153,54.901961,84,PL_mean,64.586667,57.515,0,2.333333,BD48=0; BD54=0; BD9=7,0,8,BD48=0; BD54=0; BD9=24,0.707317,0.563492,0.335776
616,Aliphatic,BD120 + BD126 + BD139,BD120,BD126,BD139,BD120=Bacillus subtilis; BD126=Bacillus; BD139=Brevibacillus brevis,BD120=Metal_Group_4; BD126=Metal_Group_4; BD139=Metal_Group_4,42,59,71.186441,75,153,49.019608,75,PL_mean,65.767222,62.471667,0,1,BD120=0; BD126=0; BD139=3,0,7.333333,BD120=0; BD126=0; BD139=22,0.698413,0.688889,0.33552
617,Aliphatic,BD126 + BD132 + BD162,BD126,BD132,BD162,BD126=Bacillus; BD132=Bacillus safensis; BD162=Bacillus safensis,BD126=Metal_Group_4; BD132=Metal_Group_4; BD162=Metal_Group_4,44,59,74.576271,58,153,37.908497,58,PL_mean,68.713333,66.889445,0,1.666667,BD126=0; BD132=3; BD162=2,1,1.666667,BD126=1; BD132=1; BD162=3,0.733775,0.822648,0.334414
618,Aliphatic,BD48 + BD9 + E7,BD48,BD9,E7,BD48=Bacillus safensis; BD9=Bacillus amyloliquefaciens; E7=Acinetobacter,BD48=Metal_Group_1; BD9=Metal_Group_4; E7=Metal_Group_1,41,59,69.491525,84,153,54.901961,84,PL_mean,64.813889,55.475278,0,2.333333,BD48=0; BD9=7; E7=0,0,8,BD48=0; BD9=24; E7=0,0.707317,0.563492,0.333798
619,Aliphatic,BD117 + BD139 + BD162,BD117,BD139,BD162,BD117=Micococcus luteus; BD139=Brevibacillus brevis; BD162=Bacillus safensis,BD117=Metal_Group_9; BD139=Metal_Group_4; BD162=Metal_Group_4,35,59,59.322034,84,153,54.901961,84,PL_mean,65.247222,67.259167,0,2.666667,BD117=2; BD139=0; BD162=6,9,13,BD117=9; BD139=18; BD162=12,0.717709,0.44335,0.33343
620,Aliphatic,BD158 + BD54 + E7,BD158,BD54,E7,BD158=Salinicola; BD54=Acinetobacter; E7=Acinetobacter,BD158=Metal_Group_1; BD54=Metal_Group_1; E7=Metal_Group_1,38,59,64.40678,81,153,52.941176,81,PL_mean,77.352222,69.509528,0,1.333333,BD158=4; BD54=0; E7=0,0,7,BD158=21; BD54=0; E7=0,0.789474,0.63786,0.332484
621,Aliphatic,BD126 + BD163 + BD9,BD126,BD163,BD9,BD126=Bacillus; BD163=Bacillus megaterium; BD9=Bacillus amyloliquefaciens,BD126=Metal_Group_4; BD163=Metal_Group_12; BD9=Metal_Group_4,44,59,74.576271,73,153,47.712418,73,PL_mean,61.981944,56.115417,0,1.333333,BD126=0; BD163=3; BD9=1,2,6.666667,BD126=2; BD163=16; BD9=2,0.749665,0.718475,0.332276
622,Aliphatic,BD48 + BD9 + BG1,BD48,BD9,BG1,BD48=Bacillus safensis; BD9=Bacillus amyloliquefaciens; BG1=Bacillus amyloliquefaciens,BD48=Metal_Group_1; BD9=Metal_Group_4; BG1=Metal_Group_4,41,59,69.491525,84,153,54.901961,84,PL_mean,63.032778,57.692222,0,3.666667,BD48=11; BD9=0; BG1=0,0,10.333333,BD48=31; BD9=0; BG1=0,0.707317,0.563492,0.330663
623,Aliphatic,BD126 + BD160 + BD162,BD126,BD160,BD162,BD126=Bacillus; BD160=Bacillus stratosphericus; BD162=Bacillus safensis,BD126=Metal_Group_4; BD160=Metal_Group_4; BD162=Metal_Group_4,44,59,74.576271,59,153,38.562092,59,PL_mean,67.589444,65.315833,0,1.666667,BD126=0; BD160=3; BD162=2,1,2,BD126=1; BD160=2; BD162=3,0.733775,0.836632,0.329096
624,Aliphatic,BD132 + BD160 + BD163,BD132,BD160,BD163,BD132=Bacillus safensis; BD160=Bacillus stratosphericus; BD163=Bacillus megaterium,BD132=Metal_Group_4; BD160=Metal_Group_4; BD163=Metal_Group_12,43,59,72.881356,70,153,45.751634,70,PL_mean,75.149722,74.354583,0,0.666667,BD132=0; BD160=0; BD163=2,0,6.333333,BD132=0; BD160=0; BD163=19,0.968992,0.728011,0.329083
625,Aliphatic,BD132 + BD162 + BD9,BD132,BD162,BD9,BD132=Bacillus safensis; BD162=Bacillus safensis; BD9=Bacillus amyloliquefaciens,BD132=Metal_Group_4; BD162=Metal_Group_4; BD9=Metal_Group_4,44,59,74.576271,57,153,37.254902,57,PL_mean,69.170555,68.654445,0,4.666667,BD132=14; BD162=0; BD9=0,0,1.333333,BD132=4; BD162=0; BD9=0,0.742424,0.847953,0.327739
626,Aliphatic,BD158 + BD9 + BG1,BD158,BD9,BG1,BD158=Salinicola; BD9=Bacillus amyloliquefaciens; BG1=Bacillus amyloliquefaciens,BD158=Metal_Group_1; BD9=Metal_Group_4; BG1=Metal_Group_4,38,59,64.40678,86,153,56.20915,86,PL_mean,68.707222,64.723694,0,2.666667,BD158=8; BD9=0; BG1=0,0,11,BD158=33; BD9=0; BG1=0,0.719298,0.527132,0.327434
627,Aliphatic,BD139 + BD158 + BD61,BD139,BD158,BD61,BD139=Brevibacillus brevis; BD158=Salinicola; BD61=Ochrobactrum,BD139=Metal_Group_4; BD158=Metal_Group_1; BD61=Metal_Group_4,34,59,57.627119,95,153,62.091503,95,PL_mean,67.196111,62.738417,0,1,BD139=2; BD158=0; BD61=1,8,12.666667,BD139=22; BD158=8; BD61=8,0.759897,0.457618,0.326041
628,Aliphatic,BD126 + BD132 + BD9,BD126,BD132,BD9,BD126=Bacillus; BD132=Bacillus safensis; BD9=Bacillus amyloliquefaciens,BD126=Metal_Group_4; BD132=Metal_Group_4; BD9=Metal_Group_4,44,59,74.576271,58,153,37.908497,58,PL_mean,68.093333,62.208889,0,1.666667,BD126=0; BD132=3; BD9=2,1,1.666667,BD126=1; BD132=1; BD9=3,0.733775,0.822648,0.325943
629,Aliphatic,BD117 + BD139 + BD9,BD117,BD139,BD9,BD117=Micococcus luteus; BD139=Brevibacillus brevis; BD9=Bacillus amyloliquefaciens,BD117=Metal_Group_9; BD139=Metal_Group_4; BD9=Metal_Group_4,35,59,59.322034,84,153,54.901961,84,PL_mean,64.627222,62.578611,0,2.666667,BD117=2; BD139=0; BD9=6,9,13,BD117=9; BD139=18; BD9=12,0.717709,0.44335,0.324958
630,Aliphatic,BD132 + BD163 + BD50,BD132,BD163,BD50,BD132=Bacillus safensis; BD163=Bacillus megaterium; BD50=Bacillus safensis,BD132=Metal_Group_4; BD163=Metal_Group_12; BD50=Metal_Group_4,43,59,72.881356,70,153,45.751634,70,PL_mean,74.254167,73.082361,0,0.666667,BD132=0; BD163=2; BD50=0,0,7.333333,BD132=0; BD163=22; BD50=0,0.968992,0.733333,0.32388
631,Aliphatic,BD126 + BD162 + BD50,BD126,BD162,BD50,BD126=Bacillus; BD162=Bacillus safensis; BD50=Bacillus safensis,BD126=Metal_Group_4; BD162=Metal_Group_4; BD50=Metal_Group_4,44,59,74.576271,58,153,37.908497,58,PL_mean,66.693889,64.043611,0,1.666667,BD126=0; BD162=2; BD50=3,1,1.666667,BD126=1; BD162=3; BD50=1,0.733775,0.822648,0.323606
632,Aliphatic,BD162 + BD163 + BD9,BD162,BD163,BD9,BD162=Bacillus safensis; BD163=Bacillus megaterium; BD9=Bacillus amyloliquefaciens,BD162=Metal_Group_4; BD163=Metal_Group_12; BD9=Metal_Group_4,44,59,74.576271,71,153,46.405229,71,PL_mean,63.059166,62.560972,0,4.666667,BD162=0; BD163=14; BD9=0,0,6,BD162=0; BD163=18; BD9=0,0.772727,0.765258,0.322539
633,Aliphatic,BD160 + BD162 + BD9,BD160,BD162,BD9,BD160=Bacillus stratosphericus; BD162=Bacillus safensis; BD9=Bacillus amyloliquefaciens,BD160=Metal_Group_4; BD162=Metal_Group_4; BD9=Metal_Group_4,44,59,74.576271,58,153,37.908497,58,PL_mean,68.046666,67.080833,0,4.666667,BD160=14; BD162=0; BD9=0,0,1.666667,BD160=5; BD162=0; BD9=0,0.742424,0.862069,0.322411
634,Aliphatic,BD117 + BD54 + E7,BD117,BD54,E7,BD117=Micococcus luteus; BD54=Acinetobacter; E7=Acinetobacter,BD117=Metal_Group_9; BD54=Metal_Group_1; E7=Metal_Group_1,36,59,61.016949,74,153,48.366013,74,PL_mean,81.437222,74.571389,0,0.666667,BD117=2; BD54=0; E7=0,0,4.666667,BD117=14; BD54=0; E7=0,0.796296,0.558559,0.321848
635,Aliphatic,BD126 + BD160 + BD9,BD126,BD160,BD9,BD126=Bacillus; BD160=Bacillus stratosphericus; BD9=Bacillus amyloliquefaciens,BD126=Metal_Group_4; BD160=Metal_Group_4; BD9=Metal_Group_4,44,59,74.576271,59,153,38.562092,59,PL_mean,66.969444,60.635278,0,1.666667,BD126=0; BD160=3; BD9=2,1,2,BD126=1; BD160=2; BD9=3,0.733775,0.836632,0.320625
636,Aliphatic,BD120 + BD132 + BD160,BD120,BD132,BD160,BD120=Bacillus subtilis; BD132=Bacillus safensis; BD160=Bacillus stratosphericus,BD120=Metal_Group_4; BD132=Metal_Group_4; BD160=Metal_Group_4,42,59,71.186441,56,153,36.601307,56,PL_mean,81.79,80.737778,0,0.333333,BD120=1; BD132=0; BD160=0,0,2,BD120=5; BD132=0; BD160=1,0.936508,0.878228,0.319916
637,Aliphatic,BD160 + BD163 + BD50,BD160,BD163,BD50,BD160=Bacillus stratosphericus; BD163=Bacillus megaterium; BD50=Bacillus safensis,BD160=Metal_Group_4; BD163=Metal_Group_12; BD50=Metal_Group_4,43,59,72.881356,70,153,45.751634,70,PL_mean,73.130278,71.50875,0,0.666667,BD160=0; BD163=2; BD50=0,0,6.333333,BD160=0; BD163=19; BD50=0,0.968992,0.728011,0.318274
638,Aliphatic,BD162 + BD50 + BD9,BD162,BD50,BD9,BD162=Bacillus safensis; BD50=Bacillus safensis; BD9=Bacillus amyloliquefaciens,BD162=Metal_Group_4; BD50=Metal_Group_4; BD9=Metal_Group_4,44,59,74.576271,57,153,37.254902,57,PL_mean,67.151111,65.808611,0,4.666667,BD162=0; BD50=14; BD9=0,0,1.333333,BD162=0; BD50=4; BD9=0,0.742424,0.847953,0.316931
639,Aliphatic,BD126 + BD50 + BD9,BD126,BD50,BD9,BD126=Bacillus; BD50=Bacillus safensis; BD9=Bacillus amyloliquefaciens,BD126=Metal_Group_4; BD50=Metal_Group_4; BD9=Metal_Group_4,44,59,74.576271,58,153,37.908497,58,PL_mean,66.073889,59.363056,0,1.666667,BD126=0; BD50=3; BD9=2,1,1.666667,BD126=1; BD50=1; BD9=3,0.733775,0.822648,0.315135
640,Aliphatic,BD48 + BD54 + BD61,BD48,BD54,BD61,BD48=Bacillus safensis; BD54=Acinetobacter; BD61=Ochrobactrum,BD48=Metal_Group_1; BD54=Metal_Group_1; BD61=Metal_Group_4,38,59,64.40678,87,153,56.862745,87,PL_mean,71.240556,62.736667,0,1.333333,BD48=0; BD54=0; BD61=4,0,9,BD48=0; BD54=0; BD61=27,0.807018,0.578544,0.313438
641,Aliphatic,BD120 + BD132 + BD50,BD120,BD132,BD50,BD120=Bacillus subtilis; BD132=Bacillus safensis; BD50=Bacillus safensis,BD120=Metal_Group_4; BD132=Metal_Group_4; BD50=Metal_Group_4,42,59,71.186441,55,153,35.947712,55,PL_mean,80.894445,79.465556,0,0.333333,BD120=1; BD132=0; BD50=0,0,2.333333,BD120=7; BD132=0; BD50=0,0.936508,0.890909,0.312441
642,Aliphatic,BD48 + BD61 + E7,BD48,BD61,E7,BD48=Bacillus safensis; BD61=Ochrobactrum; E7=Acinetobacter,BD48=Metal_Group_1; BD61=Metal_Group_4; E7=Metal_Group_1,38,59,64.40678,87,153,56.862745,87,PL_mean,71.467778,60.696945,0,1.333333,BD48=0; BD61=4; E7=0,0,9,BD48=0; BD61=27; E7=0,0.807018,0.578544,0.31146
643,Aliphatic,BD162 + BD48 + BD9,BD162,BD48,BD9,BD162=Bacillus safensis; BD48=Bacillus safensis; BD9=Bacillus amyloliquefaciens,BD162=Metal_Group_4; BD48=Metal_Group_1; BD9=Metal_Group_4,41,59,69.491525,84,153,54.901961,84,PL_mean,58.342778,55.192778,0,3.666667,BD162=0; BD48=11; BD9=0,0,10.333333,BD162=0; BD48=31; BD9=0,0.707317,0.563492,0.311124
644,Aliphatic,BD120 + BD160 + BD50,BD120,BD160,BD50,BD120=Bacillus subtilis; BD160=Bacillus stratosphericus; BD50=Bacillus safensis,BD120=Metal_Group_4; BD160=Metal_Group_4; BD50=Metal_Group_4,42,59,71.186441,56,153,36.601307,56,PL_mean,79.770556,77.891944,0,0.333333,BD120=1; BD160=0; BD50=0,0,2,BD120=5; BD160=1; BD50=0,0.936508,0.878228,0.309108
645,Aliphatic,BD126 + BD132 + BD163,BD126,BD132,BD163,BD126=Bacillus; BD132=Bacillus safensis; BD163=Bacillus megaterium,BD126=Metal_Group_4; BD132=Metal_Group_4; BD163=Metal_Group_12,43,59,72.881356,71,153,46.405229,71,PL_mean,68.899167,65.139306,0,0.333333,BD126=0; BD132=0; BD163=1,0,5.666667,BD126=1; BD132=0; BD163=16,0.921742,0.69475,0.308936
646,Aliphatic,BD120 + BD162 + BG1,BD120,BD162,BG1,BD120=Bacillus subtilis; BD162=Bacillus safensis; BG1=Bacillus amyloliquefaciens,BD120=Metal_Group_4; BD162=Metal_Group_4; BG1=Metal_Group_4,41,59,69.491525,57,153,37.254902,57,PL_mean,75.009444,76.124167,0,3.666667,BD120=11; BD162=0; BG1=0,0,1.333333,BD120=4; BD162=0; BG1=0,0.788618,0.906433,0.308168
647,Aliphatic,BD158 + BD162 + BD9,BD158,BD162,BD9,BD158=Salinicola; BD162=Bacillus safensis; BD9=Bacillus amyloliquefaciens,BD158=Metal_Group_1; BD162=Metal_Group_4; BD9=Metal_Group_4,38,59,64.40678,86,153,56.20915,86,PL_mean,64.017222,62.22425,0,2.666667,BD158=8; BD162=0; BD9=0,0,11,BD158=33; BD162=0; BD9=0,0.719298,0.527132,0.307895
648,Aliphatic,BD120 + BD126 + BD163,BD120,BD126,BD163,BD120=Bacillus subtilis; BD126=Bacillus; BD163=Bacillus megaterium,BD120=Metal_Group_4; BD126=Metal_Group_4; BD163=Metal_Group_12,43,59,72.881356,71,153,46.405229,71,PL_mean,69.428056,65.429028,0,1.333333,BD120=0; BD126=0; BD163=4,0,6,BD120=0; BD126=0; BD163=18,0.937984,0.765258,0.302581
649,Aliphatic,BD139 + BD54 + E7,BD139,BD54,E7,BD139=Brevibacillus brevis; BD54=Acinetobacter; E7=Acinetobacter,BD139=Metal_Group_4; BD54=Metal_Group_1; E7=Metal_Group_1,36,59,61.016949,86,153,56.20915,86,PL_mean,72.733333,66.888889,0,0.666667,BD139=2; BD54=0; E7=0,0,8.666667,BD139=26; BD54=0; E7=0,0.777778,0.612403,0.301932
650,Aliphatic,BD126 + BD160 + BD163,BD126,BD160,BD163,BD126=Bacillus; BD160=Bacillus stratosphericus; BD163=Bacillus megaterium,BD126=Metal_Group_4; BD160=Metal_Group_4; BD163=Metal_Group_12,43,59,72.881356,71,153,46.405229,71,PL_mean,67.775278,63.565694,0,0.333333,BD126=0; BD160=0; BD163=1,0,5.333333,BD126=1; BD160=0; BD163=15,0.921742,0.715962,0.301355
651,Aliphatic,BD120 + BD9 + BG1,BD120,BD9,BG1,BD120=Bacillus subtilis; BD9=Bacillus amyloliquefaciens; BG1=Bacillus amyloliquefaciens,BD120=Metal_Group_4; BD9=Metal_Group_4; BG1=Metal_Group_4,41,59,69.491525,57,153,37.254902,57,PL_mean,74.389444,71.443611,0,3.666667,BD120=11; BD9=0; BG1=0,0,1.333333,BD120=4; BD9=0; BG1=0,0.788618,0.906433,0.299697
652,Aliphatic,BD126 + BD163 + BD50,BD126,BD163,BD50,BD126=Bacillus; BD163=Bacillus megaterium; BD50=Bacillus safensis,BD126=Metal_Group_4; BD163=Metal_Group_12; BD50=Metal_Group_4,43,59,72.881356,71,153,46.405229,71,PL_mean,66.879722,62.293472,0,0.333333,BD126=0; BD163=1; BD50=0,0,5.666667,BD126=1; BD163=16; BD50=0,0.921742,0.69475,0.298127
653,Aliphatic,BD120 + BD126 + BG1,BD120,BD126,BG1,BD120=Bacillus subtilis; BD126=Bacillus; BG1=Bacillus amyloliquefaciens,BD120=Metal_Group_4; BD126=Metal_Group_4; BG1=Metal_Group_4,41,59,69.491525,57,153,37.254902,57,PL_mean,73.932222,69.678611,0,0.666667,BD120=0; BD126=0; BG1=2,0,1.333333,BD120=0; BD126=0; BG1=4,0.788618,0.906433,0.295733
654,Aliphatic,BD120 + BD126 + BD132,BD120,BD126,BD132,BD120=Bacillus subtilis; BD126=Bacillus; BD132=Bacillus safensis,BD120=Metal_Group_4; BD126=Metal_Group_4; BD132=Metal_Group_4,42,59,71.186441,55,153,35.947712,55,PL_mean,75.539445,71.5225,0,1,BD120=0; BD126=0; BD132=3,0,0.666667,BD120=0; BD126=0; BD132=2,0.936508,0.890909,0.283243
655,Aliphatic,BD158 + BD48 + BD54,BD158,BD48,BD54,BD158=Salinicola; BD48=Bacillus safensis; BD54=Acinetobacter,BD158=Metal_Group_1; BD48=Metal_Group_1; BD54=Metal_Group_1,38,59,64.40678,81,153,52.941176,81,PL_mean,66.350556,60.108694,0,1.333333,BD158=4; BD48=0; BD54=0,0,7,BD158=21; BD48=0; BD54=0,0.789474,0.63786,0.281861
656,Aliphatic,BD120 + BD162 + BD9,BD120,BD162,BD9,BD120=Bacillus subtilis; BD162=Bacillus safensis; BD9=Bacillus amyloliquefaciens,BD120=Metal_Group_4; BD162=Metal_Group_4; BD9=Metal_Group_4,41,59,69.491525,57,153,37.254902,57,PL_mean,69.699444,68.944167,0,3.666667,BD120=11; BD162=0; BD9=0,0,1.333333,BD120=4; BD162=0; BD9=0,0.788618,0.906433,0.280157
657,Aliphatic,BD158 + BD48 + E7,BD158,BD48,E7,BD158=Salinicola; BD48=Bacillus safensis; E7=Acinetobacter,BD158=Metal_Group_1; BD48=Metal_Group_1; E7=Metal_Group_1,38,59,64.40678,81,153,52.941176,81,PL_mean,66.577778,58.068972,0,1.333333,BD158=4; BD48=0; E7=0,0,7,BD158=21; BD48=0; E7=0,0.789474,0.63786,0.279883
658,Aliphatic,BD120 + BD126 + BD160,BD120,BD126,BD160,BD120=Bacillus subtilis; BD126=Bacillus; BD160=Bacillus stratosphericus,BD120=Metal_Group_4; BD126=Metal_Group_4; BD160=Metal_Group_4,42,59,71.186441,56,153,36.601307,56,PL_mean,74.415556,69.948889,0,1,BD120=0; BD126=0; BD160=3,0,1,BD120=0; BD126=0; BD160=3,0.936508,0.904762,0.277934
659,Aliphatic,BD126 + BD132 + BD160,BD126,BD132,BD160,BD126=Bacillus; BD132=Bacillus safensis; BD160=Bacillus stratosphericus,BD126=Metal_Group_4; BD132=Metal_Group_4; BD160=Metal_Group_4,42,59,71.186441,56,153,36.601307,56,PL_mean,73.886667,69.659167,0,0.333333,BD126=1; BD132=0; BD160=0,0,2,BD126=5; BD132=0; BD160=1,0.936508,0.878228,0.277695
660,Aliphatic,BD120 + BD126 + BD162,BD120,BD126,BD162,BD120=Bacillus subtilis; BD126=Bacillus; BD162=Bacillus safensis,BD120=Metal_Group_4; BD126=Metal_Group_4; BD162=Metal_Group_4,41,59,69.491525,57,153,37.254902,57,PL_mean,69.242222,67.179167,0,0.666667,BD120=0; BD126=0; BD162=2,0,1.333333,BD120=0; BD126=0; BD162=4,0.788618,0.906433,0.276193
661,Aliphatic,BD117 + BD162 + BG1,BD117,BD162,BG1,BD117=Micococcus luteus; BD162=Bacillus safensis; BG1=Bacillus amyloliquefaciens,BD117=Metal_Group_9; BD162=Metal_Group_4; BG1=Metal_Group_4,35,59,59.322034,66,153,43.137255,66,PL_mean,73.412222,74.466111,0,1.666667,BD117=5; BD162=0; BG1=0,0,4.333333,BD117=13; BD162=0; BG1=0,0.752381,0.59596,0.27446
662,Aliphatic,BD120 + BD126 + BD50,BD120,BD126,BD50,BD120=Bacillus subtilis; BD126=Bacillus; BD50=Bacillus safensis,BD120=Metal_Group_4; BD126=Metal_Group_4; BD50=Metal_Group_4,42,59,71.186441,55,153,35.947712,55,PL_mean,73.52,68.676667,0,1,BD120=0; BD126=0; BD50=3,0,0.666667,BD120=0; BD126=0; BD50=2,0.936508,0.890909,0.272434
663,Aliphatic,BD117 + BD48 + BD54,BD117,BD48,BD54,BD117=Micococcus luteus; BD48=Bacillus safensis; BD54=Acinetobacter,BD117=Metal_Group_9; BD48=Metal_Group_1; BD54=Metal_Group_1,36,59,61.016949,74,153,48.366013,74,PL_mean,70.435556,65.170556,0,0.666667,BD117=2; BD48=0; BD54=0,0,4.666667,BD117=14; BD48=0; BD54=0,0.796296,0.558559,0.271225
664,Aliphatic,BD126 + BD132 + BD50,BD126,BD132,BD50,BD126=Bacillus; BD132=Bacillus safensis; BD50=Bacillus safensis,BD126=Metal_Group_4; BD132=Metal_Group_4; BD50=Metal_Group_4,42,59,71.186441,55,153,35.947712,55,PL_mean,72.991111,68.386945,0,0.333333,BD126=1; BD132=0; BD50=0,0,2.333333,BD126=7; BD132=0; BD50=0,0.936508,0.890909,0.27022
665,Aliphatic,BD117 + BD48 + E7,BD117,BD48,E7,BD117=Micococcus luteus; BD48=Bacillus safensis; E7=Acinetobacter,BD117=Metal_Group_9; BD48=Metal_Group_1; E7=Metal_Group_1,36,59,61.016949,74,153,48.366013,74,PL_mean,70.662778,63.130834,0,0.666667,BD117=2; BD48=0; E7=0,0,4.666667,BD117=14; BD48=0; E7=0,0.796296,0.558559,0.269247
666,Aliphatic,BD120 + BD126 + BD9,BD120,BD126,BD9,BD120=Bacillus subtilis; BD126=Bacillus; BD9=Bacillus amyloliquefaciens,BD120=Metal_Group_4; BD126=Metal_Group_4; BD9=Metal_Group_4,41,59,69.491525,57,153,37.254902,57,PL_mean,68.622222,62.498611,0,0.666667,BD120=0; BD126=0; BD9=2,0,1.333333,BD120=0; BD126=0; BD9=4,0.788618,0.906433,0.267722
667,Aliphatic,BD132 + BD160 + BD50,BD132,BD160,BD50,BD132=Bacillus safensis; BD160=Bacillus stratosphericus; BD50=Bacillus safensis,BD132=Metal_Group_4; BD160=Metal_Group_4; BD50=Metal_Group_4,41,59,69.491525,51,153,33.333333,51,PL_mean,79.241667,77.602222,0,0,BD132=0; BD160=0; BD50=0,0,1,BD132=0; BD160=3; BD50=0,1.0,0.960784,0.267148
668,Aliphatic,BD126 + BD160 + BD50,BD126,BD160,BD50,BD126=Bacillus; BD160=Bacillus stratosphericus; BD50=Bacillus safensis,BD126=Metal_Group_4; BD160=Metal_Group_4; BD50=Metal_Group_4,42,59,71.186441,56,153,36.601307,56,PL_mean,71.867222,66.813333,0,0.333333,BD126=1; BD160=0; BD50=0,0,2,BD126=5; BD160=1; BD50=0,0.936508,0.878228,0.266887
669,Aliphatic,BD117 + BD9 + BG1,BD117,BD9,BG1,BD117=Micococcus luteus; BD9=Bacillus amyloliquefaciens; BG1=Bacillus amyloliquefaciens,BD117=Metal_Group_9; BD9=Metal_Group_4; BG1=Metal_Group_4,35,59,59.322034,66,153,43.137255,66,PL_mean,72.792222,69.785556,0,1.666667,BD117=5; BD9=0; BG1=0,0,4.333333,BD117=13; BD9=0; BG1=0,0.752381,0.59596,0.265989
670,Aliphatic,BD126 + BD162 + BG1,BD126,BD162,BG1,BD126=Bacillus; BD162=Bacillus safensis; BG1=Bacillus amyloliquefaciens,BD126=Metal_Group_4; BD162=Metal_Group_4; BG1=Metal_Group_4,41,59,69.491525,57,153,37.254902,57,PL_mean,67.106111,65.045556,0,3.666667,BD126=11; BD162=0; BG1=0,0,1.333333,BD126=4; BD162=0; BG1=0,0.788618,0.906433,0.265947
671,Aliphatic,BD126 + BD9 + BG1,BD126,BD9,BG1,BD126=Bacillus; BD9=Bacillus amyloliquefaciens; BG1=Bacillus amyloliquefaciens,BD126=Metal_Group_4; BD9=Metal_Group_4; BG1=Metal_Group_4,41,59,69.491525,57,153,37.254902,57,PL_mean,66.486111,60.365,0,3.666667,BD126=11; BD9=0; BG1=0,0,1.333333,BD126=4; BD9=0; BG1=0,0.788618,0.906433,0.257476
672,Aliphatic,BD139 + BD48 + BD54,BD139,BD48,BD54,BD139=Brevibacillus brevis; BD48=Bacillus safensis; BD54=Acinetobacter,BD139=Metal_Group_4; BD48=Metal_Group_1; BD54=Metal_Group_1,36,59,61.016949,86,153,56.20915,86,PL_mean,61.731667,57.488056,0,0.666667,BD139=2; BD48=0; BD54=0,0,8.666667,BD139=26; BD48=0; BD54=0,0.777778,0.612403,0.251309
673,Aliphatic,BD139 + BD48 + E7,BD139,BD48,E7,BD139=Brevibacillus brevis; BD48=Bacillus safensis; E7=Acinetobacter,BD139=Metal_Group_4; BD48=Metal_Group_1; E7=Metal_Group_1,36,59,61.016949,86,153,56.20915,86,PL_mean,61.958889,55.448334,0,0.666667,BD139=2; BD48=0; E7=0,0,8.666667,BD139=26; BD48=0; E7=0,0.777778,0.612403,0.249331
674,Aliphatic,BD117 + BD162 + BD9,BD117,BD162,BD9,BD117=Micococcus luteus; BD162=Bacillus safensis; BD9=Bacillus amyloliquefaciens,BD117=Metal_Group_9; BD162=Metal_Group_4; BD9=Metal_Group_4,35,59,59.322034,66,153,43.137255,66,PL_mean,68.102222,67.286111,0,1.666667,BD117=5; BD162=0; BD9=0,0,4.333333,BD117=13; BD162=0; BD9=0,0.752381,0.59596,0.246449
675,Aliphatic,BD126 + BD162 + BD9,BD126,BD162,BD9,BD126=Bacillus; BD162=Bacillus safensis; BD9=Bacillus amyloliquefaciens,BD126=Metal_Group_4; BD162=Metal_Group_4; BD9=Metal_Group_4,41,59,69.491525,57,153,37.254902,57,PL_mean,61.796111,57.865556,0,3.666667,BD126=11; BD162=0; BD9=0,0,1.333333,BD126=4; BD162=0; BD9=0,0.788618,0.906433,0.237936
676,Aliphatic,BD139 + BD162 + BG1,BD139,BD162,BG1,BD139=Brevibacillus brevis; BD162=Bacillus safensis; BG1=Bacillus amyloliquefaciens,BD139=Metal_Group_4; BD162=Metal_Group_4; BG1=Metal_Group_4,33,59,55.932203,75,153,49.019608,75,PL_mean,64.708333,66.783611,0,1,BD139=3; BD162=0; BG1=0,0,7.333333,BD139=22; BD162=0; BG1=0,0.79798,0.688889,0.209356
677,Aliphatic,BD139 + BD9 + BG1,BD139,BD9,BG1,BD139=Brevibacillus brevis; BD9=Bacillus amyloliquefaciens; BG1=Bacillus amyloliquefaciens,BD139=Metal_Group_4; BD9=Metal_Group_4; BG1=Metal_Group_4,33,59,55.932203,75,153,49.019608,75,PL_mean,64.088333,62.103056,0,1,BD139=3; BD9=0; BG1=0,0,7.333333,BD139=22; BD9=0; BG1=0,0.79798,0.688889,0.200885
678,Aliphatic,BD139 + BD162 + BD9,BD139,BD162,BD9,BD139=Brevibacillus brevis; BD162=Bacillus safensis; BD9=Bacillus amyloliquefaciens,BD139=Metal_Group_4; BD162=Metal_Group_4; BD9=Metal_Group_4,33,59,55.932203,75,153,49.019608,75,PL_mean,59.398333,59.603611,0,1,BD139=3; BD162=0; BD9=0,0,7.333333,BD139=22; BD162=0; BD9=0,0.79798,0.688889,0.181345
679,Aliphatic,BD48 + BD54 + E7,BD48,BD54,E7,BD48=Bacillus safensis; BD54=Acinetobacter; E7=Acinetobacter,BD48=Metal_Group_1; BD54=Metal_Group_1; E7=Metal_Group_1,34,59,57.627119,60,153,39.215686,60,PL_mean,71.677778,62.478056,0,0,BD48=0; BD54=0; E7=0,0,0,BD48=0; BD54=0; E7=0,1.0,1.0,0.149219
680,Aliphatic,BD162 + BD9 + BG1,BD162,BD9,BG1,BD162=Bacillus safensis; BD9=Bacillus amyloliquefaciens; BG1=Bacillus amyloliquefaciens,BD162=Metal_Group_4; BD9=Metal_Group_4; BG1=Metal_Group_4,30,59,50.847458,53,153,34.640523,53,PL_mean,67.563333,66.810556,0,0,BD162=0; BD9=0; BG1=0,0,0,BD162=0; BD9=0; BG1=0,1.0,1.0,0.08084
1,Polyaromatic,BD120 + BD158 + BD61,BD120,BD158,BD61,BD120=Bacillus subtilis; BD158=Salinicola; BD61=Ochrobactrum,BD120=Metal_Group_4; BD158=Metal_Group_1; BD61=Metal_Group_4,40,44,90.909091,59,83,71.084337,59,PP_mean,66.660722,72.078972,4,6,BD120=6; BD158=4; BD61=8,6,9.333333,BD120=12; BD158=6; BD61=10,0.508715,0.409395,0.89073
2,Polyaromatic,BD158 + BD61 + BG1,BD158,BD61,BG1,BD158=Salinicola; BD61=Ochrobactrum; BG1=Bacillus amyloliquefaciens,BD158=Metal_Group_1; BD61=Metal_Group_4; BG1=Metal_Group_4,40,44,90.909091,56,83,67.46988,56,PP_mean,64.529611,69.945361,4,6.333333,BD158=4; BD61=9; BG1=6,7,9.333333,BD158=7; BD61=12; BG1=9,0.504832,0.416002,0.886771
3,Polyaromatic,BD158 + BD162 + BD61,BD158,BD162,BD61,BD158=Salinicola; BD162=Bacillus safensis; BD61=Ochrobactrum,BD158=Metal_Group_1; BD162=Metal_Group_4; BD61=Metal_Group_4,40,44,90.909091,56,83,67.46988,56,PP_mean,64.220722,67.445917,4,6.333333,BD158=4; BD162=6; BD61=9,7,9.333333,BD158=7; BD162=9; BD61=12,0.504832,0.416002,0.882751
4,Polyaromatic,BD158 + BD61 + BD9,BD158,BD61,BD9,BD158=Salinicola; BD61=Ochrobactrum; BD9=Bacillus amyloliquefaciens,BD158=Metal_Group_1; BD61=Metal_Group_4; BD9=Metal_Group_4,40,44,90.909091,56,83,67.46988,56,PP_mean,55.479611,62.765361,4,6.333333,BD158=4; BD61=9; BD9=6,7,9.333333,BD158=7; BD61=12; BD9=9,0.504832,0.416002,0.85839
5,Polyaromatic,BD126 + BD158 + BD61,BD126,BD158,BD61,BD126=Bacillus; BD158=Salinicola; BD61=Ochrobactrum,BD126=Metal_Group_4; BD158=Metal_Group_1; BD61=Metal_Group_4,40,44,90.909091,59,83,71.084337,59,PP_mean,52.406833,61.000361,4,6,BD126=6; BD158=4; BD61=8,6,9.333333,BD126=12; BD158=6; BD61=10,0.508715,0.409395,0.84634
6,Polyaromatic,BD117 + BD120 + BD127,BD117,BD120,BD127,BD117=Micococcus luteus; BD120=Bacillus subtilis; BD127=Achromobacter,BD117=Metal_Group_9; BD120=Metal_Group_4; BD127=Metal_Group_4,41,44,93.181818,60,83,72.289157,60,PP_mean,60.229722,67.174583,3,7.333333,BD117=3; BD120=8; BD127=11,4,11.666667,BD117=4; BD120=15; BD127=16,0.42589,0.333478,0.835532
7,Polyaromatic,BD117 + BD120 + BD54,BD117,BD120,BD54,BD117=Micococcus luteus; BD120=Bacillus subtilis; BD54=Acinetobacter,BD117=Metal_Group_9; BD120=Metal_Group_4; BD54=Metal_Group_1,40,44,90.909091,53,83,63.855422,53,PP_mean,76.051667,78.921944,3,6.666667,BD117=3; BD120=7; BD54=10,3,8.666667,BD117=3; BD120=14; BD54=9,0.43893,0.317226,0.831921
8,Polyaromatic,BD158 + BD163 + BD61,BD158,BD163,BD61,BD158=Salinicola; BD163=Bacillus megaterium; BD61=Ochrobactrum,BD158=Metal_Group_1; BD163=Metal_Group_12; BD61=Metal_Group_4,39,44,88.636364,54,83,65.060241,54,PP_mean,60.534611,65.695778,4,5.666667,BD158=4; BD163=5; BD61=8,6,8.333333,BD158=6; BD163=7; BD61=12,0.539658,0.449088,0.828908
9,Polyaromatic,BD117 + BD54 + BG1,BD117,BD54,BG1,BD117=Micococcus luteus; BD54=Acinetobacter; BG1=Bacillus amyloliquefaciens,BD117=Metal_Group_9; BD54=Metal_Group_1; BG1=Metal_Group_4,40,44,90.909091,50,83,60.240964,50,PP_mean,73.920556,76.788333,3,7,BD117=3; BD54=11; BG1=7,4,8.666667,BD117=4; BD54=11; BG1=11,0.435285,0.31977,0.828214
10,Polyaromatic,BD117 + BD162 + BD54,BD117,BD162,BD54,BD117=Micococcus luteus; BD162=Bacillus safensis; BD54=Acinetobacter,BD117=Metal_Group_9; BD162=Metal_Group_4; BD54=Metal_Group_1,40,44,90.909091,50,83,60.240964,50,PP_mean,73.611667,74.288889,3,7,BD117=3; BD162=7; BD54=11,4,8.666667,BD117=4; BD162=11; BD54=11,0.435285,0.31977,0.824194
11,Polyaromatic,BD117 + BD120 + BD61,BD117,BD120,BD61,BD117=Micococcus luteus; BD120=Bacillus subtilis; BD61=Ochrobactrum,BD117=Metal_Group_9; BD120=Metal_Group_4; BD61=Metal_Group_4,39,44,88.636364,57,83,68.674699,57,PP_mean,72.699444,77.140833,3,6,BD117=3; BD120=6; BD61=9,4,11,BD117=4; BD120=16; BD61=13,0.472054,0.343273,0.823279
12,Polyaromatic,BD117 + BD120 + E7,BD117,BD120,E7,BD117=Micococcus luteus; BD120=Bacillus subtilis; E7=Acinetobacter,BD117=Metal_Group_9; BD120=Metal_Group_4; E7=Metal_Group_1,40,44,90.909091,53,83,63.855422,53,PP_mean,71.745,76.882222,3,6.666667,BD117=3; BD120=7; E7=10,3,8.666667,BD117=3; BD120=14; E7=9,0.43893,0.317226,0.820279
13,Polyaromatic,BD117 + BG1 + E7,BD117,BG1,E7,BD117=Micococcus luteus; BG1=Bacillus amyloliquefaciens; E7=Acinetobacter,BD117=Metal_Group_9; BG1=Metal_Group_4; E7=Metal_Group_1,40,44,90.909091,50,83,60.240964,50,PP_mean,69.613889,74.748611,3,7,BD117=3; BG1=7; E7=11,4,8.666667,BD117=4; BG1=11; E7=11,0.435285,0.31977,0.816572
14,Polyaromatic,BD117 + BD162 + E7,BD117,BD162,E7,BD117=Micococcus luteus; BD162=Bacillus safensis; E7=Acinetobacter,BD117=Metal_Group_9; BD162=Metal_Group_4; E7=Metal_Group_1,40,44,90.909091,50,83,60.240964,50,PP_mean,69.305,72.249167,3,7,BD117=3; BD162=7; E7=11,4,8.666667,BD117=4; BD162=11; E7=11,0.435285,0.31977,0.812552
15,Polyaromatic,BD117 + BD61 + BG1,BD117,BD61,BG1,BD117=Micococcus luteus; BD61=Ochrobactrum; BG1=Bacillus amyloliquefaciens,BD117=Metal_Group_9; BD61=Metal_Group_4; BG1=Metal_Group_4,39,44,88.636364,53,83,63.855422,53,PP_mean,70.568333,75.007222,3,6.333333,BD117=3; BD61=10; BG1=6,4,10,BD117=4; BD61=14; BG1=12,0.468159,0.346471,0.803944
16,Polyaromatic,BD117 + BD162 + BD61,BD117,BD162,BD61,BD117=Micococcus luteus; BD162=Bacillus safensis; BD61=Ochrobactrum,BD117=Metal_Group_9; BD162=Metal_Group_4; BD61=Metal_Group_4,39,44,88.636364,53,83,63.855422,53,PP_mean,70.259444,72.507778,3,6.333333,BD117=3; BD162=6; BD61=10,4,10,BD117=4; BD162=12; BD61=14,0.468159,0.346471,0.799924
17,Polyaromatic,BD117 + BD54 + BD9,BD117,BD54,BD9,BD117=Micococcus luteus; BD54=Acinetobacter; BD9=Bacillus amyloliquefaciens,BD117=Metal_Group_9; BD54=Metal_Group_1; BD9=Metal_Group_4,40,44,90.909091,50,83,60.240964,50,PP_mean,64.870556,69.608333,3,7,BD117=3; BD54=11; BD9=7,4,8.666667,BD117=4; BD54=11; BD9=11,0.435285,0.31977,0.799833
18,Polyaromatic,BD117 + BD127 + BG1,BD117,BD127,BG1,BD117=Micococcus luteus; BD127=Achromobacter; BG1=Bacillus amyloliquefaciens,BD117=Metal_Group_9; BD127=Metal_Group_4; BG1=Metal_Group_4,40,44,90.909091,56,83,67.46988,56,PP_mean,58.098611,65.040972,3,7,BD117=3; BD127=11; BG1=7,4,10.666667,BD117=4; BD127=17; BG1=11,0.435285,0.336752,0.797209
19,Polyaromatic,BD117 + BD127 + BD162,BD117,BD127,BD162,BD117=Micococcus luteus; BD127=Achromobacter; BD162=Bacillus safensis,BD117=Metal_Group_9; BD127=Metal_Group_4; BD162=Metal_Group_4,40,44,90.909091,56,83,67.46988,56,PP_mean,57.789722,62.541528,3,7,BD117=3; BD127=11; BD162=7,4,10.666667,BD117=4; BD127=17; BD162=11,0.435285,0.336752,0.793189
20,Polyaromatic,BD117 + BD120 + BD48,BD117,BD120,BD48,BD117=Micococcus luteus; BD120=Bacillus subtilis; BD48=Bacillus safensis,BD117=Metal_Group_9; BD120=Metal_Group_4; BD48=Metal_Group_1,40,44,90.909091,53,83,63.855422,53,PP_mean,63.945,67.481389,3,6.666667,BD117=3; BD120=7; BD48=10,3,8.666667,BD117=3; BD120=14; BD48=9,0.43893,0.317226,0.791469
21,Polyaromatic,BD117 + BD126 + BD127,BD117,BD126,BD127,BD117=Micococcus luteus; BD126=Bacillus; BD127=Achromobacter,BD117=Metal_Group_9; BD126=Metal_Group_4; BD127=Metal_Group_4,41,44,93.181818,60,83,72.289157,60,PP_mean,45.975833,56.095972,3,7.333333,BD117=3; BD126=8; BD127=11,4,11.666667,BD117=4; BD126=15; BD127=16,0.42589,0.333478,0.791142
22,Polyaromatic,BD117 + BD9 + E7,BD117,BD9,E7,BD117=Micococcus luteus; BD9=Bacillus amyloliquefaciens; E7=Acinetobacter,BD117=Metal_Group_9; BD9=Metal_Group_4; E7=Metal_Group_1,40,44,90.909091,50,83,60.240964,50,PP_mean,60.563889,67.568611,3,7,BD117=3; BD9=7; E7=11,4,8.666667,BD117=4; BD9=11; E7=11,0.435285,0.31977,0.788191
23,Polyaromatic,BD117 + BD48 + BG1,BD117,BD48,BG1,BD117=Micococcus luteus; BD48=Bacillus safensis; BG1=Bacillus amyloliquefaciens,BD117=Metal_Group_9; BD48=Metal_Group_1; BG1=Metal_Group_4,40,44,90.909091,50,83,60.240964,50,PP_mean,61.813889,65.347778,3,7,BD117=3; BD48=11; BG1=7,4,8.666667,BD117=4; BD48=11; BG1=11,0.435285,0.31977,0.787763
24,Polyaromatic,BD117 + BD126 + BD54,BD117,BD126,BD54,BD117=Micococcus luteus; BD126=Bacillus; BD54=Acinetobacter,BD117=Metal_Group_9; BD126=Metal_Group_4; BD54=Metal_Group_1,40,44,90.909091,53,83,63.855422,53,PP_mean,61.797778,67.843333,3,6.666667,BD117=3; BD126=7; BD54=10,3,8.666667,BD117=3; BD126=14; BD54=9,0.43893,0.317226,0.787531
25,Polyaromatic,BD120 + BD54 + BD61,BD120,BD54,BD61,BD120=Bacillus subtilis; BD54=Acinetobacter; BD61=Ochrobactrum,BD120=Metal_Group_4; BD54=Metal_Group_1; BD61=Metal_Group_4,39,44,88.636364,60,83,72.289157,60,PP_mean,70.378889,76.488055,2,4,BD120=7; BD54=3; BD61=2,7,10.666667,BD120=15; BD54=7; BD61=10,0.607764,0.392075,0.787322
26,Polyaromatic,BD54 + BD61 + BG1,BD54,BD61,BG1,BD54=Acinetobacter; BD61=Ochrobactrum; BG1=Bacillus amyloliquefaciens,BD54=Metal_Group_1; BD61=Metal_Group_4; BG1=Metal_Group_4,39,44,88.636364,57,83,68.674699,57,PP_mean,68.247778,74.354444,2,4,BD54=3; BD61=2; BG1=7,8,10.333333,BD54=8; BD61=11; BG1=12,0.589496,0.385773,0.786801
27,Polyaromatic,BD117 + BD163 + BD54,BD117,BD163,BD54,BD117=Micococcus luteus; BD163=Bacillus megaterium; BD54=Acinetobacter,BD117=Metal_Group_9; BD163=Metal_Group_12; BD54=Metal_Group_1,39,44,88.636364,48,83,57.831325,48,PP_mean,69.925556,72.53875,3,6,BD117=3; BD163=6; BD54=9,4,7.333333,BD117=4; BD163=9; BD54=9,0.452694,0.340521,0.786776
28,Polyaromatic,BD132 + BD158 + BD61,BD132,BD158,BD61,BD132=Bacillus safensis; BD158=Salinicola; BD61=Ochrobactrum,BD132=Metal_Group_4; BD158=Metal_Group_1; BD61=Metal_Group_4,37,44,84.090909,55,83,66.26506,55,PP_mean,66.610167,71.78925,3,5.333333,BD132=3; BD158=4; BD61=9,7,9,BD132=8; BD158=7; BD61=12,0.539258,0.422395,0.783974
29,Polyaromatic,BD117 + BD162 + BD48,BD117,BD162,BD48,BD117=Micococcus luteus; BD162=Bacillus safensis; BD48=Bacillus safensis,BD117=Metal_Group_9; BD162=Metal_Group_4; BD48=Metal_Group_1,40,44,90.909091,50,83,60.240964,50,PP_mean,61.505,62.848334,3,7,BD117=3; BD162=7; BD48=11,4,8.666667,BD117=4; BD162=11; BD48=11,0.435285,0.31977,0.783743
30,Polyaromatic,BD162 + BD54 + BD61,BD162,BD54,BD61,BD162=Bacillus safensis; BD54=Acinetobacter; BD61=Ochrobactrum,BD162=Metal_Group_4; BD54=Metal_Group_1; BD61=Metal_Group_4,39,44,88.636364,57,83,68.674699,57,PP_mean,67.938889,71.855,2,4,BD162=7; BD54=3; BD61=2,8,10.333333,BD162=12; BD54=8; BD61=11,0.589496,0.385773,0.782781
31,Polyaromatic,BD117 + BD126 + BD61,BD117,BD126,BD61,BD117=Micococcus luteus; BD126=Bacillus; BD61=Ochrobactrum,BD117=Metal_Group_9; BD126=Metal_Group_4; BD61=Metal_Group_4,39,44,88.636364,57,83,68.674699,57,PP_mean,58.445555,66.062222,3,6,BD117=3; BD126=6; BD61=9,4,11,BD117=4; BD126=16; BD61=13,0.472054,0.343273,0.77889
32,Polyaromatic,BD117 + BD127 + BD163,BD117,BD127,BD163,BD117=Micococcus luteus; BD127=Achromobacter; BD163=Bacillus megaterium,BD117=Metal_Group_9; BD127=Metal_Group_4; BD163=Metal_Group_12,40,44,90.909091,55,83,66.26506,55,PP_mean,54.103611,60.791389,3,6.666667,BD117=3; BD127=10; BD163=7,4,10,BD117=4; BD127=16; BD163=10,0.43893,0.345802,0.778805
33,Polyaromatic,BD158 + BD160 + BD61,BD158,BD160,BD61,BD158=Salinicola; BD160=Bacillus stratosphericus; BD61=Ochrobactrum,BD158=Metal_Group_1; BD160=Metal_Group_4; BD61=Metal_Group_4,37,44,84.090909,55,83,66.26506,55,PP_mean,64.586833,70.215639,3,5.333333,BD158=4; BD160=3; BD61=9,7,9,BD158=7; BD160=8; BD61=12,0.539258,0.422395,0.777672
34,Polyaromatic,BD117 + BD126 + E7,BD117,BD126,E7,BD117=Micococcus luteus; BD126=Bacillus; E7=Acinetobacter,BD117=Metal_Group_9; BD126=Metal_Group_4; E7=Metal_Group_1,40,44,90.909091,53,83,63.855422,53,PP_mean,57.491111,65.803611,3,6.666667,BD117=3; BD126=7; E7=10,3,8.666667,BD117=3; BD126=14; E7=9,0.43893,0.317226,0.775889
35,Polyaromatic,BD120 + BD61 + E7,BD120,BD61,E7,BD120=Bacillus subtilis; BD61=Ochrobactrum; E7=Acinetobacter,BD120=Metal_Group_4; BD61=Metal_Group_4; E7=Metal_Group_1,39,44,88.636364,60,83,72.289157,60,PP_mean,66.072222,74.448333,2,4,BD120=7; BD61=2; E7=3,7,10.666667,BD120=15; BD61=10; E7=7,0.607764,0.392075,0.77568
36,Polyaromatic,BD117 + BD61 + BD9,BD117,BD61,BD9,BD117=Micococcus luteus; BD61=Ochrobactrum; BD9=Bacillus amyloliquefaciens,BD117=Metal_Group_9; BD61=Metal_Group_4; BD9=Metal_Group_4,39,44,88.636364,53,83,63.855422,53,PP_mean,61.518333,67.827222,3,6.333333,BD117=3; BD61=10; BD9=6,4,10,BD117=4; BD61=14; BD9=12,0.468159,0.346471,0.775563
37,Polyaromatic,BD61 + BG1 + E7,BD61,BG1,E7,BD61=Ochrobactrum; BG1=Bacillus amyloliquefaciens; E7=Acinetobacter,BD61=Metal_Group_4; BG1=Metal_Group_4; E7=Metal_Group_1,39,44,88.636364,57,83,68.674699,57,PP_mean,63.941111,72.314722,2,4,BD61=2; BG1=7; E7=3,8,10.333333,BD61=11; BG1=12; E7=8,0.589496,0.385773,0.775159
38,Polyaromatic,BD117 + BD163 + E7,BD117,BD163,E7,BD117=Micococcus luteus; BD163=Bacillus megaterium; E7=Acinetobacter,BD117=Metal_Group_9; BD163=Metal_Group_12; E7=Metal_Group_1,39,44,88.636364,48,83,57.831325,48,PP_mean,65.618889,70.499028,3,6,BD117=3; BD163=6; E7=9,4,7.333333,BD117=4; BD163=9; E7=9,0.452694,0.340521,0.775134
39,Polyaromatic,BD158 + BD50 + BD61,BD158,BD50,BD61,BD158=Salinicola; BD50=Bacillus safensis; BD61=Ochrobactrum,BD158=Metal_Group_1; BD50=Metal_Group_4; BD61=Metal_Group_4,37,44,84.090909,55,83,66.26506,55,PP_mean,62.937945,68.943417,3,5.333333,BD158=4; BD50=3; BD61=9,7,9,BD158=7; BD50=8; BD61=12,0.539258,0.422395,0.772549
40,Polyaromatic,BD117 + BD132 + BD54,BD117,BD132,BD54,BD117=Micococcus luteus; BD132=Bacillus safensis; BD54=Acinetobacter,BD117=Metal_Group_9; BD132=Metal_Group_4; BD54=Metal_Group_1,37,44,84.090909,48,83,57.831325,48,PP_mean,76.001111,78.632222,3,6,BD117=3; BD132=4; BD54=11,4,7.666667,BD117=4; BD132=9; BD54=10,0.467366,0.336094,0.771984
41,Polyaromatic,BD162 + BD61 + E7,BD162,BD61,E7,BD162=Bacillus safensis; BD61=Ochrobactrum; E7=Acinetobacter,BD162=Metal_Group_4; BD61=Metal_Group_4; E7=Metal_Group_1,39,44,88.636364,57,83,68.674699,57,PP_mean,63.632222,69.815278,2,4,BD162=7; BD61=2; E7=3,8,10.333333,BD162=12; BD61=11; E7=8,0.589496,0.385773,0.771139
42,Polyaromatic,BD117 + BD127 + BD9,BD117,BD127,BD9,BD117=Micococcus luteus; BD127=Achromobacter; BD9=Bacillus amyloliquefaciens,BD117=Metal_Group_9; BD127=Metal_Group_4; BD9=Metal_Group_4,40,44,90.909091,56,83,67.46988,56,PP_mean,49.048611,57.860972,3,7,BD117=3; BD127=11; BD9=7,4,10.666667,BD117=4; BD127=17; BD9=11,0.435285,0.336752,0.768828
43,Polyaromatic,BD117 + BD163 + BD61,BD117,BD163,BD61,BD117=Micococcus luteus; BD163=Bacillus megaterium; BD61=Ochrobactrum,BD117=Metal_Group_9; BD163=Metal_Group_12; BD61=Metal_Group_4,38,44,86.363636,52,83,62.650602,52,PP_mean,66.573333,70.757639,3,5.333333,BD117=3; BD163=5; BD61=8,4,9.333333,BD117=4; BD163=11; BD61=13,0.486869,0.356108,0.766207
44,Polyaromatic,BD117 + BD160 + BD54,BD117,BD160,BD54,BD117=Micococcus luteus; BD160=Bacillus stratosphericus; BD54=Acinetobacter,BD117=Metal_Group_9; BD160=Metal_Group_4; BD54=Metal_Group_1,37,44,84.090909,48,83,57.831325,48,PP_mean,73.977778,77.058611,3,6,BD117=3; BD160=4; BD54=11,4,7.666667,BD117=4; BD160=9; BD54=10,0.467366,0.336094,0.765681
45,Polyaromatic,BD127 + BD139 + BG1,BD127,BD139,BG1,BD127=Achromobacter; BD139=Brevibacillus brevis; BG1=Bacillus amyloliquefaciens,BD127=Metal_Group_4; BD139=Metal_Group_4; BG1=Metal_Group_4,40,44,90.909091,57,83,68.674699,57,PP_mean,51.4375,57.358472,3,6.333333,BD127=11; BD139=3; BG1=5,5,9,BD127=15; BD139=5; BG1=7,0.514401,0.481221,0.764483
46,Polyaromatic,BD117 + BD50 + BD54,BD117,BD50,BD54,BD117=Micococcus luteus; BD50=Bacillus safensis; BD54=Acinetobacter,BD117=Metal_Group_9; BD50=Metal_Group_4; BD54=Metal_Group_1,37,44,84.090909,48,83,57.831325,48,PP_mean,72.328889,75.786389,3,6,BD117=3; BD50=4; BD54=11,4,7.666667,BD117=4; BD50=9; BD54=10,0.467366,0.336094,0.760559
47,Polyaromatic,BD127 + BD139 + BD162,BD127,BD139,BD162,BD127=Achromobacter; BD139=Brevibacillus brevis; BD162=Bacillus safensis,BD127=Metal_Group_4; BD139=Metal_Group_4; BD162=Metal_Group_4,40,44,90.909091,57,83,68.674699,57,PP_mean,51.128611,54.859028,3,6.333333,BD127=11; BD139=3; BD162=5,5,9,BD127=15; BD139=5; BD162=7,0.514401,0.481221,0.760463
48,Polyaromatic,BD117 + BD132 + E7,BD117,BD132,E7,BD117=Micococcus luteus; BD132=Bacillus safensis; E7=Acinetobacter,BD117=Metal_Group_9; BD132=Metal_Group_4; E7=Metal_Group_1,37,44,84.090909,48,83,57.831325,48,PP_mean,71.694444,76.5925,3,6,BD117=3; BD132=4; E7=11,4,7.666667,BD117=4; BD132=9; E7=10,0.467366,0.336094,0.760342
49,Polyaromatic,BD117 + BD48 + BD9,BD117,BD48,BD9,BD117=Micococcus luteus; BD48=Bacillus safensis; BD9=Bacillus amyloliquefaciens,BD117=Metal_Group_9; BD48=Metal_Group_1; BD9=Metal_Group_4,40,44,90.909091,50,83,60.240964,50,PP_mean,52.763889,58.167778,3,7,BD117=3; BD48=11; BD9=7,4,8.666667,BD117=4; BD48=11; BD9=11,0.435285,0.31977,0.759382
50,Polyaromatic,BD54 + BD61 + BD9,BD54,BD61,BD9,BD54=Acinetobacter; BD61=Ochrobactrum; BD9=Bacillus amyloliquefaciens,BD54=Metal_Group_1; BD61=Metal_Group_4; BD9=Metal_Group_4,39,44,88.636364,57,83,68.674699,57,PP_mean,59.197778,67.174444,2,4,BD54=3; BD61=2; BD9=7,8,10.333333,BD54=8; BD61=11; BD9=12,0.589496,0.385773,0.75842
51,Polyaromatic,BD117 + BD160 + E7,BD117,BD160,E7,BD117=Micococcus luteus; BD160=Bacillus stratosphericus; E7=Acinetobacter,BD117=Metal_Group_9; BD160=Metal_Group_4; E7=Metal_Group_1,37,44,84.090909,48,83,57.831325,48,PP_mean,69.671111,75.018889,3,6,BD117=3; BD160=4; E7=11,4,7.666667,BD117=4; BD160=9; E7=10,0.467366,0.336094,0.754039
52,Polyaromatic,BD117 + BD132 + BD61,BD117,BD132,BD61,BD117=Micococcus luteus; BD132=Bacillus safensis; BD61=Ochrobactrum,BD117=Metal_Group_9; BD132=Metal_Group_4; BD61=Metal_Group_4,36,44,81.818182,52,83,62.650602,52,PP_mean,72.648889,76.851111,3,5.333333,BD117=3; BD132=3; BD61=10,4,9.666667,BD117=4; BD132=11; BD61=14,0.50272,0.352312,0.751164
53,Polyaromatic,BD117 + BD158 + BD61,BD117,BD158,BD61,BD117=Micococcus luteus; BD158=Salinicola; BD61=Ochrobactrum,BD117=Metal_Group_9; BD158=Metal_Group_1; BD61=Metal_Group_4,37,44,84.090909,51,83,61.445783,51,PP_mean,64.941833,70.420917,3,6.333333,BD117=3; BD158=4; BD61=12,4,8.666667,BD117=4; BD158=10; BD61=12,0.461509,0.319238,0.749676
54,Polyaromatic,BD117 + BD50 + E7,BD117,BD50,E7,BD117=Micococcus luteus; BD50=Bacillus safensis; E7=Acinetobacter,BD117=Metal_Group_9; BD50=Metal_Group_4; E7=Metal_Group_1,37,44,84.090909,48,83,57.831325,48,PP_mean,68.022222,73.746667,3,6,BD117=3; BD50=4; E7=11,4,7.666667,BD117=4; BD50=9; E7=10,0.467366,0.336094,0.748917
55,Polyaromatic,BD117 + BD54 + BD61,BD117,BD54,BD61,BD117=Micococcus luteus; BD54=Acinetobacter; BD61=Ochrobactrum,BD117=Metal_Group_9; BD54=Metal_Group_1; BD61=Metal_Group_4,36,44,81.818182,50,83,60.240964,50,PP_mean,68.66,74.83,3,3.333333,BD117=4; BD54=3; BD61=3,5,8.333333,BD117=5; BD54=9; BD61=11,0.512942,0.307817,0.747886
56,Polyaromatic,BD117 + BD126 + BD48,BD117,BD126,BD48,BD117=Micococcus luteus; BD126=Bacillus; BD48=Bacillus safensis,BD117=Metal_Group_9; BD126=Metal_Group_4; BD48=Metal_Group_1,40,44,90.909091,53,83,63.855422,53,PP_mean,49.691111,56.402778,3,6.666667,BD117=3; BD126=7; BD48=10,3,8.666667,BD117=3; BD126=14; BD48=9,0.43893,0.317226,0.74708
57,Polyaromatic,BD120 + BD48 + BD61,BD120,BD48,BD61,BD120=Bacillus subtilis; BD48=Bacillus safensis; BD61=Ochrobactrum,BD120=Metal_Group_4; BD48=Metal_Group_1; BD61=Metal_Group_4,39,44,88.636364,60,83,72.289157,60,PP_mean,58.272222,65.0475,2,4,BD120=7; BD48=3; BD61=2,7,10.666667,BD120=15; BD48=7; BD61=10,0.607764,0.392075,0.74687
58,Polyaromatic,BD61 + BD9 + E7,BD61,BD9,E7,BD61=Ochrobactrum; BD9=Bacillus amyloliquefaciens; E7=Acinetobacter,BD61=Metal_Group_4; BD9=Metal_Group_4; E7=Metal_Group_1,39,44,88.636364,57,83,68.674699,57,PP_mean,54.891111,65.134722,2,4,BD61=2; BD9=7; E7=3,8,10.333333,BD61=11; BD9=12; E7=8,0.589496,0.385773,0.746778
59,Polyaromatic,BD48 + BD61 + BG1,BD48,BD61,BG1,BD48=Bacillus safensis; BD61=Ochrobactrum; BG1=Bacillus amyloliquefaciens,BD48=Metal_Group_1; BD61=Metal_Group_4; BG1=Metal_Group_4,39,44,88.636364,57,83,68.674699,57,PP_mean,56.141111,62.913889,2,4,BD48=3; BD61=2; BG1=7,8,10.333333,BD48=8; BD61=11; BG1=12,0.589496,0.385773,0.74635
60,Polyaromatic,BD117 + BD163 + BD48,BD117,BD163,BD48,BD117=Micococcus luteus; BD163=Bacillus megaterium; BD48=Bacillus safensis,BD117=Metal_Group_9; BD163=Metal_Group_12; BD48=Metal_Group_1,39,44,88.636364,48,83,57.831325,48,PP_mean,57.818889,61.098195,3,6,BD117=3; BD163=6; BD48=9,4,7.333333,BD117=4; BD163=9; BD48=9,0.452694,0.340521,0.746325
61,Polyaromatic,BD117 + BD160 + BD61,BD117,BD160,BD61,BD117=Micococcus luteus; BD160=Bacillus stratosphericus; BD61=Ochrobactrum,BD117=Metal_Group_9; BD160=Metal_Group_4; BD61=Metal_Group_4,36,44,81.818182,52,83,62.650602,52,PP_mean,70.625555,75.2775,3,5.333333,BD117=3; BD160=3; BD61=10,4,9.666667,BD117=4; BD160=11; BD61=14,0.50272,0.352312,0.744861
62,Polyaromatic,BD126 + BD54 + BD61,BD126,BD54,BD61,BD126=Bacillus; BD54=Acinetobacter; BD61=Ochrobactrum,BD126=Metal_Group_4; BD54=Metal_Group_1; BD61=Metal_Group_4,39,44,88.636364,60,83,72.289157,60,PP_mean,56.125,65.409444,2,4,BD126=7; BD54=3; BD61=2,7,10.666667,BD126=15; BD54=7; BD61=10,0.607764,0.392075,0.742932
63,Polyaromatic,BD163 + BD54 + BD61,BD163,BD54,BD61,BD163=Bacillus megaterium; BD54=Acinetobacter; BD61=Ochrobactrum,BD163=Metal_Group_12; BD54=Metal_Group_1; BD61=Metal_Group_4,38,44,86.363636,56,83,67.46988,56,PP_mean,64.252778,70.104861,2,3.666667,BD163=6; BD54=3; BD61=2,8,10.333333,BD163=11; BD54=8; BD61=12,0.636343,0.416162,0.742664
64,Polyaromatic,BD162 + BD48 + BD61,BD162,BD48,BD61,BD162=Bacillus safensis; BD48=Bacillus safensis; BD61=Ochrobactrum,BD162=Metal_Group_4; BD48=Metal_Group_1; BD61=Metal_Group_4,39,44,88.636364,57,83,68.674699,57,PP_mean,55.832222,60.414445,2,4,BD162=7; BD48=3; BD61=2,8,10.333333,BD162=12; BD48=8; BD61=11,0.589496,0.385773,0.74233
65,Polyaromatic,BD117 + BD127 + BD132,BD117,BD127,BD132,BD117=Micococcus luteus; BD127=Achromobacter; BD132=Bacillus safensis,BD117=Metal_Group_9; BD127=Metal_Group_4; BD132=Metal_Group_4,37,44,84.090909,54,83,65.060241,54,PP_mean,60.179166,66.884861,3,6,BD117=3; BD127=11; BD132=4,4,9.666667,BD117=4; BD127=16; BD132=9,0.467366,0.351696,0.741078
66,Polyaromatic,BD117 + BD50 + BD61,BD117,BD50,BD61,BD117=Micococcus luteus; BD50=Bacillus safensis; BD61=Ochrobactrum,BD117=Metal_Group_9; BD50=Metal_Group_4; BD61=Metal_Group_4,36,44,81.818182,52,83,62.650602,52,PP_mean,68.976667,74.005278,3,5.333333,BD117=3; BD50=3; BD61=10,4,9.666667,BD117=4; BD50=11; BD61=14,0.50272,0.352312,0.739739
67,Polyaromatic,BD117 + BD61 + E7,BD117,BD61,E7,BD117=Micococcus luteus; BD61=Ochrobactrum; E7=Acinetobacter,BD117=Metal_Group_9; BD61=Metal_Group_4; E7=Metal_Group_1,36,44,81.818182,50,83,60.240964,50,PP_mean,64.353333,72.790278,3,3.333333,BD117=4; BD61=3; E7=3,5,8.333333,BD117=5; BD61=11; E7=9,0.512942,0.307817,0.736244
68,Polyaromatic,BD127 + BD139 + BD9,BD127,BD139,BD9,BD127=Achromobacter; BD139=Brevibacillus brevis; BD9=Bacillus amyloliquefaciens,BD127=Metal_Group_4; BD139=Metal_Group_4; BD9=Metal_Group_4,40,44,90.909091,57,83,68.674699,57,PP_mean,42.3875,50.178472,3,6.333333,BD127=11; BD139=3; BD9=5,5,9,BD127=15; BD139=5; BD9=7,0.514401,0.481221,0.736102
69,Polyaromatic,BD117 + BD127 + BD160,BD117,BD127,BD160,BD117=Micococcus luteus; BD127=Achromobacter; BD160=Bacillus stratosphericus,BD117=Metal_Group_9; BD127=Metal_Group_4; BD160=Metal_Group_4,37,44,84.090909,54,83,65.060241,54,PP_mean,58.155833,65.31125,3,6,BD117=3; BD127=11; BD160=4,4,9.666667,BD117=4; BD127=16; BD160=9,0.467366,0.351696,0.734776
70,Polyaromatic,BD120 + BD127 + BD158,BD120,BD127,BD158,BD120=Bacillus subtilis; BD127=Achromobacter; BD158=Salinicola,BD120=Metal_Group_4; BD127=Metal_Group_4; BD158=Metal_Group_1,40,44,90.909091,60,83,72.289157,60,PP_mean,54.191,62.112722,2,6,BD120=8; BD127=8; BD158=2,4,8.666667,BD120=11; BD127=11; BD158=4,0.492873,0.416667,0.731884
71,Polyaromatic,BD117 + BD132 + BD48,BD117,BD132,BD48,BD117=Micococcus luteus; BD132=Bacillus safensis; BD48=Bacillus safensis,BD117=Metal_Group_9; BD132=Metal_Group_4; BD48=Metal_Group_1,37,44,84.090909,48,83,57.831325,48,PP_mean,63.894444,67.191667,3,6,BD117=3; BD132=4; BD48=11,4,7.666667,BD117=4; BD132=9; BD48=10,0.467366,0.336094,0.731532
72,Polyaromatic,BD126 + BD61 + E7,BD126,BD61,E7,BD126=Bacillus; BD61=Ochrobactrum; E7=Acinetobacter,BD126=Metal_Group_4; BD61=Metal_Group_4; E7=Metal_Group_1,39,44,88.636364,60,83,72.289157,60,PP_mean,51.818333,63.369722,2,4,BD126=7; BD61=2; E7=3,7,10.666667,BD126=15; BD61=10; E7=7,0.607764,0.392075,0.73129
73,Polyaromatic,BD163 + BD61 + E7,BD163,BD61,E7,BD163=Bacillus megaterium; BD61=Ochrobactrum; E7=Acinetobacter,BD163=Metal_Group_12; BD61=Metal_Group_4; E7=Metal_Group_1,38,44,86.363636,56,83,67.46988,56,PP_mean,59.946111,68.065139,2,3.666667,BD163=6; BD61=2; E7=3,8,10.333333,BD163=11; BD61=12; E7=8,0.636343,0.416162,0.731022
74,Polyaromatic,BD127 + BD54 + BG1,BD127,BD54,BG1,BD127=Achromobacter; BD54=Acinetobacter; BG1=Bacillus amyloliquefaciens,BD127=Metal_Group_4; BD54=Metal_Group_1; BG1=Metal_Group_4,39,44,88.636364,58,83,69.879518,58,PP_mean,55.778056,64.388194,2,3.666667,BD127=2; BD54=2; BG1=7,6,10,BD127=12; BD54=6; BG1=12,0.556306,0.403567,0.730217
75,Polyaromatic,BD117 + BD127 + BD139,BD117,BD127,BD139,BD117=Micococcus luteus; BD127=Achromobacter; BD139=Brevibacillus brevis,BD117=Metal_Group_9; BD127=Metal_Group_4; BD139=Metal_Group_4,38,44,86.363636,54,83,65.060241,54,PP_mean,51.849722,57.834028,3,7,BD117=3; BD127=13; BD139=5,4,9.666667,BD117=4; BD127=16; BD139=9,0.450736,0.367135,0.730099
76,Polyaromatic,BD117 + BD127 + BD50,BD117,BD127,BD50,BD117=Micococcus luteus; BD127=Achromobacter; BD50=Bacillus safensis,BD117=Metal_Group_9; BD127=Metal_Group_4; BD50=Metal_Group_4,37,44,84.090909,54,83,65.060241,54,PP_mean,56.506944,64.039028,3,6,BD117=3; BD127=11; BD50=4,4,9.666667,BD117=4; BD127=16; BD50=9,0.467366,0.351696,0.729653
77,Polyaromatic,BD127 + BD132 + BD139,BD127,BD132,BD139,BD127=Achromobacter; BD132=Bacillus safensis; BD139=Brevibacillus brevis,BD127=Metal_Group_4; BD132=Metal_Group_4; BD139=Metal_Group_4,38,44,86.363636,55,83,66.26506,55,PP_mean,53.518055,59.202361,3,6,BD127=11; BD132=3; BD139=4,5,8.333333,BD127=15; BD132=5; BD139=5,0.531746,0.511667,0.726465
78,Polyaromatic,BD127 + BD162 + BD54,BD127,BD162,BD54,BD127=Achromobacter; BD162=Bacillus safensis; BD54=Acinetobacter,BD127=Metal_Group_4; BD162=Metal_Group_4; BD54=Metal_Group_1,39,44,88.636364,58,83,69.879518,58,PP_mean,55.469167,61.88875,2,3.666667,BD127=2; BD162=7; BD54=2,6,10,BD127=12; BD162=12; BD54=6,0.556306,0.403567,0.726197
79,Polyaromatic,BD117 + BD160 + BD48,BD117,BD160,BD48,BD117=Micococcus luteus; BD160=Bacillus stratosphericus; BD48=Bacillus safensis,BD117=Metal_Group_9; BD160=Metal_Group_4; BD48=Metal_Group_1,37,44,84.090909,48,83,57.831325,48,PP_mean,61.871111,65.618056,3,6,BD117=3; BD160=4; BD48=11,4,7.666667,BD117=4; BD160=9; BD48=10,0.467366,0.336094,0.72523
80,Polyaromatic,BD127 + BD139 + BD160,BD127,BD139,BD160,BD127=Achromobacter; BD139=Brevibacillus brevis; BD160=Bacillus stratosphericus,BD127=Metal_Group_4; BD139=Metal_Group_4; BD160=Metal_Group_4,38,44,86.363636,55,83,66.26506,55,PP_mean,51.494722,57.62875,3,6,BD127=11; BD139=4; BD160=3,5,8.333333,BD127=15; BD139=5; BD160=5,0.531746,0.511667,0.720163
81,Polyaromatic,BD117 + BD48 + BD50,BD117,BD48,BD50,BD117=Micococcus luteus; BD48=Bacillus safensis; BD50=Bacillus safensis,BD117=Metal_Group_9; BD48=Metal_Group_1; BD50=Metal_Group_4,37,44,84.090909,48,83,57.831325,48,PP_mean,60.222222,64.345834,3,6,BD117=3; BD48=11; BD50=4,4,7.666667,BD117=4; BD48=10; BD50=9,0.467366,0.336094,0.720107
82,Polyaromatic,BD117 + BD120 + BD158,BD117,BD120,BD158,BD117=Micococcus luteus; BD120=Bacillus subtilis; BD158=Salinicola,BD117=Metal_Group_9; BD120=Metal_Group_4; BD158=Metal_Group_1,35,44,79.545455,52,83,62.650602,52,PP_mean,72.3335,74.512861,3,6,BD117=3; BD120=10; BD158=5,3,8,BD117=3; BD120=13; BD158=8,0.495556,0.357313,0.719068
83,Polyaromatic,BD127 + BG1 + E7,BD127,BG1,E7,BD127=Achromobacter; BG1=Bacillus amyloliquefaciens; E7=Acinetobacter,BD127=Metal_Group_4; BG1=Metal_Group_4; E7=Metal_Group_1,39,44,88.636364,58,83,69.879518,58,PP_mean,51.471389,62.348472,2,3.666667,BD127=2; BG1=7; E7=2,6,10,BD127=12; BG1=12; E7=6,0.556306,0.403567,0.718575
84,Polyaromatic,BD132 + BD54 + BD61,BD132,BD54,BD61,BD132=Bacillus safensis; BD54=Acinetobacter; BD61=Ochrobactrum,BD132=Metal_Group_4; BD54=Metal_Group_1; BD61=Metal_Group_4,36,44,81.818182,55,83,66.26506,55,PP_mean,70.328333,76.198333,2,3,BD132=4; BD54=3; BD61=2,7,9.333333,BD132=10; BD54=7; BD61=11,0.619003,0.401641,0.718552
85,Polyaromatic,BD48 + BD61 + BD9,BD48,BD61,BD9,BD48=Bacillus safensis; BD61=Ochrobactrum; BD9=Bacillus amyloliquefaciens,BD48=Metal_Group_1; BD61=Metal_Group_4; BD9=Metal_Group_4,39,44,88.636364,57,83,68.674699,57,PP_mean,47.091111,55.733889,2,4,BD48=3; BD61=2; BD9=7,8,10.333333,BD48=8; BD61=11; BD9=12,0.589496,0.385773,0.717969
86,Polyaromatic,BD117 + BD139 + BD61,BD117,BD139,BD61,BD117=Micococcus luteus; BD139=Brevibacillus brevis; BD61=Ochrobactrum,BD117=Metal_Group_9; BD139=Metal_Group_4; BD61=Metal_Group_4,36,44,81.818182,51,83,61.445783,51,PP_mean,64.319444,67.800278,3,5.666667,BD117=3; BD139=3; BD61=11,4,9,BD117=4; BD139=10; BD61=13,0.499798,0.378076,0.717259
87,Polyaromatic,BD127 + BD139 + BD50,BD127,BD139,BD50,BD127=Achromobacter; BD139=Brevibacillus brevis; BD50=Bacillus safensis,BD127=Metal_Group_4; BD139=Metal_Group_4; BD50=Metal_Group_4,38,44,86.363636,55,83,66.26506,55,PP_mean,49.845833,56.356528,3,6,BD127=11; BD139=4; BD50=3,5,8.333333,BD127=15; BD139=5; BD50=5,0.531746,0.511667,0.715041
88,Polyaromatic,BD117 + BD139 + BD54,BD117,BD139,BD54,BD117=Micococcus luteus; BD139=Brevibacillus brevis; BD54=Acinetobacter,BD117=Metal_Group_9; BD139=Metal_Group_4; BD54=Metal_Group_1,36,44,81.818182,49,83,59.036145,49,PP_mean,67.671667,69.581389,3,5.666667,BD117=3; BD139=3; BD54=11,3,8,BD117=3; BD139=10; BD54=11,0.479596,0.33169,0.714702
89,Polyaromatic,BD117 + BD127 + BD54,BD117,BD127,BD54,BD117=Micococcus luteus; BD127=Achromobacter; BD54=Acinetobacter,BD117=Metal_Group_9; BD127=Metal_Group_4; BD54=Metal_Group_1,36,44,81.818182,51,83,61.445783,51,PP_mean,56.190278,64.86375,3,3.333333,BD117=4; BD127=3; BD54=3,5,7.666667,BD117=5; BD127=12; BD54=6,0.492424,0.317986,0.714645
90,Polyaromatic,BD127 + BD162 + E7,BD127,BD162,E7,BD127=Achromobacter; BD162=Bacillus safensis; E7=Acinetobacter,BD127=Metal_Group_4; BD162=Metal_Group_4; E7=Metal_Group_1,39,44,88.636364,58,83,69.879518,58,PP_mean,51.1625,59.849028,2,3.666667,BD127=2; BD162=7; E7=2,6,10,BD127=12; BD162=12; E7=6,0.556306,0.403567,0.714555
91,Polyaromatic,BD160 + BD54 + BD61,BD160,BD54,BD61,BD160=Bacillus stratosphericus; BD54=Acinetobacter; BD61=Ochrobactrum,BD160=Metal_Group_4; BD54=Metal_Group_1; BD61=Metal_Group_4,36,44,81.818182,55,83,66.26506,55,PP_mean,68.305,74.624722,2,3,BD160=4; BD54=3; BD61=2,7,9.333333,BD160=10; BD54=7; BD61=11,0.619003,0.401641,0.712249
92,Polyaromatic,BD127 + BD158 + BG1,BD127,BD158,BG1,BD127=Achromobacter; BD158=Salinicola; BG1=Bacillus amyloliquefaciens,BD127=Metal_Group_4; BD158=Metal_Group_1; BG1=Metal_Group_4,39,44,88.636364,57,83,68.674699,57,PP_mean,52.059889,59.979111,2,5.666667,BD127=8; BD158=2; BG1=7,5,8.666667,BD127=13; BD158=5; BG1=8,0.502279,0.42335,0.708938
93,Polyaromatic,BD117 + BD48 + BD61,BD117,BD48,BD61,BD117=Micococcus luteus; BD48=Bacillus safensis; BD61=Ochrobactrum,BD117=Metal_Group_9; BD48=Metal_Group_1; BD61=Metal_Group_4,36,44,81.818182,50,83,60.240964,50,PP_mean,56.553333,63.389445,3,3.333333,BD117=4; BD48=3; BD61=3,5,8.333333,BD117=5; BD48=9; BD61=11,0.512942,0.307817,0.707434
94,Polyaromatic,BD50 + BD54 + BD61,BD50,BD54,BD61,BD50=Bacillus safensis; BD54=Acinetobacter; BD61=Ochrobactrum,BD50=Metal_Group_4; BD54=Metal_Group_1; BD61=Metal_Group_4,36,44,81.818182,55,83,66.26506,55,PP_mean,66.656111,73.3525,2,3,BD50=4; BD54=3; BD61=2,7,9.333333,BD50=10; BD54=7; BD61=11,0.619003,0.401641,0.707127
95,Polyaromatic,BD132 + BD61 + E7,BD132,BD61,E7,BD132=Bacillus safensis; BD61=Ochrobactrum; E7=Acinetobacter,BD132=Metal_Group_4; BD61=Metal_Group_4; E7=Metal_Group_1,36,44,81.818182,55,83,66.26506,55,PP_mean,66.021667,74.158611,2,3,BD132=4; BD61=2; E7=3,7,9.333333,BD132=10; BD61=11; E7=7,0.619003,0.401641,0.70691
96,Polyaromatic,BD127 + BD158 + BD162,BD127,BD158,BD162,BD127=Achromobacter; BD158=Salinicola; BD162=Bacillus safensis,BD127=Metal_Group_4; BD158=Metal_Group_1; BD162=Metal_Group_4,39,44,88.636364,57,83,68.674699,57,PP_mean,51.751,57.479667,2,5.666667,BD127=8; BD158=2; BD162=7,5,8.666667,BD127=13; BD158=5; BD162=8,0.502279,0.42335,0.704918
97,Polyaromatic,BD117 + BD139 + E7,BD117,BD139,E7,BD117=Micococcus luteus; BD139=Brevibacillus brevis; E7=Acinetobacter,BD117=Metal_Group_9; BD139=Metal_Group_4; E7=Metal_Group_1,36,44,81.818182,49,83,59.036145,49,PP_mean,63.365,67.541667,3,5.666667,BD117=3; BD139=3; E7=11,3,8,BD117=3; BD139=10; E7=11,0.479596,0.33169,0.70306
98,Polyaromatic,BD117 + BD127 + E7,BD117,BD127,E7,BD117=Micococcus luteus; BD127=Achromobacter; E7=Acinetobacter,BD117=Metal_Group_9; BD127=Metal_Group_4; E7=Metal_Group_1,36,44,81.818182,51,83,61.445783,51,PP_mean,51.883611,62.824028,3,3.333333,BD117=4; BD127=3; E7=3,5,7.666667,BD117=5; BD127=12; E7=6,0.492424,0.317986,0.703003
99,Polyaromatic,BD126 + BD48 + BD61,BD126,BD48,BD61,BD126=Bacillus; BD48=Bacillus safensis; BD61=Ochrobactrum,BD126=Metal_Group_4; BD48=Metal_Group_1; BD61=Metal_Group_4,39,44,88.636364,60,83,72.289157,60,PP_mean,44.018333,53.968889,2,4,BD126=7; BD48=3; BD61=2,7,10.666667,BD126=15; BD48=7; BD61=10,0.607764,0.392075,0.702481
100,Polyaromatic,BD163 + BD48 + BD61,BD163,BD48,BD61,BD163=Bacillus megaterium; BD48=Bacillus safensis; BD61=Ochrobactrum,BD163=Metal_Group_12; BD48=Metal_Group_1; BD61=Metal_Group_4,38,44,86.363636,56,83,67.46988,56,PP_mean,52.146111,58.664306,2,3.666667,BD163=6; BD48=3; BD61=2,8,10.333333,BD163=11; BD48=8; BD61=12,0.636343,0.416162,0.702213
101,Polyaromatic,BD127 + BD54 + BD9,BD127,BD54,BD9,BD127=Achromobacter; BD54=Acinetobacter; BD9=Bacillus amyloliquefaciens,BD127=Metal_Group_4; BD54=Metal_Group_1; BD9=Metal_Group_4,39,44,88.636364,58,83,69.879518,58,PP_mean,46.728056,57.208194,2,3.666667,BD127=2; BD54=2; BD9=7,6,10,BD127=12; BD54=6; BD9=12,0.556306,0.403567,0.701836
102,Polyaromatic,BD160 + BD61 + E7,BD160,BD61,E7,BD160=Bacillus stratosphericus; BD61=Ochrobactrum; E7=Acinetobacter,BD160=Metal_Group_4; BD61=Metal_Group_4; E7=Metal_Group_1,36,44,81.818182,55,83,66.26506,55,PP_mean,63.998333,72.585,2,3,BD160=4; BD61=2; E7=3,7,9.333333,BD160=10; BD61=11; E7=7,0.619003,0.401641,0.700607
103,Polyaromatic,BD120 + BD127 + BD139,BD120,BD127,BD139,BD120=Bacillus subtilis; BD127=Achromobacter; BD139=Brevibacillus brevis,BD120=Metal_Group_4; BD127=Metal_Group_4; BD139=Metal_Group_4,40,44,90.909091,59,83,71.084337,59,PP_mean,53.568611,59.492083,2,6,BD120=5; BD127=11; BD139=2,3,9,BD120=9; BD127=15; BD139=3,0.521865,0.504892,0.700006
104,Polyaromatic,BD139 + BD61 + BG1,BD139,BD61,BG1,BD139=Brevibacillus brevis; BD61=Ochrobactrum; BG1=Bacillus amyloliquefaciens,BD139=Metal_Group_4; BD61=Metal_Group_4; BG1=Metal_Group_4,38,44,86.363636,54,83,65.060241,54,PP_mean,63.907222,67.324722,2,5.333333,BD139=2; BD61=9; BG1=5,5,8,BD139=5; BD61=12; BG1=7,0.576135,0.484537,0.699987
105,Polyaromatic,BD132 + BD139 + BD61,BD132,BD139,BD61,BD132=Bacillus safensis; BD139=Brevibacillus brevis; BD61=Ochrobactrum,BD132=Metal_Group_4; BD139=Metal_Group_4; BD61=Metal_Group_4,36,44,81.818182,52,83,62.650602,52,PP_mean,65.987778,69.168611,3,5,BD132=3; BD139=3; BD61=9,4,7,BD132=5; BD139=4; BD61=12,0.59596,0.505881,0.699695
106,Polyaromatic,BD139 + BD162 + BD61,BD139,BD162,BD61,BD139=Brevibacillus brevis; BD162=Bacillus safensis; BD61=Ochrobactrum,BD139=Metal_Group_4; BD162=Metal_Group_4; BD61=Metal_Group_4,38,44,86.363636,54,83,65.060241,54,PP_mean,63.598333,64.825278,2,5.333333,BD139=2; BD162=5; BD61=9,5,8,BD139=5; BD162=7; BD61=12,0.576135,0.484537,0.695967
107,Polyaromatic,BD50 + BD61 + E7,BD50,BD61,E7,BD50=Bacillus safensis; BD61=Ochrobactrum; E7=Acinetobacter,BD50=Metal_Group_4; BD61=Metal_Group_4; E7=Metal_Group_1,36,44,81.818182,55,83,66.26506,55,PP_mean,62.349445,71.312778,2,3,BD50=4; BD61=2; E7=3,7,9.333333,BD50=10; BD61=11; E7=7,0.619003,0.401641,0.695485
108,Polyaromatic,BD117 + BD158 + BD54,BD117,BD158,BD54,BD117=Micococcus luteus; BD158=Salinicola; BD54=Acinetobacter,BD117=Metal_Group_9; BD158=Metal_Group_1; BD54=Metal_Group_1,35,44,79.545455,47,83,56.626506,47,PP_mean,68.294056,72.202028,2,5.333333,BD117=4; BD158=2; BD54=10,7,7.666667,BD117=7; BD158=8; BD54=8,0.488094,0.337607,0.694709
109,Polyaromatic,BD139 + BD160 + BD61,BD139,BD160,BD61,BD139=Brevibacillus brevis; BD160=Bacillus stratosphericus; BD61=Ochrobactrum,BD139=Metal_Group_4; BD160=Metal_Group_4; BD61=Metal_Group_4,36,44,81.818182,52,83,62.650602,52,PP_mean,63.964444,67.595,3,5,BD139=3; BD160=3; BD61=9,4,7,BD139=4; BD160=5; BD61=12,0.59596,0.505881,0.693392
110,Polyaromatic,BD117 + BD158 + BG1,BD117,BD158,BG1,BD117=Micococcus luteus; BD158=Salinicola; BG1=Bacillus amyloliquefaciens,BD117=Metal_Group_9; BD158=Metal_Group_1; BG1=Metal_Group_4,34,44,77.272727,48,83,57.831325,48,PP_mean,70.202389,72.37925,3,5.666667,BD117=3; BD158=5; BG1=9,4,7.333333,BD117=4; BD158=9; BG1=9,0.506296,0.372766,0.692132
111,Polyaromatic,BD127 + BD9 + E7,BD127,BD9,E7,BD127=Achromobacter; BD9=Bacillus amyloliquefaciens; E7=Acinetobacter,BD127=Metal_Group_4; BD9=Metal_Group_4; E7=Metal_Group_1,39,44,88.636364,58,83,69.879518,58,PP_mean,42.421389,55.168472,2,3.666667,BD127=2; BD9=7; E7=2,6,10,BD127=12; BD9=12; E7=6,0.556306,0.403567,0.690194
112,Polyaromatic,BD127 + BD48 + BG1,BD127,BD48,BG1,BD127=Achromobacter; BD48=Bacillus safensis; BG1=Bacillus amyloliquefaciens,BD127=Metal_Group_4; BD48=Metal_Group_1; BG1=Metal_Group_4,39,44,88.636364,58,83,69.879518,58,PP_mean,43.671389,52.947639,2,3.666667,BD127=2; BD48=2; BG1=7,6,10,BD127=12; BD48=6; BG1=12,0.556306,0.403567,0.689766
113,Polyaromatic,BD139 + BD50 + BD61,BD139,BD50,BD61,BD139=Brevibacillus brevis; BD50=Bacillus safensis; BD61=Ochrobactrum,BD139=Metal_Group_4; BD50=Metal_Group_4; BD61=Metal_Group_4,36,44,81.818182,52,83,62.650602,52,PP_mean,62.315556,66.322778,3,5,BD139=3; BD50=3; BD61=9,4,7,BD139=4; BD50=5; BD61=12,0.59596,0.505881,0.68827
114,Polyaromatic,BD117 + BD158 + BD162,BD117,BD158,BD162,BD117=Micococcus luteus; BD158=Salinicola; BD162=Bacillus safensis,BD117=Metal_Group_9; BD158=Metal_Group_1; BD162=Metal_Group_4,34,44,77.272727,48,83,57.831325,48,PP_mean,69.8935,69.879806,3,5.666667,BD117=3; BD158=5; BD162=9,4,7.333333,BD117=4; BD158=9; BD162=9,0.506296,0.372766,0.688112
115,Polyaromatic,BD126 + BD127 + BD158,BD126,BD127,BD158,BD126=Bacillus; BD127=Achromobacter; BD158=Salinicola,BD126=Metal_Group_4; BD127=Metal_Group_4; BD158=Metal_Group_1,40,44,90.909091,60,83,72.289157,60,PP_mean,39.937111,51.034111,2,6,BD126=8; BD127=8; BD158=2,4,8.666667,BD126=11; BD127=11; BD158=4,0.492873,0.416667,0.687494
116,Polyaromatic,BD120 + BD158 + BD54,BD120,BD158,BD54,BD120=Bacillus subtilis; BD158=Salinicola; BD54=Acinetobacter,BD120=Metal_Group_4; BD158=Metal_Group_1; BD54=Metal_Group_1,38,44,86.363636,55,83,66.26506,55,PP_mean,70.012945,73.860083,1,4.666667,BD120=7; BD158=1; BD54=6,5,8.666667,BD120=15; BD158=5; BD54=6,0.522377,0.442993,0.686913
117,Polyaromatic,BD127 + BD162 + BD48,BD127,BD162,BD48,BD127=Achromobacter; BD162=Bacillus safensis; BD48=Bacillus safensis,BD127=Metal_Group_4; BD162=Metal_Group_4; BD48=Metal_Group_1,39,44,88.636364,58,83,69.879518,58,PP_mean,43.3625,50.448195,2,3.666667,BD127=2; BD162=7; BD48=2,6,10,BD127=12; BD162=12; BD48=6,0.556306,0.403567,0.685746
118,Polyaromatic,BD139 + BD54 + BD61,BD139,BD54,BD61,BD139=Brevibacillus brevis; BD54=Acinetobacter; BD61=Ochrobactrum,BD139=Metal_Group_4; BD54=Metal_Group_1; BD61=Metal_Group_4,35,44,79.545455,55,83,66.26506,55,PP_mean,61.998889,67.1475,2,2.333333,BD139=3; BD54=2; BD61=2,8,9,BD139=10; BD54=8; BD61=9,0.613952,0.405458,0.685562
119,Polyaromatic,BD120 + BD139 + BD61,BD120,BD139,BD61,BD120=Bacillus subtilis; BD139=Brevibacillus brevis; BD61=Ochrobactrum,BD120=Metal_Group_4; BD139=Metal_Group_4; BD61=Metal_Group_4,38,44,86.363636,56,83,67.46988,56,PP_mean,66.038333,69.458333,2,5.333333,BD120=5; BD139=2; BD61=9,3,8,BD120=9; BD139=3; BD61=12,0.596888,0.508284,0.683189
120,Polyaromatic,BD117 + BD158 + E7,BD117,BD158,E7,BD117=Micococcus luteus; BD158=Salinicola; E7=Acinetobacter,BD117=Metal_Group_9; BD158=Metal_Group_1; E7=Metal_Group_1,35,44,79.545455,47,83,56.626506,47,PP_mean,63.987389,70.162306,2,5.333333,BD117=4; BD158=2; E7=10,7,7.666667,BD117=7; BD158=8; E7=8,0.488094,0.337607,0.683067
121,Polyaromatic,BD120 + BD127 + BD54,BD120,BD127,BD54,BD120=Bacillus subtilis; BD127=Achromobacter; BD54=Acinetobacter,BD120=Metal_Group_4; BD127=Metal_Group_4; BD54=Metal_Group_1,39,44,88.636364,61,83,73.493976,61,PP_mean,57.909167,66.521805,1,3.333333,BD120=7; BD127=2; BD54=1,5,10.333333,BD120=15; BD127=11; BD54=5,0.561285,0.409793,0.683058
122,Polyaromatic,BD158 + BD54 + BG1,BD158,BD54,BG1,BD158=Salinicola; BD54=Acinetobacter; BG1=Bacillus amyloliquefaciens,BD158=Metal_Group_1; BD54=Metal_Group_1; BG1=Metal_Group_4,38,44,86.363636,52,83,62.650602,52,PP_mean,67.881834,71.726472,1,5,BD158=1; BD54=7; BG1=7,6,8.666667,BD158=6; BD54=8; BG1=12,0.518745,0.448946,0.682958
123,Polyaromatic,BD127 + BD158 + BD9,BD127,BD158,BD9,BD127=Achromobacter; BD158=Salinicola; BD9=Bacillus amyloliquefaciens,BD127=Metal_Group_4; BD158=Metal_Group_1; BD9=Metal_Group_4,39,44,88.636364,57,83,68.674699,57,PP_mean,43.009889,52.799111,2,5.666667,BD127=8; BD158=2; BD9=7,5,8.666667,BD127=13; BD158=5; BD9=8,0.502279,0.42335,0.680557
124,Polyaromatic,BD158 + BD162 + BD54,BD158,BD162,BD54,BD158=Salinicola; BD162=Bacillus safensis; BD54=Acinetobacter,BD158=Metal_Group_1; BD162=Metal_Group_4; BD54=Metal_Group_1,38,44,86.363636,52,83,62.650602,52,PP_mean,67.572945,69.227028,1,5,BD158=1; BD162=7; BD54=7,6,8.666667,BD158=6; BD162=12; BD54=8,0.518745,0.448946,0.678938
125,Polyaromatic,BD132 + BD48 + BD61,BD132,BD48,BD61,BD132=Bacillus safensis; BD48=Bacillus safensis; BD61=Ochrobactrum,BD132=Metal_Group_4; BD48=Metal_Group_1; BD61=Metal_Group_4,36,44,81.818182,55,83,66.26506,55,PP_mean,58.221667,64.757778,2,3,BD132=4; BD48=3; BD61=2,7,9.333333,BD132=10; BD48=7; BD61=11,0.619003,0.401641,0.6781
126,Polyaromatic,BD120 + BD158 + E7,BD120,BD158,E7,BD120=Bacillus subtilis; BD158=Salinicola; E7=Acinetobacter,BD120=Metal_Group_4; BD158=Metal_Group_1; E7=Metal_Group_1,38,44,86.363636,55,83,66.26506,55,PP_mean,65.706278,71.820361,1,4.666667,BD120=7; BD158=1; E7=6,5,8.666667,BD120=15; BD158=5; E7=6,0.522377,0.442993,0.675271
127,Polyaromatic,BD117 + BD126 + BD158,BD117,BD126,BD158,BD117=Micococcus luteus; BD126=Bacillus; BD158=Salinicola,BD117=Metal_Group_9; BD126=Metal_Group_4; BD158=Metal_Group_1,35,44,79.545455,52,83,62.650602,52,PP_mean,58.079611,63.43425,3,6,BD117=3; BD126=10; BD158=5,3,8,BD117=3; BD126=13; BD158=8,0.495556,0.357313,0.674679
128,Polyaromatic,BD117 + BD139 + BD48,BD117,BD139,BD48,BD117=Micococcus luteus; BD139=Brevibacillus brevis; BD48=Bacillus safensis,BD117=Metal_Group_9; BD139=Metal_Group_4; BD48=Metal_Group_1,36,44,81.818182,49,83,59.036145,49,PP_mean,55.565,58.140834,3,5.666667,BD117=3; BD139=3; BD48=11,3,8,BD117=3; BD139=10; BD48=11,0.479596,0.33169,0.674251
129,Polyaromatic,BD127 + BD132 + BD54,BD127,BD132,BD54,BD127=Achromobacter; BD132=Bacillus safensis; BD54=Acinetobacter,BD127=Metal_Group_4; BD132=Metal_Group_4; BD54=Metal_Group_1,36,44,81.818182,56,83,67.46988,56,PP_mean,57.858611,66.232083,2,2.666667,BD127=2; BD132=4; BD54=2,6,9.333333,BD127=12; BD132=10; BD54=6,0.583333,0.428538,0.674242
130,Polyaromatic,BD117 + BD127 + BD48,BD117,BD127,BD48,BD117=Micococcus luteus; BD127=Achromobacter; BD48=Bacillus safensis,BD117=Metal_Group_9; BD127=Metal_Group_4; BD48=Metal_Group_1,36,44,81.818182,51,83,61.445783,51,PP_mean,44.083611,53.423195,3,3.333333,BD117=4; BD127=3; BD48=3,5,7.666667,BD117=5; BD127=12; BD48=6,0.492424,0.317986,0.674194
131,Polyaromatic,BD139 + BD61 + E7,BD139,BD61,E7,BD139=Brevibacillus brevis; BD61=Ochrobactrum; E7=Acinetobacter,BD139=Metal_Group_4; BD61=Metal_Group_4; E7=Metal_Group_1,35,44,79.545455,55,83,66.26506,55,PP_mean,57.692222,65.107778,2,2.333333,BD139=3; BD61=2; E7=2,8,9,BD139=10; BD61=9; E7=8,0.613952,0.405458,0.67392
132,Polyaromatic,BD139 + BD54 + BG1,BD139,BD54,BG1,BD139=Brevibacillus brevis; BD54=Acinetobacter; BG1=Bacillus amyloliquefaciens,BD139=Metal_Group_4; BD54=Metal_Group_1; BG1=Metal_Group_4,38,44,86.363636,52,83,62.650602,52,PP_mean,67.259445,69.105833,1,5,BD139=1; BD54=9; BG1=5,6,7.333333,BD139=6; BD54=10; BG1=6,0.543261,0.452726,0.673584
133,Polyaromatic,BD160 + BD48 + BD61,BD160,BD48,BD61,BD160=Bacillus stratosphericus; BD48=Bacillus safensis; BD61=Ochrobactrum,BD160=Metal_Group_4; BD48=Metal_Group_1; BD61=Metal_Group_4,36,44,81.818182,55,83,66.26506,55,PP_mean,56.198333,63.184167,2,3,BD160=4; BD48=3; BD61=2,7,9.333333,BD160=10; BD48=7; BD61=11,0.619003,0.401641,0.671798
134,Polyaromatic,BD139 + BD61 + BD9,BD139,BD61,BD9,BD139=Brevibacillus brevis; BD61=Ochrobactrum; BD9=Bacillus amyloliquefaciens,BD139=Metal_Group_4; BD61=Metal_Group_4; BD9=Metal_Group_4,38,44,86.363636,54,83,65.060241,54,PP_mean,54.857222,60.144722,2,5.333333,BD139=2; BD61=9; BD9=5,5,8,BD139=5; BD61=12; BD9=7,0.576135,0.484537,0.671605
135,Polyaromatic,BD120 + BD127 + E7,BD120,BD127,E7,BD120=Bacillus subtilis; BD127=Achromobacter; E7=Acinetobacter,BD120=Metal_Group_4; BD127=Metal_Group_4; E7=Metal_Group_1,39,44,88.636364,61,83,73.493976,61,PP_mean,53.6025,64.482083,1,3.333333,BD120=7; BD127=2; E7=1,5,10.333333,BD120=15; BD127=11; E7=5,0.561285,0.409793,0.671416
136,Polyaromatic,BD158 + BG1 + E7,BD158,BG1,E7,BD158=Salinicola; BG1=Bacillus amyloliquefaciens; E7=Acinetobacter,BD158=Metal_Group_1; BG1=Metal_Group_4; E7=Metal_Group_1,38,44,86.363636,52,83,62.650602,52,PP_mean,63.575167,69.68675,1,5,BD158=1; BG1=7; E7=7,6,8.666667,BD158=6; BG1=12; E7=8,0.518745,0.448946,0.671316
137,Polyaromatic,BD127 + BD158 + BD163,BD127,BD158,BD163,BD127=Achromobacter; BD158=Salinicola; BD163=Bacillus megaterium,BD127=Metal_Group_4; BD158=Metal_Group_1; BD163=Metal_Group_12,39,44,88.636364,55,83,66.26506,55,PP_mean,48.064889,55.729528,2,5.666667,BD127=8; BD158=2; BD163=7,4,7.666667,BD127=13; BD158=4; BD163=6,0.522041,0.455849,0.670408
138,Polyaromatic,BD139 + BD162 + BD54,BD139,BD162,BD54,BD139=Brevibacillus brevis; BD162=Bacillus safensis; BD54=Acinetobacter,BD139=Metal_Group_4; BD162=Metal_Group_4; BD54=Metal_Group_1,38,44,86.363636,52,83,62.650602,52,PP_mean,66.950556,66.606389,1,5,BD139=1; BD162=5; BD54=9,6,7.333333,BD139=6; BD162=6; BD54=10,0.543261,0.452726,0.669564
139,Polyaromatic,BD117 + BD158 + BD163,BD117,BD158,BD163,BD117=Micococcus luteus; BD158=Salinicola; BD163=Bacillus megaterium,BD117=Metal_Group_9; BD158=Metal_Group_1; BD163=Metal_Group_12,34,44,77.272727,46,83,55.421687,46,PP_mean,66.207389,68.129667,3,5.333333,BD117=3; BD158=4; BD163=9,4,6,BD117=4; BD158=7; BD163=7,0.511685,0.396215,0.669259
140,Polyaromatic,BD127 + BD160 + BD54,BD127,BD160,BD54,BD127=Achromobacter; BD160=Bacillus stratosphericus; BD54=Acinetobacter,BD127=Metal_Group_4; BD160=Metal_Group_4; BD54=Metal_Group_1,36,44,81.818182,56,83,67.46988,56,PP_mean,55.835278,64.658472,2,2.666667,BD127=2; BD160=4; BD54=2,6,9.333333,BD127=12; BD160=10; BD54=6,0.583333,0.428538,0.66794
141,Polyaromatic,BD158 + BD162 + E7,BD158,BD162,E7,BD158=Salinicola; BD162=Bacillus safensis; E7=Acinetobacter,BD158=Metal_Group_1; BD162=Metal_Group_4; E7=Metal_Group_1,38,44,86.363636,52,83,62.650602,52,PP_mean,63.266278,67.187306,1,5,BD158=1; BD162=7; E7=7,6,8.666667,BD158=6; BD162=12; E7=8,0.518745,0.448946,0.667296
142,Polyaromatic,BD48 + BD50 + BD61,BD48,BD50,BD61,BD48=Bacillus safensis; BD50=Bacillus safensis; BD61=Ochrobactrum,BD48=Metal_Group_1; BD50=Metal_Group_4; BD61=Metal_Group_4,36,44,81.818182,55,83,66.26506,55,PP_mean,54.549445,61.911945,2,3,BD48=3; BD50=4; BD61=2,7,9.333333,BD48=7; BD50=10; BD61=11,0.619003,0.401641,0.666676
143,Polyaromatic,BD117 + BD158 + BD9,BD117,BD158,BD9,BD117=Micococcus luteus; BD158=Salinicola; BD9=Bacillus amyloliquefaciens,BD117=Metal_Group_9; BD158=Metal_Group_1; BD9=Metal_Group_4,34,44,77.272727,48,83,57.831325,48,PP_mean,61.152389,65.19925,3,5.666667,BD117=3; BD158=5; BD9=9,4,7.333333,BD117=4; BD158=9; BD9=9,0.506296,0.372766,0.663751
144,Polyaromatic,BD127 + BD50 + BD54,BD127,BD50,BD54,BD127=Achromobacter; BD50=Bacillus safensis; BD54=Acinetobacter,BD127=Metal_Group_4; BD50=Metal_Group_4; BD54=Metal_Group_1,36,44,81.818182,56,83,67.46988,56,PP_mean,54.186389,63.38625,2,2.666667,BD127=2; BD50=4; BD54=2,6,9.333333,BD127=12; BD50=10; BD54=6,0.583333,0.428538,0.662817
145,Polyaromatic,BD127 + BD132 + E7,BD127,BD132,E7,BD127=Achromobacter; BD132=Bacillus safensis; E7=Acinetobacter,BD127=Metal_Group_4; BD132=Metal_Group_4; E7=Metal_Group_1,36,44,81.818182,56,83,67.46988,56,PP_mean,53.551944,64.192361,2,2.666667,BD127=2; BD132=4; E7=2,6,9.333333,BD127=12; BD132=10; E7=6,0.583333,0.428538,0.6626
146,Polyaromatic,BD139 + BG1 + E7,BD139,BG1,E7,BD139=Brevibacillus brevis; BG1=Bacillus amyloliquefaciens; E7=Acinetobacter,BD139=Metal_Group_4; BG1=Metal_Group_4; E7=Metal_Group_1,38,44,86.363636,52,83,62.650602,52,PP_mean,62.952778,67.066111,1,5,BD139=1; BG1=5; E7=9,6,7.333333,BD139=6; BG1=6; E7=10,0.543261,0.452726,0.661942
147,Polyaromatic,BD127 + BD48 + BD9,BD127,BD48,BD9,BD127=Achromobacter; BD48=Bacillus safensis; BD9=Bacillus amyloliquefaciens,BD127=Metal_Group_4; BD48=Metal_Group_1; BD9=Metal_Group_4,39,44,88.636364,58,83,69.879518,58,PP_mean,34.621389,45.767639,2,3.666667,BD127=2; BD48=2; BD9=7,6,10,BD127=12; BD48=6; BD9=12,0.556306,0.403567,0.661385
148,Polyaromatic,BD132 + BD139 + BD54,BD132,BD139,BD54,BD132=Bacillus safensis; BD139=Brevibacillus brevis; BD54=Acinetobacter,BD132=Metal_Group_4; BD139=Metal_Group_4; BD54=Metal_Group_1,36,44,81.818182,50,83,60.240964,50,PP_mean,69.34,70.949722,2,4.666667,BD132=3; BD139=2; BD54=9,4,6.666667,BD132=4; BD139=6; BD54=10,0.560606,0.484552,0.660467
149,Polyaromatic,BD127 + BD139 + BD163,BD127,BD139,BD163,BD127=Achromobacter; BD139=Brevibacillus brevis; BD163=Bacillus megaterium,BD127=Metal_Group_4; BD139=Metal_Group_4; BD163=Metal_Group_12,39,44,88.636364,55,83,66.26506,55,PP_mean,47.4425,53.108889,2,5.333333,BD127=10; BD139=2; BD163=4,4,7.666667,BD127=14; BD139=4; BD163=5,0.534904,0.503434,0.6599
150,Polyaromatic,BD139 + BD162 + E7,BD139,BD162,E7,BD139=Brevibacillus brevis; BD162=Bacillus safensis; E7=Acinetobacter,BD139=Metal_Group_4; BD162=Metal_Group_4; E7=Metal_Group_1,38,44,86.363636,52,83,62.650602,52,PP_mean,62.643889,64.566667,1,5,BD139=1; BD162=5; E7=9,6,7.333333,BD139=6; BD162=6; E7=10,0.543261,0.452726,0.657922
151,Polyaromatic,BD120 + BD139 + BD54,BD120,BD139,BD54,BD120=Bacillus subtilis; BD139=Brevibacillus brevis; BD54=Acinetobacter,BD120=Metal_Group_4; BD139=Metal_Group_4; BD54=Metal_Group_1,38,44,86.363636,54,83,65.060241,54,PP_mean,69.390556,71.239444,1,5,BD120=5; BD139=1; BD54=9,4,7.333333,BD120=8; BD139=4; BD54=10,0.563764,0.477128,0.656783
152,Polyaromatic,BD127 + BD160 + E7,BD127,BD160,E7,BD127=Achromobacter; BD160=Bacillus stratosphericus; E7=Acinetobacter,BD127=Metal_Group_4; BD160=Metal_Group_4; E7=Metal_Group_1,36,44,81.818182,56,83,67.46988,56,PP_mean,51.528611,62.61875,2,2.666667,BD127=2; BD160=4; E7=2,6,9.333333,BD127=12; BD160=10; E7=6,0.583333,0.428538,0.656298
153,Polyaromatic,BD126 + BD127 + BD139,BD126,BD127,BD139,BD126=Bacillus; BD127=Achromobacter; BD139=Brevibacillus brevis,BD126=Metal_Group_4; BD127=Metal_Group_4; BD139=Metal_Group_4,40,44,90.909091,59,83,71.084337,59,PP_mean,39.314722,48.413472,2,6,BD126=5; BD127=11; BD139=2,3,9,BD126=9; BD127=15; BD139=3,0.521865,0.504892,0.655616
154,Polyaromatic,BD158 + BD54 + BD9,BD158,BD54,BD9,BD158=Salinicola; BD54=Acinetobacter; BD9=Bacillus amyloliquefaciens,BD158=Metal_Group_1; BD54=Metal_Group_1; BD9=Metal_Group_4,38,44,86.363636,52,83,62.650602,52,PP_mean,58.831834,64.546472,1,5,BD158=1; BD54=7; BD9=7,6,8.666667,BD158=6; BD54=8; BD9=12,0.518745,0.448946,0.654577
155,Polyaromatic,BD117 + BD158 + BD48,BD117,BD158,BD48,BD117=Micococcus luteus; BD158=Salinicola; BD48=Bacillus safensis,BD117=Metal_Group_9; BD158=Metal_Group_1; BD48=Metal_Group_1,35,44,79.545455,47,83,56.626506,47,PP_mean,56.187389,60.761472,2,5.333333,BD117=4; BD158=2; BD48=10,7,7.666667,BD117=7; BD158=8; BD48=8,0.488094,0.337607,0.654257
156,Polyaromatic,BD139 + BD160 + BD54,BD139,BD160,BD54,BD139=Brevibacillus brevis; BD160=Bacillus stratosphericus; BD54=Acinetobacter,BD139=Metal_Group_4; BD160=Metal_Group_4; BD54=Metal_Group_1,36,44,81.818182,50,83,60.240964,50,PP_mean,67.316667,69.376111,2,4.666667,BD139=2; BD160=3; BD54=9,4,6.666667,BD139=6; BD160=4; BD54=10,0.560606,0.484552,0.654165
157,Polyaromatic,BD127 + BD132 + BD158,BD127,BD132,BD158,BD127=Achromobacter; BD132=Bacillus safensis; BD158=Salinicola,BD127=Metal_Group_4; BD132=Metal_Group_4; BD158=Metal_Group_1,36,44,81.818182,55,83,66.26506,55,PP_mean,54.140444,61.823,2,4.666667,BD127=8; BD132=4; BD158=2,5,7.666667,BD127=12; BD132=6; BD158=5,0.534226,0.438845,0.652791
158,Polyaromatic,BD127 + BD50 + E7,BD127,BD50,E7,BD127=Achromobacter; BD50=Bacillus safensis; E7=Acinetobacter,BD127=Metal_Group_4; BD50=Metal_Group_4; E7=Metal_Group_1,36,44,81.818182,56,83,67.46988,56,PP_mean,49.879722,61.346528,2,2.666667,BD127=2; BD50=4; E7=2,6,9.333333,BD127=12; BD50=10; E7=6,0.583333,0.428538,0.651175
159,Polyaromatic,BD139 + BD50 + BD54,BD139,BD50,BD54,BD139=Brevibacillus brevis; BD50=Bacillus safensis; BD54=Acinetobacter,BD139=Metal_Group_4; BD50=Metal_Group_4; BD54=Metal_Group_1,36,44,81.818182,50,83,60.240964,50,PP_mean,65.667778,68.103889,2,4.666667,BD139=2; BD50=3; BD54=9,4,6.666667,BD139=6; BD50=4; BD54=10,0.560606,0.484552,0.649042
160,Polyaromatic,BD132 + BD139 + E7,BD132,BD139,E7,BD132=Bacillus safensis; BD139=Brevibacillus brevis; E7=Acinetobacter,BD132=Metal_Group_4; BD139=Metal_Group_4; E7=Metal_Group_1,36,44,81.818182,50,83,60.240964,50,PP_mean,65.033333,68.91,2,4.666667,BD132=3; BD139=2; E7=9,4,6.666667,BD132=4; BD139=6; E7=10,0.560606,0.484552,0.648825
161,Polyaromatic,BD127 + BD158 + BD160,BD127,BD158,BD160,BD127=Achromobacter; BD158=Salinicola; BD160=Bacillus stratosphericus,BD127=Metal_Group_4; BD158=Metal_Group_1; BD160=Metal_Group_4,36,44,81.818182,55,83,66.26506,55,PP_mean,52.117111,60.249389,2,4.666667,BD127=8; BD158=2; BD160=4,5,7.666667,BD127=12; BD158=5; BD160=6,0.534226,0.438845,0.646488
162,Polyaromatic,BD120 + BD158 + BD48,BD120,BD158,BD48,BD120=Bacillus subtilis; BD158=Salinicola; BD48=Bacillus safensis,BD120=Metal_Group_4; BD158=Metal_Group_1; BD48=Metal_Group_1,38,44,86.363636,55,83,66.26506,55,PP_mean,57.906278,62.419528,1,4.666667,BD120=7; BD158=1; BD48=6,5,8.666667,BD120=15; BD158=5; BD48=6,0.522377,0.442993,0.646462
163,Polyaromatic,BD139 + BD54 + BD9,BD139,BD54,BD9,BD139=Brevibacillus brevis; BD54=Acinetobacter; BD9=Bacillus amyloliquefaciens,BD139=Metal_Group_4; BD54=Metal_Group_1; BD9=Metal_Group_4,38,44,86.363636,52,83,62.650602,52,PP_mean,58.209445,61.925833,1,5,BD139=1; BD54=9; BD9=5,6,7.333333,BD139=6; BD54=10; BD9=6,0.543261,0.452726,0.645203
164,Polyaromatic,BD120 + BD139 + E7,BD120,BD139,E7,BD120=Bacillus subtilis; BD139=Brevibacillus brevis; E7=Acinetobacter,BD120=Metal_Group_4; BD139=Metal_Group_4; E7=Metal_Group_1,38,44,86.363636,54,83,65.060241,54,PP_mean,65.083889,69.199722,1,5,BD120=5; BD139=1; E7=9,4,7.333333,BD120=8; BD139=4; E7=10,0.563764,0.477128,0.645141
165,Polyaromatic,BD139 + BD48 + BD61,BD139,BD48,BD61,BD139=Brevibacillus brevis; BD48=Bacillus safensis; BD61=Ochrobactrum,BD139=Metal_Group_4; BD48=Metal_Group_1; BD61=Metal_Group_4,35,44,79.545455,55,83,66.26506,55,PP_mean,49.892222,55.706945,2,2.333333,BD139=3; BD48=2; BD61=2,8,9,BD139=10; BD48=8; BD61=9,0.613952,0.405458,0.64511
166,Polyaromatic,BD158 + BD9 + E7,BD158,BD9,E7,BD158=Salinicola; BD9=Bacillus amyloliquefaciens; E7=Acinetobacter,BD158=Metal_Group_1; BD9=Metal_Group_4; E7=Metal_Group_1,38,44,86.363636,52,83,62.650602,52,PP_mean,54.525167,62.50675,1,5,BD158=1; BD9=7; E7=7,6,8.666667,BD158=6; BD9=12; E7=8,0.518745,0.448946,0.642935
167,Polyaromatic,BD139 + BD163 + BD61,BD139,BD163,BD61,BD139=Brevibacillus brevis; BD163=Bacillus megaterium; BD61=Ochrobactrum,BD139=Metal_Group_4; BD163=Metal_Group_12; BD61=Metal_Group_4,37,44,84.090909,52,83,62.650602,52,PP_mean,59.912222,63.075139,2,4.666667,BD139=2; BD163=4; BD61=8,4,6.666667,BD139=4; BD163=5; BD61=11,0.611703,0.507337,0.642737
168,Polyaromatic,BD120 + BD127 + BD48,BD120,BD127,BD48,BD120=Bacillus subtilis; BD127=Achromobacter; BD48=Bacillus safensis,BD120=Metal_Group_4; BD127=Metal_Group_4; BD48=Metal_Group_1,39,44,88.636364,61,83,73.493976,61,PP_mean,45.8025,55.08125,1,3.333333,BD120=7; BD127=2; BD48=1,5,10.333333,BD120=15; BD127=11; BD48=5,0.561285,0.409793,0.642607
169,Polyaromatic,BD126 + BD158 + BD54,BD126,BD158,BD54,BD126=Bacillus; BD158=Salinicola; BD54=Acinetobacter,BD126=Metal_Group_4; BD158=Metal_Group_1; BD54=Metal_Group_1,38,44,86.363636,55,83,66.26506,55,PP_mean,55.759056,62.781472,1,4.666667,BD126=7; BD158=1; BD54=6,5,8.666667,BD126=15; BD158=5; BD54=6,0.522377,0.442993,0.642524
170,Polyaromatic,BD139 + BD160 + E7,BD139,BD160,E7,BD139=Brevibacillus brevis; BD160=Bacillus stratosphericus; E7=Acinetobacter,BD139=Metal_Group_4; BD160=Metal_Group_4; E7=Metal_Group_1,36,44,81.818182,50,83,60.240964,50,PP_mean,63.01,67.336389,2,4.666667,BD139=2; BD160=3; E7=9,4,6.666667,BD139=6; BD160=4; E7=10,0.560606,0.484552,0.642523
171,Polyaromatic,BD158 + BD48 + BG1,BD158,BD48,BG1,BD158=Salinicola; BD48=Bacillus safensis; BG1=Bacillus amyloliquefaciens,BD158=Metal_Group_1; BD48=Metal_Group_1; BG1=Metal_Group_4,38,44,86.363636,52,83,62.650602,52,PP_mean,55.775167,60.285917,1,5,BD158=1; BD48=7; BG1=7,6,8.666667,BD158=6; BD48=8; BG1=12,0.518745,0.448946,0.642507
172,Polyaromatic,BD127 + BD158 + BD50,BD127,BD158,BD50,BD127=Achromobacter; BD158=Salinicola; BD50=Bacillus safensis,BD127=Metal_Group_4; BD158=Metal_Group_1; BD50=Metal_Group_4,36,44,81.818182,55,83,66.26506,55,PP_mean,50.468222,58.977167,2,4.666667,BD127=8; BD158=2; BD50=4,5,7.666667,BD127=12; BD158=5; BD50=6,0.534226,0.438845,0.641366
173,Polyaromatic,BD117 + BD132 + BD158,BD117,BD132,BD158,BD117=Micococcus luteus; BD132=Bacillus safensis; BD158=Salinicola,BD117=Metal_Group_9; BD132=Metal_Group_4; BD158=Metal_Group_1,31,44,70.454545,47,83,56.626506,47,PP_mean,72.282944,74.223139,3,4.666667,BD117=3; BD132=6; BD158=5,4,7,BD117=4; BD132=8; BD158=9,0.543297,0.379615,0.638854
174,Polyaromatic,BD126 + BD139 + BD61,BD126,BD139,BD61,BD126=Bacillus; BD139=Brevibacillus brevis; BD61=Ochrobactrum,BD126=Metal_Group_4; BD139=Metal_Group_4; BD61=Metal_Group_4,38,44,86.363636,56,83,67.46988,56,PP_mean,51.784444,58.379722,2,5.333333,BD126=5; BD139=2; BD61=9,3,8,BD126=9; BD139=3; BD61=12,0.596888,0.508284,0.638799
175,Polyaromatic,BD126 + BD127 + BD54,BD126,BD127,BD54,BD126=Bacillus; BD127=Achromobacter; BD54=Acinetobacter,BD126=Metal_Group_4; BD127=Metal_Group_4; BD54=Metal_Group_1,39,44,88.636364,61,83,73.493976,61,PP_mean,43.655278,55.443194,1,3.333333,BD126=7; BD127=2; BD54=1,5,10.333333,BD126=15; BD127=11; BD54=5,0.561285,0.409793,0.638669
176,Polyaromatic,BD158 + BD162 + BD48,BD158,BD162,BD48,BD158=Salinicola; BD162=Bacillus safensis; BD48=Bacillus safensis,BD158=Metal_Group_1; BD162=Metal_Group_4; BD48=Metal_Group_1,38,44,86.363636,52,83,62.650602,52,PP_mean,55.466278,57.786472,1,5,BD158=1; BD162=7; BD48=7,6,8.666667,BD158=6; BD162=12; BD48=8,0.518745,0.448946,0.638487
177,Polyaromatic,BD139 + BD50 + E7,BD139,BD50,E7,BD139=Brevibacillus brevis; BD50=Bacillus safensis; E7=Acinetobacter,BD139=Metal_Group_4; BD50=Metal_Group_4; E7=Metal_Group_1,36,44,81.818182,50,83,60.240964,50,PP_mean,61.361111,66.064167,2,4.666667,BD139=2; BD50=3; E7=9,4,6.666667,BD139=6; BD50=4; E7=10,0.560606,0.484552,0.6374
178,Polyaromatic,BD127 + BD132 + BD48,BD127,BD132,BD48,BD127=Achromobacter; BD132=Bacillus safensis; BD48=Bacillus safensis,BD127=Metal_Group_4; BD132=Metal_Group_4; BD48=Metal_Group_1,36,44,81.818182,56,83,67.46988,56,PP_mean,45.751944,54.791528,2,2.666667,BD127=2; BD132=4; BD48=2,6,9.333333,BD127=12; BD132=10; BD48=6,0.583333,0.428538,0.633791
179,Polyaromatic,BD139 + BD9 + E7,BD139,BD9,E7,BD139=Brevibacillus brevis; BD9=Bacillus amyloliquefaciens; E7=Acinetobacter,BD139=Metal_Group_4; BD9=Metal_Group_4; E7=Metal_Group_1,38,44,86.363636,52,83,62.650602,52,PP_mean,53.902778,59.886111,1,5,BD139=1; BD9=5; E7=9,6,7.333333,BD139=6; BD9=6; E7=10,0.543261,0.452726,0.633561
180,Polyaromatic,BD139 + BD48 + BG1,BD139,BD48,BG1,BD139=Brevibacillus brevis; BD48=Bacillus safensis; BG1=Bacillus amyloliquefaciens,BD139=Metal_Group_4; BD48=Metal_Group_1; BG1=Metal_Group_4,38,44,86.363636,52,83,62.650602,52,PP_mean,55.152778,57.665278,1,5,BD139=1; BD48=9; BG1=5,6,7.333333,BD139=6; BD48=10; BG1=6,0.543261,0.452726,0.633133
181,Polyaromatic,BD117 + BD158 + BD160,BD117,BD158,BD160,BD117=Micococcus luteus; BD158=Salinicola; BD160=Bacillus stratosphericus,BD117=Metal_Group_9; BD158=Metal_Group_1; BD160=Metal_Group_4,31,44,70.454545,47,83,56.626506,47,PP_mean,70.259611,72.649528,3,4.666667,BD117=3; BD158=5; BD160=6,4,7,BD117=4; BD158=9; BD160=8,0.543297,0.379615,0.632551
182,Polyaromatic,BD117 + BD139 + BG1,BD117,BD139,BG1,BD117=Micococcus luteus; BD139=Brevibacillus brevis; BG1=Bacillus amyloliquefaciens,BD117=Metal_Group_9; BD139=Metal_Group_4; BG1=Metal_Group_4,32,44,72.727273,46,83,55.421687,46,PP_mean,69.58,69.758611,3,4.333333,BD117=3; BD139=3; BG1=7,4,6.333333,BD117=4; BD139=7; BG1=8,0.565977,0.457586,0.631196
183,Polyaromatic,BD126 + BD158 + E7,BD126,BD158,E7,BD126=Bacillus; BD158=Salinicola; E7=Acinetobacter,BD126=Metal_Group_4; BD158=Metal_Group_1; E7=Metal_Group_1,38,44,86.363636,55,83,66.26506,55,PP_mean,51.452389,60.74175,1,4.666667,BD126=7; BD158=1; E7=6,5,8.666667,BD126=15; BD158=5; E7=6,0.522377,0.442993,0.630882
184,Polyaromatic,BD139 + BD162 + BD48,BD139,BD162,BD48,BD139=Brevibacillus brevis; BD162=Bacillus safensis; BD48=Bacillus safensis,BD139=Metal_Group_4; BD162=Metal_Group_4; BD48=Metal_Group_1,38,44,86.363636,52,83,62.650602,52,PP_mean,54.843889,55.165834,1,5,BD139=1; BD162=5; BD48=9,6,7.333333,BD139=6; BD162=6; BD48=10,0.543261,0.452726,0.629113
185,Polyaromatic,BD117 + BD127 + BD61,BD117,BD127,BD61,BD117=Micococcus luteus; BD127=Achromobacter; BD61=Ochrobactrum,BD117=Metal_Group_9; BD127=Metal_Group_4; BD61=Metal_Group_4,35,44,79.545455,51,83,61.445783,51,PP_mean,52.838055,63.082639,2,2.666667,BD117=4; BD127=2; BD61=2,5,7,BD117=5; BD127=10; BD61=6,0.532095,0.374856,0.627637
186,Polyaromatic,BD127 + BD160 + BD48,BD127,BD160,BD48,BD127=Achromobacter; BD160=Bacillus stratosphericus; BD48=Bacillus safensis,BD127=Metal_Group_4; BD160=Metal_Group_4; BD48=Metal_Group_1,36,44,81.818182,56,83,67.46988,56,PP_mean,43.728611,53.217917,2,2.666667,BD127=2; BD160=4; BD48=2,6,9.333333,BD127=12; BD160=10; BD48=6,0.583333,0.428538,0.627488
187,Polyaromatic,BD117 + BD158 + BD50,BD117,BD158,BD50,BD117=Micococcus luteus; BD158=Salinicola; BD50=Bacillus safensis,BD117=Metal_Group_9; BD158=Metal_Group_1; BD50=Metal_Group_4,31,44,70.454545,47,83,56.626506,47,PP_mean,68.610722,71.377306,3,4.666667,BD117=3; BD158=5; BD50=6,4,7,BD117=4; BD158=9; BD50=8,0.543297,0.379615,0.627429
188,Polyaromatic,BD117 + BD139 + BD162,BD117,BD139,BD162,BD117=Micococcus luteus; BD139=Brevibacillus brevis; BD162=Bacillus safensis,BD117=Metal_Group_9; BD139=Metal_Group_4; BD162=Metal_Group_4,32,44,72.727273,46,83,55.421687,46,PP_mean,69.271111,67.259167,3,4.333333,BD117=3; BD139=3; BD162=7,4,6.333333,BD117=4; BD139=7; BD162=8,0.565977,0.457586,0.627175
189,Polyaromatic,BD126 + BD127 + E7,BD126,BD127,E7,BD126=Bacillus; BD127=Achromobacter; E7=Acinetobacter,BD126=Metal_Group_4; BD127=Metal_Group_4; E7=Metal_Group_1,39,44,88.636364,61,83,73.493976,61,PP_mean,39.348611,53.403472,1,3.333333,BD126=7; BD127=2; E7=1,5,10.333333,BD126=15; BD127=11; E7=5,0.561285,0.409793,0.627027
190,Polyaromatic,BD132 + BD158 + BD54,BD132,BD158,BD54,BD132=Bacillus safensis; BD158=Salinicola; BD54=Acinetobacter,BD132=Metal_Group_4; BD158=Metal_Group_1; BD54=Metal_Group_1,35,44,79.545455,50,83,60.240964,50,PP_mean,69.962389,73.570361,1,4,BD132=4; BD158=1; BD54=7,6,7.666667,BD132=10; BD158=6; BD54=7,0.550691,0.465821,0.626711
191,Polyaromatic,BD127 + BD163 + BD54,BD127,BD163,BD54,BD127=Achromobacter; BD163=Bacillus megaterium; BD54=Acinetobacter,BD127=Metal_Group_4; BD163=Metal_Group_12; BD54=Metal_Group_1,38,44,86.363636,56,83,67.46988,56,PP_mean,51.783056,60.138611,1,3,BD127=2; BD163=6; BD54=1,5,9,BD127=12; BD163=10; BD54=5,0.588088,0.433368,0.623122
192,Polyaromatic,BD127 + BD48 + BD50,BD127,BD48,BD50,BD127=Achromobacter; BD48=Bacillus safensis; BD50=Bacillus safensis,BD127=Metal_Group_4; BD48=Metal_Group_1; BD50=Metal_Group_4,36,44,81.818182,56,83,67.46988,56,PP_mean,42.079722,51.945695,2,2.666667,BD127=2; BD48=2; BD50=4,6,9.333333,BD127=12; BD48=6; BD50=10,0.583333,0.428538,0.622366
193,Polyaromatic,BD158 + BD163 + BD54,BD158,BD163,BD54,BD158=Salinicola; BD163=Bacillus megaterium; BD54=Acinetobacter,BD158=Metal_Group_1; BD163=Metal_Group_12; BD54=Metal_Group_1,37,44,84.090909,49,83,59.036145,49,PP_mean,63.886834,67.476889,1,4.333333,BD158=1; BD163=6; BD54=6,5,7,BD158=5; BD163=9; BD54=7,0.55227,0.493146,0.621394
194,Polyaromatic,BD158 + BD160 + BD54,BD158,BD160,BD54,BD158=Salinicola; BD160=Bacillus stratosphericus; BD54=Acinetobacter,BD158=Metal_Group_1; BD160=Metal_Group_4; BD54=Metal_Group_1,35,44,79.545455,50,83,60.240964,50,PP_mean,67.939056,71.99675,1,4,BD158=1; BD160=4; BD54=7,6,7.666667,BD158=6; BD160=10; BD54=7,0.550691,0.465821,0.620409
195,Polyaromatic,BD132 + BD139 + BD48,BD132,BD139,BD48,BD132=Bacillus safensis; BD139=Brevibacillus brevis; BD48=Bacillus safensis,BD132=Metal_Group_4; BD139=Metal_Group_4; BD48=Metal_Group_1,36,44,81.818182,50,83,60.240964,50,PP_mean,57.233333,59.509167,2,4.666667,BD132=3; BD139=2; BD48=9,4,6.666667,BD132=4; BD139=6; BD48=10,0.560606,0.484552,0.620016
196,Polyaromatic,BD132 + BD163 + BD54,BD132,BD163,BD54,BD132=Bacillus safensis; BD163=Bacillus megaterium; BD54=Acinetobacter,BD132=Metal_Group_4; BD163=Metal_Group_12; BD54=Metal_Group_1,37,44,84.090909,48,83,57.831325,48,PP_mean,71.593889,73.907083,1,4.333333,BD132=1; BD163=3; BD54=9,4,5.666667,BD132=4; BD163=4; BD54=9,0.604497,0.519619,0.619356
197,Polyaromatic,BD120 + BD139 + BD48,BD120,BD139,BD48,BD120=Bacillus subtilis; BD139=Brevibacillus brevis; BD48=Bacillus safensis,BD120=Metal_Group_4; BD139=Metal_Group_4; BD48=Metal_Group_1,38,44,86.363636,54,83,65.060241,54,PP_mean,57.283889,59.798889,1,5,BD120=5; BD139=1; BD48=9,4,7.333333,BD120=8; BD139=4; BD48=10,0.563764,0.477128,0.616332
198,Polyaromatic,BD117 + BD127 + BD158,BD117,BD127,BD158,BD117=Micococcus luteus; BD127=Achromobacter; BD158=Salinicola,BD117=Metal_Group_9; BD127=Metal_Group_4; BD158=Metal_Group_1,35,44,79.545455,52,83,62.650602,52,PP_mean,52.472111,60.454667,2,5,BD117=3; BD127=10; BD158=2,3,7.666667,BD117=3; BD127=13; BD158=7,0.471629,0.31896,0.61602
199,Polyaromatic,BD158 + BD50 + BD54,BD158,BD50,BD54,BD158=Salinicola; BD50=Bacillus safensis; BD54=Acinetobacter,BD158=Metal_Group_1; BD50=Metal_Group_4; BD54=Metal_Group_1,35,44,79.545455,50,83,60.240964,50,PP_mean,66.290167,70.724528,1,4,BD158=1; BD50=4; BD54=7,6,7.666667,BD158=6; BD50=10; BD54=7,0.550691,0.465821,0.615286
200,Polyaromatic,BD132 + BD158 + E7,BD132,BD158,E7,BD132=Bacillus safensis; BD158=Salinicola; E7=Acinetobacter,BD132=Metal_Group_4; BD158=Metal_Group_1; E7=Metal_Group_1,35,44,79.545455,50,83,60.240964,50,PP_mean,65.655722,71.530639,1,4,BD132=4; BD158=1; E7=7,6,7.666667,BD132=10; BD158=6; E7=7,0.550691,0.465821,0.615069
201,Polyaromatic,BD158 + BD48 + BD9,BD158,BD48,BD9,BD158=Salinicola; BD48=Bacillus safensis; BD9=Bacillus amyloliquefaciens,BD158=Metal_Group_1; BD48=Metal_Group_1; BD9=Metal_Group_4,38,44,86.363636,52,83,62.650602,52,PP_mean,46.725167,53.105917,1,5,BD158=1; BD48=7; BD9=7,6,8.666667,BD158=6; BD48=8; BD9=12,0.518745,0.448946,0.614126
202,Polyaromatic,BD139 + BD160 + BD48,BD139,BD160,BD48,BD139=Brevibacillus brevis; BD160=Bacillus stratosphericus; BD48=Bacillus safensis,BD139=Metal_Group_4; BD160=Metal_Group_4; BD48=Metal_Group_1,36,44,81.818182,50,83,60.240964,50,PP_mean,55.21,57.935556,2,4.666667,BD139=2; BD160=3; BD48=9,4,6.666667,BD139=6; BD160=4; BD48=10,0.560606,0.484552,0.613713
203,Polyaromatic,BD160 + BD163 + BD54,BD160,BD163,BD54,BD160=Bacillus stratosphericus; BD163=Bacillus megaterium; BD54=Acinetobacter,BD160=Metal_Group_4; BD163=Metal_Group_12; BD54=Metal_Group_1,37,44,84.090909,48,83,57.831325,48,PP_mean,69.570556,72.333472,1,4.333333,BD160=1; BD163=3; BD54=9,4,5.666667,BD160=4; BD163=4; BD54=9,0.604497,0.519619,0.613054
204,Polyaromatic,BD126 + BD139 + BD54,BD126,BD139,BD54,BD126=Bacillus; BD139=Brevibacillus brevis; BD54=Acinetobacter,BD126=Metal_Group_4; BD139=Metal_Group_4; BD54=Metal_Group_1,38,44,86.363636,54,83,65.060241,54,PP_mean,55.136667,60.160833,1,5,BD126=5; BD139=1; BD54=9,4,7.333333,BD126=8; BD139=4; BD54=10,0.563764,0.477128,0.612393
205,Polyaromatic,BD127 + BD132 + BD163,BD127,BD132,BD163,BD127=Achromobacter; BD132=Bacillus safensis; BD163=Bacillus megaterium,BD127=Metal_Group_4; BD132=Metal_Group_4; BD163=Metal_Group_12,38,44,86.363636,55,83,66.26506,55,PP_mean,55.771944,62.159722,1,5,BD127=10; BD132=1; BD163=4,4,8.333333,BD127=16; BD132=4; BD163=5,0.590734,0.516571,0.611987
206,Polyaromatic,BD127 + BD163 + E7,BD127,BD163,E7,BD127=Achromobacter; BD163=Bacillus megaterium; E7=Acinetobacter,BD127=Metal_Group_4; BD163=Metal_Group_12; E7=Metal_Group_1,38,44,86.363636,56,83,67.46988,56,PP_mean,47.476389,58.098889,1,3,BD127=2; BD163=6; E7=1,5,9,BD127=12; BD163=10; E7=5,0.588088,0.433368,0.61148
207,Polyaromatic,BD139 + BD158 + BD61,BD139,BD158,BD61,BD139=Brevibacillus brevis; BD158=Salinicola; BD61=Ochrobactrum,BD139=Metal_Group_4; BD158=Metal_Group_1; BD61=Metal_Group_4,35,44,79.545455,54,83,65.060241,54,PP_mean,58.280722,62.738417,1,4.333333,BD139=1; BD158=2; BD61=10,7,7.666667,BD139=7; BD158=7; BD61=9,0.578681,0.424744,0.611052
208,Polyaromatic,BD127 + BD61 + BG1,BD127,BD61,BG1,BD127=Achromobacter; BD61=Ochrobactrum; BG1=Bacillus amyloliquefaciens,BD127=Metal_Group_4; BD61=Metal_Group_4; BG1=Metal_Group_4,38,44,86.363636,56,83,67.46988,56,PP_mean,52.425833,62.607083,1,3.333333,BD127=2; BD61=1; BG1=7,4,7,BD127=7; BD61=4; BG1=10,0.608649,0.445863,0.610805
209,Polyaromatic,BD158 + BD163 + E7,BD158,BD163,E7,BD158=Salinicola; BD163=Bacillus megaterium; E7=Acinetobacter,BD158=Metal_Group_1; BD163=Metal_Group_12; E7=Metal_Group_1,37,44,84.090909,49,83,59.036145,49,PP_mean,59.580167,65.437167,1,4.333333,BD158=1; BD163=6; E7=6,5,7,BD158=5; BD163=9; E7=7,0.55227,0.493146,0.609752
210,Polyaromatic,BD158 + BD160 + E7,BD158,BD160,E7,BD158=Salinicola; BD160=Bacillus stratosphericus; E7=Acinetobacter,BD158=Metal_Group_1; BD160=Metal_Group_4; E7=Metal_Group_1,35,44,79.545455,50,83,60.240964,50,PP_mean,63.632389,69.957028,1,4,BD158=1; BD160=4; E7=7,6,7.666667,BD158=6; BD160=10; E7=7,0.550691,0.465821,0.608767
211,Polyaromatic,BD139 + BD48 + BD50,BD139,BD48,BD50,BD139=Brevibacillus brevis; BD48=Bacillus safensis; BD50=Bacillus safensis,BD139=Metal_Group_4; BD48=Metal_Group_1; BD50=Metal_Group_4,36,44,81.818182,50,83,60.240964,50,PP_mean,53.561111,56.663334,2,4.666667,BD139=2; BD48=9; BD50=3,4,6.666667,BD139=6; BD48=10; BD50=4,0.560606,0.484552,0.608591
212,Polyaromatic,BD163 + BD50 + BD54,BD163,BD50,BD54,BD163=Bacillus megaterium; BD50=Bacillus safensis; BD54=Acinetobacter,BD163=Metal_Group_12; BD50=Metal_Group_4; BD54=Metal_Group_1,37,44,84.090909,48,83,57.831325,48,PP_mean,67.921667,71.06125,1,4.333333,BD163=3; BD50=1; BD54=9,4,5.666667,BD163=4; BD50=4; BD54=9,0.604497,0.519619,0.607932
213,Polyaromatic,BD132 + BD163 + E7,BD132,BD163,E7,BD132=Bacillus safensis; BD163=Bacillus megaterium; E7=Acinetobacter,BD132=Metal_Group_4; BD163=Metal_Group_12; E7=Metal_Group_1,37,44,84.090909,48,83,57.831325,48,PP_mean,67.287222,71.867361,1,4.333333,BD132=1; BD163=3; E7=9,4,5.666667,BD132=4; BD163=4; E7=9,0.604497,0.519619,0.607714
214,Polyaromatic,BD127 + BD162 + BD61,BD127,BD162,BD61,BD127=Achromobacter; BD162=Bacillus safensis; BD61=Ochrobactrum,BD127=Metal_Group_4; BD162=Metal_Group_4; BD61=Metal_Group_4,38,44,86.363636,56,83,67.46988,56,PP_mean,52.116944,60.107639,1,3.333333,BD127=2; BD162=7; BD61=1,4,7,BD127=7; BD162=10; BD61=4,0.608649,0.445863,0.606784
215,Polyaromatic,BD127 + BD160 + BD163,BD127,BD160,BD163,BD127=Achromobacter; BD160=Bacillus stratosphericus; BD163=Bacillus megaterium,BD127=Metal_Group_4; BD160=Metal_Group_4; BD163=Metal_Group_12,38,44,86.363636,55,83,66.26506,55,PP_mean,53.748611,60.586111,1,5,BD127=10; BD160=1; BD163=4,4,8.333333,BD127=16; BD160=4; BD163=5,0.590734,0.516571,0.605685
216,Polyaromatic,BD139 + BD48 + BD9,BD139,BD48,BD9,BD139=Brevibacillus brevis; BD48=Bacillus safensis; BD9=Bacillus amyloliquefaciens,BD139=Metal_Group_4; BD48=Metal_Group_1; BD9=Metal_Group_4,38,44,86.363636,52,83,62.650602,52,PP_mean,46.102778,50.485278,1,5,BD139=1; BD48=9; BD9=5,6,7.333333,BD139=6; BD48=10; BD9=6,0.543261,0.452726,0.604752
217,Polyaromatic,BD158 + BD50 + E7,BD158,BD50,E7,BD158=Salinicola; BD50=Bacillus safensis; E7=Acinetobacter,BD158=Metal_Group_1; BD50=Metal_Group_4; E7=Metal_Group_1,35,44,79.545455,50,83,60.240964,50,PP_mean,61.9835,68.684806,1,4,BD158=1; BD50=4; E7=7,6,7.666667,BD158=6; BD50=10; E7=7,0.550691,0.465821,0.603644
218,Polyaromatic,BD139 + BD163 + BD54,BD139,BD163,BD54,BD139=Brevibacillus brevis; BD163=Bacillus megaterium; BD54=Acinetobacter,BD139=Metal_Group_4; BD163=Metal_Group_12; BD54=Metal_Group_1,37,44,84.090909,50,83,60.240964,50,PP_mean,63.264445,64.85625,1,4.333333,BD139=1; BD163=4; BD54=8,4,6.333333,BD139=6; BD163=4; BD54=9,0.577528,0.48664,0.603259
219,Polyaromatic,BD117 + BD139 + BD9,BD117,BD139,BD9,BD117=Micococcus luteus; BD139=Brevibacillus brevis; BD9=Bacillus amyloliquefaciens,BD117=Metal_Group_9; BD139=Metal_Group_4; BD9=Metal_Group_4,32,44,72.727273,46,83,55.421687,46,PP_mean,60.53,62.578611,3,4.333333,BD117=3; BD139=3; BD9=7,4,6.333333,BD117=4; BD139=7; BD9=8,0.565977,0.457586,0.602814
220,Polyaromatic,BD126 + BD158 + BD48,BD126,BD158,BD48,BD126=Bacillus; BD158=Salinicola; BD48=Bacillus safensis,BD126=Metal_Group_4; BD158=Metal_Group_1; BD48=Metal_Group_1,38,44,86.363636,55,83,66.26506,55,PP_mean,43.652389,51.340917,1,4.666667,BD126=7; BD158=1; BD48=6,5,8.666667,BD126=15; BD158=5; BD48=6,0.522377,0.442993,0.602072
221,Polyaromatic,BD160 + BD163 + E7,BD160,BD163,E7,BD160=Bacillus stratosphericus; BD163=Bacillus megaterium; E7=Acinetobacter,BD160=Metal_Group_4; BD163=Metal_Group_12; E7=Metal_Group_1,37,44,84.090909,48,83,57.831325,48,PP_mean,65.263889,70.29375,1,4.333333,BD160=1; BD163=3; E7=9,4,5.666667,BD160=4; BD163=4; E7=9,0.604497,0.519619,0.601412
222,Polyaromatic,BD126 + BD139 + E7,BD126,BD139,E7,BD126=Bacillus; BD139=Brevibacillus brevis; E7=Acinetobacter,BD126=Metal_Group_4; BD139=Metal_Group_4; E7=Metal_Group_1,38,44,86.363636,54,83,65.060241,54,PP_mean,50.83,58.121111,1,5,BD126=5; BD139=1; E7=9,4,7.333333,BD126=8; BD139=4; E7=10,0.563764,0.477128,0.600751
223,Polyaromatic,BD127 + BD163 + BD50,BD127,BD163,BD50,BD127=Achromobacter; BD163=Bacillus megaterium; BD50=Bacillus safensis,BD127=Metal_Group_4; BD163=Metal_Group_12; BD50=Metal_Group_4,38,44,86.363636,55,83,66.26506,55,PP_mean,52.099722,59.313889,1,5,BD127=10; BD163=4; BD50=1,4,8.333333,BD127=16; BD163=5; BD50=4,0.590734,0.516571,0.600562
224,Polyaromatic,BD126 + BD127 + BD48,BD126,BD127,BD48,BD126=Bacillus; BD127=Achromobacter; BD48=Bacillus safensis,BD126=Metal_Group_4; BD127=Metal_Group_4; BD48=Metal_Group_1,39,44,88.636364,61,83,73.493976,61,PP_mean,31.548611,44.002639,1,3.333333,BD126=7; BD127=2; BD48=1,5,10.333333,BD126=15; BD127=11; BD48=5,0.561285,0.409793,0.598217
225,Polyaromatic,BD132 + BD163 + BD61,BD132,BD163,BD61,BD132=Bacillus safensis; BD163=Bacillus megaterium; BD61=Ochrobactrum,BD132=Metal_Group_4; BD163=Metal_Group_12; BD61=Metal_Group_4,36,44,81.818182,52,83,62.650602,52,PP_mean,68.241667,72.125972,1,4,BD132=1; BD163=3; BD61=8,4,7,BD132=4; BD163=4; BD61=13,0.653824,0.51015,0.597958
226,Polyaromatic,BD163 + BD50 + E7,BD163,BD50,E7,BD163=Bacillus megaterium; BD50=Bacillus safensis; E7=Acinetobacter,BD163=Metal_Group_12; BD50=Metal_Group_4; E7=Metal_Group_1,37,44,84.090909,48,83,57.831325,48,PP_mean,63.615,69.021528,1,4.333333,BD163=3; BD50=1; E7=9,4,5.666667,BD163=4; BD50=4; E7=9,0.604497,0.519619,0.59629
227,Polyaromatic,BD117 + BD132 + BD139,BD117,BD132,BD139,BD117=Micococcus luteus; BD132=Bacillus safensis; BD139=Brevibacillus brevis,BD117=Metal_Group_9; BD132=Metal_Group_4; BD139=Metal_Group_4,30,44,68.181818,44,83,53.012048,44,PP_mean,71.660555,71.6025,3,4,BD117=3; BD132=5; BD139=4,4,5.333333,BD117=4; BD132=6; BD139=6,0.588376,0.479386,0.592922
228,Polyaromatic,BD117 + BD120 + BD139,BD117,BD120,BD139,BD117=Micococcus luteus; BD120=Bacillus subtilis; BD139=Brevibacillus brevis,BD117=Metal_Group_9; BD120=Metal_Group_4; BD139=Metal_Group_4,32,44,72.727273,48,83,57.831325,48,PP_mean,71.711111,71.892222,2,4,BD117=3; BD120=7; BD139=2,4,6,BD117=4; BD120=10; BD139=4,0.572107,0.472488,0.592584
229,Polyaromatic,BD160 + BD163 + BD61,BD160,BD163,BD61,BD160=Bacillus stratosphericus; BD163=Bacillus megaterium; BD61=Ochrobactrum,BD160=Metal_Group_4; BD163=Metal_Group_12; BD61=Metal_Group_4,36,44,81.818182,52,83,62.650602,52,PP_mean,66.218333,70.552361,1,4,BD160=1; BD163=3; BD61=8,4,7,BD160=4; BD163=4; BD61=13,0.653824,0.51015,0.591656
230,Polyaromatic,BD139 + BD163 + E7,BD139,BD163,E7,BD139=Brevibacillus brevis; BD163=Bacillus megaterium; E7=Acinetobacter,BD139=Metal_Group_4; BD163=Metal_Group_12; E7=Metal_Group_1,37,44,84.090909,50,83,60.240964,50,PP_mean,58.957778,62.816528,1,4.333333,BD139=1; BD163=4; E7=8,4,6.333333,BD139=6; BD163=4; E7=9,0.577528,0.48664,0.591617
231,Polyaromatic,BD127 + BD158 + BD54,BD127,BD158,BD54,BD127=Achromobacter; BD158=Salinicola; BD54=Acinetobacter,BD127=Metal_Group_4; BD158=Metal_Group_1; BD54=Metal_Group_1,34,44,77.272727,54,83,65.060241,54,PP_mean,50.151556,59.801889,2,2.333333,BD127=3; BD158=2; BD54=2,5,9,BD127=14; BD158=8; BD54=5,0.620632,0.454895,0.589161
232,Polyaromatic,BD127 + BD163 + BG1,BD127,BD163,BG1,BD127=Achromobacter; BD163=Bacillus megaterium; BG1=Bacillus amyloliquefaciens,BD127=Metal_Group_4; BD163=Metal_Group_12; BG1=Metal_Group_4,38,44,86.363636,55,83,66.26506,55,PP_mean,53.691389,60.315833,1,4,BD127=10; BD163=1; BG1=1,3,8,BD127=17; BD163=3; BG1=4,0.612934,0.528618,0.587964
233,Polyaromatic,BD117 + BD139 + BD160,BD117,BD139,BD160,BD117=Micococcus luteus; BD139=Brevibacillus brevis; BD160=Bacillus stratosphericus,BD117=Metal_Group_9; BD139=Metal_Group_4; BD160=Metal_Group_4,30,44,68.181818,44,83,53.012048,44,PP_mean,69.637222,70.028889,3,4,BD117=3; BD139=4; BD160=5,4,5.333333,BD117=4; BD139=6; BD160=6,0.588376,0.479386,0.58662
234,Polyaromatic,BD163 + BD50 + BD61,BD163,BD50,BD61,BD163=Bacillus megaterium; BD50=Bacillus safensis; BD61=Ochrobactrum,BD163=Metal_Group_12; BD50=Metal_Group_4; BD61=Metal_Group_4,36,44,81.818182,52,83,62.650602,52,PP_mean,64.569445,69.280139,1,4,BD163=3; BD50=1; BD61=8,4,7,BD163=4; BD50=4; BD61=13,0.653824,0.51015,0.586533
235,Polyaromatic,BD132 + BD158 + BD48,BD132,BD158,BD48,BD132=Bacillus safensis; BD158=Salinicola; BD48=Bacillus safensis,BD132=Metal_Group_4; BD158=Metal_Group_1; BD48=Metal_Group_1,35,44,79.545455,50,83,60.240964,50,PP_mean,57.855722,62.129806,1,4,BD132=4; BD158=1; BD48=7,6,7.666667,BD132=10; BD158=6; BD48=7,0.550691,0.465821,0.58626
236,Polyaromatic,BD127 + BD162 + BD163,BD127,BD162,BD163,BD127=Achromobacter; BD162=Bacillus safensis; BD163=Bacillus megaterium,BD127=Metal_Group_4; BD162=Metal_Group_4; BD163=Metal_Group_12,38,44,86.363636,55,83,66.26506,55,PP_mean,53.3825,57.816389,1,4,BD127=10; BD162=1; BD163=1,3,8,BD127=17; BD162=4; BD163=3,0.612934,0.528618,0.583944
237,Polyaromatic,BD127 + BD163 + BD48,BD127,BD163,BD48,BD127=Achromobacter; BD163=Bacillus megaterium; BD48=Bacillus safensis,BD127=Metal_Group_4; BD163=Metal_Group_12; BD48=Metal_Group_1,38,44,86.363636,56,83,67.46988,56,PP_mean,39.676389,48.698056,1,3,BD127=2; BD163=6; BD48=1,5,9,BD127=12; BD163=10; BD48=5,0.588088,0.433368,0.58267
238,Polyaromatic,BD127 + BD61 + BD9,BD127,BD61,BD9,BD127=Achromobacter; BD61=Ochrobactrum; BD9=Bacillus amyloliquefaciens,BD127=Metal_Group_4; BD61=Metal_Group_4; BD9=Metal_Group_4,38,44,86.363636,56,83,67.46988,56,PP_mean,43.375833,55.427083,1,3.333333,BD127=2; BD61=1; BD9=7,4,7,BD127=7; BD61=4; BD9=10,0.608649,0.445863,0.582423
239,Polyaromatic,BD117 + BD139 + BD50,BD117,BD139,BD50,BD117=Micococcus luteus; BD139=Brevibacillus brevis; BD50=Bacillus safensis,BD117=Metal_Group_9; BD139=Metal_Group_4; BD50=Metal_Group_4,30,44,68.181818,44,83,53.012048,44,PP_mean,67.988333,68.756667,3,4,BD117=3; BD139=4; BD50=5,4,5.333333,BD117=4; BD139=6; BD50=6,0.588376,0.479386,0.581497
240,Polyaromatic,BD158 + BD163 + BD48,BD158,BD163,BD48,BD158=Salinicola; BD163=Bacillus megaterium; BD48=Bacillus safensis,BD158=Metal_Group_1; BD163=Metal_Group_12; BD48=Metal_Group_1,37,44,84.090909,49,83,59.036145,49,PP_mean,51.780167,56.036333,1,4.333333,BD158=1; BD163=6; BD48=6,5,7,BD158=5; BD163=9; BD48=7,0.55227,0.493146,0.580942
241,Polyaromatic,BD158 + BD160 + BD48,BD158,BD160,BD48,BD158=Salinicola; BD160=Bacillus stratosphericus; BD48=Bacillus safensis,BD158=Metal_Group_1; BD160=Metal_Group_4; BD48=Metal_Group_1,35,44,79.545455,50,83,60.240964,50,PP_mean,55.832389,60.556194,1,4,BD158=1; BD160=4; BD48=7,6,7.666667,BD158=6; BD160=10; BD48=7,0.550691,0.465821,0.579957
242,Polyaromatic,BD132 + BD163 + BD48,BD132,BD163,BD48,BD132=Bacillus safensis; BD163=Bacillus megaterium; BD48=Bacillus safensis,BD132=Metal_Group_4; BD163=Metal_Group_12; BD48=Metal_Group_1,37,44,84.090909,48,83,57.831325,48,PP_mean,59.487222,62.466528,1,4.333333,BD132=1; BD163=3; BD48=9,4,5.666667,BD132=4; BD163=4; BD48=9,0.604497,0.519619,0.578905
243,Polyaromatic,BD127 + BD158 + E7,BD127,BD158,E7,BD127=Achromobacter; BD158=Salinicola; E7=Acinetobacter,BD127=Metal_Group_4; BD158=Metal_Group_1; E7=Metal_Group_1,34,44,77.272727,54,83,65.060241,54,PP_mean,45.844889,57.762167,2,2.333333,BD127=3; BD158=2; E7=2,5,9,BD127=14; BD158=8; E7=5,0.620632,0.454895,0.577519
244,Polyaromatic,BD158 + BD48 + BD50,BD158,BD48,BD50,BD158=Salinicola; BD48=Bacillus safensis; BD50=Bacillus safensis,BD158=Metal_Group_1; BD48=Metal_Group_1; BD50=Metal_Group_4,35,44,79.545455,50,83,60.240964,50,PP_mean,54.1835,59.283972,1,4,BD158=1; BD48=7; BD50=4,6,7.666667,BD158=6; BD48=7; BD50=10,0.550691,0.465821,0.574835
245,Polyaromatic,BD160 + BD163 + BD48,BD160,BD163,BD48,BD160=Bacillus stratosphericus; BD163=Bacillus megaterium; BD48=Bacillus safensis,BD160=Metal_Group_4; BD163=Metal_Group_12; BD48=Metal_Group_1,37,44,84.090909,48,83,57.831325,48,PP_mean,57.463889,60.892917,1,4.333333,BD160=1; BD163=3; BD48=9,4,5.666667,BD160=4; BD163=4; BD48=9,0.604497,0.519619,0.572602
246,Polyaromatic,BD126 + BD139 + BD48,BD126,BD139,BD48,BD126=Bacillus; BD139=Brevibacillus brevis; BD48=Bacillus safensis,BD126=Metal_Group_4; BD139=Metal_Group_4; BD48=Metal_Group_1,38,44,86.363636,54,83,65.060241,54,PP_mean,43.03,48.720278,1,5,BD126=5; BD139=1; BD48=9,4,7.333333,BD126=8; BD139=4; BD48=10,0.563764,0.477128,0.571942
247,Polyaromatic,BD163 + BD48 + BD50,BD163,BD48,BD50,BD163=Bacillus megaterium; BD48=Bacillus safensis; BD50=Bacillus safensis,BD163=Metal_Group_12; BD48=Metal_Group_1; BD50=Metal_Group_4,37,44,84.090909,48,83,57.831325,48,PP_mean,55.815,59.620695,1,4.333333,BD163=3; BD48=9; BD50=1,4,5.666667,BD163=4; BD48=9; BD50=4,0.604497,0.519619,0.56748
248,Polyaromatic,BD120 + BD127 + BD61,BD120,BD127,BD61,BD120=Bacillus subtilis; BD127=Achromobacter; BD61=Ochrobactrum,BD120=Metal_Group_4; BD127=Metal_Group_4; BD61=Metal_Group_4,38,44,86.363636,59,83,71.084337,59,PP_mean,54.556944,64.740694,0,3,BD120=7; BD127=2; BD61=0,3,7.333333,BD120=13; BD127=6; BD61=3,0.613878,0.451434,0.563649
249,Polyaromatic,BD139 + BD163 + BD48,BD139,BD163,BD48,BD139=Brevibacillus brevis; BD163=Bacillus megaterium; BD48=Bacillus safensis,BD139=Metal_Group_4; BD163=Metal_Group_12; BD48=Metal_Group_1,37,44,84.090909,50,83,60.240964,50,PP_mean,51.157778,53.415695,1,4.333333,BD139=1; BD163=4; BD48=8,4,6.333333,BD139=6; BD163=4; BD48=9,0.577528,0.48664,0.562807
250,Polyaromatic,BD117 + BD139 + BD163,BD117,BD139,BD163,BD117=Micococcus luteus; BD139=Brevibacillus brevis; BD163=Bacillus megaterium,BD117=Metal_Group_9; BD139=Metal_Group_4; BD163=Metal_Group_12,32,44,72.727273,45,83,54.216867,45,PP_mean,65.585,65.509028,2,4,BD117=3; BD139=2; BD163=7,4,5.666667,BD117=4; BD139=6; BD163=7,0.572107,0.470749,0.562061
251,Polyaromatic,BD120 + BD132 + BD54,BD120,BD132,BD54,BD120=Bacillus subtilis; BD132=Bacillus safensis; BD54=Acinetobacter,BD120=Metal_Group_4; BD132=Metal_Group_4; BD54=Metal_Group_1,37,44,84.090909,51,83,61.445783,51,PP_mean,77.72,80.290278,0,4.333333,BD120=3; BD132=0; BD54=10,1,6,BD120=7; BD132=1; BD54=10,0.612779,0.523193,0.560804
252,Polyaromatic,BD127 + BD163 + BD9,BD127,BD163,BD9,BD127=Achromobacter; BD163=Bacillus megaterium; BD9=Bacillus amyloliquefaciens,BD127=Metal_Group_4; BD163=Metal_Group_12; BD9=Metal_Group_4,38,44,86.363636,55,83,66.26506,55,PP_mean,44.641389,53.135833,1,4,BD127=10; BD163=1; BD9=1,3,8,BD127=17; BD163=3; BD9=4,0.612934,0.528618,0.559583
253,Polyaromatic,BD158 + BD54 + BD61,BD158,BD54,BD61,BD158=Salinicola; BD54=Acinetobacter; BD61=Ochrobactrum,BD158=Metal_Group_1; BD54=Metal_Group_1; BD61=Metal_Group_4,34,44,77.272727,54,83,65.060241,54,PP_mean,62.621278,69.768139,0,1.666667,BD158=2; BD54=0; BD61=3,7,10,BD158=9; BD54=7; BD61=14,0.610828,0.42766,0.557041
254,Polyaromatic,BD127 + BD132 + BD61,BD127,BD132,BD61,BD127=Achromobacter; BD132=Bacillus safensis; BD61=Ochrobactrum,BD127=Metal_Group_4; BD132=Metal_Group_4; BD61=Metal_Group_4,35,44,79.545455,54,83,65.060241,54,PP_mean,54.506389,64.450972,1,2.333333,BD127=2; BD132=4; BD61=1,4,6,BD127=6; BD132=8; BD61=4,0.638156,0.46035,0.555155
255,Polyaromatic,BD120 + BD160 + BD54,BD120,BD160,BD54,BD120=Bacillus subtilis; BD160=Bacillus stratosphericus; BD54=Acinetobacter,BD120=Metal_Group_4; BD160=Metal_Group_4; BD54=Metal_Group_1,37,44,84.090909,51,83,61.445783,51,PP_mean,75.696667,78.716666,0,4.333333,BD120=3; BD160=0; BD54=10,1,6,BD120=7; BD160=1; BD54=10,0.612779,0.523193,0.554501
256,Polyaromatic,BD120 + BD127 + BD132,BD120,BD127,BD132,BD120=Bacillus subtilis; BD127=Achromobacter; BD132=Bacillus safensis,BD120=Metal_Group_4; BD127=Metal_Group_4; BD132=Metal_Group_4,38,44,86.363636,57,83,68.674699,57,PP_mean,61.898055,68.542917,0,5,BD120=4; BD127=11; BD132=0,1,8,BD120=7; BD127=16; BD132=1,0.59974,0.531115,0.549391
257,Polyaromatic,BD120 + BD50 + BD54,BD120,BD50,BD54,BD120=Bacillus subtilis; BD50=Bacillus safensis; BD54=Acinetobacter,BD120=Metal_Group_4; BD50=Metal_Group_4; BD54=Metal_Group_1,37,44,84.090909,51,83,61.445783,51,PP_mean,74.047778,77.444444,0,4.333333,BD120=3; BD50=0; BD54=10,1,6,BD120=7; BD50=1; BD54=10,0.612779,0.523193,0.549379
258,Polyaromatic,BD120 + BD132 + E7,BD120,BD132,E7,BD120=Bacillus subtilis; BD132=Bacillus safensis; E7=Acinetobacter,BD120=Metal_Group_4; BD132=Metal_Group_4; E7=Metal_Group_1,37,44,84.090909,51,83,61.445783,51,PP_mean,73.413333,78.250556,0,4.333333,BD120=3; BD132=0; E7=10,1,6,BD120=7; BD132=1; E7=10,0.612779,0.523193,0.549162
259,Polyaromatic,BD127 + BD160 + BD61,BD127,BD160,BD61,BD127=Achromobacter; BD160=Bacillus stratosphericus; BD61=Ochrobactrum,BD127=Metal_Group_4; BD160=Metal_Group_4; BD61=Metal_Group_4,35,44,79.545455,54,83,65.060241,54,PP_mean,52.483055,62.877361,1,2.333333,BD127=2; BD160=4; BD61=1,4,6,BD127=6; BD160=8; BD61=4,0.638156,0.46035,0.548852
260,Polyaromatic,BD127 + BD158 + BD48,BD127,BD158,BD48,BD127=Achromobacter; BD158=Salinicola; BD48=Bacillus safensis,BD127=Metal_Group_4; BD158=Metal_Group_1; BD48=Metal_Group_1,34,44,77.272727,54,83,65.060241,54,PP_mean,38.044889,48.361333,2,2.333333,BD127=3; BD158=2; BD48=2,5,9,BD127=14; BD158=8; BD48=5,0.620632,0.454895,0.54871
261,Polyaromatic,BD117 + BD126 + BD139,BD117,BD126,BD139,BD117=Micococcus luteus; BD126=Bacillus; BD139=Brevibacillus brevis,BD117=Metal_Group_9; BD126=Metal_Group_4; BD139=Metal_Group_4,32,44,72.727273,48,83,57.831325,48,PP_mean,57.457222,60.813611,2,4,BD117=3; BD126=7; BD139=2,4,6,BD117=4; BD126=10; BD139=4,0.572107,0.472488,0.548194
262,Polyaromatic,BD158 + BD61 + E7,BD158,BD61,E7,BD158=Salinicola; BD61=Ochrobactrum; E7=Acinetobacter,BD158=Metal_Group_1; BD61=Metal_Group_4; E7=Metal_Group_1,34,44,77.272727,54,83,65.060241,54,PP_mean,58.314611,67.728417,0,1.666667,BD158=2; BD61=3; E7=0,7,10,BD158=9; BD61=14; E7=7,0.610828,0.42766,0.545399
263,Polyaromatic,BD127 + BD50 + BD61,BD127,BD50,BD61,BD127=Achromobacter; BD50=Bacillus safensis; BD61=Ochrobactrum,BD127=Metal_Group_4; BD50=Metal_Group_4; BD61=Metal_Group_4,35,44,79.545455,54,83,65.060241,54,PP_mean,50.834167,61.605139,1,2.333333,BD127=2; BD50=4; BD61=1,4,6,BD127=6; BD50=8; BD61=4,0.638156,0.46035,0.54373
264,Polyaromatic,BD120 + BD127 + BD160,BD120,BD127,BD160,BD120=Bacillus subtilis; BD127=Achromobacter; BD160=Bacillus stratosphericus,BD120=Metal_Group_4; BD127=Metal_Group_4; BD160=Metal_Group_4,38,44,86.363636,57,83,68.674699,57,PP_mean,59.874722,66.969305,0,5,BD120=4; BD127=11; BD160=0,1,8,BD120=7; BD127=16; BD160=1,0.59974,0.531115,0.543089
265,Polyaromatic,BD120 + BD160 + E7,BD120,BD160,E7,BD120=Bacillus subtilis; BD160=Bacillus stratosphericus; E7=Acinetobacter,BD120=Metal_Group_4; BD160=Metal_Group_4; E7=Metal_Group_1,37,44,84.090909,51,83,61.445783,51,PP_mean,71.39,76.676944,0,4.333333,BD120=3; BD160=0; E7=10,1,6,BD120=7; BD160=1; E7=10,0.612779,0.523193,0.542859
266,Polyaromatic,BD117 + BD139 + BD158,BD117,BD139,BD158,BD117=Micococcus luteus; BD139=Brevibacillus brevis; BD158=Salinicola,BD117=Metal_Group_9; BD139=Metal_Group_4; BD158=Metal_Group_1,28,44,63.636364,48,83,57.831325,48,PP_mean,63.9535,65.172306,3,3,BD117=3; BD139=3; BD158=3,3,7.333333,BD117=3; BD139=9; BD158=10,0.6,0.373744,0.540598
267,Polyaromatic,BD132 + BD54 + BG1,BD132,BD54,BG1,BD132=Bacillus safensis; BD54=Acinetobacter; BG1=Bacillus amyloliquefaciens,BD132=Metal_Group_4; BD54=Metal_Group_1; BG1=Metal_Group_4,37,44,84.090909,47,83,56.626506,47,PP_mean,75.588889,78.156667,0,4.666667,BD132=0; BD54=11; BG1=3,1,5,BD132=1; BD54=11; BG1=3,0.614692,0.546589,0.538998
268,Polyaromatic,BD120 + BD127 + BD50,BD120,BD127,BD50,BD120=Bacillus subtilis; BD127=Achromobacter; BD50=Bacillus safensis,BD120=Metal_Group_4; BD127=Metal_Group_4; BD50=Metal_Group_4,38,44,86.363636,57,83,68.674699,57,PP_mean,58.225833,65.697083,0,5,BD120=4; BD127=11; BD50=0,1,8,BD120=7; BD127=16; BD50=1,0.59974,0.531115,0.537966
269,Polyaromatic,BD120 + BD50 + E7,BD120,BD50,E7,BD120=Bacillus subtilis; BD50=Bacillus safensis; E7=Acinetobacter,BD120=Metal_Group_4; BD50=Metal_Group_4; E7=Metal_Group_1,37,44,84.090909,51,83,61.445783,51,PP_mean,69.741111,75.404722,0,4.333333,BD120=3; BD50=0; E7=10,1,6,BD120=7; BD50=1; E7=10,0.612779,0.523193,0.537737
270,Polyaromatic,BD139 + BD158 + BG1,BD139,BD158,BG1,BD139=Brevibacillus brevis; BD158=Salinicola; BG1=Bacillus amyloliquefaciens,BD139=Metal_Group_4; BD158=Metal_Group_1; BG1=Metal_Group_4,32,44,72.727273,51,83,61.445783,51,PP_mean,63.541278,64.69675,1,3.666667,BD139=1; BD158=3; BG1=7,6,7.333333,BD139=7; BD158=9; BG1=6,0.630434,0.513588,0.537243
271,Polyaromatic,BD120 + BD132 + BD61,BD120,BD132,BD61,BD120=Bacillus subtilis; BD132=Bacillus safensis; BD61=Ochrobactrum,BD120=Metal_Group_4; BD132=Metal_Group_4; BD61=Metal_Group_4,36,44,81.818182,54,83,65.060241,54,PP_mean,74.367778,78.509167,0,4,BD120=3; BD132=0; BD61=9,1,6.666667,BD120=6; BD132=1; BD61=13,0.661055,0.524183,0.535708
272,Polyaromatic,BD132 + BD162 + BD54,BD132,BD162,BD54,BD132=Bacillus safensis; BD162=Bacillus safensis; BD54=Acinetobacter,BD132=Metal_Group_4; BD162=Metal_Group_4; BD54=Metal_Group_1,37,44,84.090909,47,83,56.626506,47,PP_mean,75.28,75.657222,0,4.666667,BD132=0; BD162=3; BD54=11,1,5,BD132=1; BD162=3; BD54=11,0.614692,0.546589,0.534978
273,Polyaromatic,BD120 + BD54 + BG1,BD120,BD54,BG1,BD120=Bacillus subtilis; BD54=Acinetobacter; BG1=Bacillus amyloliquefaciens,BD120=Metal_Group_4; BD54=Metal_Group_1; BG1=Metal_Group_4,37,44,84.090909,50,83,60.240964,50,PP_mean,75.639445,78.446389,0,3.333333,BD120=0; BD54=10; BG1=0,0,4.666667,BD120=4; BD54=10; BG1=0,0.636303,0.533188,0.533573
274,Polyaromatic,BD139 + BD158 + BD162,BD139,BD158,BD162,BD139=Brevibacillus brevis; BD158=Salinicola; BD162=Bacillus safensis,BD139=Metal_Group_4; BD158=Metal_Group_1; BD162=Metal_Group_4,32,44,72.727273,51,83,61.445783,51,PP_mean,63.232389,62.197306,1,3.666667,BD139=1; BD158=3; BD162=7,6,7.333333,BD139=7; BD158=9; BD162=6,0.630434,0.513588,0.533223
275,Polyaromatic,BD163 + BD54 + BG1,BD163,BD54,BG1,BD163=Bacillus megaterium; BD54=Acinetobacter; BG1=Bacillus amyloliquefaciens,BD163=Metal_Group_12; BD54=Metal_Group_1; BG1=Metal_Group_4,37,44,84.090909,48,83,57.831325,48,PP_mean,69.513334,72.063194,0,3.333333,BD163=0; BD54=9; BG1=1,2,5.333333,BD163=2; BD54=10; BG1=4,0.626698,0.530286,0.532933
276,Polyaromatic,BD160 + BD54 + BG1,BD160,BD54,BG1,BD160=Bacillus stratosphericus; BD54=Acinetobacter; BG1=Bacillus amyloliquefaciens,BD160=Metal_Group_4; BD54=Metal_Group_1; BG1=Metal_Group_4,37,44,84.090909,47,83,56.626506,47,PP_mean,73.565556,76.583055,0,4.666667,BD160=0; BD54=11; BG1=3,1,5,BD160=1; BD54=11; BG1=3,0.614692,0.546589,0.532696
277,Polyaromatic,BD127 + BD139 + BD54,BD127,BD139,BD54,BD127=Achromobacter; BD139=Brevibacillus brevis; BD54=Acinetobacter,BD127=Metal_Group_4; BD139=Metal_Group_4; BD54=Metal_Group_1,35,44,79.545455,56,83,67.46988,56,PP_mean,49.529167,57.18125,0,1.666667,BD127=2; BD139=3; BD54=0,6,8.666667,BD127=10; BD139=10; BD54=6,0.564574,0.422029,0.531886
278,Polyaromatic,BD120 + BD162 + BD54,BD120,BD162,BD54,BD120=Bacillus subtilis; BD162=Bacillus safensis; BD54=Acinetobacter,BD120=Metal_Group_4; BD162=Metal_Group_4; BD54=Metal_Group_1,37,44,84.090909,50,83,60.240964,50,PP_mean,75.330556,75.946944,0,3.333333,BD120=0; BD162=0; BD54=10,0,4.666667,BD120=4; BD162=0; BD54=10,0.636303,0.533188,0.529553
279,Polyaromatic,BD132 + BD61 + BG1,BD132,BD61,BG1,BD132=Bacillus safensis; BD61=Ochrobactrum; BG1=Bacillus amyloliquefaciens,BD132=Metal_Group_4; BD61=Metal_Group_4; BG1=Metal_Group_4,36,44,81.818182,51,83,61.445783,51,PP_mean,72.236667,76.375556,0,4.333333,BD132=0; BD61=10; BG1=3,2,6.666667,BD132=2; BD61=15; BG1=3,0.662717,0.548233,0.529524
280,Polyaromatic,BD120 + BD160 + BD61,BD120,BD160,BD61,BD120=Bacillus subtilis; BD160=Bacillus stratosphericus; BD61=Ochrobactrum,BD120=Metal_Group_4; BD160=Metal_Group_4; BD61=Metal_Group_4,36,44,81.818182,54,83,65.060241,54,PP_mean,72.344444,76.935555,0,4,BD120=3; BD160=0; BD61=9,1,6.666667,BD120=6; BD160=1; BD61=13,0.661055,0.524183,0.529406
281,Polyaromatic,BD117 + BD132 + BD163,BD117,BD132,BD163,BD117=Micococcus luteus; BD132=Bacillus safensis; BD163=Bacillus megaterium,BD117=Metal_Group_9; BD132=Metal_Group_4; BD163=Metal_Group_12,31,44,70.454545,44,83,53.012048,44,PP_mean,73.914444,74.559861,1,3,BD117=3; BD132=1; BD163=5,5,5.333333,BD117=5; BD132=5; BD163=6,0.596947,0.481781,0.529074
282,Polyaromatic,BD162 + BD163 + BD54,BD162,BD163,BD54,BD162=Bacillus safensis; BD163=Bacillus megaterium; BD54=Acinetobacter,BD162=Metal_Group_4; BD163=Metal_Group_12; BD54=Metal_Group_1,37,44,84.090909,48,83,57.831325,48,PP_mean,69.204445,69.56375,0,3.333333,BD162=1; BD163=0; BD54=9,2,5.333333,BD162=4; BD163=2; BD54=10,0.626698,0.530286,0.528913
283,Polyaromatic,BD160 + BD162 + BD54,BD160,BD162,BD54,BD160=Bacillus stratosphericus; BD162=Bacillus safensis; BD54=Acinetobacter,BD160=Metal_Group_4; BD162=Metal_Group_4; BD54=Metal_Group_1,37,44,84.090909,47,83,56.626506,47,PP_mean,73.256667,74.083611,0,4.666667,BD160=0; BD162=3; BD54=11,1,5,BD160=1; BD162=3; BD54=11,0.614692,0.546589,0.528675
284,Polyaromatic,BD50 + BD54 + BG1,BD50,BD54,BG1,BD50=Bacillus safensis; BD54=Acinetobacter; BG1=Bacillus amyloliquefaciens,BD50=Metal_Group_4; BD54=Metal_Group_1; BG1=Metal_Group_4,37,44,84.090909,47,83,56.626506,47,PP_mean,71.916667,75.310833,0,4.666667,BD50=0; BD54=11; BG1=3,1,5,BD50=1; BD54=11; BG1=3,0.614692,0.546589,0.527573
285,Polyaromatic,BD132 + BG1 + E7,BD132,BG1,E7,BD132=Bacillus safensis; BG1=Bacillus amyloliquefaciens; E7=Acinetobacter,BD132=Metal_Group_4; BG1=Metal_Group_4; E7=Metal_Group_1,37,44,84.090909,47,83,56.626506,47,PP_mean,71.282222,76.116945,0,4.666667,BD132=0; BG1=3; E7=11,1,5,BD132=1; BG1=3; E7=11,0.614692,0.546589,0.527356
286,Polyaromatic,BD132 + BD162 + BD61,BD132,BD162,BD61,BD132=Bacillus safensis; BD162=Bacillus safensis; BD61=Ochrobactrum,BD132=Metal_Group_4; BD162=Metal_Group_4; BD61=Metal_Group_4,36,44,81.818182,51,83,61.445783,51,PP_mean,71.927778,73.876111,0,4.333333,BD132=0; BD162=3; BD61=10,2,6.666667,BD132=2; BD162=3; BD61=15,0.662717,0.548233,0.525504
287,Polyaromatic,BD120 + BD50 + BD61,BD120,BD50,BD61,BD120=Bacillus subtilis; BD50=Bacillus safensis; BD61=Ochrobactrum,BD120=Metal_Group_4; BD50=Metal_Group_4; BD61=Metal_Group_4,36,44,81.818182,54,83,65.060241,54,PP_mean,70.695556,75.663333,0,4,BD120=3; BD50=0; BD61=9,1,6.666667,BD120=6; BD50=1; BD61=13,0.661055,0.524183,0.524283
288,Polyaromatic,BD132 + BD139 + BD158,BD132,BD139,BD158,BD132=Bacillus safensis; BD139=Brevibacillus brevis; BD158=Salinicola,BD132=Metal_Group_4; BD139=Metal_Group_4; BD158=Metal_Group_1,30,44,68.181818,49,83,59.036145,49,PP_mean,65.621833,66.540639,2,3.333333,BD132=5; BD139=2; BD158=3,4,6.333333,BD132=4; BD139=6; BD158=9,0.652698,0.535939,0.523954
289,Polyaromatic,BD162 + BD50 + BD54,BD162,BD50,BD54,BD162=Bacillus safensis; BD50=Bacillus safensis; BD54=Acinetobacter,BD162=Metal_Group_4; BD50=Metal_Group_4; BD54=Metal_Group_1,37,44,84.090909,47,83,56.626506,47,PP_mean,71.607778,72.811389,0,4.666667,BD162=3; BD50=0; BD54=11,1,5,BD162=3; BD50=1; BD54=11,0.614692,0.546589,0.523553
290,Polyaromatic,BD132 + BD162 + E7,BD132,BD162,E7,BD132=Bacillus safensis; BD162=Bacillus safensis; E7=Acinetobacter,BD132=Metal_Group_4; BD162=Metal_Group_4; E7=Metal_Group_1,37,44,84.090909,47,83,56.626506,47,PP_mean,70.973333,73.6175,0,4.666667,BD132=0; BD162=3; E7=11,1,5,BD132=1; BD162=3; E7=11,0.614692,0.546589,0.523336
291,Polyaromatic,BD160 + BD61 + BG1,BD160,BD61,BG1,BD160=Bacillus stratosphericus; BD61=Ochrobactrum; BG1=Bacillus amyloliquefaciens,BD160=Metal_Group_4; BD61=Metal_Group_4; BG1=Metal_Group_4,36,44,81.818182,51,83,61.445783,51,PP_mean,70.213333,74.801944,0,4.333333,BD160=0; BD61=10; BG1=3,2,6.666667,BD160=2; BD61=15; BG1=3,0.662717,0.548233,0.523221
292,Polyaromatic,BD117 + BD160 + BD163,BD117,BD160,BD163,BD117=Micococcus luteus; BD160=Bacillus stratosphericus; BD163=Bacillus megaterium,BD117=Metal_Group_9; BD160=Metal_Group_4; BD163=Metal_Group_12,31,44,70.454545,44,83,53.012048,44,PP_mean,71.891111,72.98625,1,3,BD117=3; BD160=1; BD163=5,5,5.333333,BD117=5; BD160=5; BD163=6,0.596947,0.481781,0.522771
293,Polyaromatic,BD120 + BD127 + BG1,BD120,BD127,BG1,BD120=Bacillus subtilis; BD127=Achromobacter; BG1=Bacillus amyloliquefaciens,BD120=Metal_Group_4; BD127=Metal_Group_4; BG1=Metal_Group_4,38,44,86.363636,56,83,67.46988,56,PP_mean,59.8175,66.699028,0,4,BD120=1; BD127=11; BG1=0,0,6.666667,BD120=4; BD127=16; BG1=0,0.623264,0.542491,0.522061
294,Polyaromatic,BD120 + BG1 + E7,BD120,BG1,E7,BD120=Bacillus subtilis; BG1=Bacillus amyloliquefaciens; E7=Acinetobacter,BD120=Metal_Group_4; BG1=Metal_Group_4; E7=Metal_Group_1,37,44,84.090909,50,83,60.240964,50,PP_mean,71.332778,76.406667,0,3.333333,BD120=0; BG1=0; E7=10,0,4.666667,BD120=4; BG1=0; E7=10,0.636303,0.533188,0.521931
295,Polyaromatic,BD163 + BG1 + E7,BD163,BG1,E7,BD163=Bacillus megaterium; BG1=Bacillus amyloliquefaciens; E7=Acinetobacter,BD163=Metal_Group_12; BG1=Metal_Group_4; E7=Metal_Group_1,37,44,84.090909,48,83,57.831325,48,PP_mean,65.206667,70.023472,0,3.333333,BD163=0; BG1=1; E7=9,2,5.333333,BD163=2; BG1=4; E7=10,0.626698,0.530286,0.521291
296,Polyaromatic,BD160 + BG1 + E7,BD160,BG1,E7,BD160=Bacillus stratosphericus; BG1=Bacillus amyloliquefaciens; E7=Acinetobacter,BD160=Metal_Group_4; BG1=Metal_Group_4; E7=Metal_Group_1,37,44,84.090909,47,83,56.626506,47,PP_mean,69.258889,74.543333,0,4.666667,BD160=0; BG1=3; E7=11,1,5,BD160=1; BG1=3; E7=11,0.614692,0.546589,0.521054
297,Polyaromatic,BD120 + BD132 + BD48,BD120,BD132,BD48,BD120=Bacillus subtilis; BD132=Bacillus safensis; BD48=Bacillus safensis,BD120=Metal_Group_4; BD132=Metal_Group_4; BD48=Metal_Group_1,37,44,84.090909,51,83,61.445783,51,PP_mean,65.613333,68.849722,0,4.333333,BD120=3; BD132=0; BD48=10,1,6,BD120=7; BD132=1; BD48=10,0.612779,0.523193,0.520352
298,Polyaromatic,BD127 + BD139 + E7,BD127,BD139,E7,BD127=Achromobacter; BD139=Brevibacillus brevis; E7=Acinetobacter,BD127=Metal_Group_4; BD139=Metal_Group_4; E7=Metal_Group_1,35,44,79.545455,56,83,67.46988,56,PP_mean,45.2225,55.141528,0,1.666667,BD127=2; BD139=3; E7=0,6,8.666667,BD127=10; BD139=10; E7=6,0.564574,0.422029,0.520244
299,Polyaromatic,BD127 + BD163 + BD61,BD127,BD163,BD61,BD127=Achromobacter; BD163=Bacillus megaterium; BD61=Ochrobactrum,BD127=Metal_Group_4; BD163=Metal_Group_12; BD61=Metal_Group_4,37,44,84.090909,55,83,66.26506,55,PP_mean,48.430833,58.3575,0,2.666667,BD127=2; BD163=6; BD61=0,4,6.666667,BD127=7; BD163=9; BD61=4,0.641732,0.46455,0.51991
300,Polyaromatic,BD126 + BD127 + BD61,BD126,BD127,BD61,BD126=Bacillus; BD127=Achromobacter; BD61=Ochrobactrum,BD126=Metal_Group_4; BD127=Metal_Group_4; BD61=Metal_Group_4,38,44,86.363636,59,83,71.084337,59,PP_mean,40.303055,53.662083,0,3,BD126=7; BD127=2; BD61=0,3,7.333333,BD126=13; BD127=6; BD61=3,0.613878,0.451434,0.519259
301,Polyaromatic,BD160 + BD162 + BD61,BD160,BD162,BD61,BD160=Bacillus stratosphericus; BD162=Bacillus safensis; BD61=Ochrobactrum,BD160=Metal_Group_4; BD162=Metal_Group_4; BD61=Metal_Group_4,36,44,81.818182,51,83,61.445783,51,PP_mean,69.904444,72.3025,0,4.333333,BD160=0; BD162=3; BD61=10,2,6.666667,BD160=2; BD162=3; BD61=15,0.662717,0.548233,0.519201
302,Polyaromatic,BD127 + BD139 + BD158,BD127,BD139,BD158,BD127=Achromobacter; BD139=Brevibacillus brevis; BD158=Salinicola,BD127=Metal_Group_4; BD139=Metal_Group_4; BD158=Metal_Group_1,35,44,79.545455,56,83,67.46988,56,PP_mean,45.811,52.772167,0,4.333333,BD127=10; BD139=3; BD158=0,6,8,BD127=11; BD139=7; BD158=6,0.55994,0.430869,0.518419
303,Polyaromatic,BD50 + BD61 + BG1,BD50,BD61,BG1,BD50=Bacillus safensis; BD61=Ochrobactrum; BG1=Bacillus amyloliquefaciens,BD50=Metal_Group_4; BD61=Metal_Group_4; BG1=Metal_Group_4,36,44,81.818182,51,83,61.445783,51,PP_mean,68.564445,73.529722,0,4.333333,BD50=0; BD61=10; BG1=3,2,6.666667,BD50=2; BD61=15; BG1=3,0.662717,0.548233,0.518099
304,Polyaromatic,BD120 + BD127 + BD162,BD120,BD127,BD162,BD120=Bacillus subtilis; BD127=Achromobacter; BD162=Bacillus safensis,BD120=Metal_Group_4; BD127=Metal_Group_4; BD162=Metal_Group_4,38,44,86.363636,56,83,67.46988,56,PP_mean,59.508611,64.199583,0,4,BD120=1; BD127=11; BD162=0,0,6.666667,BD120=4; BD127=16; BD162=0,0.623264,0.542491,0.518041
305,Polyaromatic,BD120 + BD162 + E7,BD120,BD162,E7,BD120=Bacillus subtilis; BD162=Bacillus safensis; E7=Acinetobacter,BD120=Metal_Group_4; BD162=Metal_Group_4; E7=Metal_Group_1,37,44,84.090909,50,83,60.240964,50,PP_mean,71.023889,73.907222,0,3.333333,BD120=0; BD162=0; E7=10,0,4.666667,BD120=4; BD162=0; E7=10,0.636303,0.533188,0.517911
306,Polyaromatic,BD139 + BD158 + BD160,BD139,BD158,BD160,BD139=Brevibacillus brevis; BD158=Salinicola; BD160=Bacillus stratosphericus,BD139=Metal_Group_4; BD158=Metal_Group_1; BD160=Metal_Group_4,30,44,68.181818,49,83,59.036145,49,PP_mean,63.5985,64.967028,2,3.333333,BD139=2; BD158=3; BD160=5,4,6.333333,BD139=6; BD158=9; BD160=4,0.652698,0.535939,0.517651
307,Polyaromatic,BD117 + BD163 + BD50,BD117,BD163,BD50,BD117=Micococcus luteus; BD163=Bacillus megaterium; BD50=Bacillus safensis,BD117=Metal_Group_9; BD163=Metal_Group_12; BD50=Metal_Group_4,31,44,70.454545,44,83,53.012048,44,PP_mean,70.242222,71.714028,1,3,BD117=3; BD163=5; BD50=1,5,5.333333,BD117=5; BD163=6; BD50=5,0.596947,0.481781,0.517649
308,Polyaromatic,BD162 + BD163 + E7,BD162,BD163,E7,BD162=Bacillus safensis; BD163=Bacillus megaterium; E7=Acinetobacter,BD162=Metal_Group_4; BD163=Metal_Group_12; E7=Metal_Group_1,37,44,84.090909,48,83,57.831325,48,PP_mean,64.897778,67.524028,0,3.333333,BD162=1; BD163=0; E7=9,2,5.333333,BD162=4; BD163=2; E7=10,0.626698,0.530286,0.517271
309,Polyaromatic,BD120 + BD163 + BD54,BD120,BD163,BD54,BD120=Bacillus subtilis; BD163=Bacillus megaterium; BD54=Acinetobacter,BD120=Metal_Group_4; BD163=Metal_Group_12; BD54=Metal_Group_1,37,44,84.090909,50,83,60.240964,50,PP_mean,71.644445,74.196805,0,3.333333,BD120=1; BD163=0; BD54=9,0,5,BD120=6; BD163=0; BD54=9,0.647612,0.538899,0.5172
310,Polyaromatic,BD160 + BD162 + E7,BD160,BD162,E7,BD160=Bacillus stratosphericus; BD162=Bacillus safensis; E7=Acinetobacter,BD160=Metal_Group_4; BD162=Metal_Group_4; E7=Metal_Group_1,37,44,84.090909,47,83,56.626506,47,PP_mean,68.95,72.043889,0,4.666667,BD160=0; BD162=3; E7=11,1,5,BD160=1; BD162=3; E7=11,0.614692,0.546589,0.517033
311,Polyaromatic,BD158 + BD48 + BD61,BD158,BD48,BD61,BD158=Salinicola; BD48=Bacillus safensis; BD61=Ochrobactrum,BD158=Metal_Group_1; BD48=Metal_Group_1; BD61=Metal_Group_4,34,44,77.272727,54,83,65.060241,54,PP_mean,50.514611,58.327583,0,1.666667,BD158=2; BD48=0; BD61=3,7,10,BD158=9; BD48=7; BD61=14,0.610828,0.42766,0.51659
312,Polyaromatic,BD126 + BD132 + BD54,BD126,BD132,BD54,BD126=Bacillus; BD132=Bacillus safensis; BD54=Acinetobacter,BD126=Metal_Group_4; BD132=Metal_Group_4; BD54=Metal_Group_1,37,44,84.090909,51,83,61.445783,51,PP_mean,63.466111,69.211667,0,4.333333,BD126=3; BD132=0; BD54=10,1,6,BD126=7; BD132=1; BD54=10,0.612779,0.523193,0.516414
313,Polyaromatic,BD50 + BG1 + E7,BD50,BG1,E7,BD50=Bacillus safensis; BG1=Bacillus amyloliquefaciens; E7=Acinetobacter,BD50=Metal_Group_4; BG1=Metal_Group_4; E7=Metal_Group_1,37,44,84.090909,47,83,56.626506,47,PP_mean,67.61,73.271111,0,4.666667,BD50=0; BG1=3; E7=11,1,5,BD50=1; BG1=3; E7=11,0.614692,0.546589,0.515931
314,Polyaromatic,BD162 + BD50 + BD61,BD162,BD50,BD61,BD162=Bacillus safensis; BD50=Bacillus safensis; BD61=Ochrobactrum,BD162=Metal_Group_4; BD50=Metal_Group_4; BD61=Metal_Group_4,36,44,81.818182,51,83,61.445783,51,PP_mean,68.255556,71.030278,0,4.333333,BD162=3; BD50=0; BD61=10,2,6.666667,BD162=3; BD50=2; BD61=15,0.662717,0.548233,0.514079
315,Polyaromatic,BD120 + BD160 + BD48,BD120,BD160,BD48,BD120=Bacillus subtilis; BD160=Bacillus stratosphericus; BD48=Bacillus safensis,BD120=Metal_Group_4; BD160=Metal_Group_4; BD48=Metal_Group_1,37,44,84.090909,51,83,61.445783,51,PP_mean,63.59,67.276111,0,4.333333,BD120=3; BD160=0; BD48=10,1,6,BD120=7; BD160=1; BD48=10,0.612779,0.523193,0.51405
316,Polyaromatic,BD139 + BD158 + BD54,BD139,BD158,BD54,BD139=Brevibacillus brevis; BD158=Salinicola; BD54=Acinetobacter,BD139=Metal_Group_4; BD158=Metal_Group_1; BD54=Metal_Group_1,33,44,75.0,52,83,62.650602,52,PP_mean,61.632945,64.519528,0,3.333333,BD139=2; BD158=0; BD54=8,6,8.333333,BD139=12; BD158=6; BD54=7,0.605266,0.438003,0.512704
317,Polyaromatic,BD139 + BD158 + BD50,BD139,BD158,BD50,BD139=Brevibacillus brevis; BD158=Salinicola; BD50=Bacillus safensis,BD139=Metal_Group_4; BD158=Metal_Group_1; BD50=Metal_Group_4,30,44,68.181818,49,83,59.036145,49,PP_mean,61.949611,63.694806,2,3.333333,BD139=2; BD158=3; BD50=5,4,6.333333,BD139=6; BD158=9; BD50=4,0.652698,0.535939,0.512529
318,Polyaromatic,BD162 + BD50 + E7,BD162,BD50,E7,BD162=Bacillus safensis; BD50=Bacillus safensis; E7=Acinetobacter,BD162=Metal_Group_4; BD50=Metal_Group_4; E7=Metal_Group_1,37,44,84.090909,47,83,56.626506,47,PP_mean,67.301111,70.771667,0,4.666667,BD162=3; BD50=0; E7=11,1,5,BD162=3; BD50=1; E7=11,0.614692,0.546589,0.511911
319,Polyaromatic,BD132 + BD54 + BD9,BD132,BD54,BD9,BD132=Bacillus safensis; BD54=Acinetobacter; BD9=Bacillus amyloliquefaciens,BD132=Metal_Group_4; BD54=Metal_Group_1; BD9=Metal_Group_4,37,44,84.090909,47,83,56.626506,47,PP_mean,66.538889,70.976667,0,4.666667,BD132=0; BD54=11; BD9=3,1,5,BD132=1; BD54=11; BD9=3,0.614692,0.546589,0.510617
320,Polyaromatic,BD120 + BD54 + E7,BD120,BD54,E7,BD120=Bacillus subtilis; BD54=Acinetobacter; E7=Acinetobacter,BD120=Metal_Group_4; BD54=Metal_Group_1; E7=Metal_Group_1,37,44,84.090909,50,83,60.240964,50,PP_mean,69.424445,76.229444,0,3,BD120=9; BD54=0; E7=0,0,7,BD120=21; BD54=0; E7=0,0.657658,0.586667,0.510173
321,Polyaromatic,BD126 + BD160 + BD54,BD126,BD160,BD54,BD126=Bacillus; BD160=Bacillus stratosphericus; BD54=Acinetobacter,BD126=Metal_Group_4; BD160=Metal_Group_4; BD54=Metal_Group_1,37,44,84.090909,51,83,61.445783,51,PP_mean,61.442778,67.638055,0,4.333333,BD126=3; BD160=0; BD54=10,1,6,BD126=7; BD160=1; BD54=10,0.612779,0.523193,0.510112
322,Polyaromatic,BD132 + BD158 + BD163,BD132,BD158,BD163,BD132=Bacillus safensis; BD158=Salinicola; BD163=Bacillus megaterium,BD132=Metal_Group_4; BD158=Metal_Group_1; BD163=Metal_Group_12,32,44,72.727273,47,83,56.626506,47,PP_mean,67.875722,69.498,1,3,BD132=1; BD158=4; BD163=4,4,5.666667,BD132=5; BD158=8; BD163=4,0.635177,0.584647,0.509222
323,Polyaromatic,BD120 + BD127 + BD163,BD120,BD127,BD163,BD120=Bacillus subtilis; BD127=Achromobacter; BD163=Bacillus megaterium,BD120=Metal_Group_4; BD127=Metal_Group_4; BD163=Metal_Group_12,38,44,86.363636,56,83,67.46988,56,PP_mean,55.8225,62.449444,0,3.666667,BD120=1; BD127=10; BD163=0,0,6.666667,BD120=5; BD127=15; BD163=0,0.620809,0.5365,0.508931
324,Polyaromatic,BD120 + BD48 + BD50,BD120,BD48,BD50,BD120=Bacillus subtilis; BD48=Bacillus safensis; BD50=Bacillus safensis,BD120=Metal_Group_4; BD48=Metal_Group_1; BD50=Metal_Group_4,37,44,84.090909,51,83,61.445783,51,PP_mean,61.941111,66.003889,0,4.333333,BD120=3; BD48=10; BD50=0,1,6,BD120=7; BD48=10; BD50=1,0.612779,0.523193,0.508928
325,Polyaromatic,BD139 + BD158 + BD9,BD139,BD158,BD9,BD139=Brevibacillus brevis; BD158=Salinicola; BD9=Bacillus amyloliquefaciens,BD139=Metal_Group_4; BD158=Metal_Group_1; BD9=Metal_Group_4,32,44,72.727273,51,83,61.445783,51,PP_mean,54.491278,57.51675,1,3.666667,BD139=1; BD158=3; BD9=7,6,7.333333,BD139=7; BD158=9; BD9=6,0.630434,0.513588,0.508862
326,Polyaromatic,BD127 + BD132 + BG1,BD127,BD132,BG1,BD127=Achromobacter; BD132=Bacillus safensis; BG1=Bacillus amyloliquefaciens,BD127=Metal_Group_4; BD132=Metal_Group_4; BG1=Metal_Group_4,37,44,84.090909,53,83,63.855422,53,PP_mean,59.766944,66.409306,0,4.666667,BD127=11; BD132=0; BG1=3,1,7,BD127=17; BD132=1; BG1=3,0.614692,0.555242,0.508595
327,Polyaromatic,BD120 + BD61 + BG1,BD120,BD61,BG1,BD120=Bacillus subtilis; BD61=Ochrobactrum; BG1=Bacillus amyloliquefaciens,BD120=Metal_Group_4; BD61=Metal_Group_4; BG1=Metal_Group_4,36,44,81.818182,53,83,63.855422,53,PP_mean,72.287222,76.665278,0,3,BD120=0; BD61=9; BG1=0,0,5.666667,BD120=4; BD61=13; BG1=0,0.682099,0.544661,0.508152
328,Polyaromatic,BD163 + BD61 + BG1,BD163,BD61,BG1,BD163=Bacillus megaterium; BD61=Ochrobactrum; BG1=Bacillus amyloliquefaciens,BD163=Metal_Group_12; BD61=Metal_Group_4; BG1=Metal_Group_4,36,44,81.818182,51,83,61.445783,51,PP_mean,66.161111,70.282083,0,3,BD163=0; BD61=8; BG1=1,2,6,BD163=2; BD61=13; BG1=3,0.673545,0.531298,0.508084
329,Polyaromatic,BD162 + BD54 + BG1,BD162,BD54,BG1,BD162=Bacillus safensis; BD54=Acinetobacter; BG1=Bacillus amyloliquefaciens,BD162=Metal_Group_4; BD54=Metal_Group_1; BG1=Metal_Group_4,37,44,84.090909,46,83,55.421687,46,PP_mean,73.199445,73.813333,0,3.666667,BD162=0; BD54=11; BG1=0,0,4,BD162=0; BD54=12; BG1=0,0.63964,0.57971,0.505829
330,Polyaromatic,BD120 + BD163 + E7,BD120,BD163,E7,BD120=Bacillus subtilis; BD163=Bacillus megaterium; E7=Acinetobacter,BD120=Metal_Group_4; BD163=Metal_Group_12; E7=Metal_Group_1,37,44,84.090909,50,83,60.240964,50,PP_mean,67.337778,72.157083,0,3.333333,BD120=1; BD163=0; E7=9,0,5,BD120=6; BD163=0; E7=9,0.647612,0.538899,0.505558
331,Polyaromatic,BD120 + BD54 + BD9,BD120,BD54,BD9,BD120=Bacillus subtilis; BD54=Acinetobacter; BD9=Bacillus amyloliquefaciens,BD120=Metal_Group_4; BD54=Metal_Group_1; BD9=Metal_Group_4,37,44,84.090909,50,83,60.240964,50,PP_mean,66.589445,71.266389,0,3.333333,BD120=0; BD54=10; BD9=0,0,4.666667,BD120=4; BD54=10; BD9=0,0.636303,0.533188,0.505192
332,Polyaromatic,BD126 + BD127 + BD132,BD126,BD127,BD132,BD126=Bacillus; BD127=Achromobacter; BD132=Bacillus safensis,BD126=Metal_Group_4; BD127=Metal_Group_4; BD132=Metal_Group_4,38,44,86.363636,57,83,68.674699,57,PP_mean,47.644166,57.464306,0,5,BD126=4; BD127=11; BD132=0,1,8,BD126=7; BD127=16; BD132=1,0.59974,0.531115,0.505001
333,Polyaromatic,BD126 + BD50 + BD54,BD126,BD50,BD54,BD126=Bacillus; BD50=Bacillus safensis; BD54=Acinetobacter,BD126=Metal_Group_4; BD50=Metal_Group_4; BD54=Metal_Group_1,37,44,84.090909,51,83,61.445783,51,PP_mean,59.793889,66.365833,0,4.333333,BD126=3; BD50=0; BD54=10,1,6,BD126=7; BD50=1; BD54=10,0.612779,0.523193,0.504989
334,Polyaromatic,BD126 + BD132 + E7,BD126,BD132,E7,BD126=Bacillus; BD132=Bacillus safensis; E7=Acinetobacter,BD126=Metal_Group_4; BD132=Metal_Group_4; E7=Metal_Group_1,37,44,84.090909,51,83,61.445783,51,PP_mean,59.159444,67.171945,0,4.333333,BD126=3; BD132=0; E7=10,1,6,BD126=7; BD132=1; E7=10,0.612779,0.523193,0.504772
335,Polyaromatic,BD127 + BD132 + BD162,BD127,BD132,BD162,BD127=Achromobacter; BD132=Bacillus safensis; BD162=Bacillus safensis,BD127=Metal_Group_4; BD132=Metal_Group_4; BD162=Metal_Group_4,37,44,84.090909,53,83,63.855422,53,PP_mean,59.458055,63.909861,0,4.666667,BD127=11; BD132=0; BD162=3,1,7,BD127=17; BD132=1; BD162=3,0.614692,0.555242,0.504574
336,Polyaromatic,BD163 + BD54 + BD9,BD163,BD54,BD9,BD163=Bacillus megaterium; BD54=Acinetobacter; BD9=Bacillus amyloliquefaciens,BD163=Metal_Group_12; BD54=Metal_Group_1; BD9=Metal_Group_4,37,44,84.090909,48,83,57.831325,48,PP_mean,60.463334,64.883194,0,3.333333,BD163=0; BD54=9; BD9=1,2,5.333333,BD163=2; BD54=10; BD9=4,0.626698,0.530286,0.504551
337,Polyaromatic,BD160 + BD54 + BD9,BD160,BD54,BD9,BD160=Bacillus stratosphericus; BD54=Acinetobacter; BD9=Bacillus amyloliquefaciens,BD160=Metal_Group_4; BD54=Metal_Group_1; BD9=Metal_Group_4,37,44,84.090909,47,83,56.626506,47,PP_mean,64.515556,69.403055,0,4.666667,BD160=0; BD54=11; BD9=3,1,5,BD160=1; BD54=11; BD9=3,0.614692,0.546589,0.504314
338,Polyaromatic,BD120 + BD162 + BD61,BD120,BD162,BD61,BD120=Bacillus subtilis; BD162=Bacillus safensis; BD61=Ochrobactrum,BD120=Metal_Group_4; BD162=Metal_Group_4; BD61=Metal_Group_4,36,44,81.818182,53,83,63.855422,53,PP_mean,71.978333,74.165833,0,3,BD120=0; BD162=0; BD61=9,0,5.666667,BD120=4; BD162=0; BD61=13,0.682099,0.544661,0.504132
339,Polyaromatic,BD162 + BD163 + BD61,BD162,BD163,BD61,BD162=Bacillus safensis; BD163=Bacillus megaterium; BD61=Ochrobactrum,BD162=Metal_Group_4; BD163=Metal_Group_12; BD61=Metal_Group_4,36,44,81.818182,51,83,61.445783,51,PP_mean,65.852222,67.782639,0,3,BD162=1; BD163=0; BD61=8,2,6,BD162=3; BD163=2; BD61=13,0.673545,0.531298,0.504064
340,Polyaromatic,BD158 + BD160 + BD163,BD158,BD160,BD163,BD158=Salinicola; BD160=Bacillus stratosphericus; BD163=Bacillus megaterium,BD158=Metal_Group_1; BD160=Metal_Group_4; BD163=Metal_Group_12,32,44,72.727273,47,83,56.626506,47,PP_mean,65.852389,67.924389,1,3,BD158=4; BD160=1; BD163=4,4,5.666667,BD158=8; BD160=5; BD163=4,0.635177,0.584647,0.502919
341,Polyaromatic,BD127 + BD160 + BG1,BD127,BD160,BG1,BD127=Achromobacter; BD160=Bacillus stratosphericus; BG1=Bacillus amyloliquefaciens,BD127=Metal_Group_4; BD160=Metal_Group_4; BG1=Metal_Group_4,37,44,84.090909,53,83,63.855422,53,PP_mean,57.743611,64.835694,0,4.666667,BD127=11; BD160=0; BG1=3,1,7,BD127=17; BD160=1; BG1=3,0.614692,0.555242,0.502292
342,Polyaromatic,BD117 + BD163 + BG1,BD117,BD163,BG1,BD117=Micococcus luteus; BD163=Bacillus megaterium; BG1=Bacillus amyloliquefaciens,BD117=Metal_Group_9; BD163=Metal_Group_12; BG1=Metal_Group_4,31,44,70.454545,43,83,51.807229,43,PP_mean,71.833889,72.715972,1,2,BD117=3; BD163=2; BG1=1,4,4.333333,BD117=5; BD163=4; BG1=4,0.614094,0.502474,0.502181
343,Polyaromatic,BD132 + BD61 + BD9,BD132,BD61,BD9,BD132=Bacillus safensis; BD61=Ochrobactrum; BD9=Bacillus amyloliquefaciens,BD132=Metal_Group_4; BD61=Metal_Group_4; BD9=Metal_Group_4,36,44,81.818182,51,83,61.445783,51,PP_mean,63.186667,69.195556,0,4.333333,BD132=0; BD61=10; BD9=3,2,6.666667,BD132=2; BD61=15; BD9=3,0.662717,0.548233,0.501142
344,Polyaromatic,BD139 + BD158 + E7,BD139,BD158,E7,BD139=Brevibacillus brevis; BD158=Salinicola; E7=Acinetobacter,BD139=Metal_Group_4; BD158=Metal_Group_1; E7=Metal_Group_1,33,44,75.0,52,83,62.650602,52,PP_mean,57.326278,62.479806,0,3.333333,BD139=2; BD158=0; E7=8,6,8.333333,BD139=12; BD158=6; E7=7,0.605266,0.438003,0.501062
345,Polyaromatic,BD50 + BD54 + BD9,BD50,BD54,BD9,BD50=Bacillus safensis; BD54=Acinetobacter; BD9=Bacillus amyloliquefaciens,BD50=Metal_Group_4; BD54=Metal_Group_1; BD9=Metal_Group_4,37,44,84.090909,47,83,56.626506,47,PP_mean,62.866667,68.130833,0,4.666667,BD50=0; BD54=11; BD9=3,1,5,BD50=1; BD54=11; BD9=3,0.614692,0.546589,0.499192
346,Polyaromatic,BD132 + BD9 + E7,BD132,BD9,E7,BD132=Bacillus safensis; BD9=Bacillus amyloliquefaciens; E7=Acinetobacter,BD132=Metal_Group_4; BD9=Metal_Group_4; E7=Metal_Group_1,37,44,84.090909,47,83,56.626506,47,PP_mean,62.232222,68.936945,0,4.666667,BD132=0; BD9=3; E7=11,1,5,BD132=1; BD9=3; E7=11,0.614692,0.546589,0.498975
347,Polyaromatic,BD126 + BD127 + BD160,BD126,BD127,BD160,BD126=Bacillus; BD127=Achromobacter; BD160=Bacillus stratosphericus,BD126=Metal_Group_4; BD127=Metal_Group_4; BD160=Metal_Group_4,38,44,86.363636,57,83,68.674699,57,PP_mean,45.620833,55.890694,0,5,BD126=4; BD127=11; BD160=0,1,8,BD126=7; BD127=16; BD160=1,0.59974,0.531115,0.498699
348,Polyaromatic,BD132 + BD48 + BG1,BD132,BD48,BG1,BD132=Bacillus safensis; BD48=Bacillus safensis; BG1=Bacillus amyloliquefaciens,BD132=Metal_Group_4; BD48=Metal_Group_1; BG1=Metal_Group_4,37,44,84.090909,47,83,56.626506,47,PP_mean,63.482222,66.716111,0,4.666667,BD132=0; BD48=11; BG1=3,1,5,BD132=1; BD48=11; BG1=3,0.614692,0.546589,0.498547
349,Polyaromatic,BD126 + BD160 + E7,BD126,BD160,E7,BD126=Bacillus; BD160=Bacillus stratosphericus; E7=Acinetobacter,BD126=Metal_Group_4; BD160=Metal_Group_4; E7=Metal_Group_1,37,44,84.090909,51,83,61.445783,51,PP_mean,57.136111,65.598333,0,4.333333,BD126=3; BD160=0; E7=10,1,6,BD126=7; BD160=1; E7=10,0.612779,0.523193,0.49847
350,Polyaromatic,BD127 + BD160 + BD162,BD127,BD160,BD162,BD127=Achromobacter; BD160=Bacillus stratosphericus; BD162=Bacillus safensis,BD127=Metal_Group_4; BD160=Metal_Group_4; BD162=Metal_Group_4,37,44,84.090909,53,83,63.855422,53,PP_mean,57.434722,62.33625,0,4.666667,BD127=11; BD160=0; BD162=3,1,7,BD127=17; BD160=1; BD162=3,0.614692,0.555242,0.498272
351,Polyaromatic,BD117 + BD162 + BD163,BD117,BD162,BD163,BD117=Micococcus luteus; BD162=Bacillus safensis; BD163=Bacillus megaterium,BD117=Metal_Group_9; BD162=Metal_Group_4; BD163=Metal_Group_12,31,44,70.454545,43,83,51.807229,43,PP_mean,71.525,70.216528,1,2,BD117=3; BD162=1; BD163=2,4,4.333333,BD117=5; BD162=4; BD163=4,0.614094,0.502474,0.498161
352,Polyaromatic,BD158 + BD163 + BD50,BD158,BD163,BD50,BD158=Salinicola; BD163=Bacillus megaterium; BD50=Bacillus safensis,BD158=Metal_Group_1; BD163=Metal_Group_12; BD50=Metal_Group_4,32,44,72.727273,47,83,56.626506,47,PP_mean,64.2035,66.652167,1,3,BD158=4; BD163=4; BD50=1,4,5.666667,BD158=8; BD163=4; BD50=5,0.635177,0.584647,0.497797
353,Polyaromatic,BD127 + BD50 + BG1,BD127,BD50,BG1,BD127=Achromobacter; BD50=Bacillus safensis; BG1=Bacillus amyloliquefaciens,BD127=Metal_Group_4; BD50=Metal_Group_4; BG1=Metal_Group_4,37,44,84.090909,53,83,63.855422,53,PP_mean,56.094722,63.563472,0,4.666667,BD127=11; BD50=0; BG1=3,1,7,BD127=17; BD50=1; BG1=3,0.614692,0.555242,0.49717
354,Polyaromatic,BD160 + BD61 + BD9,BD160,BD61,BD9,BD160=Bacillus stratosphericus; BD61=Ochrobactrum; BD9=Bacillus amyloliquefaciens,BD160=Metal_Group_4; BD61=Metal_Group_4; BD9=Metal_Group_4,36,44,81.818182,51,83,61.445783,51,PP_mean,61.163333,67.621944,0,4.333333,BD160=0; BD61=10; BD9=3,2,6.666667,BD160=2; BD61=15; BD9=3,0.662717,0.548233,0.49484
355,Polyaromatic,BD132 + BD162 + BD48,BD132,BD162,BD48,BD132=Bacillus safensis; BD162=Bacillus safensis; BD48=Bacillus safensis,BD132=Metal_Group_4; BD162=Metal_Group_4; BD48=Metal_Group_1,37,44,84.090909,47,83,56.626506,47,PP_mean,63.173333,64.216667,0,4.666667,BD132=0; BD162=3; BD48=11,1,5,BD132=1; BD162=3; BD48=11,0.614692,0.546589,0.494526
356,Polyaromatic,BD162 + BG1 + E7,BD162,BG1,E7,BD162=Bacillus safensis; BG1=Bacillus amyloliquefaciens; E7=Acinetobacter,BD162=Metal_Group_4; BG1=Metal_Group_4; E7=Metal_Group_1,37,44,84.090909,46,83,55.421687,46,PP_mean,68.892778,71.773611,0,3.666667,BD162=0; BG1=0; E7=11,0,4,BD162=0; BG1=0; E7=12,0.63964,0.57971,0.494187
357,Polyaromatic,BD54 + BG1 + E7,BD54,BG1,E7,BD54=Acinetobacter; BG1=Bacillus amyloliquefaciens; E7=Acinetobacter,BD54=Metal_Group_1; BG1=Metal_Group_4; E7=Metal_Group_1,37,44,84.090909,46,83,55.421687,46,PP_mean,67.293334,74.095833,0,3,BD54=0; BG1=9; E7=0,0,5.666667,BD54=0; BG1=17; E7=0,0.63964,0.57971,0.494031
358,Polyaromatic,BD120 + BD127 + BD9,BD120,BD127,BD9,BD120=Bacillus subtilis; BD127=Achromobacter; BD9=Bacillus amyloliquefaciens,BD120=Metal_Group_4; BD127=Metal_Group_4; BD9=Metal_Group_4,38,44,86.363636,56,83,67.46988,56,PP_mean,50.7675,59.519028,0,4,BD120=1; BD127=11; BD9=0,0,6.666667,BD120=4; BD127=16; BD9=0,0.623264,0.542491,0.493679
359,Polyaromatic,BD126 + BD127 + BD50,BD126,BD127,BD50,BD126=Bacillus; BD127=Achromobacter; BD50=Bacillus safensis,BD126=Metal_Group_4; BD127=Metal_Group_4; BD50=Metal_Group_4,38,44,86.363636,57,83,68.674699,57,PP_mean,43.971944,54.618472,0,5,BD126=4; BD127=11; BD50=0,1,8,BD126=7; BD127=16; BD50=1,0.59974,0.531115,0.493577
360,Polyaromatic,BD120 + BD9 + E7,BD120,BD9,E7,BD120=Bacillus subtilis; BD9=Bacillus amyloliquefaciens; E7=Acinetobacter,BD120=Metal_Group_4; BD9=Metal_Group_4; E7=Metal_Group_1,37,44,84.090909,50,83,60.240964,50,PP_mean,62.282778,69.226667,0,3.333333,BD120=0; BD9=0; E7=10,0,4.666667,BD120=4; BD9=0; E7=10,0.636303,0.533188,0.49355
361,Polyaromatic,BD126 + BD50 + E7,BD126,BD50,E7,BD126=Bacillus; BD50=Bacillus safensis; E7=Acinetobacter,BD126=Metal_Group_4; BD50=Metal_Group_4; E7=Metal_Group_1,37,44,84.090909,51,83,61.445783,51,PP_mean,55.487222,64.326111,0,4.333333,BD126=3; BD50=0; E7=10,1,6,BD126=7; BD50=1; E7=10,0.612779,0.523193,0.493347
362,Polyaromatic,BD127 + BD162 + BD50,BD127,BD162,BD50,BD127=Achromobacter; BD162=Bacillus safensis; BD50=Bacillus safensis,BD127=Metal_Group_4; BD162=Metal_Group_4; BD50=Metal_Group_4,37,44,84.090909,53,83,63.855422,53,PP_mean,55.785833,61.064028,0,4.666667,BD127=11; BD162=3; BD50=0,1,7,BD127=17; BD162=3; BD50=1,0.614692,0.555242,0.49315
363,Polyaromatic,BD120 + BD48 + BG1,BD120,BD48,BG1,BD120=Bacillus subtilis; BD48=Bacillus safensis; BG1=Bacillus amyloliquefaciens,BD120=Metal_Group_4; BD48=Metal_Group_1; BG1=Metal_Group_4,37,44,84.090909,50,83,60.240964,50,PP_mean,63.532778,67.005833,0,3.333333,BD120=0; BD48=10; BG1=0,0,4.666667,BD120=4; BD48=10; BG1=0,0.636303,0.533188,0.493122
364,Polyaromatic,BD163 + BD9 + E7,BD163,BD9,E7,BD163=Bacillus megaterium; BD9=Bacillus amyloliquefaciens; E7=Acinetobacter,BD163=Metal_Group_12; BD9=Metal_Group_4; E7=Metal_Group_1,37,44,84.090909,48,83,57.831325,48,PP_mean,56.156667,62.843472,0,3.333333,BD163=0; BD9=1; E7=9,2,5.333333,BD163=2; BD9=4; E7=10,0.626698,0.530286,0.492909
365,Polyaromatic,BD160 + BD9 + E7,BD160,BD9,E7,BD160=Bacillus stratosphericus; BD9=Bacillus amyloliquefaciens; E7=Acinetobacter,BD160=Metal_Group_4; BD9=Metal_Group_4; E7=Metal_Group_1,37,44,84.090909,47,83,56.626506,47,PP_mean,60.208889,67.363333,0,4.666667,BD160=0; BD9=3; E7=11,1,5,BD160=1; BD9=3; E7=11,0.614692,0.546589,0.492672
366,Polyaromatic,BD163 + BD48 + BG1,BD163,BD48,BG1,BD163=Bacillus megaterium; BD48=Bacillus safensis; BG1=Bacillus amyloliquefaciens,BD163=Metal_Group_12; BD48=Metal_Group_1; BG1=Metal_Group_4,37,44,84.090909,48,83,57.831325,48,PP_mean,57.406667,60.622639,0,3.333333,BD163=0; BD48=9; BG1=1,2,5.333333,BD163=2; BD48=10; BG1=4,0.626698,0.530286,0.492481
367,Polyaromatic,BD120 + BD163 + BD61,BD120,BD163,BD61,BD120=Bacillus subtilis; BD163=Bacillus megaterium; BD61=Ochrobactrum,BD120=Metal_Group_4; BD163=Metal_Group_12; BD61=Metal_Group_4,36,44,81.818182,53,83,63.855422,53,PP_mean,68.292222,72.415694,0,3,BD120=1; BD163=0; BD61=8,0,5.666667,BD120=5; BD163=0; BD61=12,0.694709,0.539257,0.492356
368,Polyaromatic,BD160 + BD48 + BG1,BD160,BD48,BG1,BD160=Bacillus stratosphericus; BD48=Bacillus safensis; BG1=Bacillus amyloliquefaciens,BD160=Metal_Group_4; BD48=Metal_Group_1; BG1=Metal_Group_4,37,44,84.090909,47,83,56.626506,47,PP_mean,61.458889,65.1425,0,4.666667,BD160=0; BD48=11; BG1=3,1,5,BD160=1; BD48=11; BG1=3,0.614692,0.546589,0.492244
369,Polyaromatic,BD127 + BD139 + BD48,BD127,BD139,BD48,BD127=Achromobacter; BD139=Brevibacillus brevis; BD48=Bacillus safensis,BD127=Metal_Group_4; BD139=Metal_Group_4; BD48=Metal_Group_1,35,44,79.545455,56,83,67.46988,56,PP_mean,37.4225,45.740695,0,1.666667,BD127=2; BD139=3; BD48=0,6,8.666667,BD127=10; BD139=10; BD48=6,0.564574,0.422029,0.491434
370,Polyaromatic,BD126 + BD132 + BD61,BD126,BD132,BD61,BD126=Bacillus; BD132=Bacillus safensis; BD61=Ochrobactrum,BD126=Metal_Group_4; BD132=Metal_Group_4; BD61=Metal_Group_4,36,44,81.818182,54,83,65.060241,54,PP_mean,60.113889,67.430556,0,4,BD126=3; BD132=0; BD61=9,1,6.666667,BD126=6; BD132=1; BD61=13,0.661055,0.524183,0.491319
371,Polyaromatic,BD162 + BD54 + E7,BD162,BD54,E7,BD162=Bacillus safensis; BD54=Acinetobacter; E7=Acinetobacter,BD162=Metal_Group_4; BD54=Metal_Group_1; E7=Metal_Group_1,37,44,84.090909,46,83,55.421687,46,PP_mean,66.984445,71.596389,0,3,BD162=9; BD54=0; E7=0,0,5.666667,BD162=17; BD54=0; E7=0,0.63964,0.57971,0.490011
372,Polyaromatic,BD50 + BD61 + BD9,BD50,BD61,BD9,BD50=Bacillus safensis; BD61=Ochrobactrum; BD9=Bacillus amyloliquefaciens,BD50=Metal_Group_4; BD61=Metal_Group_4; BD9=Metal_Group_4,36,44,81.818182,51,83,61.445783,51,PP_mean,59.514445,66.349722,0,4.333333,BD50=0; BD61=10; BD9=3,2,6.666667,BD50=2; BD61=15; BD9=3,0.662717,0.548233,0.489718
373,Polyaromatic,BD126 + BD54 + BG1,BD126,BD54,BG1,BD126=Bacillus; BD54=Acinetobacter; BG1=Bacillus amyloliquefaciens,BD126=Metal_Group_4; BD54=Metal_Group_1; BG1=Metal_Group_4,37,44,84.090909,50,83,60.240964,50,PP_mean,61.385556,67.367778,0,3.333333,BD126=0; BD54=10; BG1=0,0,4.666667,BD126=4; BD54=10; BG1=0,0.636303,0.533188,0.489183
374,Polyaromatic,BD120 + BD162 + BD48,BD120,BD162,BD48,BD120=Bacillus subtilis; BD162=Bacillus safensis; BD48=Bacillus safensis,BD120=Metal_Group_4; BD162=Metal_Group_4; BD48=Metal_Group_1,37,44,84.090909,50,83,60.240964,50,PP_mean,63.223889,64.506389,0,3.333333,BD120=0; BD162=0; BD48=10,0,4.666667,BD120=4; BD162=0; BD48=10,0.636303,0.533188,0.489102
375,Polyaromatic,BD120 + BD126 + BD54,BD120,BD126,BD54,BD120=Bacillus subtilis; BD126=Bacillus; BD54=Acinetobacter,BD120=Metal_Group_4; BD126=Metal_Group_4; BD54=Metal_Group_1,37,44,84.090909,50,83,60.240964,50,PP_mean,63.516667,69.501389,0,3.333333,BD120=0; BD126=0; BD54=10,0,3.333333,BD120=0; BD126=0; BD54=10,0.657658,0.586667,0.488884
376,Polyaromatic,BD162 + BD163 + BD48,BD162,BD163,BD48,BD162=Bacillus safensis; BD163=Bacillus megaterium; BD48=Bacillus safensis,BD162=Metal_Group_4; BD163=Metal_Group_12; BD48=Metal_Group_1,37,44,84.090909,48,83,57.831325,48,PP_mean,57.097778,58.123195,0,3.333333,BD162=1; BD163=0; BD48=9,2,5.333333,BD162=4; BD163=2; BD48=10,0.626698,0.530286,0.488461
377,Polyaromatic,BD160 + BD162 + BD48,BD160,BD162,BD48,BD160=Bacillus stratosphericus; BD162=Bacillus safensis; BD48=Bacillus safensis,BD160=Metal_Group_4; BD162=Metal_Group_4; BD48=Metal_Group_1,37,44,84.090909,47,83,56.626506,47,PP_mean,61.15,62.643056,0,4.666667,BD160=0; BD162=3; BD48=11,1,5,BD160=1; BD162=3; BD48=11,0.614692,0.546589,0.488224
378,Polyaromatic,BD50 + BD9 + E7,BD50,BD9,E7,BD50=Bacillus safensis; BD9=Bacillus amyloliquefaciens; E7=Acinetobacter,BD50=Metal_Group_4; BD9=Metal_Group_4; E7=Metal_Group_1,37,44,84.090909,47,83,56.626506,47,PP_mean,58.56,66.091111,0,4.666667,BD50=0; BD9=3; E7=11,1,5,BD50=1; BD9=3; E7=11,0.614692,0.546589,0.48755
379,Polyaromatic,BD48 + BD50 + BG1,BD48,BD50,BG1,BD48=Bacillus safensis; BD50=Bacillus safensis; BG1=Bacillus amyloliquefaciens,BD48=Metal_Group_1; BD50=Metal_Group_4; BG1=Metal_Group_4,37,44,84.090909,47,83,56.626506,47,PP_mean,59.81,63.870278,0,4.666667,BD48=11; BD50=0; BG1=3,1,5,BD48=11; BD50=1; BG1=3,0.614692,0.546589,0.487122
380,Polyaromatic,BD126 + BD162 + BD54,BD126,BD162,BD54,BD126=Bacillus; BD162=Bacillus safensis; BD54=Acinetobacter,BD126=Metal_Group_4; BD162=Metal_Group_4; BD54=Metal_Group_1,37,44,84.090909,50,83,60.240964,50,PP_mean,61.076667,64.868333,0,3.333333,BD126=0; BD162=0; BD54=10,0,4.666667,BD126=4; BD162=0; BD54=10,0.636303,0.533188,0.485163
381,Polyaromatic,BD126 + BD160 + BD61,BD126,BD160,BD61,BD126=Bacillus; BD160=Bacillus stratosphericus; BD61=Ochrobactrum,BD126=Metal_Group_4; BD160=Metal_Group_4; BD61=Metal_Group_4,36,44,81.818182,54,83,65.060241,54,PP_mean,58.090555,65.856944,0,4,BD126=3; BD160=0; BD61=9,1,6.666667,BD126=6; BD160=1; BD61=13,0.661055,0.524183,0.485016
382,Polyaromatic,BD162 + BD48 + BD50,BD162,BD48,BD50,BD162=Bacillus safensis; BD48=Bacillus safensis; BD50=Bacillus safensis,BD162=Metal_Group_4; BD48=Metal_Group_1; BD50=Metal_Group_4,37,44,84.090909,47,83,56.626506,47,PP_mean,59.501111,61.370834,0,4.666667,BD162=3; BD48=11; BD50=0,1,5,BD162=3; BD48=11; BD50=1,0.614692,0.546589,0.483102
383,Polyaromatic,BD54 + BD9 + BG1,BD54,BD9,BG1,BD54=Acinetobacter; BD9=Bacillus amyloliquefaciens; BG1=Bacillus amyloliquefaciens,BD54=Metal_Group_1; BD9=Metal_Group_4; BG1=Metal_Group_4,37,44,84.090909,46,83,55.421687,46,PP_mean,64.458334,69.132778,0,3.666667,BD54=11; BD9=0; BG1=0,0,4,BD54=12; BD9=0; BG1=0,0.63964,0.57971,0.481467
384,Polyaromatic,BD120 + BD48 + BD54,BD120,BD48,BD54,BD120=Bacillus subtilis; BD48=Bacillus safensis; BD54=Acinetobacter,BD120=Metal_Group_4; BD48=Metal_Group_1; BD54=Metal_Group_1,37,44,84.090909,50,83,60.240964,50,PP_mean,61.624445,66.828611,0,3,BD120=9; BD48=0; BD54=0,0,7,BD120=21; BD48=0; BD54=0,0.657658,0.586667,0.481364
385,Polyaromatic,BD127 + BD158 + BD61,BD127,BD158,BD61,BD127=Achromobacter; BD158=Salinicola; BD61=Ochrobactrum,BD127=Metal_Group_4; BD158=Metal_Group_1; BD61=Metal_Group_4,34,44,77.272727,54,83,65.060241,54,PP_mean,46.799333,58.020778,0,1.666667,BD127=0; BD158=3; BD61=2,5,6.666667,BD127=7; BD158=8; BD61=5,0.613516,0.45212,0.481277
386,Polyaromatic,BD162 + BD61 + BG1,BD162,BD61,BG1,BD162=Bacillus safensis; BD61=Ochrobactrum; BG1=Bacillus amyloliquefaciens,BD162=Metal_Group_4; BD61=Metal_Group_4; BG1=Metal_Group_4,36,44,81.818182,49,83,59.036145,49,PP_mean,69.847222,72.032222,0,3.333333,BD162=0; BD61=10; BG1=0,0,5,BD162=0; BD61=15; BG1=0,0.685185,0.591837,0.480404
387,Polyaromatic,BD127 + BD132 + BD9,BD127,BD132,BD9,BD127=Achromobacter; BD132=Bacillus safensis; BD9=Bacillus amyloliquefaciens,BD127=Metal_Group_4; BD132=Metal_Group_4; BD9=Metal_Group_4,37,44,84.090909,53,83,63.855422,53,PP_mean,50.716944,59.229306,0,4.666667,BD127=11; BD132=0; BD9=3,1,7,BD127=17; BD132=1; BD9=3,0.614692,0.555242,0.480213
388,Polyaromatic,BD127 + BD139 + BD61,BD127,BD139,BD61,BD127=Achromobacter; BD139=Brevibacillus brevis; BD61=Ochrobactrum,BD127=Metal_Group_4; BD139=Metal_Group_4; BD61=Metal_Group_4,35,44,79.545455,54,83,65.060241,54,PP_mean,46.176944,55.400139,0,2,BD127=2; BD139=4; BD61=0,4,6.333333,BD127=7; BD139=8; BD61=4,0.604245,0.484009,0.479925
389,Polyaromatic,BD126 + BD50 + BD61,BD126,BD50,BD61,BD126=Bacillus; BD50=Bacillus safensis; BD61=Ochrobactrum,BD126=Metal_Group_4; BD50=Metal_Group_4; BD61=Metal_Group_4,36,44,81.818182,54,83,65.060241,54,PP_mean,56.441667,64.584722,0,4,BD126=3; BD50=0; BD61=9,1,6.666667,BD126=6; BD50=1; BD61=13,0.661055,0.524183,0.479894
390,Polyaromatic,BD120 + BD61 + BD9,BD120,BD61,BD9,BD120=Bacillus subtilis; BD61=Ochrobactrum; BD9=Bacillus amyloliquefaciens,BD120=Metal_Group_4; BD61=Metal_Group_4; BD9=Metal_Group_4,36,44,81.818182,53,83,63.855422,53,PP_mean,63.237222,69.485278,0,3,BD120=0; BD61=9; BD9=0,0,5.666667,BD120=4; BD61=13; BD9=0,0.682099,0.544661,0.479771
391,Polyaromatic,BD163 + BD61 + BD9,BD163,BD61,BD9,BD163=Bacillus megaterium; BD61=Ochrobactrum; BD9=Bacillus amyloliquefaciens,BD163=Metal_Group_12; BD61=Metal_Group_4; BD9=Metal_Group_4,36,44,81.818182,51,83,61.445783,51,PP_mean,57.111111,63.102083,0,3,BD163=0; BD61=8; BD9=1,2,6,BD163=2; BD61=13; BD9=3,0.673545,0.531298,0.479703
392,Polyaromatic,BD120 + BD126 + BD127,BD120,BD126,BD127,BD120=Bacillus subtilis; BD126=Bacillus; BD127=Achromobacter,BD120=Metal_Group_4; BD126=Metal_Group_4; BD127=Metal_Group_4,38,44,86.363636,56,83,67.46988,56,PP_mean,47.694722,57.754028,0,3.666667,BD120=0; BD126=0; BD127=11,0,5.333333,BD120=0; BD126=0; BD127=16,0.631579,0.595238,0.479695
393,Polyaromatic,BD126 + BD127 + BG1,BD126,BD127,BG1,BD126=Bacillus; BD127=Achromobacter; BG1=Bacillus amyloliquefaciens,BD126=Metal_Group_4; BD127=Metal_Group_4; BG1=Metal_Group_4,38,44,86.363636,56,83,67.46988,56,PP_mean,45.563611,55.620417,0,4,BD126=1; BD127=11; BG1=0,0,6.666667,BD126=4; BD127=16; BG1=0,0.623264,0.542491,0.477671
394,Polyaromatic,BD126 + BG1 + E7,BD126,BG1,E7,BD126=Bacillus; BG1=Bacillus amyloliquefaciens; E7=Acinetobacter,BD126=Metal_Group_4; BG1=Metal_Group_4; E7=Metal_Group_1,37,44,84.090909,50,83,60.240964,50,PP_mean,57.078889,65.328056,0,3.333333,BD126=0; BG1=0; E7=10,0,4.666667,BD126=4; BG1=0; E7=10,0.636303,0.533188,0.477541
395,Polyaromatic,BD162 + BD54 + BD9,BD162,BD54,BD9,BD162=Bacillus safensis; BD54=Acinetobacter; BD9=Bacillus amyloliquefaciens,BD162=Metal_Group_4; BD54=Metal_Group_1; BD9=Metal_Group_4,37,44,84.090909,46,83,55.421687,46,PP_mean,64.149445,66.633333,0,3.666667,BD162=0; BD54=11; BD9=0,0,4,BD162=0; BD54=12; BD9=0,0.63964,0.57971,0.477447
396,Polyaromatic,BD120 + BD126 + E7,BD120,BD126,E7,BD120=Bacillus subtilis; BD126=Bacillus; E7=Acinetobacter,BD120=Metal_Group_4; BD126=Metal_Group_4; E7=Metal_Group_1,37,44,84.090909,50,83,60.240964,50,PP_mean,59.21,67.461667,0,3.333333,BD120=0; BD126=0; E7=10,0,3.333333,BD120=0; BD126=0; E7=10,0.657658,0.586667,0.477242
397,Polyaromatic,BD117 + BD120 + BD163,BD117,BD120,BD163,BD117=Micococcus luteus; BD120=Bacillus subtilis; BD163=Bacillus megaterium,BD117=Metal_Group_9; BD120=Metal_Group_4; BD163=Metal_Group_12,31,44,70.454545,45,83,54.216867,45,PP_mean,73.965,74.849583,1,1.666667,BD117=3; BD120=1; BD163=1,1,3.666667,BD117=4; BD120=6; BD163=1,0.620635,0.501587,0.477138
398,Polyaromatic,BD120 + BD163 + BD48,BD120,BD163,BD48,BD120=Bacillus subtilis; BD163=Bacillus megaterium; BD48=Bacillus safensis,BD120=Metal_Group_4; BD163=Metal_Group_12; BD48=Metal_Group_1,37,44,84.090909,50,83,60.240964,50,PP_mean,59.537778,62.75625,0,3.333333,BD120=1; BD163=0; BD48=9,0,5,BD120=6; BD163=0; BD48=9,0.647612,0.538899,0.476749
399,Polyaromatic,BD126 + BD132 + BD48,BD126,BD132,BD48,BD126=Bacillus; BD132=Bacillus safensis; BD48=Bacillus safensis,BD126=Metal_Group_4; BD132=Metal_Group_4; BD48=Metal_Group_1,37,44,84.090909,51,83,61.445783,51,PP_mean,51.359444,57.771111,0,4.333333,BD126=3; BD132=0; BD48=10,1,6,BD126=7; BD132=1; BD48=10,0.612779,0.523193,0.475963
400,Polyaromatic,BD127 + BD162 + BG1,BD127,BD162,BG1,BD127=Achromobacter; BD162=Bacillus safensis; BG1=Bacillus amyloliquefaciens,BD127=Metal_Group_4; BD162=Metal_Group_4; BG1=Metal_Group_4,37,44,84.090909,52,83,62.650602,52,PP_mean,57.3775,62.065972,0,3.666667,BD127=11; BD162=0; BG1=0,0,6,BD127=18; BD162=0; BG1=0,0.63964,0.589744,0.475325
401,Polyaromatic,BD127 + BD160 + BD9,BD127,BD160,BD9,BD127=Achromobacter; BD160=Bacillus stratosphericus; BD9=Bacillus amyloliquefaciens,BD127=Metal_Group_4; BD160=Metal_Group_4; BD9=Metal_Group_4,37,44,84.090909,53,83,63.855422,53,PP_mean,48.693611,57.655694,0,4.666667,BD127=11; BD160=0; BD9=3,1,7,BD127=17; BD160=1; BD9=3,0.614692,0.555242,0.473911
402,Polyaromatic,BD117 + BD163 + BD9,BD117,BD163,BD9,BD117=Micococcus luteus; BD163=Bacillus megaterium; BD9=Bacillus amyloliquefaciens,BD117=Metal_Group_9; BD163=Metal_Group_12; BD9=Metal_Group_4,31,44,70.454545,43,83,51.807229,43,PP_mean,62.783889,65.535972,1,2,BD117=3; BD163=2; BD9=1,4,4.333333,BD117=5; BD163=4; BD9=4,0.614094,0.502474,0.4738
403,Polyaromatic,BD126 + BD127 + BD162,BD126,BD127,BD162,BD126=Bacillus; BD127=Achromobacter; BD162=Bacillus safensis,BD126=Metal_Group_4; BD127=Metal_Group_4; BD162=Metal_Group_4,38,44,86.363636,56,83,67.46988,56,PP_mean,45.254722,53.120972,0,4,BD126=1; BD127=11; BD162=0,0,6.666667,BD126=4; BD127=16; BD162=0,0.623264,0.542491,0.473651
404,Polyaromatic,BD126 + BD162 + E7,BD126,BD162,E7,BD126=Bacillus; BD162=Bacillus safensis; E7=Acinetobacter,BD126=Metal_Group_4; BD162=Metal_Group_4; E7=Metal_Group_1,37,44,84.090909,50,83,60.240964,50,PP_mean,56.77,62.828611,0,3.333333,BD126=0; BD162=0; E7=10,0,4.666667,BD126=4; BD162=0; E7=10,0.636303,0.533188,0.473521
405,Polyaromatic,BD126 + BD163 + BD54,BD126,BD163,BD54,BD126=Bacillus; BD163=Bacillus megaterium; BD54=Acinetobacter,BD126=Metal_Group_4; BD163=Metal_Group_12; BD54=Metal_Group_1,37,44,84.090909,50,83,60.240964,50,PP_mean,57.390556,63.118194,0,3.333333,BD126=1; BD163=0; BD54=9,0,5,BD126=6; BD163=0; BD54=9,0.647612,0.538899,0.472811
406,Polyaromatic,BD139 + BD158 + BD48,BD139,BD158,BD48,BD139=Brevibacillus brevis; BD158=Salinicola; BD48=Bacillus safensis,BD139=Metal_Group_4; BD158=Metal_Group_1; BD48=Metal_Group_1,33,44,75.0,52,83,62.650602,52,PP_mean,49.526278,53.078972,0,3.333333,BD139=2; BD158=0; BD48=8,6,8.333333,BD139=12; BD158=6; BD48=7,0.605266,0.438003,0.472252
407,Polyaromatic,BD132 + BD48 + BD9,BD132,BD48,BD9,BD132=Bacillus safensis; BD48=Bacillus safensis; BD9=Bacillus amyloliquefaciens,BD132=Metal_Group_4; BD48=Metal_Group_1; BD9=Metal_Group_4,37,44,84.090909,47,83,56.626506,47,PP_mean,54.432222,59.536111,0,4.666667,BD132=0; BD48=11; BD9=3,1,5,BD132=1; BD48=11; BD9=3,0.614692,0.546589,0.470165
408,Polyaromatic,BD158 + BD163 + BG1,BD158,BD163,BG1,BD158=Salinicola; BD163=Bacillus megaterium; BG1=Bacillus amyloliquefaciens,BD158=Metal_Group_1; BD163=Metal_Group_12; BG1=Metal_Group_4,32,44,72.727273,46,83,55.421687,46,PP_mean,65.795167,67.654111,1,2,BD158=4; BD163=1; BG1=1,2,4.666667,BD158=8; BD163=2; BG1=4,0.652458,0.604788,0.469845
409,Polyaromatic,BD9 + BG1 + E7,BD9,BG1,E7,BD9=Bacillus amyloliquefaciens; BG1=Bacillus amyloliquefaciens; E7=Acinetobacter,BD9=Metal_Group_4; BG1=Metal_Group_4; E7=Metal_Group_1,37,44,84.090909,46,83,55.421687,46,PP_mean,60.151667,67.093056,0,3.666667,BD9=0; BG1=0; E7=11,0,4,BD9=0; BG1=0; E7=12,0.63964,0.57971,0.469825
410,Polyaromatic,BD120 + BD48 + E7,BD120,BD48,E7,BD120=Bacillus subtilis; BD48=Bacillus safensis; E7=Acinetobacter,BD120=Metal_Group_4; BD48=Metal_Group_1; E7=Metal_Group_1,37,44,84.090909,50,83,60.240964,50,PP_mean,57.317778,64.788889,0,3,BD120=9; BD48=0; E7=0,0,7,BD120=21; BD48=0; E7=0,0.657658,0.586667,0.469722
411,Polyaromatic,BD126 + BD160 + BD48,BD126,BD160,BD48,BD126=Bacillus; BD160=Bacillus stratosphericus; BD48=Bacillus safensis,BD126=Metal_Group_4; BD160=Metal_Group_4; BD48=Metal_Group_1,37,44,84.090909,51,83,61.445783,51,PP_mean,49.336111,56.1975,0,4.333333,BD126=3; BD160=0; BD48=10,1,6,BD126=7; BD160=1; BD48=10,0.612779,0.523193,0.46966
412,Polyaromatic,BD127 + BD50 + BD9,BD127,BD50,BD9,BD127=Achromobacter; BD50=Bacillus safensis; BD9=Bacillus amyloliquefaciens,BD127=Metal_Group_4; BD50=Metal_Group_4; BD9=Metal_Group_4,37,44,84.090909,53,83,63.855422,53,PP_mean,47.044722,56.383472,0,4.666667,BD127=11; BD50=0; BD9=3,1,7,BD127=17; BD50=1; BD9=3,0.614692,0.555242,0.468789
413,Polyaromatic,BD158 + BD162 + BD163,BD158,BD162,BD163,BD158=Salinicola; BD162=Bacillus safensis; BD163=Bacillus megaterium,BD158=Metal_Group_1; BD162=Metal_Group_4; BD163=Metal_Group_12,32,44,72.727273,46,83,55.421687,46,PP_mean,65.486278,65.154667,1,2,BD158=4; BD162=1; BD163=1,2,4.666667,BD158=8; BD162=4; BD163=2,0.652458,0.604788,0.465825
414,Polyaromatic,BD162 + BD9 + E7,BD162,BD9,E7,BD162=Bacillus safensis; BD9=Bacillus amyloliquefaciens; E7=Acinetobacter,BD162=Metal_Group_4; BD9=Metal_Group_4; E7=Metal_Group_1,37,44,84.090909,46,83,55.421687,46,PP_mean,59.842778,64.593611,0,3.666667,BD162=0; BD9=0; E7=11,0,4,BD162=0; BD9=0; E7=12,0.63964,0.57971,0.465805
415,Polyaromatic,BD126 + BD54 + E7,BD126,BD54,E7,BD126=Bacillus; BD54=Acinetobacter; E7=Acinetobacter,BD126=Metal_Group_4; BD54=Metal_Group_1; E7=Metal_Group_1,37,44,84.090909,50,83,60.240964,50,PP_mean,55.170556,65.150833,0,3,BD126=9; BD54=0; E7=0,0,7,BD126=21; BD54=0; E7=0,0.657658,0.586667,0.465784
416,Polyaromatic,BD54 + BD9 + E7,BD54,BD9,E7,BD54=Acinetobacter; BD9=Bacillus amyloliquefaciens; E7=Acinetobacter,BD54=Metal_Group_1; BD9=Metal_Group_4; E7=Metal_Group_1,37,44,84.090909,46,83,55.421687,46,PP_mean,58.243334,66.915833,0,3,BD54=0; BD9=9; E7=0,0,5.666667,BD54=0; BD9=17; E7=0,0.63964,0.57971,0.46565
417,Polyaromatic,BD162 + BD48 + BG1,BD162,BD48,BG1,BD162=Bacillus safensis; BD48=Bacillus safensis; BG1=Bacillus amyloliquefaciens,BD162=Metal_Group_4; BD48=Metal_Group_1; BG1=Metal_Group_4,37,44,84.090909,46,83,55.421687,46,PP_mean,61.092778,62.372778,0,3.666667,BD162=0; BD48=11; BG1=0,0,4,BD162=0; BD48=12; BG1=0,0.63964,0.57971,0.465377
418,Polyaromatic,BD48 + BD54 + BG1,BD48,BD54,BG1,BD48=Bacillus safensis; BD54=Acinetobacter; BG1=Bacillus amyloliquefaciens,BD48=Metal_Group_1; BD54=Metal_Group_1; BG1=Metal_Group_4,37,44,84.090909,46,83,55.421687,46,PP_mean,59.493334,64.695,0,3,BD48=0; BD54=0; BG1=9,0,5.666667,BD48=0; BD54=0; BG1=17,0.63964,0.57971,0.465222
419,Polyaromatic,BD120 + BD48 + BD9,BD120,BD48,BD9,BD120=Bacillus subtilis; BD48=Bacillus safensis; BD9=Bacillus amyloliquefaciens,BD120=Metal_Group_4; BD48=Metal_Group_1; BD9=Metal_Group_4,37,44,84.090909,50,83,60.240964,50,PP_mean,54.482778,59.825833,0,3.333333,BD120=0; BD48=10; BD9=0,0,4.666667,BD120=4; BD48=10; BD9=0,0.636303,0.533188,0.46474
420,Polyaromatic,BD126 + BD127 + BD163,BD126,BD127,BD163,BD126=Bacillus; BD127=Achromobacter; BD163=Bacillus megaterium,BD126=Metal_Group_4; BD127=Metal_Group_4; BD163=Metal_Group_12,38,44,86.363636,56,83,67.46988,56,PP_mean,41.568611,51.370833,0,3.666667,BD126=1; BD127=10; BD163=0,0,6.666667,BD126=5; BD127=15; BD163=0,0.620809,0.5365,0.464541
421,Polyaromatic,BD126 + BD48 + BD50,BD126,BD48,BD50,BD126=Bacillus; BD48=Bacillus safensis; BD50=Bacillus safensis,BD126=Metal_Group_4; BD48=Metal_Group_1; BD50=Metal_Group_4,37,44,84.090909,51,83,61.445783,51,PP_mean,47.687222,54.925278,0,4.333333,BD126=3; BD48=10; BD50=0,1,6,BD126=7; BD48=10; BD50=1,0.612779,0.523193,0.464538
422,Polyaromatic,BD163 + BD48 + BD9,BD163,BD48,BD9,BD163=Bacillus megaterium; BD48=Bacillus safensis; BD9=Bacillus amyloliquefaciens,BD163=Metal_Group_12; BD48=Metal_Group_1; BD9=Metal_Group_4,37,44,84.090909,48,83,57.831325,48,PP_mean,48.356667,53.442639,0,3.333333,BD163=0; BD48=9; BD9=1,2,5.333333,BD163=2; BD48=10; BD9=4,0.626698,0.530286,0.4641
423,Polyaromatic,BD160 + BD48 + BD9,BD160,BD48,BD9,BD160=Bacillus stratosphericus; BD48=Bacillus safensis; BD9=Bacillus amyloliquefaciens,BD160=Metal_Group_4; BD48=Metal_Group_1; BD9=Metal_Group_4,37,44,84.090909,47,83,56.626506,47,PP_mean,52.408889,57.9625,0,4.666667,BD160=0; BD48=11; BD9=3,1,5,BD160=1; BD48=11; BD9=3,0.614692,0.546589,0.463863
424,Polyaromatic,BD126 + BD61 + BG1,BD126,BD61,BG1,BD126=Bacillus; BD61=Ochrobactrum; BG1=Bacillus amyloliquefaciens,BD126=Metal_Group_4; BD61=Metal_Group_4; BG1=Metal_Group_4,36,44,81.818182,53,83,63.855422,53,PP_mean,58.033333,65.586667,0,3,BD126=0; BD61=9; BG1=0,0,5.666667,BD126=4; BD61=13; BG1=0,0.682099,0.544661,0.463763
425,Polyaromatic,BD120 + BD126 + BD61,BD120,BD126,BD61,BD120=Bacillus subtilis; BD126=Bacillus; BD61=Ochrobactrum,BD120=Metal_Group_4; BD126=Metal_Group_4; BD61=Metal_Group_4,36,44,81.818182,53,83,63.855422,53,PP_mean,60.164444,67.720278,0,3,BD120=0; BD126=0; BD61=9,0,4.333333,BD120=0; BD126=0; BD61=13,0.703704,0.597484,0.463466
426,Polyaromatic,BD162 + BD48 + BD54,BD162,BD48,BD54,BD162=Bacillus safensis; BD48=Bacillus safensis; BD54=Acinetobacter,BD162=Metal_Group_4; BD48=Metal_Group_1; BD54=Metal_Group_1,37,44,84.090909,46,83,55.421687,46,PP_mean,59.184445,62.195556,0,3,BD162=9; BD48=0; BD54=0,0,5.666667,BD162=17; BD48=0; BD54=0,0.63964,0.57971,0.461202
427,Polyaromatic,BD126 + BD163 + E7,BD126,BD163,E7,BD126=Bacillus; BD163=Bacillus megaterium; E7=Acinetobacter,BD126=Metal_Group_4; BD163=Metal_Group_12; E7=Metal_Group_1,37,44,84.090909,50,83,60.240964,50,PP_mean,53.083889,61.078472,0,3.333333,BD126=1; BD163=0; E7=9,0,5,BD126=6; BD163=0; E7=9,0.647612,0.538899,0.461169
428,Polyaromatic,BD126 + BD54 + BD9,BD126,BD54,BD9,BD126=Bacillus; BD54=Acinetobacter; BD9=Bacillus amyloliquefaciens,BD126=Metal_Group_4; BD54=Metal_Group_1; BD9=Metal_Group_4,37,44,84.090909,50,83,60.240964,50,PP_mean,52.335556,60.187778,0,3.333333,BD126=0; BD54=10; BD9=0,0,4.666667,BD126=4; BD54=10; BD9=0,0.636303,0.533188,0.460802
429,Polyaromatic,BD126 + BD162 + BD61,BD126,BD162,BD61,BD126=Bacillus; BD162=Bacillus safensis; BD61=Ochrobactrum,BD126=Metal_Group_4; BD162=Metal_Group_4; BD61=Metal_Group_4,36,44,81.818182,53,83,63.855422,53,PP_mean,57.724444,63.087222,0,3,BD126=0; BD162=0; BD61=9,0,5.666667,BD126=4; BD162=0; BD61=13,0.682099,0.544661,0.459742
430,Polyaromatic,BD48 + BD50 + BD9,BD48,BD50,BD9,BD48=Bacillus safensis; BD50=Bacillus safensis; BD9=Bacillus amyloliquefaciens,BD48=Metal_Group_1; BD50=Metal_Group_4; BD9=Metal_Group_4,37,44,84.090909,47,83,56.626506,47,PP_mean,50.76,56.690278,0,4.666667,BD48=11; BD50=0; BD9=3,1,5,BD48=11; BD50=1; BD9=3,0.614692,0.546589,0.45874
431,Polyaromatic,BD120 + BD139 + BD158,BD120,BD139,BD158,BD120=Bacillus subtilis; BD139=Brevibacillus brevis; BD158=Salinicola,BD120=Metal_Group_4; BD139=Metal_Group_4; BD158=Metal_Group_1,32,44,72.727273,52,83,62.650602,52,PP_mean,65.672389,66.830361,0,3.333333,BD120=7; BD139=0; BD158=3,3,6,BD120=7; BD139=3; BD158=8,0.636552,0.525081,0.458255
432,Polyaromatic,BD61 + BD9 + BG1,BD61,BD9,BG1,BD61=Ochrobactrum; BD9=Bacillus amyloliquefaciens; BG1=Bacillus amyloliquefaciens,BD61=Metal_Group_4; BD9=Metal_Group_4; BG1=Metal_Group_4,36,44,81.818182,49,83,59.036145,49,PP_mean,61.106111,67.351667,0,3.333333,BD61=10; BD9=0; BG1=0,0,5,BD61=15; BD9=0; BG1=0,0.685185,0.591837,0.456043
433,Polyaromatic,BD132 + BD160 + BD54,BD132,BD160,BD54,BD132=Bacillus safensis; BD160=Bacillus stratosphericus; BD54=Acinetobacter,BD132=Metal_Group_4; BD160=Metal_Group_4; BD54=Metal_Group_1,34,44,77.272727,44,83,53.012048,44,PP_mean,75.646111,78.426944,0,3.666667,BD132=0; BD160=0; BD54=11,0,3.666667,BD132=0; BD160=0; BD54=11,0.666667,0.606061,0.454258
434,Polyaromatic,BD48 + BG1 + E7,BD48,BG1,E7,BD48=Bacillus safensis; BG1=Bacillus amyloliquefaciens; E7=Acinetobacter,BD48=Metal_Group_1; BG1=Metal_Group_4; E7=Metal_Group_1,37,44,84.090909,46,83,55.421687,46,PP_mean,55.186667,62.655278,0,3,BD48=0; BG1=9; E7=0,0,5.666667,BD48=0; BG1=17; E7=0,0.63964,0.57971,0.45358
435,Polyaromatic,BD120 + BD132 + BD158,BD120,BD132,BD158,BD120=Bacillus subtilis; BD132=Bacillus safensis; BD158=Salinicola,BD120=Metal_Group_4; BD132=Metal_Group_4; BD158=Metal_Group_1,32,44,72.727273,50,83,60.240964,50,PP_mean,74.001833,75.881194,0,3,BD120=4; BD132=0; BD158=5,1,5.666667,BD120=7; BD132=1; BD158=9,0.641093,0.572613,0.452208
436,Polyaromatic,BD162 + BD61 + BD9,BD162,BD61,BD9,BD162=Bacillus safensis; BD61=Ochrobactrum; BD9=Bacillus amyloliquefaciens,BD162=Metal_Group_4; BD61=Metal_Group_4; BD9=Metal_Group_4,36,44,81.818182,49,83,59.036145,49,PP_mean,60.797222,64.852222,0,3.333333,BD162=0; BD61=10; BD9=0,0,5,BD162=0; BD61=15; BD9=0,0.685185,0.591837,0.452023
437,Polyaromatic,BD127 + BD9 + BG1,BD127,BD9,BG1,BD127=Achromobacter; BD9=Bacillus amyloliquefaciens; BG1=Bacillus amyloliquefaciens,BD127=Metal_Group_4; BD9=Metal_Group_4; BG1=Metal_Group_4,37,44,84.090909,52,83,62.650602,52,PP_mean,48.636389,57.385417,0,3.666667,BD127=11; BD9=0; BG1=0,0,6,BD127=18; BD9=0; BG1=0,0.63964,0.589744,0.450964
438,Polyaromatic,BD162 + BD48 + E7,BD162,BD48,E7,BD162=Bacillus safensis; BD48=Bacillus safensis; E7=Acinetobacter,BD162=Metal_Group_4; BD48=Metal_Group_1; E7=Metal_Group_1,37,44,84.090909,46,83,55.421687,46,PP_mean,54.877778,60.155834,0,3,BD162=9; BD48=0; E7=0,0,5.666667,BD162=17; BD48=0; E7=0,0.63964,0.57971,0.44956
439,Polyaromatic,BD126 + BD127 + BD9,BD126,BD127,BD9,BD126=Bacillus; BD127=Achromobacter; BD9=Bacillus amyloliquefaciens,BD126=Metal_Group_4; BD127=Metal_Group_4; BD9=Metal_Group_4,38,44,86.363636,56,83,67.46988,56,PP_mean,36.513611,48.440417,0,4,BD126=1; BD127=11; BD9=0,0,6.666667,BD126=4; BD127=16; BD9=0,0.623264,0.542491,0.44929
440,Polyaromatic,BD126 + BD9 + E7,BD126,BD9,E7,BD126=Bacillus; BD9=Bacillus amyloliquefaciens; E7=Acinetobacter,BD126=Metal_Group_4; BD9=Metal_Group_4; E7=Metal_Group_1,37,44,84.090909,50,83,60.240964,50,PP_mean,48.028889,58.148056,0,3.333333,BD126=0; BD9=0; E7=10,0,4.666667,BD126=4; BD9=0; E7=10,0.636303,0.533188,0.44916
441,Polyaromatic,BD132 + BD50 + BD54,BD132,BD50,BD54,BD132=Bacillus safensis; BD50=Bacillus safensis; BD54=Acinetobacter,BD132=Metal_Group_4; BD50=Metal_Group_4; BD54=Metal_Group_1,34,44,77.272727,44,83,53.012048,44,PP_mean,73.997222,77.154722,0,3.666667,BD132=0; BD50=0; BD54=11,0,3.666667,BD132=0; BD50=0; BD54=11,0.666667,0.606061,0.449135
442,Polyaromatic,BD126 + BD48 + BG1,BD126,BD48,BG1,BD126=Bacillus; BD48=Bacillus safensis; BG1=Bacillus amyloliquefaciens,BD126=Metal_Group_4; BD48=Metal_Group_1; BG1=Metal_Group_4,37,44,84.090909,50,83,60.240964,50,PP_mean,49.278889,55.927222,0,3.333333,BD126=0; BD48=10; BG1=0,0,4.666667,BD126=4; BD48=10; BG1=0,0.636303,0.533188,0.448732
443,Polyaromatic,BD120 + BD126 + BD48,BD120,BD126,BD48,BD120=Bacillus subtilis; BD126=Bacillus; BD48=Bacillus safensis,BD120=Metal_Group_4; BD126=Metal_Group_4; BD48=Metal_Group_1,37,44,84.090909,50,83,60.240964,50,PP_mean,51.41,58.060833,0,3.333333,BD120=0; BD126=0; BD48=10,0,3.333333,BD120=0; BD126=0; BD48=10,0.657658,0.586667,0.448432
444,Polyaromatic,BD126 + BD163 + BD61,BD126,BD163,BD61,BD126=Bacillus; BD163=Bacillus megaterium; BD61=Ochrobactrum,BD126=Metal_Group_4; BD163=Metal_Group_12; BD61=Metal_Group_4,36,44,81.818182,53,83,63.855422,53,PP_mean,54.038333,61.337083,0,3,BD126=1; BD163=0; BD61=8,0,5.666667,BD126=5; BD163=0; BD61=12,0.694709,0.539257,0.447966
445,Polyaromatic,BD127 + BD162 + BD9,BD127,BD162,BD9,BD127=Achromobacter; BD162=Bacillus safensis; BD9=Bacillus amyloliquefaciens,BD127=Metal_Group_4; BD162=Metal_Group_4; BD9=Metal_Group_4,37,44,84.090909,52,83,62.650602,52,PP_mean,48.3275,54.885972,0,3.666667,BD127=11; BD162=0; BD9=0,0,6,BD127=18; BD162=0; BD9=0,0.63964,0.589744,0.446944
446,Polyaromatic,BD163 + BD54 + E7,BD163,BD54,E7,BD163=Bacillus megaterium; BD54=Acinetobacter; E7=Acinetobacter,BD163=Metal_Group_12; BD54=Metal_Group_1; E7=Metal_Group_1,36,44,81.818182,44,83,53.012048,44,PP_mean,63.298334,69.84625,0,2.666667,BD163=8; BD54=0; E7=0,0,5,BD163=15; BD54=0; E7=0,0.685185,0.621212,0.446193
447,Polyaromatic,BD120 + BD158 + BD160,BD120,BD158,BD160,BD120=Bacillus subtilis; BD158=Salinicola; BD160=Bacillus stratosphericus,BD120=Metal_Group_4; BD158=Metal_Group_1; BD160=Metal_Group_4,32,44,72.727273,50,83,60.240964,50,PP_mean,71.9785,74.307583,0,3,BD120=4; BD158=5; BD160=0,1,5.666667,BD120=7; BD158=9; BD160=1,0.641093,0.572613,0.445906
448,Polyaromatic,BD126 + BD162 + BD48,BD126,BD162,BD48,BD126=Bacillus; BD162=Bacillus safensis; BD48=Bacillus safensis,BD126=Metal_Group_4; BD162=Metal_Group_4; BD48=Metal_Group_1,37,44,84.090909,50,83,60.240964,50,PP_mean,48.97,53.427778,0,3.333333,BD126=0; BD162=0; BD48=10,0,4.666667,BD126=4; BD162=0; BD48=10,0.636303,0.533188,0.444712
449,Polyaromatic,BD160 + BD50 + BD54,BD160,BD50,BD54,BD160=Bacillus stratosphericus; BD50=Bacillus safensis; BD54=Acinetobacter,BD160=Metal_Group_4; BD50=Metal_Group_4; BD54=Metal_Group_1,34,44,77.272727,44,83,53.012048,44,PP_mean,71.973889,75.581111,0,3.666667,BD160=0; BD50=0; BD54=11,0,3.666667,BD160=0; BD50=0; BD54=11,0.666667,0.606061,0.442833
450,Polyaromatic,BD132 + BD160 + E7,BD132,BD160,E7,BD132=Bacillus safensis; BD160=Bacillus stratosphericus; E7=Acinetobacter,BD132=Metal_Group_4; BD160=Metal_Group_4; E7=Metal_Group_1,34,44,77.272727,44,83,53.012048,44,PP_mean,71.339444,76.387222,0,3.666667,BD132=0; BD160=0; E7=11,0,3.666667,BD132=0; BD160=0; E7=11,0.666667,0.606061,0.442616
451,Polyaromatic,BD158 + BD163 + BD9,BD158,BD163,BD9,BD158=Salinicola; BD163=Bacillus megaterium; BD9=Bacillus amyloliquefaciens,BD158=Metal_Group_1; BD163=Metal_Group_12; BD9=Metal_Group_4,32,44,72.727273,46,83,55.421687,46,PP_mean,56.745167,60.474111,1,2,BD158=4; BD163=1; BD9=1,2,4.666667,BD158=8; BD163=2; BD9=4,0.652458,0.604788,0.441464
452,Polyaromatic,BD48 + BD9 + BG1,BD48,BD9,BG1,BD48=Bacillus safensis; BD9=Bacillus amyloliquefaciens; BG1=Bacillus amyloliquefaciens,BD48=Metal_Group_1; BD9=Metal_Group_4; BG1=Metal_Group_4,37,44,84.090909,46,83,55.421687,46,PP_mean,52.351667,57.692222,0,3.666667,BD48=11; BD9=0; BG1=0,0,4,BD48=12; BD9=0; BG1=0,0.63964,0.57971,0.441016
453,Polyaromatic,BD120 + BD158 + BD50,BD120,BD158,BD50,BD120=Bacillus subtilis; BD158=Salinicola; BD50=Bacillus safensis,BD120=Metal_Group_4; BD158=Metal_Group_1; BD50=Metal_Group_4,32,44,72.727273,50,83,60.240964,50,PP_mean,70.329611,73.035361,0,3,BD120=4; BD158=5; BD50=0,1,5.666667,BD120=7; BD158=9; BD50=1,0.641093,0.572613,0.440784
454,Polyaromatic,BD132 + BD54 + E7,BD132,BD54,E7,BD132=Bacillus safensis; BD54=Acinetobacter; E7=Acinetobacter,BD132=Metal_Group_4; BD54=Metal_Group_1; E7=Metal_Group_1,34,44,77.272727,44,83,53.012048,44,PP_mean,69.373889,75.939722,0,2,BD132=6; BD54=0; E7=0,0,5,BD132=15; BD54=0; E7=0,0.666667,0.606061,0.437957
455,Polyaromatic,BD132 + BD50 + E7,BD132,BD50,E7,BD132=Bacillus safensis; BD50=Bacillus safensis; E7=Acinetobacter,BD132=Metal_Group_4; BD50=Metal_Group_4; E7=Metal_Group_1,34,44,77.272727,44,83,53.012048,44,PP_mean,69.690556,75.115,0,3.666667,BD132=0; BD50=0; E7=11,0,3.666667,BD132=0; BD50=0; E7=11,0.666667,0.606061,0.437493
456,Polyaromatic,BD162 + BD48 + BD9,BD162,BD48,BD9,BD162=Bacillus safensis; BD48=Bacillus safensis; BD9=Bacillus amyloliquefaciens,BD162=Metal_Group_4; BD48=Metal_Group_1; BD9=Metal_Group_4,37,44,84.090909,46,83,55.421687,46,PP_mean,52.042778,55.192778,0,3.666667,BD162=0; BD48=11; BD9=0,0,4,BD162=0; BD48=12; BD9=0,0.63964,0.57971,0.436996
457,Polyaromatic,BD126 + BD48 + BD54,BD126,BD48,BD54,BD126=Bacillus; BD48=Bacillus safensis; BD54=Acinetobacter,BD126=Metal_Group_4; BD48=Metal_Group_1; BD54=Metal_Group_1,37,44,84.090909,50,83,60.240964,50,PP_mean,47.370556,55.75,0,3,BD126=9; BD48=0; BD54=0,0,7,BD126=21; BD48=0; BD54=0,0.657658,0.586667,0.436974
458,Polyaromatic,BD48 + BD54 + BD9,BD48,BD54,BD9,BD48=Bacillus safensis; BD54=Acinetobacter; BD9=Bacillus amyloliquefaciens,BD48=Metal_Group_1; BD54=Metal_Group_1; BD9=Metal_Group_4,37,44,84.090909,46,83,55.421687,46,PP_mean,50.443334,57.515,0,3,BD48=0; BD54=0; BD9=9,0,5.666667,BD48=0; BD54=0; BD9=17,0.63964,0.57971,0.436841
459,Polyaromatic,BD126 + BD61 + BD9,BD126,BD61,BD9,BD126=Bacillus; BD61=Ochrobactrum; BD9=Bacillus amyloliquefaciens,BD126=Metal_Group_4; BD61=Metal_Group_4; BD9=Metal_Group_4,36,44,81.818182,53,83,63.855422,53,PP_mean,48.983333,58.406667,0,3,BD126=0; BD61=9; BD9=0,0,5.666667,BD126=4; BD61=13; BD9=0,0.682099,0.544661,0.435381
460,Polyaromatic,BD117 + BD126 + BD163,BD117,BD126,BD163,BD117=Micococcus luteus; BD126=Bacillus; BD163=Bacillus megaterium,BD117=Metal_Group_9; BD126=Metal_Group_4; BD163=Metal_Group_12,31,44,70.454545,45,83,54.216867,45,PP_mean,59.711111,63.770972,1,1.666667,BD117=3; BD126=1; BD163=1,1,3.666667,BD117=4; BD126=6; BD163=1,0.620635,0.501587,0.432749
461,Polyaromatic,BD132 + BD160 + BD61,BD132,BD160,BD61,BD132=Bacillus safensis; BD160=Bacillus stratosphericus; BD61=Ochrobactrum,BD132=Metal_Group_4; BD160=Metal_Group_4; BD61=Metal_Group_4,33,44,75.0,48,83,57.831325,48,PP_mean,72.293889,76.645833,0,3.333333,BD132=0; BD160=0; BD61=10,0,5,BD132=0; BD160=0; BD61=15,0.717172,0.597222,0.432609
462,Polyaromatic,BD126 + BD163 + BD48,BD126,BD163,BD48,BD126=Bacillus; BD163=Bacillus megaterium; BD48=Bacillus safensis,BD126=Metal_Group_4; BD163=Metal_Group_12; BD48=Metal_Group_1,37,44,84.090909,50,83,60.240964,50,PP_mean,45.283889,51.677639,0,3.333333,BD126=1; BD163=0; BD48=9,0,5,BD126=6; BD163=0; BD48=9,0.647612,0.538899,0.432359
463,Polyaromatic,BD117 + BD120 + BD132,BD117,BD120,BD132,BD117=Micococcus luteus; BD120=Bacillus subtilis; BD132=Bacillus safensis,BD117=Metal_Group_9; BD120=Metal_Group_4; BD132=Metal_Group_4,30,44,68.181818,45,83,54.216867,45,PP_mean,80.040555,80.943056,0,2.333333,BD117=3; BD120=4; BD132=0,1,4,BD117=4; BD120=7; BD132=1,0.618993,0.496606,0.431894
464,Polyaromatic,BD160 + BD54 + E7,BD160,BD54,E7,BD160=Bacillus stratosphericus; BD54=Acinetobacter; E7=Acinetobacter,BD160=Metal_Group_4; BD54=Metal_Group_1; E7=Metal_Group_1,34,44,77.272727,44,83,53.012048,44,PP_mean,67.350556,74.366111,0,2,BD160=6; BD54=0; E7=0,0,5,BD160=15; BD54=0; E7=0,0.666667,0.606061,0.431654
465,Polyaromatic,BD160 + BD50 + E7,BD160,BD50,E7,BD160=Bacillus stratosphericus; BD50=Bacillus safensis; E7=Acinetobacter,BD160=Metal_Group_4; BD50=Metal_Group_4; E7=Metal_Group_1,34,44,77.272727,44,83,53.012048,44,PP_mean,67.667222,73.541389,0,3.666667,BD160=0; BD50=0; E7=11,0,3.666667,BD160=0; BD50=0; E7=11,0.666667,0.606061,0.431191
466,Polyaromatic,BD132 + BD50 + BD61,BD132,BD50,BD61,BD132=Bacillus safensis; BD50=Bacillus safensis; BD61=Ochrobactrum,BD132=Metal_Group_4; BD50=Metal_Group_4; BD61=Metal_Group_4,33,44,75.0,48,83,57.831325,48,PP_mean,70.645,75.373611,0,3.333333,BD132=0; BD50=0; BD61=10,0,5,BD132=0; BD50=0; BD61=15,0.717172,0.597222,0.427486
467,Polyaromatic,BD50 + BD54 + E7,BD50,BD54,E7,BD50=Bacillus safensis; BD54=Acinetobacter; E7=Acinetobacter,BD50=Metal_Group_4; BD54=Metal_Group_1; E7=Metal_Group_1,34,44,77.272727,44,83,53.012048,44,PP_mean,65.701667,73.093889,0,2,BD50=6; BD54=0; E7=0,0,5,BD50=15; BD54=0; E7=0,0.666667,0.606061,0.426532
468,Polyaromatic,BD117 + BD120 + BD160,BD117,BD120,BD160,BD117=Micococcus luteus; BD120=Bacillus subtilis; BD160=Bacillus stratosphericus,BD117=Metal_Group_9; BD120=Metal_Group_4; BD160=Metal_Group_4,30,44,68.181818,45,83,54.216867,45,PP_mean,78.017222,79.369444,0,2.333333,BD117=3; BD120=4; BD160=0,1,4,BD117=4; BD120=7; BD160=1,0.618993,0.496606,0.425592
469,Polyaromatic,BD126 + BD48 + E7,BD126,BD48,E7,BD126=Bacillus; BD48=Bacillus safensis; E7=Acinetobacter,BD126=Metal_Group_4; BD48=Metal_Group_1; E7=Metal_Group_1,37,44,84.090909,50,83,60.240964,50,PP_mean,43.063889,53.710278,0,3,BD126=9; BD48=0; E7=0,0,7,BD126=21; BD48=0; E7=0,0.657658,0.586667,0.425332
470,Polyaromatic,BD48 + BD9 + E7,BD48,BD9,E7,BD48=Bacillus safensis; BD9=Bacillus amyloliquefaciens; E7=Acinetobacter,BD48=Metal_Group_1; BD9=Metal_Group_4; E7=Metal_Group_1,37,44,84.090909,46,83,55.421687,46,PP_mean,46.136667,55.475278,0,3,BD48=0; BD9=9; E7=0,0,5.666667,BD48=0; BD9=17; E7=0,0.63964,0.57971,0.425199
471,Polyaromatic,BD120 + BD158 + BG1,BD120,BD158,BG1,BD120=Bacillus subtilis; BD158=Salinicola; BG1=Bacillus amyloliquefaciens,BD120=Metal_Group_4; BD158=Metal_Group_1; BG1=Metal_Group_4,32,44,72.727273,49,83,59.036145,49,PP_mean,71.921278,74.037305,0,2,BD120=1; BD158=5; BG1=0,0,4.666667,BD120=5; BD158=9; BG1=0,0.659697,0.592084,0.42515
472,Polyaromatic,BD117 + BD54 + E7,BD117,BD54,E7,BD117=Micococcus luteus; BD54=Acinetobacter; E7=Acinetobacter,BD117=Metal_Group_9; BD54=Metal_Group_1; E7=Metal_Group_1,33,44,75.0,39,83,46.987952,39,PP_mean,67.705556,74.571389,0,1.666667,BD117=5; BD54=0; E7=0,0,3.333333,BD117=10; BD54=0; E7=0,0.575758,0.487179,0.424795
473,Polyaromatic,BD127 + BD132 + BD160,BD127,BD132,BD160,BD127=Achromobacter; BD132=Bacillus safensis; BD160=Bacillus stratosphericus,BD127=Metal_Group_4; BD132=Metal_Group_4; BD160=Metal_Group_4,34,44,77.272727,50,83,60.240964,50,PP_mean,59.824166,66.679583,0,3.666667,BD127=11; BD132=0; BD160=0,0,5.666667,BD127=17; BD132=0; BD160=0,0.666667,0.613333,0.423954
474,Polyaromatic,BD132 + BD158 + BG1,BD132,BD158,BG1,BD132=Bacillus safensis; BD158=Salinicola; BG1=Bacillus amyloliquefaciens,BD132=Metal_Group_4; BD158=Metal_Group_1; BG1=Metal_Group_4,31,44,70.454545,46,83,55.421687,46,PP_mean,71.870722,73.747583,0,2.666667,BD132=0; BD158=5; BG1=3,2,5,BD132=2; BD158=10; BG1=3,0.657391,0.608919,0.422798
475,Polyaromatic,BD160 + BD50 + BD61,BD160,BD50,BD61,BD160=Bacillus stratosphericus; BD50=Bacillus safensis; BD61=Ochrobactrum,BD160=Metal_Group_4; BD50=Metal_Group_4; BD61=Metal_Group_4,33,44,75.0,48,83,57.831325,48,PP_mean,68.621667,73.8,0,3.333333,BD160=0; BD50=0; BD61=10,0,5,BD160=0; BD50=0; BD61=15,0.717172,0.597222,0.421184
476,Polyaromatic,BD120 + BD158 + BD162,BD120,BD158,BD162,BD120=Bacillus subtilis; BD158=Salinicola; BD162=Bacillus safensis,BD120=Metal_Group_4; BD158=Metal_Group_1; BD162=Metal_Group_4,32,44,72.727273,49,83,59.036145,49,PP_mean,71.612389,71.537861,0,2,BD120=1; BD158=5; BD162=0,0,4.666667,BD120=5; BD158=9; BD162=0,0.659697,0.592084,0.42113
477,Polyaromatic,BD117 + BD120 + BD50,BD117,BD120,BD50,BD117=Micococcus luteus; BD120=Bacillus subtilis; BD50=Bacillus safensis,BD117=Metal_Group_9; BD120=Metal_Group_4; BD50=Metal_Group_4,30,44,68.181818,45,83,54.216867,45,PP_mean,76.368333,78.097222,0,2.333333,BD117=3; BD120=4; BD50=0,1,4,BD117=4; BD120=7; BD50=1,0.618993,0.496606,0.42047
478,Polyaromatic,BD126 + BD48 + BD9,BD126,BD48,BD9,BD126=Bacillus; BD48=Bacillus safensis; BD9=Bacillus amyloliquefaciens,BD126=Metal_Group_4; BD48=Metal_Group_1; BD9=Metal_Group_4,37,44,84.090909,50,83,60.240964,50,PP_mean,40.228889,48.747222,0,3.333333,BD126=0; BD48=10; BD9=0,0,4.666667,BD126=4; BD48=10; BD9=0,0.636303,0.533188,0.420351
479,Polyaromatic,BD127 + BD132 + BD50,BD127,BD132,BD50,BD127=Achromobacter; BD132=Bacillus safensis; BD50=Bacillus safensis,BD127=Metal_Group_4; BD132=Metal_Group_4; BD50=Metal_Group_4,34,44,77.272727,50,83,60.240964,50,PP_mean,58.175278,65.407361,0,3.666667,BD127=11; BD132=0; BD50=0,0,5.666667,BD127=17; BD132=0; BD50=0,0.666667,0.613333,0.418832
480,Polyaromatic,BD132 + BD158 + BD162,BD132,BD158,BD162,BD132=Bacillus safensis; BD158=Salinicola; BD162=Bacillus safensis,BD132=Metal_Group_4; BD158=Metal_Group_1; BD162=Metal_Group_4,31,44,70.454545,46,83,55.421687,46,PP_mean,71.561833,71.248139,0,2.666667,BD132=0; BD158=5; BD162=3,2,5,BD132=2; BD158=10; BD162=3,0.657391,0.608919,0.418778
481,Polyaromatic,BD163 + BD48 + BD54,BD163,BD48,BD54,BD163=Bacillus megaterium; BD48=Bacillus safensis; BD54=Acinetobacter,BD163=Metal_Group_12; BD48=Metal_Group_1; BD54=Metal_Group_1,36,44,81.818182,44,83,53.012048,44,PP_mean,55.498334,60.445417,0,2.666667,BD163=8; BD48=0; BD54=0,0,5,BD163=15; BD48=0; BD54=0,0.685185,0.621212,0.417384
482,Polyaromatic,BD158 + BD160 + BG1,BD158,BD160,BG1,BD158=Salinicola; BD160=Bacillus stratosphericus; BG1=Bacillus amyloliquefaciens,BD158=Metal_Group_1; BD160=Metal_Group_4; BG1=Metal_Group_4,31,44,70.454545,46,83,55.421687,46,PP_mean,69.847389,72.173972,0,2.666667,BD158=5; BD160=0; BG1=3,2,5,BD158=10; BD160=2; BG1=3,0.657391,0.608919,0.416495
483,Polyaromatic,BD126 + BD139 + BD158,BD126,BD139,BD158,BD126=Bacillus; BD139=Brevibacillus brevis; BD158=Salinicola,BD126=Metal_Group_4; BD139=Metal_Group_4; BD158=Metal_Group_1,32,44,72.727273,52,83,62.650602,52,PP_mean,51.4185,55.75175,0,3.333333,BD126=7; BD139=0; BD158=3,3,6,BD126=7; BD139=3; BD158=8,0.636552,0.525081,0.413866
484,Polyaromatic,BD132 + BD160 + BD48,BD132,BD160,BD48,BD132=Bacillus safensis; BD160=Bacillus stratosphericus; BD48=Bacillus safensis,BD132=Metal_Group_4; BD160=Metal_Group_4; BD48=Metal_Group_1,34,44,77.272727,44,83,53.012048,44,PP_mean,63.539444,66.986389,0,3.666667,BD132=0; BD160=0; BD48=11,0,3.666667,BD132=0; BD160=0; BD48=11,0.666667,0.606061,0.413806
485,Polyaromatic,BD132 + BD139 + BD163,BD132,BD139,BD163,BD132=Bacillus safensis; BD139=Brevibacillus brevis; BD163=Bacillus megaterium,BD132=Metal_Group_4; BD139=Metal_Group_4; BD163=Metal_Group_12,30,44,68.181818,43,83,51.807229,43,PP_mean,67.253333,66.877361,1,2,BD132=1; BD139=2; BD163=3,2,3,BD132=2; BD139=4; BD163=3,0.714012,0.683828,0.412661
486,Polyaromatic,BD127 + BD160 + BD50,BD127,BD160,BD50,BD127=Achromobacter; BD160=Bacillus stratosphericus; BD50=Bacillus safensis,BD127=Metal_Group_4; BD160=Metal_Group_4; BD50=Metal_Group_4,34,44,77.272727,50,83,60.240964,50,PP_mean,56.151944,63.83375,0,3.666667,BD127=11; BD160=0; BD50=0,0,5.666667,BD127=17; BD160=0; BD50=0,0.666667,0.613333,0.412529
487,Polyaromatic,BD158 + BD160 + BD162,BD158,BD160,BD162,BD158=Salinicola; BD160=Bacillus stratosphericus; BD162=Bacillus safensis,BD158=Metal_Group_1; BD160=Metal_Group_4; BD162=Metal_Group_4,31,44,70.454545,46,83,55.421687,46,PP_mean,69.5385,69.674528,0,2.666667,BD158=5; BD160=0; BD162=3,2,5,BD158=10; BD160=2; BD162=3,0.657391,0.608919,0.412475
488,Polyaromatic,BD158 + BD50 + BG1,BD158,BD50,BG1,BD158=Salinicola; BD50=Bacillus safensis; BG1=Bacillus amyloliquefaciens,BD158=Metal_Group_1; BD50=Metal_Group_4; BG1=Metal_Group_4,31,44,70.454545,46,83,55.421687,46,PP_mean,68.1985,70.90175,0,2.666667,BD158=5; BD50=0; BG1=3,2,5,BD158=10; BD50=2; BG1=3,0.657391,0.608919,0.411373
489,Polyaromatic,BD120 + BD158 + BD163,BD120,BD158,BD163,BD120=Bacillus subtilis; BD158=Salinicola; BD163=Bacillus megaterium,BD120=Metal_Group_4; BD158=Metal_Group_1; BD163=Metal_Group_12,32,44,72.727273,49,83,59.036145,49,PP_mean,67.926278,69.787722,0,1.666667,BD120=1; BD158=4; BD163=0,0,5,BD120=7; BD158=8; BD163=0,0.658986,0.600492,0.410676
490,Polyaromatic,BD132 + BD48 + BD54,BD132,BD48,BD54,BD132=Bacillus safensis; BD48=Bacillus safensis; BD54=Acinetobacter,BD132=Metal_Group_4; BD48=Metal_Group_1; BD54=Metal_Group_1,34,44,77.272727,44,83,53.012048,44,PP_mean,61.573889,66.538889,0,2,BD132=6; BD48=0; BD54=0,0,5,BD132=15; BD48=0; BD54=0,0.666667,0.606061,0.409147
491,Polyaromatic,BD132 + BD48 + BD50,BD132,BD48,BD50,BD132=Bacillus safensis; BD48=Bacillus safensis; BD50=Bacillus safensis,BD132=Metal_Group_4; BD48=Metal_Group_1; BD50=Metal_Group_4,34,44,77.272727,44,83,53.012048,44,PP_mean,61.890556,65.714167,0,3.666667,BD132=0; BD48=11; BD50=0,0,3.666667,BD132=0; BD48=11; BD50=0,0.666667,0.606061,0.408684
492,Polyaromatic,BD126 + BD132 + BD158,BD126,BD132,BD158,BD126=Bacillus; BD132=Bacillus safensis; BD158=Salinicola,BD126=Metal_Group_4; BD132=Metal_Group_4; BD158=Metal_Group_1,32,44,72.727273,50,83,60.240964,50,PP_mean,59.747944,64.802583,0,3,BD126=4; BD132=0; BD158=5,1,5.666667,BD126=7; BD132=1; BD158=9,0.641093,0.572613,0.407819
493,Polyaromatic,BD158 + BD162 + BD50,BD158,BD162,BD50,BD158=Salinicola; BD162=Bacillus safensis; BD50=Bacillus safensis,BD158=Metal_Group_1; BD162=Metal_Group_4; BD50=Metal_Group_4,31,44,70.454545,46,83,55.421687,46,PP_mean,67.889611,68.402306,0,2.666667,BD158=5; BD162=3; BD50=0,2,5,BD158=10; BD162=3; BD50=2,0.657391,0.608919,0.407353
494,Polyaromatic,BD139 + BD160 + BD163,BD139,BD160,BD163,BD139=Brevibacillus brevis; BD160=Bacillus stratosphericus; BD163=Bacillus megaterium,BD139=Metal_Group_4; BD160=Metal_Group_4; BD163=Metal_Group_12,30,44,68.181818,43,83,51.807229,43,PP_mean,65.23,65.30375,1,2,BD139=2; BD160=1; BD163=3,2,3,BD139=4; BD160=2; BD163=3,0.714012,0.683828,0.406359
495,Polyaromatic,BD163 + BD48 + E7,BD163,BD48,E7,BD163=Bacillus megaterium; BD48=Bacillus safensis; E7=Acinetobacter,BD163=Metal_Group_12; BD48=Metal_Group_1; E7=Metal_Group_1,36,44,81.818182,44,83,53.012048,44,PP_mean,51.191667,58.405695,0,2.666667,BD163=8; BD48=0; E7=0,0,5,BD163=15; BD48=0; E7=0,0.685185,0.621212,0.405742
496,Polyaromatic,BD117 + BD120 + BG1,BD117,BD120,BG1,BD117=Micococcus luteus; BD120=Bacillus subtilis; BG1=Bacillus amyloliquefaciens,BD117=Metal_Group_9; BD120=Metal_Group_4; BG1=Metal_Group_4,30,44,68.181818,44,83,53.012048,44,PP_mean,77.96,79.099167,0,1.333333,BD117=3; BD120=1; BG1=0,0,3,BD117=4; BD120=5; BG1=0,0.637463,0.516628,0.40482
497,Polyaromatic,BD127 + BD54 + BD61,BD127,BD54,BD61,BD127=Achromobacter; BD54=Acinetobacter; BD61=Ochrobactrum,BD127=Metal_Group_4; BD54=Metal_Group_1; BD61=Metal_Group_4,32,44,72.727273,50,83,60.240964,50,PP_mean,50.5175,62.429861,0,0.333333,BD127=0; BD54=1; BD61=0,4,4.333333,BD127=5; BD54=4; BD61=4,0.789987,0.473913,0.404267
498,Polyaromatic,BD139 + BD158 + BD163,BD139,BD158,BD163,BD139=Brevibacillus brevis; BD158=Salinicola; BD163=Bacillus megaterium,BD139=Metal_Group_4; BD158=Metal_Group_1; BD163=Metal_Group_12,31,44,70.454545,48,83,57.831325,48,PP_mean,59.546278,60.447167,0,2.666667,BD139=0; BD158=2; BD163=6,3,5.333333,BD139=6; BD158=7; BD163=3,0.652681,0.5502,0.403192
499,Polyaromatic,BD139 + BD163 + BG1,BD139,BD163,BG1,BD139=Brevibacillus brevis; BD163=Bacillus megaterium; BG1=Bacillus amyloliquefaciens,BD139=Metal_Group_4; BD163=Metal_Group_12; BG1=Metal_Group_4,30,44,68.181818,44,83,53.012048,44,PP_mean,65.172778,65.033472,1,1.333333,BD139=2; BD163=1; BG1=1,2,3.666667,BD139=6; BD163=2; BG1=3,0.745895,0.689019,0.403072
500,Polyaromatic,BD160 + BD48 + BD54,BD160,BD48,BD54,BD160=Bacillus stratosphericus; BD48=Bacillus safensis; BD54=Acinetobacter,BD160=Metal_Group_4; BD48=Metal_Group_1; BD54=Metal_Group_1,34,44,77.272727,44,83,53.012048,44,PP_mean,59.550556,64.965278,0,2,BD160=6; BD48=0; BD54=0,0,5,BD160=15; BD48=0; BD54=0,0.666667,0.606061,0.402845
501,Polyaromatic,BD117 + BD132 + BG1,BD117,BD132,BG1,BD117=Micococcus luteus; BD132=Bacillus safensis; BG1=Bacillus amyloliquefaciens,BD117=Metal_Group_9; BD132=Metal_Group_4; BG1=Metal_Group_4,29,44,65.909091,41,83,49.39759,41,PP_mean,77.909444,78.809445,0,2,BD117=3; BD132=0; BG1=3,2,3.333333,BD117=5; BD132=2; BG1=3,0.635279,0.529502,0.402732
502,Polyaromatic,BD160 + BD48 + BD50,BD160,BD48,BD50,BD160=Bacillus stratosphericus; BD48=Bacillus safensis; BD50=Bacillus safensis,BD160=Metal_Group_4; BD48=Metal_Group_1; BD50=Metal_Group_4,34,44,77.272727,44,83,53.012048,44,PP_mean,59.867222,64.140556,0,3.666667,BD160=0; BD48=11; BD50=0,0,3.666667,BD160=0; BD48=11; BD50=0,0.666667,0.606061,0.402381
503,Polyaromatic,BD126 + BD158 + BD160,BD126,BD158,BD160,BD126=Bacillus; BD158=Salinicola; BD160=Bacillus stratosphericus,BD126=Metal_Group_4; BD158=Metal_Group_1; BD160=Metal_Group_4,32,44,72.727273,50,83,60.240964,50,PP_mean,57.724611,63.228972,0,3,BD126=4; BD158=5; BD160=0,1,5.666667,BD126=7; BD158=9; BD160=1,0.641093,0.572613,0.401516
504,Polyaromatic,BD139 + BD163 + BD50,BD139,BD163,BD50,BD139=Brevibacillus brevis; BD163=Bacillus megaterium; BD50=Bacillus safensis,BD139=Metal_Group_4; BD163=Metal_Group_12; BD50=Metal_Group_4,30,44,68.181818,43,83,51.807229,43,PP_mean,63.581111,64.031528,1,2,BD139=2; BD163=3; BD50=1,2,3,BD139=4; BD163=3; BD50=2,0.714012,0.683828,0.401237
505,Polyaromatic,BD117 + BD120 + BD162,BD117,BD120,BD162,BD117=Micococcus luteus; BD120=Bacillus subtilis; BD162=Bacillus safensis,BD117=Metal_Group_9; BD120=Metal_Group_4; BD162=Metal_Group_4,30,44,68.181818,44,83,53.012048,44,PP_mean,77.651111,76.599722,0,1.333333,BD117=3; BD120=1; BD162=0,0,3,BD117=4; BD120=5; BD162=0,0.637463,0.516628,0.4008
506,Polyaromatic,BD139 + BD162 + BD163,BD139,BD162,BD163,BD139=Brevibacillus brevis; BD162=Bacillus safensis; BD163=Bacillus megaterium,BD139=Metal_Group_4; BD162=Metal_Group_4; BD163=Metal_Group_12,30,44,68.181818,44,83,53.012048,44,PP_mean,64.863889,62.534028,1,1.333333,BD139=2; BD162=1; BD163=1,2,3.666667,BD139=6; BD162=3; BD163=2,0.745895,0.689019,0.399052
507,Polyaromatic,BD117 + BD132 + BD162,BD117,BD132,BD162,BD117=Micococcus luteus; BD132=Bacillus safensis; BD162=Bacillus safensis,BD117=Metal_Group_9; BD132=Metal_Group_4; BD162=Metal_Group_4,29,44,65.909091,41,83,49.39759,41,PP_mean,77.600555,76.31,0,2,BD117=3; BD132=0; BD162=3,2,3.333333,BD117=5; BD132=2; BD162=3,0.635279,0.529502,0.398712
508,Polyaromatic,BD139 + BD54 + E7,BD139,BD54,E7,BD139=Brevibacillus brevis; BD54=Acinetobacter; E7=Acinetobacter,BD139=Metal_Group_4; BD54=Metal_Group_1; E7=Metal_Group_1,33,44,75.0,46,83,55.421687,46,PP_mean,61.044445,66.888889,0,1.666667,BD139=5; BD54=0; E7=0,0,5.666667,BD139=17; BD54=0; E7=0,0.676768,0.57971,0.398256
509,Polyaromatic,BD48 + BD50 + BD54,BD48,BD50,BD54,BD48=Bacillus safensis; BD50=Bacillus safensis; BD54=Acinetobacter,BD48=Metal_Group_1; BD50=Metal_Group_4; BD54=Metal_Group_1,34,44,77.272727,44,83,53.012048,44,PP_mean,57.901667,63.693056,0,2,BD48=0; BD50=6; BD54=0,0,5,BD48=0; BD50=15; BD54=0,0.666667,0.606061,0.397722
510,Polyaromatic,BD132 + BD48 + E7,BD132,BD48,E7,BD132=Bacillus safensis; BD48=Bacillus safensis; E7=Acinetobacter,BD132=Metal_Group_4; BD48=Metal_Group_1; E7=Metal_Group_1,34,44,77.272727,44,83,53.012048,44,PP_mean,57.267222,64.499167,0,2,BD132=6; BD48=0; E7=0,0,5,BD132=15; BD48=0; E7=0,0.666667,0.606061,0.397505
511,Polyaromatic,BD120 + BD158 + BD9,BD120,BD158,BD9,BD120=Bacillus subtilis; BD158=Salinicola; BD9=Bacillus amyloliquefaciens,BD120=Metal_Group_4; BD158=Metal_Group_1; BD9=Metal_Group_4,32,44,72.727273,49,83,59.036145,49,PP_mean,62.871278,66.857305,0,2,BD120=1; BD158=5; BD9=0,0,4.666667,BD120=5; BD158=9; BD9=0,0.659697,0.592084,0.396769
512,Polyaromatic,BD117 + BD160 + BG1,BD117,BD160,BG1,BD117=Micococcus luteus; BD160=Bacillus stratosphericus; BG1=Bacillus amyloliquefaciens,BD117=Metal_Group_9; BD160=Metal_Group_4; BG1=Metal_Group_4,29,44,65.909091,41,83,49.39759,41,PP_mean,75.886111,77.235833,0,2,BD117=3; BD160=0; BG1=3,2,3.333333,BD117=5; BD160=2; BG1=3,0.635279,0.529502,0.39643
513,Polyaromatic,BD126 + BD158 + BD50,BD126,BD158,BD50,BD126=Bacillus; BD158=Salinicola; BD50=Bacillus safensis,BD126=Metal_Group_4; BD158=Metal_Group_1; BD50=Metal_Group_4,32,44,72.727273,50,83,60.240964,50,PP_mean,56.075722,61.95675,0,3,BD126=4; BD158=5; BD50=0,1,5.666667,BD126=7; BD158=9; BD50=1,0.641093,0.572613,0.396394
514,Polyaromatic,BD117 + BD48 + BD54,BD117,BD48,BD54,BD117=Micococcus luteus; BD48=Bacillus safensis; BD54=Acinetobacter,BD117=Metal_Group_9; BD48=Metal_Group_1; BD54=Metal_Group_1,33,44,75.0,39,83,46.987952,39,PP_mean,59.905556,65.170556,0,1.666667,BD117=5; BD48=0; BD54=0,0,3.333333,BD117=10; BD48=0; BD54=0,0.575758,0.487179,0.395985
515,Polyaromatic,BD120 + BD139 + BD163,BD120,BD139,BD163,BD120=Bacillus subtilis; BD139=Brevibacillus brevis; BD163=Bacillus megaterium,BD120=Metal_Group_4; BD139=Metal_Group_4; BD163=Metal_Group_12,30,44,68.181818,45,83,54.216867,45,PP_mean,67.303889,67.167083,1,1.333333,BD120=1; BD139=2; BD163=1,1,3,BD120=4; BD139=4; BD163=1,0.769294,0.715078,0.395021
516,Polyaromatic,BD132 + BD158 + BD9,BD132,BD158,BD9,BD132=Bacillus safensis; BD158=Salinicola; BD9=Bacillus amyloliquefaciens,BD132=Metal_Group_4; BD158=Metal_Group_1; BD9=Metal_Group_4,31,44,70.454545,46,83,55.421687,46,PP_mean,62.820722,66.567583,0,2.666667,BD132=0; BD158=5; BD9=3,2,5,BD132=2; BD158=10; BD9=3,0.657391,0.608919,0.394416
517,Polyaromatic,BD127 + BD61 + E7,BD127,BD61,E7,BD127=Achromobacter; BD61=Ochrobactrum; E7=Acinetobacter,BD127=Metal_Group_4; BD61=Metal_Group_4; E7=Metal_Group_1,32,44,72.727273,50,83,60.240964,50,PP_mean,46.210833,60.390139,0,0.333333,BD127=0; BD61=0; E7=1,4,4.333333,BD127=5; BD61=4; E7=4,0.789987,0.473913,0.392625
518,Polyaromatic,BD117 + BD160 + BD162,BD117,BD160,BD162,BD117=Micococcus luteus; BD160=Bacillus stratosphericus; BD162=Bacillus safensis,BD117=Metal_Group_9; BD160=Metal_Group_4; BD162=Metal_Group_4,29,44,65.909091,41,83,49.39759,41,PP_mean,75.577222,74.736389,0,2,BD117=3; BD160=0; BD162=3,2,3.333333,BD117=5; BD160=2; BD162=3,0.635279,0.529502,0.39241
519,Polyaromatic,BD117 + BD50 + BG1,BD117,BD50,BG1,BD117=Micococcus luteus; BD50=Bacillus safensis; BG1=Bacillus amyloliquefaciens,BD117=Metal_Group_9; BD50=Metal_Group_4; BG1=Metal_Group_4,29,44,65.909091,41,83,49.39759,41,PP_mean,74.237222,75.963611,0,2,BD117=3; BD50=0; BG1=3,2,3.333333,BD117=5; BD50=2; BG1=3,0.635279,0.529502,0.391307
520,Polyaromatic,BD160 + BD48 + E7,BD160,BD48,E7,BD160=Bacillus stratosphericus; BD48=Bacillus safensis; E7=Acinetobacter,BD160=Metal_Group_4; BD48=Metal_Group_1; E7=Metal_Group_1,34,44,77.272727,44,83,53.012048,44,PP_mean,55.243889,62.925556,0,2,BD160=6; BD48=0; E7=0,0,5,BD160=15; BD48=0; E7=0,0.666667,0.606061,0.391203
521,Polyaromatic,BD158 + BD160 + BD9,BD158,BD160,BD9,BD158=Salinicola; BD160=Bacillus stratosphericus; BD9=Bacillus amyloliquefaciens,BD158=Metal_Group_1; BD160=Metal_Group_4; BD9=Metal_Group_4,31,44,70.454545,46,83,55.421687,46,PP_mean,60.797389,64.993972,0,2.666667,BD158=5; BD160=0; BD9=3,2,5,BD158=10; BD160=2; BD9=3,0.657391,0.608919,0.388114
522,Polyaromatic,BD117 + BD126 + BD132,BD117,BD126,BD132,BD117=Micococcus luteus; BD126=Bacillus; BD132=Bacillus safensis,BD117=Metal_Group_9; BD126=Metal_Group_4; BD132=Metal_Group_4,30,44,68.181818,45,83,54.216867,45,PP_mean,65.786666,69.864445,0,2.333333,BD117=3; BD126=4; BD132=0,1,4,BD117=4; BD126=7; BD132=1,0.618993,0.496606,0.387505
523,Polyaromatic,BD117 + BD162 + BD50,BD117,BD162,BD50,BD117=Micococcus luteus; BD162=Bacillus safensis; BD50=Bacillus safensis,BD117=Metal_Group_9; BD162=Metal_Group_4; BD50=Metal_Group_4,29,44,65.909091,41,83,49.39759,41,PP_mean,73.928333,73.464167,0,2,BD117=3; BD162=3; BD50=0,2,3.333333,BD117=5; BD162=3; BD50=2,0.635279,0.529502,0.387287
524,Polyaromatic,BD48 + BD50 + E7,BD48,BD50,E7,BD48=Bacillus safensis; BD50=Bacillus safensis; E7=Acinetobacter,BD48=Metal_Group_1; BD50=Metal_Group_4; E7=Metal_Group_1,34,44,77.272727,44,83,53.012048,44,PP_mean,53.595,61.653334,0,2,BD48=0; BD50=6; E7=0,0,5,BD48=0; BD50=15; E7=0,0.666667,0.606061,0.38608
525,Polyaromatic,BD117 + BD48 + E7,BD117,BD48,E7,BD117=Micococcus luteus; BD48=Bacillus safensis; E7=Acinetobacter,BD117=Metal_Group_9; BD48=Metal_Group_1; E7=Metal_Group_1,33,44,75.0,39,83,46.987952,39,PP_mean,55.598889,63.130834,0,1.666667,BD117=5; BD48=0; E7=0,0,3.333333,BD117=10; BD48=0; E7=0,0.575758,0.487179,0.384343
526,Polyaromatic,BD120 + BD126 + BD158,BD120,BD126,BD158,BD120=Bacillus subtilis; BD126=Bacillus; BD158=Salinicola,BD120=Metal_Group_4; BD126=Metal_Group_4; BD158=Metal_Group_1,32,44,72.727273,49,83,59.036145,49,PP_mean,59.7985,65.092305,0,1.666667,BD120=0; BD126=0; BD158=5,0,3,BD120=0; BD126=0; BD158=9,0.666667,0.632653,0.383899
527,Polyaromatic,BD158 + BD50 + BD9,BD158,BD50,BD9,BD158=Salinicola; BD50=Bacillus safensis; BD9=Bacillus amyloliquefaciens,BD158=Metal_Group_1; BD50=Metal_Group_4; BD9=Metal_Group_4,31,44,70.454545,46,83,55.421687,46,PP_mean,59.1485,63.72175,0,2.666667,BD158=5; BD50=0; BD9=3,2,5,BD158=10; BD50=2; BD9=3,0.657391,0.608919,0.382992
528,Polyaromatic,BD117 + BD126 + BD160,BD117,BD126,BD160,BD117=Micococcus luteus; BD126=Bacillus; BD160=Bacillus stratosphericus,BD117=Metal_Group_9; BD126=Metal_Group_4; BD160=Metal_Group_4,30,44,68.181818,45,83,54.216867,45,PP_mean,63.763333,68.290833,0,2.333333,BD117=3; BD126=4; BD160=0,1,4,BD117=4; BD126=7; BD160=1,0.618993,0.496606,0.381202
529,Polyaromatic,BD126 + BD158 + BG1,BD126,BD158,BG1,BD126=Bacillus; BD158=Salinicola; BG1=Bacillus amyloliquefaciens,BD126=Metal_Group_4; BD158=Metal_Group_1; BG1=Metal_Group_4,32,44,72.727273,49,83,59.036145,49,PP_mean,57.667389,62.958694,0,2,BD126=1; BD158=5; BG1=0,0,4.666667,BD126=5; BD158=9; BG1=0,0.659697,0.592084,0.38076
530,Polyaromatic,BD126 + BD158 + BD162,BD126,BD158,BD162,BD126=Bacillus; BD158=Salinicola; BD162=Bacillus safensis,BD126=Metal_Group_4; BD158=Metal_Group_1; BD162=Metal_Group_4,32,44,72.727273,49,83,59.036145,49,PP_mean,57.3585,60.45925,0,2,BD126=1; BD158=5; BD162=0,0,4.666667,BD126=5; BD158=9; BD162=0,0.659697,0.592084,0.37674
531,Polyaromatic,BD117 + BD120 + BD9,BD117,BD120,BD9,BD117=Micococcus luteus; BD120=Bacillus subtilis; BD9=Bacillus amyloliquefaciens,BD117=Metal_Group_9; BD120=Metal_Group_4; BD9=Metal_Group_4,30,44,68.181818,44,83,53.012048,44,PP_mean,68.91,71.919167,0,1.333333,BD117=3; BD120=1; BD9=0,0,3,BD117=4; BD120=5; BD9=0,0.637463,0.516628,0.376438
532,Polyaromatic,BD117 + BD126 + BD50,BD117,BD126,BD50,BD117=Micococcus luteus; BD126=Bacillus; BD50=Bacillus safensis,BD117=Metal_Group_9; BD126=Metal_Group_4; BD50=Metal_Group_4,30,44,68.181818,45,83,54.216867,45,PP_mean,62.114444,67.018611,0,2.333333,BD117=3; BD126=4; BD50=0,1,4,BD117=4; BD126=7; BD50=1,0.618993,0.496606,0.37608
533,Polyaromatic,BD139 + BD163 + BD9,BD139,BD163,BD9,BD139=Brevibacillus brevis; BD163=Bacillus megaterium; BD9=Bacillus amyloliquefaciens,BD139=Metal_Group_4; BD163=Metal_Group_12; BD9=Metal_Group_4,30,44,68.181818,44,83,53.012048,44,PP_mean,56.122778,57.853472,1,1.333333,BD139=2; BD163=1; BD9=1,2,3.666667,BD139=6; BD163=2; BD9=3,0.745895,0.689019,0.374691
534,Polyaromatic,BD117 + BD132 + BD9,BD117,BD132,BD9,BD117=Micococcus luteus; BD132=Bacillus safensis; BD9=Bacillus amyloliquefaciens,BD117=Metal_Group_9; BD132=Metal_Group_4; BD9=Metal_Group_4,29,44,65.909091,41,83,49.39759,41,PP_mean,68.859444,71.629445,0,2,BD117=3; BD132=0; BD9=3,2,3.333333,BD117=5; BD132=2; BD9=3,0.635279,0.529502,0.374351
535,Polyaromatic,BD158 + BD162 + BG1,BD158,BD162,BG1,BD158=Salinicola; BD162=Bacillus safensis; BG1=Bacillus amyloliquefaciens,BD158=Metal_Group_1; BD162=Metal_Group_4; BG1=Metal_Group_4,31,44,70.454545,44,83,53.012048,44,PP_mean,69.481278,69.40425,0,1.666667,BD158=5; BD162=0; BG1=0,0,3.333333,BD158=10; BD162=0; BG1=0,0.677419,0.651515,0.374176
536,Polyaromatic,BD139 + BD48 + BD54,BD139,BD48,BD54,BD139=Brevibacillus brevis; BD48=Bacillus safensis; BD54=Acinetobacter,BD139=Metal_Group_4; BD48=Metal_Group_1; BD54=Metal_Group_1,33,44,75.0,46,83,55.421687,46,PP_mean,53.244445,57.488056,0,1.666667,BD139=5; BD48=0; BD54=0,0,5.666667,BD139=17; BD48=0; BD54=0,0.676768,0.57971,0.369447
537,Polyaromatic,BD117 + BD160 + BD9,BD117,BD160,BD9,BD117=Micococcus luteus; BD160=Bacillus stratosphericus; BD9=Bacillus amyloliquefaciens,BD117=Metal_Group_9; BD160=Metal_Group_4; BD9=Metal_Group_4,29,44,65.909091,41,83,49.39759,41,PP_mean,66.836111,70.055833,0,2,BD117=3; BD160=0; BD9=3,2,3.333333,BD117=5; BD160=2; BD9=3,0.635279,0.529502,0.368048
538,Polyaromatic,BD126 + BD158 + BD163,BD126,BD158,BD163,BD126=Bacillus; BD158=Salinicola; BD163=Bacillus megaterium,BD126=Metal_Group_4; BD158=Metal_Group_1; BD163=Metal_Group_12,32,44,72.727273,49,83,59.036145,49,PP_mean,53.672389,58.709111,0,1.666667,BD126=1; BD158=4; BD163=0,0,5,BD126=7; BD158=8; BD163=0,0.658986,0.600492,0.366287
539,Polyaromatic,BD127 + BD48 + BD61,BD127,BD48,BD61,BD127=Achromobacter; BD48=Bacillus safensis; BD61=Ochrobactrum,BD127=Metal_Group_4; BD48=Metal_Group_1; BD61=Metal_Group_4,32,44,72.727273,50,83,60.240964,50,PP_mean,38.410833,50.989306,0,0.333333,BD127=0; BD48=1; BD61=0,4,4.333333,BD127=5; BD48=4; BD61=4,0.789987,0.473913,0.363816
540,Polyaromatic,BD117 + BD120 + BD126,BD117,BD120,BD126,BD117=Micococcus luteus; BD120=Bacillus subtilis; BD126=Bacillus,BD117=Metal_Group_9; BD120=Metal_Group_4; BD126=Metal_Group_4,30,44,68.181818,44,83,53.012048,44,PP_mean,65.837222,70.154167,0,1,BD117=3; BD120=0; BD126=0,0,1.333333,BD117=4; BD120=0; BD126=0,0.644444,0.560606,0.36332
541,Polyaromatic,BD117 + BD50 + BD9,BD117,BD50,BD9,BD117=Micococcus luteus; BD50=Bacillus safensis; BD9=Bacillus amyloliquefaciens,BD117=Metal_Group_9; BD50=Metal_Group_4; BD9=Metal_Group_4,29,44,65.909091,41,83,49.39759,41,PP_mean,65.187222,68.783611,0,2,BD117=3; BD50=0; BD9=3,2,3.333333,BD117=5; BD50=2; BD9=3,0.635279,0.529502,0.362926
542,Polyaromatic,BD117 + BD126 + BG1,BD117,BD126,BG1,BD117=Micococcus luteus; BD126=Bacillus; BG1=Bacillus amyloliquefaciens,BD117=Metal_Group_9; BD126=Metal_Group_4; BG1=Metal_Group_4,30,44,68.181818,44,83,53.012048,44,PP_mean,63.706111,68.020556,0,1.333333,BD117=3; BD126=1; BG1=0,0,3,BD117=4; BD126=5; BG1=0,0.637463,0.516628,0.36043
543,Polyaromatic,BD139 + BD48 + E7,BD139,BD48,E7,BD139=Brevibacillus brevis; BD48=Bacillus safensis; E7=Acinetobacter,BD139=Metal_Group_4; BD48=Metal_Group_1; E7=Metal_Group_1,33,44,75.0,46,83,55.421687,46,PP_mean,48.937778,55.448334,0,1.666667,BD139=5; BD48=0; E7=0,0,5.666667,BD139=17; BD48=0; E7=0,0.676768,0.57971,0.357805
544,Polyaromatic,BD117 + BD126 + BD162,BD117,BD126,BD162,BD117=Micococcus luteus; BD126=Bacillus; BD162=Bacillus safensis,BD117=Metal_Group_9; BD126=Metal_Group_4; BD162=Metal_Group_4,30,44,68.181818,44,83,53.012048,44,PP_mean,63.397222,65.521111,0,1.333333,BD117=3; BD126=1; BD162=0,0,3,BD117=4; BD126=5; BD162=0,0.637463,0.516628,0.35641
545,Polyaromatic,BD54 + BD61 + E7,BD54,BD61,E7,BD54=Acinetobacter; BD61=Ochrobactrum; E7=Acinetobacter,BD54=Metal_Group_1; BD61=Metal_Group_4; E7=Metal_Group_1,32,44,72.727273,45,83,54.216867,45,PP_mean,62.032778,72.1375,0,1.333333,BD54=0; BD61=4; E7=0,0,5.333333,BD54=0; BD61=16; E7=0,0.854167,0.6,0.355242
546,Polyaromatic,BD117 + BD162 + BG1,BD117,BD162,BG1,BD117=Micococcus luteus; BD162=Bacillus safensis; BG1=Bacillus amyloliquefaciens,BD117=Metal_Group_9; BD162=Metal_Group_4; BG1=Metal_Group_4,29,44,65.909091,39,83,46.987952,39,PP_mean,75.52,74.466111,0,1,BD117=3; BD162=0; BG1=0,0,1.666667,BD117=5; BD162=0; BG1=0,0.655172,0.57265,0.354094
547,Polyaromatic,BD126 + BD158 + BD9,BD126,BD158,BD9,BD126=Bacillus; BD158=Salinicola; BD9=Bacillus amyloliquefaciens,BD126=Metal_Group_4; BD158=Metal_Group_1; BD9=Metal_Group_4,32,44,72.727273,49,83,59.036145,49,PP_mean,48.617389,55.778694,0,2,BD126=1; BD158=5; BD9=0,0,4.666667,BD126=5; BD158=9; BD9=0,0.659697,0.592084,0.352379
548,Polyaromatic,BD126 + BD139 + BD163,BD126,BD139,BD163,BD126=Bacillus; BD139=Brevibacillus brevis; BD163=Bacillus megaterium,BD126=Metal_Group_4; BD139=Metal_Group_4; BD163=Metal_Group_12,30,44,68.181818,45,83,54.216867,45,PP_mean,53.05,56.088472,1,1.333333,BD126=1; BD139=2; BD163=1,1,3,BD126=4; BD139=4; BD163=1,0.769294,0.715078,0.350632
549,Polyaromatic,BD158 + BD9 + BG1,BD158,BD9,BG1,BD158=Salinicola; BD9=Bacillus amyloliquefaciens; BG1=Bacillus amyloliquefaciens,BD158=Metal_Group_1; BD9=Metal_Group_4; BG1=Metal_Group_4,31,44,70.454545,44,83,53.012048,44,PP_mean,60.740167,64.723694,0,1.666667,BD158=5; BD9=0; BG1=0,0,3.333333,BD158=10; BD9=0; BG1=0,0.677419,0.651515,0.349815
550,Polyaromatic,BD158 + BD162 + BD9,BD158,BD162,BD9,BD158=Salinicola; BD162=Bacillus safensis; BD9=Bacillus amyloliquefaciens,BD158=Metal_Group_1; BD162=Metal_Group_4; BD9=Metal_Group_4,31,44,70.454545,44,83,53.012048,44,PP_mean,60.431278,62.22425,0,1.666667,BD158=5; BD162=0; BD9=0,0,3.333333,BD158=10; BD162=0; BD9=0,0.677419,0.651515,0.345795
551,Polyaromatic,BD120 + BD132 + BD139,BD120,BD132,BD139,BD120=Bacillus subtilis; BD132=Bacillus safensis; BD139=Brevibacillus brevis,BD120=Metal_Group_4; BD132=Metal_Group_4; BD139=Metal_Group_4,29,44,65.909091,44,83,53.012048,44,PP_mean,73.379444,73.260556,0,1.333333,BD120=2; BD132=0; BD139=2,0,2.333333,BD120=4; BD132=0; BD139=3,0.736058,0.712435,0.339486
552,Polyaromatic,BD158 + BD54 + E7,BD158,BD54,E7,BD158=Salinicola; BD54=Acinetobacter; E7=Acinetobacter,BD158=Metal_Group_1; BD54=Metal_Group_1; E7=Metal_Group_1,31,44,70.454545,40,83,48.192771,40,PP_mean,61.666834,69.509528,0,1,BD158=3; BD54=0; E7=0,0,3.666667,BD158=11; BD54=0; E7=0,0.72043,0.666667,0.337117
553,Polyaromatic,BD120 + BD139 + BD160,BD120,BD139,BD160,BD120=Bacillus subtilis; BD139=Brevibacillus brevis; BD160=Bacillus stratosphericus,BD120=Metal_Group_4; BD139=Metal_Group_4; BD160=Metal_Group_4,29,44,65.909091,44,83,53.012048,44,PP_mean,71.356111,71.686944,0,1.333333,BD120=2; BD139=2; BD160=0,0,2.333333,BD120=4; BD139=3; BD160=0,0.736058,0.712435,0.333184
554,Polyaromatic,BD117 + BD126 + BD9,BD117,BD126,BD9,BD117=Micococcus luteus; BD126=Bacillus; BD9=Bacillus amyloliquefaciens,BD117=Metal_Group_9; BD126=Metal_Group_4; BD9=Metal_Group_4,30,44,68.181818,44,83,53.012048,44,PP_mean,54.656111,60.840556,0,1.333333,BD117=3; BD126=1; BD9=0,0,3,BD117=4; BD126=5; BD9=0,0.637463,0.516628,0.332049
555,Polyaromatic,BD117 + BD9 + BG1,BD117,BD9,BG1,BD117=Micococcus luteus; BD9=Bacillus amyloliquefaciens; BG1=Bacillus amyloliquefaciens,BD117=Metal_Group_9; BD9=Metal_Group_4; BG1=Metal_Group_4,29,44,65.909091,39,83,46.987952,39,PP_mean,66.778889,69.785556,0,1,BD117=3; BD9=0; BG1=0,0,1.666667,BD117=5; BD9=0; BG1=0,0.655172,0.57265,0.329733
556,Polyaromatic,BD120 + BD139 + BD50,BD120,BD139,BD50,BD120=Bacillus subtilis; BD139=Brevibacillus brevis; BD50=Bacillus safensis,BD120=Metal_Group_4; BD139=Metal_Group_4; BD50=Metal_Group_4,29,44,65.909091,44,83,53.012048,44,PP_mean,69.707222,70.414722,0,1.333333,BD120=2; BD139=2; BD50=0,0,2.333333,BD120=4; BD139=3; BD50=0,0.736058,0.712435,0.328062
557,Polyaromatic,BD120 + BD139 + BG1,BD120,BD139,BG1,BD120=Bacillus subtilis; BD139=Brevibacillus brevis; BG1=Bacillus amyloliquefaciens,BD120=Metal_Group_4; BD139=Metal_Group_4; BG1=Metal_Group_4,29,44,65.909091,44,83,53.012048,44,PP_mean,71.298889,71.416667,0,0.666667,BD120=0; BD139=2; BG1=0,0,2,BD120=2; BD139=4; BG1=0,0.769264,0.716955,0.32659
558,Polyaromatic,BD48 + BD54 + BD61,BD48,BD54,BD61,BD48=Bacillus safensis; BD54=Acinetobacter; BD61=Ochrobactrum,BD48=Metal_Group_1; BD54=Metal_Group_1; BD61=Metal_Group_4,32,44,72.727273,45,83,54.216867,45,PP_mean,54.232778,62.736667,0,1.333333,BD48=0; BD54=0; BD61=4,0,5.333333,BD48=0; BD54=0; BD61=16,0.854167,0.6,0.326432
559,Polyaromatic,BD117 + BD162 + BD9,BD117,BD162,BD9,BD117=Micococcus luteus; BD162=Bacillus safensis; BD9=Bacillus amyloliquefaciens,BD117=Metal_Group_9; BD162=Metal_Group_4; BD9=Metal_Group_4,29,44,65.909091,39,83,46.987952,39,PP_mean,66.47,67.286111,0,1,BD117=3; BD162=0; BD9=0,0,1.666667,BD117=5; BD162=0; BD9=0,0.655172,0.57265,0.325713
560,Polyaromatic,BD132 + BD139 + BG1,BD132,BD139,BG1,BD132=Bacillus safensis; BD139=Brevibacillus brevis; BG1=Bacillus amyloliquefaciens,BD132=Metal_Group_4; BD139=Metal_Group_4; BG1=Metal_Group_4,29,44,65.909091,42,83,50.60241,42,PP_mean,71.248333,71.126945,0,1.666667,BD132=0; BD139=3; BG1=2,0,2.666667,BD132=0; BD139=6; BG1=2,0.735485,0.718386,0.325624
561,Polyaromatic,BD132 + BD158 + BD160,BD132,BD158,BD160,BD132=Bacillus safensis; BD158=Salinicola; BD160=Bacillus stratosphericus,BD132=Metal_Group_4; BD158=Metal_Group_1; BD160=Metal_Group_4,28,44,63.636364,43,83,51.807229,43,PP_mean,71.927944,74.017861,0,1.666667,BD132=0; BD158=5; BD160=0,0,3.333333,BD132=0; BD158=10; BD160=0,0.714286,0.658915,0.325385
562,Polyaromatic,BD120 + BD139 + BD162,BD120,BD139,BD162,BD120=Bacillus subtilis; BD139=Brevibacillus brevis; BD162=Bacillus safensis,BD120=Metal_Group_4; BD139=Metal_Group_4; BD162=Metal_Group_4,29,44,65.909091,44,83,53.012048,44,PP_mean,70.99,68.917222,0,0.666667,BD120=0; BD139=2; BD162=0,0,2,BD120=2; BD139=4; BD162=0,0.769264,0.716955,0.32257
563,Polyaromatic,BD132 + BD139 + BD162,BD132,BD139,BD162,BD132=Bacillus safensis; BD139=Brevibacillus brevis; BD162=Bacillus safensis,BD132=Metal_Group_4; BD139=Metal_Group_4; BD162=Metal_Group_4,29,44,65.909091,42,83,50.60241,42,PP_mean,70.939444,68.6275,0,1.666667,BD132=0; BD139=3; BD162=2,0,2.666667,BD132=0; BD139=6; BD162=2,0.735485,0.718386,0.321604
564,Polyaromatic,BD132 + BD158 + BD50,BD132,BD158,BD50,BD132=Bacillus safensis; BD158=Salinicola; BD50=Bacillus safensis,BD132=Metal_Group_4; BD158=Metal_Group_1; BD50=Metal_Group_4,28,44,63.636364,43,83,51.807229,43,PP_mean,70.279056,72.745639,0,1.666667,BD132=0; BD158=5; BD50=0,0,3.333333,BD132=0; BD158=10; BD50=0,0.714286,0.658915,0.320263
565,Polyaromatic,BD127 + BD54 + E7,BD127,BD54,E7,BD127=Achromobacter; BD54=Acinetobacter; E7=Acinetobacter,BD127=Metal_Group_4; BD54=Metal_Group_1; E7=Metal_Group_1,32,44,72.727273,46,83,55.421687,46,PP_mean,49.563056,62.17125,0,1.333333,BD127=4; BD54=0; E7=0,0,5.666667,BD127=17; BD54=0; E7=0,0.833333,0.637681,0.320069
566,Polyaromatic,BD139 + BD160 + BG1,BD139,BD160,BG1,BD139=Brevibacillus brevis; BD160=Bacillus stratosphericus; BG1=Bacillus amyloliquefaciens,BD139=Metal_Group_4; BD160=Metal_Group_4; BG1=Metal_Group_4,29,44,65.909091,42,83,50.60241,42,PP_mean,69.225,69.553333,0,1.666667,BD139=3; BD160=0; BG1=2,0,2.666667,BD139=6; BD160=0; BG1=2,0.735485,0.718386,0.319321
567,Polyaromatic,BD139 + BD160 + BD162,BD139,BD160,BD162,BD139=Brevibacillus brevis; BD160=Bacillus stratosphericus; BD162=Bacillus safensis,BD139=Metal_Group_4; BD160=Metal_Group_4; BD162=Metal_Group_4,29,44,65.909091,42,83,50.60241,42,PP_mean,68.916111,67.053889,0,1.666667,BD139=3; BD160=0; BD162=2,0,2.666667,BD139=6; BD160=0; BD162=2,0.735485,0.718386,0.315301
568,Polyaromatic,BD48 + BD61 + E7,BD48,BD61,E7,BD48=Bacillus safensis; BD61=Ochrobactrum; E7=Acinetobacter,BD48=Metal_Group_1; BD61=Metal_Group_4; E7=Metal_Group_1,32,44,72.727273,45,83,54.216867,45,PP_mean,49.926111,60.696945,0,1.333333,BD48=0; BD61=4; E7=0,0,5.333333,BD48=0; BD61=16; E7=0,0.854167,0.6,0.31479
569,Polyaromatic,BD139 + BD50 + BG1,BD139,BD50,BG1,BD139=Brevibacillus brevis; BD50=Bacillus safensis; BG1=Bacillus amyloliquefaciens,BD139=Metal_Group_4; BD50=Metal_Group_4; BG1=Metal_Group_4,29,44,65.909091,42,83,50.60241,42,PP_mean,67.576111,68.281111,0,1.666667,BD139=3; BD50=0; BG1=2,0,2.666667,BD139=6; BD50=0; BG1=2,0.735485,0.718386,0.314199
570,Polyaromatic,BD158 + BD160 + BD50,BD158,BD160,BD50,BD158=Salinicola; BD160=Bacillus stratosphericus; BD50=Bacillus safensis,BD158=Metal_Group_1; BD160=Metal_Group_4; BD50=Metal_Group_4,28,44,63.636364,43,83,51.807229,43,PP_mean,68.255722,71.172028,0,1.666667,BD158=5; BD160=0; BD50=0,0,3.333333,BD158=10; BD160=0; BD50=0,0.714286,0.658915,0.31396
571,Polyaromatic,BD120 + BD132 + BD163,BD120,BD132,BD163,BD120=Bacillus subtilis; BD132=Bacillus safensis; BD163=Bacillus megaterium,BD120=Metal_Group_4; BD132=Metal_Group_4; BD163=Metal_Group_12,28,44,63.636364,42,83,50.60241,42,PP_mean,75.633333,76.217917,0,0.333333,BD120=0; BD132=0; BD163=1,1,1.666667,BD120=3; BD132=1; BD163=1,0.855379,0.767772,0.31294
572,Polyaromatic,BD139 + BD162 + BD50,BD139,BD162,BD50,BD139=Brevibacillus brevis; BD162=Bacillus safensis; BD50=Bacillus safensis,BD139=Metal_Group_4; BD162=Metal_Group_4; BD50=Metal_Group_4,29,44,65.909091,42,83,50.60241,42,PP_mean,67.267222,65.781667,0,1.666667,BD139=3; BD162=2; BD50=0,0,2.666667,BD139=6; BD162=2; BD50=0,0.735485,0.718386,0.310179
573,Polyaromatic,BD158 + BD48 + BD54,BD158,BD48,BD54,BD158=Salinicola; BD48=Bacillus safensis; BD54=Acinetobacter,BD158=Metal_Group_1; BD48=Metal_Group_1; BD54=Metal_Group_1,31,44,70.454545,40,83,48.192771,40,PP_mean,53.866834,60.108694,0,1,BD158=3; BD48=0; BD54=0,0,3.666667,BD158=11; BD48=0; BD54=0,0.72043,0.666667,0.308308
574,Polyaromatic,BD139 + BD162 + BG1,BD139,BD162,BG1,BD139=Brevibacillus brevis; BD162=Bacillus safensis; BG1=Bacillus amyloliquefaciens,BD139=Metal_Group_4; BD162=Metal_Group_4; BG1=Metal_Group_4,29,44,65.909091,42,83,50.60241,42,PP_mean,68.858889,66.783611,0,1,BD139=3; BD162=0; BG1=0,0,2.666667,BD139=8; BD162=0; BG1=0,0.770115,0.746032,0.306788
575,Polyaromatic,BD120 + BD160 + BD163,BD120,BD160,BD163,BD120=Bacillus subtilis; BD160=Bacillus stratosphericus; BD163=Bacillus megaterium,BD120=Metal_Group_4; BD160=Metal_Group_4; BD163=Metal_Group_12,28,44,63.636364,42,83,50.60241,42,PP_mean,73.61,74.644305,0,0.333333,BD120=0; BD160=0; BD163=1,1,1.666667,BD120=3; BD160=1; BD163=1,0.855379,0.767772,0.306637
576,Polyaromatic,BD117 + BD132 + BD160,BD117,BD132,BD160,BD117=Micococcus luteus; BD132=Bacillus safensis; BD160=Bacillus stratosphericus,BD117=Metal_Group_9; BD132=Metal_Group_4; BD160=Metal_Group_4,26,44,59.090909,38,83,45.783133,38,PP_mean,77.966666,79.079722,0,1,BD117=3; BD132=0; BD160=0,0,1.666667,BD117=5; BD132=0; BD160=0,0.692308,0.578947,0.305336
577,Polyaromatic,BD120 + BD163 + BD50,BD120,BD163,BD50,BD120=Bacillus subtilis; BD163=Bacillus megaterium; BD50=Bacillus safensis,BD120=Metal_Group_4; BD163=Metal_Group_12; BD50=Metal_Group_4,28,44,63.636364,42,83,50.60241,42,PP_mean,71.961111,73.372083,0,0.333333,BD120=0; BD163=1; BD50=0,1,1.666667,BD120=3; BD163=1; BD50=1,0.855379,0.767772,0.301515
578,Polyaromatic,BD117 + BD132 + BD50,BD117,BD132,BD50,BD117=Micococcus luteus; BD132=Bacillus safensis; BD50=Bacillus safensis,BD117=Metal_Group_9; BD132=Metal_Group_4; BD50=Metal_Group_4,26,44,59.090909,38,83,45.783133,38,PP_mean,76.317778,77.8075,0,1,BD117=3; BD132=0; BD50=0,0,1.666667,BD117=5; BD132=0; BD50=0,0.692308,0.578947,0.300213
579,Polyaromatic,BD120 + BD139 + BD9,BD120,BD139,BD9,BD120=Bacillus subtilis; BD139=Brevibacillus brevis; BD9=Bacillus amyloliquefaciens,BD120=Metal_Group_4; BD139=Metal_Group_4; BD9=Metal_Group_4,29,44,65.909091,44,83,53.012048,44,PP_mean,62.248889,64.236667,0,0.666667,BD120=0; BD139=2; BD9=0,0,2,BD120=2; BD139=4; BD9=0,0.769264,0.716955,0.298209
580,Polyaromatic,BD132 + BD163 + BG1,BD132,BD163,BG1,BD132=Bacillus safensis; BD163=Bacillus megaterium; BG1=Bacillus amyloliquefaciens,BD132=Metal_Group_4; BD163=Metal_Group_12; BG1=Metal_Group_4,28,44,63.636364,40,83,48.192771,40,PP_mean,73.502222,74.084306,0,0.666667,BD132=0; BD163=2; BG1=0,1,2.333333,BD132=2; BD163=4; BG1=1,0.854396,0.789511,0.298008
581,Polyaromatic,BD132 + BD139 + BD9,BD132,BD139,BD9,BD132=Bacillus safensis; BD139=Brevibacillus brevis; BD9=Bacillus amyloliquefaciens,BD132=Metal_Group_4; BD139=Metal_Group_4; BD9=Metal_Group_4,29,44,65.909091,42,83,50.60241,42,PP_mean,62.198333,63.946945,0,1.666667,BD132=0; BD139=3; BD9=2,0,2.666667,BD132=0; BD139=6; BD9=2,0.735485,0.718386,0.297242
582,Polyaromatic,BD158 + BD48 + E7,BD158,BD48,E7,BD158=Salinicola; BD48=Bacillus safensis; E7=Acinetobacter,BD158=Metal_Group_1; BD48=Metal_Group_1; E7=Metal_Group_1,31,44,70.454545,40,83,48.192771,40,PP_mean,49.560167,58.068972,0,1,BD158=3; BD48=0; E7=0,0,3.666667,BD158=11; BD48=0; E7=0,0.72043,0.666667,0.296666
583,Polyaromatic,BD126 + BD132 + BD139,BD126,BD132,BD139,BD126=Bacillus; BD132=Bacillus safensis; BD139=Brevibacillus brevis,BD126=Metal_Group_4; BD132=Metal_Group_4; BD139=Metal_Group_4,29,44,65.909091,44,83,53.012048,44,PP_mean,59.125555,62.181945,0,1.333333,BD126=2; BD132=0; BD139=2,0,2.333333,BD126=4; BD132=0; BD139=3,0.736058,0.712435,0.295097
584,Polyaromatic,BD132 + BD162 + BD163,BD132,BD162,BD163,BD132=Bacillus safensis; BD162=Bacillus safensis; BD163=Bacillus megaterium,BD132=Metal_Group_4; BD162=Metal_Group_4; BD163=Metal_Group_12,28,44,63.636364,40,83,48.192771,40,PP_mean,73.193333,71.584861,0,0.666667,BD132=0; BD162=0; BD163=2,1,2.333333,BD132=2; BD162=1; BD163=4,0.854396,0.789511,0.293988
585,Polyaromatic,BD117 + BD160 + BD50,BD117,BD160,BD50,BD117=Micococcus luteus; BD160=Bacillus stratosphericus; BD50=Bacillus safensis,BD117=Metal_Group_9; BD160=Metal_Group_4; BD50=Metal_Group_4,26,44,59.090909,38,83,45.783133,38,PP_mean,74.294444,76.233889,0,1,BD117=3; BD160=0; BD50=0,0,1.666667,BD117=5; BD160=0; BD50=0,0.692308,0.578947,0.293911
586,Polyaromatic,BD160 + BD163 + BG1,BD160,BD163,BG1,BD160=Bacillus stratosphericus; BD163=Bacillus megaterium; BG1=Bacillus amyloliquefaciens,BD160=Metal_Group_4; BD163=Metal_Group_12; BG1=Metal_Group_4,28,44,63.636364,40,83,48.192771,40,PP_mean,71.478889,72.510694,0,0.666667,BD160=0; BD163=2; BG1=0,1,2.333333,BD160=2; BD163=4; BG1=1,0.854396,0.789511,0.291706
587,Polyaromatic,BD127 + BD48 + BD54,BD127,BD48,BD54,BD127=Achromobacter; BD48=Bacillus safensis; BD54=Acinetobacter,BD127=Metal_Group_4; BD48=Metal_Group_1; BD54=Metal_Group_1,32,44,72.727273,46,83,55.421687,46,PP_mean,41.763056,52.770417,0,1.333333,BD127=4; BD48=0; BD54=0,0,5.666667,BD127=17; BD48=0; BD54=0,0.833333,0.637681,0.291259
588,Polyaromatic,BD139 + BD160 + BD9,BD139,BD160,BD9,BD139=Brevibacillus brevis; BD160=Bacillus stratosphericus; BD9=Bacillus amyloliquefaciens,BD139=Metal_Group_4; BD160=Metal_Group_4; BD9=Metal_Group_4,29,44,65.909091,42,83,50.60241,42,PP_mean,60.175,62.373333,0,1.666667,BD139=3; BD160=0; BD9=2,0,2.666667,BD139=6; BD160=0; BD9=2,0.735485,0.718386,0.29094
589,Polyaromatic,BD126 + BD139 + BD160,BD126,BD139,BD160,BD126=Bacillus; BD139=Brevibacillus brevis; BD160=Bacillus stratosphericus,BD126=Metal_Group_4; BD139=Metal_Group_4; BD160=Metal_Group_4,29,44,65.909091,44,83,53.012048,44,PP_mean,57.102222,60.608333,0,1.333333,BD126=2; BD139=2; BD160=0,0,2.333333,BD126=4; BD139=3; BD160=0,0.736058,0.712435,0.288794
590,Polyaromatic,BD160 + BD162 + BD163,BD160,BD162,BD163,BD160=Bacillus stratosphericus; BD162=Bacillus safensis; BD163=Bacillus megaterium,BD160=Metal_Group_4; BD162=Metal_Group_4; BD163=Metal_Group_12,28,44,63.636364,40,83,48.192771,40,PP_mean,71.17,70.01125,0,0.666667,BD160=0; BD162=0; BD163=2,1,2.333333,BD160=2; BD162=1; BD163=4,0.854396,0.789511,0.287685
591,Polyaromatic,BD163 + BD50 + BG1,BD163,BD50,BG1,BD163=Bacillus megaterium; BD50=Bacillus safensis; BG1=Bacillus amyloliquefaciens,BD163=Metal_Group_12; BD50=Metal_Group_4; BG1=Metal_Group_4,28,44,63.636364,40,83,48.192771,40,PP_mean,69.83,71.238472,0,0.666667,BD163=2; BD50=0; BG1=0,1,2.333333,BD163=4; BD50=2; BG1=1,0.854396,0.789511,0.286583
592,Polyaromatic,BD139 + BD50 + BD9,BD139,BD50,BD9,BD139=Brevibacillus brevis; BD50=Bacillus safensis; BD9=Bacillus amyloliquefaciens,BD139=Metal_Group_4; BD50=Metal_Group_4; BD9=Metal_Group_4,29,44,65.909091,42,83,50.60241,42,PP_mean,58.526111,61.101111,0,1.666667,BD139=3; BD50=0; BD9=2,0,2.666667,BD139=6; BD50=0; BD9=2,0.735485,0.718386,0.285818
593,Polyaromatic,BD126 + BD139 + BD50,BD126,BD139,BD50,BD126=Bacillus; BD139=Brevibacillus brevis; BD50=Bacillus safensis,BD126=Metal_Group_4; BD139=Metal_Group_4; BD50=Metal_Group_4,29,44,65.909091,44,83,53.012048,44,PP_mean,55.453333,59.336111,0,1.333333,BD126=2; BD139=2; BD50=0,0,2.333333,BD126=4; BD139=3; BD50=0,0.736058,0.712435,0.283672
594,Polyaromatic,BD162 + BD163 + BD50,BD162,BD163,BD50,BD162=Bacillus safensis; BD163=Bacillus megaterium; BD50=Bacillus safensis,BD162=Metal_Group_4; BD163=Metal_Group_12; BD50=Metal_Group_4,28,44,63.636364,40,83,48.192771,40,PP_mean,69.521111,68.739028,0,0.666667,BD162=0; BD163=2; BD50=0,1,2.333333,BD162=1; BD163=4; BD50=2,0.854396,0.789511,0.282563
595,Polyaromatic,BD139 + BD9 + BG1,BD139,BD9,BG1,BD139=Brevibacillus brevis; BD9=Bacillus amyloliquefaciens; BG1=Bacillus amyloliquefaciens,BD139=Metal_Group_4; BD9=Metal_Group_4; BG1=Metal_Group_4,29,44,65.909091,42,83,50.60241,42,PP_mean,60.117778,62.103056,0,1,BD139=3; BD9=0; BG1=0,0,2.666667,BD139=8; BD9=0; BG1=0,0.770115,0.746032,0.282427
596,Polyaromatic,BD120 + BD132 + BG1,BD120,BD132,BG1,BD120=Bacillus subtilis; BD132=Bacillus safensis; BG1=Bacillus amyloliquefaciens,BD120=Metal_Group_4; BD132=Metal_Group_4; BG1=Metal_Group_4,27,44,61.363636,41,83,49.39759,41,PP_mean,79.628333,80.4675,0,0.333333,BD120=1; BD132=0; BG1=0,0,2,BD120=5; BD132=1; BG1=0,0.89981,0.830533,0.282366
597,Polyaromatic,BD126 + BD139 + BG1,BD126,BD139,BG1,BD126=Bacillus; BD139=Brevibacillus brevis; BG1=Bacillus amyloliquefaciens,BD126=Metal_Group_4; BD139=Metal_Group_4; BG1=Metal_Group_4,29,44,65.909091,44,83,53.012048,44,PP_mean,57.045,60.338056,0,0.666667,BD126=0; BD139=2; BG1=0,0,2,BD126=2; BD139=4; BG1=0,0.769264,0.716955,0.2822
598,Polyaromatic,BD120 + BD132 + BD160,BD120,BD132,BD160,BD120=Bacillus subtilis; BD132=Bacillus safensis; BD160=Bacillus stratosphericus,BD120=Metal_Group_4; BD132=Metal_Group_4; BD160=Metal_Group_4,27,44,61.363636,41,83,49.39759,41,PP_mean,79.685555,80.737778,0,1.333333,BD120=4; BD132=0; BD160=0,0,2.666667,BD120=8; BD132=0; BD160=0,0.901235,0.853659,0.280931
599,Polyaromatic,BD132 + BD160 + BD163,BD132,BD160,BD163,BD132=Bacillus safensis; BD160=Bacillus stratosphericus; BD163=Bacillus megaterium,BD132=Metal_Group_4; BD160=Metal_Group_4; BD163=Metal_Group_12,28,44,63.636364,39,83,46.987952,39,PP_mean,73.559444,74.354583,0,1.666667,BD132=0; BD160=0; BD163=5,0,2,BD132=0; BD160=0; BD163=6,0.857143,0.811966,0.280766
600,Polyaromatic,BD120 + BD126 + BD139,BD120,BD126,BD139,BD120=Bacillus subtilis; BD126=Bacillus; BD139=Brevibacillus brevis,BD120=Metal_Group_4; BD126=Metal_Group_4; BD139=Metal_Group_4,29,44,65.909091,44,83,53.012048,44,PP_mean,59.176111,62.471667,0,0.666667,BD120=0; BD126=0; BD139=2,0,1.333333,BD120=0; BD126=0; BD139=4,0.793103,0.787879,0.280207
601,Polyaromatic,BD127 + BD48 + E7,BD127,BD48,E7,BD127=Achromobacter; BD48=Bacillus safensis; E7=Acinetobacter,BD127=Metal_Group_4; BD48=Metal_Group_1; E7=Metal_Group_1,32,44,72.727273,46,83,55.421687,46,PP_mean,37.456389,50.730695,0,1.333333,BD127=4; BD48=0; E7=0,0,5.666667,BD127=17; BD48=0; E7=0,0.833333,0.637681,0.279617
602,Polyaromatic,BD139 + BD162 + BD9,BD139,BD162,BD9,BD139=Brevibacillus brevis; BD162=Bacillus safensis; BD9=Bacillus amyloliquefaciens,BD139=Metal_Group_4; BD162=Metal_Group_4; BD9=Metal_Group_4,29,44,65.909091,42,83,50.60241,42,PP_mean,59.808889,59.603611,0,1,BD139=3; BD162=0; BD9=0,0,2.666667,BD139=8; BD162=0; BD9=0,0.770115,0.746032,0.278407
603,Polyaromatic,BD120 + BD132 + BD162,BD120,BD132,BD162,BD120=Bacillus subtilis; BD132=Bacillus safensis; BD162=Bacillus safensis,BD120=Metal_Group_4; BD132=Metal_Group_4; BD162=Metal_Group_4,27,44,61.363636,41,83,49.39759,41,PP_mean,79.319444,77.968056,0,0.333333,BD120=1; BD132=0; BD162=0,0,2,BD120=5; BD132=1; BD162=0,0.89981,0.830533,0.278346
604,Polyaromatic,BD126 + BD139 + BD162,BD126,BD139,BD162,BD126=Bacillus; BD139=Brevibacillus brevis; BD162=Bacillus safensis,BD126=Metal_Group_4; BD139=Metal_Group_4; BD162=Metal_Group_4,29,44,65.909091,44,83,53.012048,44,PP_mean,56.736111,57.838611,0,0.666667,BD126=0; BD139=2; BD162=0,0,2,BD126=2; BD139=4; BD162=0,0.769264,0.716955,0.27818
605,Polyaromatic,BD120 + BD160 + BG1,BD120,BD160,BG1,BD120=Bacillus subtilis; BD160=Bacillus stratosphericus; BG1=Bacillus amyloliquefaciens,BD120=Metal_Group_4; BD160=Metal_Group_4; BG1=Metal_Group_4,27,44,61.363636,41,83,49.39759,41,PP_mean,77.605,78.893889,0,0.333333,BD120=1; BD160=0; BG1=0,0,2,BD120=5; BD160=1; BG1=0,0.89981,0.830533,0.276063
606,Polyaromatic,BD120 + BD132 + BD50,BD120,BD132,BD50,BD120=Bacillus subtilis; BD132=Bacillus safensis; BD50=Bacillus safensis,BD120=Metal_Group_4; BD132=Metal_Group_4; BD50=Metal_Group_4,27,44,61.363636,41,83,49.39759,41,PP_mean,78.036667,79.465556,0,1.333333,BD120=4; BD132=0; BD50=0,0,2.666667,BD120=8; BD132=0; BD50=0,0.901235,0.853659,0.275809
607,Polyaromatic,BD132 + BD163 + BD50,BD132,BD163,BD50,BD132=Bacillus safensis; BD163=Bacillus megaterium; BD50=Bacillus safensis,BD132=Metal_Group_4; BD163=Metal_Group_12; BD50=Metal_Group_4,28,44,63.636364,39,83,46.987952,39,PP_mean,71.910556,73.082361,0,1.666667,BD132=0; BD163=5; BD50=0,0,2,BD132=0; BD163=6; BD50=0,0.857143,0.811966,0.275644
608,Polyaromatic,BD132 + BD139 + BD160,BD132,BD139,BD160,BD132=Bacillus safensis; BD139=Brevibacillus brevis; BD160=Bacillus stratosphericus,BD132=Metal_Group_4; BD139=Metal_Group_4; BD160=Metal_Group_4,27,44,61.363636,40,83,48.192771,40,PP_mean,71.305555,71.397222,0,1.333333,BD132=0; BD139=4; BD160=0,0,2.333333,BD132=0; BD139=7; BD160=0,0.777778,0.783333,0.274466
609,Polyaromatic,BD120 + BD163 + BG1,BD120,BD163,BG1,BD120=Bacillus subtilis; BD163=Bacillus megaterium; BG1=Bacillus amyloliquefaciens,BD120=Metal_Group_4; BD163=Metal_Group_12; BG1=Metal_Group_4,28,44,63.636364,41,83,49.39759,41,PP_mean,73.552778,74.374028,0,0.333333,BD120=0; BD163=1; BG1=0,0,1.333333,BD120=3; BD163=1; BG1=0,0.928131,0.814784,0.27446
610,Polyaromatic,BD120 + BD160 + BD162,BD120,BD160,BD162,BD120=Bacillus subtilis; BD160=Bacillus stratosphericus; BD162=Bacillus safensis,BD120=Metal_Group_4; BD160=Metal_Group_4; BD162=Metal_Group_4,27,44,61.363636,41,83,49.39759,41,PP_mean,77.296111,76.394444,0,0.333333,BD120=1; BD160=0; BD162=0,0,2,BD120=5; BD160=1; BD162=0,0.89981,0.830533,0.272043
611,Polyaromatic,BD120 + BD50 + BG1,BD120,BD50,BG1,BD120=Bacillus subtilis; BD50=Bacillus safensis; BG1=Bacillus amyloliquefaciens,BD120=Metal_Group_4; BD50=Metal_Group_4; BG1=Metal_Group_4,27,44,61.363636,41,83,49.39759,41,PP_mean,75.956111,77.621667,0,0.333333,BD120=1; BD50=0; BG1=0,0,2,BD120=5; BD50=1; BG1=0,0.89981,0.830533,0.270941
612,Polyaromatic,BD120 + BD162 + BD163,BD120,BD162,BD163,BD120=Bacillus subtilis; BD162=Bacillus safensis; BD163=Bacillus megaterium,BD120=Metal_Group_4; BD162=Metal_Group_4; BD163=Metal_Group_12,28,44,63.636364,41,83,49.39759,41,PP_mean,73.243889,71.874583,0,0.333333,BD120=0; BD162=0; BD163=1,0,1.333333,BD120=3; BD162=0; BD163=1,0.928131,0.814784,0.27044
613,Polyaromatic,BD132 + BD163 + BD9,BD132,BD163,BD9,BD132=Bacillus safensis; BD163=Bacillus megaterium; BD9=Bacillus amyloliquefaciens,BD132=Metal_Group_4; BD163=Metal_Group_12; BD9=Metal_Group_4,28,44,63.636364,40,83,48.192771,40,PP_mean,64.452222,66.904306,0,0.666667,BD132=0; BD163=2; BD9=0,1,2.333333,BD132=2; BD163=4; BD9=1,0.854396,0.789511,0.269627
614,Polyaromatic,BD120 + BD160 + BD50,BD120,BD160,BD50,BD120=Bacillus subtilis; BD160=Bacillus stratosphericus; BD50=Bacillus safensis,BD120=Metal_Group_4; BD160=Metal_Group_4; BD50=Metal_Group_4,27,44,61.363636,41,83,49.39759,41,PP_mean,76.013333,77.891944,0,1.333333,BD120=4; BD160=0; BD50=0,0,2.666667,BD120=8; BD160=0; BD50=0,0.901235,0.853659,0.269506
615,Polyaromatic,BD132 + BD139 + BD50,BD132,BD139,BD50,BD132=Bacillus safensis; BD139=Brevibacillus brevis; BD50=Bacillus safensis,BD132=Metal_Group_4; BD139=Metal_Group_4; BD50=Metal_Group_4,27,44,61.363636,40,83,48.192771,40,PP_mean,69.656667,70.125,0,1.333333,BD132=0; BD139=4; BD50=0,0,2.333333,BD132=0; BD139=7; BD50=0,0.777778,0.783333,0.269344
616,Polyaromatic,BD160 + BD163 + BD50,BD160,BD163,BD50,BD160=Bacillus stratosphericus; BD163=Bacillus megaterium; BD50=Bacillus safensis,BD160=Metal_Group_4; BD163=Metal_Group_12; BD50=Metal_Group_4,28,44,63.636364,39,83,46.987952,39,PP_mean,69.887222,71.50875,0,1.666667,BD160=0; BD163=5; BD50=0,0,2,BD160=0; BD163=6; BD50=0,0.857143,0.811966,0.269341
617,Polyaromatic,BD126 + BD132 + BD163,BD126,BD132,BD163,BD126=Bacillus; BD132=Bacillus safensis; BD163=Bacillus megaterium,BD126=Metal_Group_4; BD132=Metal_Group_4; BD163=Metal_Group_12,28,44,63.636364,42,83,50.60241,42,PP_mean,61.379444,65.139306,0,0.333333,BD126=0; BD132=0; BD163=1,1,1.666667,BD126=3; BD132=1; BD163=1,0.855379,0.767772,0.26855
618,Polyaromatic,BD120 + BD162 + BD50,BD120,BD162,BD50,BD120=Bacillus subtilis; BD162=Bacillus safensis; BD50=Bacillus safensis,BD120=Metal_Group_4; BD162=Metal_Group_4; BD50=Metal_Group_4,27,44,61.363636,41,83,49.39759,41,PP_mean,75.647222,75.122222,0,0.333333,BD120=1; BD162=0; BD50=0,0,2,BD120=5; BD162=0; BD50=1,0.89981,0.830533,0.266921
619,Polyaromatic,BD160 + BD163 + BD9,BD160,BD163,BD9,BD160=Bacillus stratosphericus; BD163=Bacillus megaterium; BD9=Bacillus amyloliquefaciens,BD160=Metal_Group_4; BD163=Metal_Group_12; BD9=Metal_Group_4,28,44,63.636364,40,83,48.192771,40,PP_mean,62.428889,65.330694,0,0.666667,BD160=0; BD163=2; BD9=0,1,2.333333,BD160=2; BD163=4; BD9=1,0.854396,0.789511,0.263324
620,Polyaromatic,BD139 + BD160 + BD50,BD139,BD160,BD50,BD139=Brevibacillus brevis; BD160=Bacillus stratosphericus; BD50=Bacillus safensis,BD139=Metal_Group_4; BD160=Metal_Group_4; BD50=Metal_Group_4,27,44,61.363636,40,83,48.192771,40,PP_mean,67.633333,68.551389,0,1.333333,BD139=4; BD160=0; BD50=0,0,2.333333,BD139=7; BD160=0; BD50=0,0.777778,0.783333,0.263041
621,Polyaromatic,BD126 + BD160 + BD163,BD126,BD160,BD163,BD126=Bacillus; BD160=Bacillus stratosphericus; BD163=Bacillus megaterium,BD126=Metal_Group_4; BD160=Metal_Group_4; BD163=Metal_Group_12,28,44,63.636364,42,83,50.60241,42,PP_mean,59.356111,63.565694,0,0.333333,BD126=0; BD160=0; BD163=1,1,1.666667,BD126=3; BD160=1; BD163=1,0.855379,0.767772,0.262248
622,Polyaromatic,BD163 + BD50 + BD9,BD163,BD50,BD9,BD163=Bacillus megaterium; BD50=Bacillus safensis; BD9=Bacillus amyloliquefaciens,BD163=Metal_Group_12; BD50=Metal_Group_4; BD9=Metal_Group_4,28,44,63.636364,40,83,48.192771,40,PP_mean,60.78,64.058472,0,0.666667,BD163=2; BD50=0; BD9=0,1,2.333333,BD163=4; BD50=2; BD9=1,0.854396,0.789511,0.258202
623,Polyaromatic,BD126 + BD163 + BD50,BD126,BD163,BD50,BD126=Bacillus; BD163=Bacillus megaterium; BD50=Bacillus safensis,BD126=Metal_Group_4; BD163=Metal_Group_12; BD50=Metal_Group_4,28,44,63.636364,42,83,50.60241,42,PP_mean,57.707222,62.293472,0,0.333333,BD126=0; BD163=1; BD50=0,1,1.666667,BD126=3; BD163=1; BD50=1,0.855379,0.767772,0.257125
624,Polyaromatic,BD120 + BD132 + BD9,BD120,BD132,BD9,BD120=Bacillus subtilis; BD132=Bacillus safensis; BD9=Bacillus amyloliquefaciens,BD120=Metal_Group_4; BD132=Metal_Group_4; BD9=Metal_Group_4,27,44,61.363636,41,83,49.39759,41,PP_mean,70.578333,73.2875,0,0.333333,BD120=1; BD132=0; BD9=0,0,2,BD120=5; BD132=1; BD9=0,0.89981,0.830533,0.253985
625,Polyaromatic,BD126 + BD139 + BD9,BD126,BD139,BD9,BD126=Bacillus; BD139=Brevibacillus brevis; BD9=Bacillus amyloliquefaciens,BD126=Metal_Group_4; BD139=Metal_Group_4; BD9=Metal_Group_4,29,44,65.909091,44,83,53.012048,44,PP_mean,47.995,53.158056,0,0.666667,BD126=0; BD139=2; BD9=0,0,2,BD126=2; BD139=4; BD9=0,0.769264,0.716955,0.253819
626,Polyaromatic,BD162 + BD163 + BG1,BD162,BD163,BG1,BD162=Bacillus safensis; BD163=Bacillus megaterium; BG1=Bacillus amyloliquefaciens,BD162=Metal_Group_4; BD163=Metal_Group_12; BG1=Metal_Group_4,28,44,63.636364,38,83,45.783133,38,PP_mean,71.112778,69.740972,0,0.666667,BD162=0; BD163=2; BG1=0,0,1.333333,BD162=0; BD163=4; BG1=0,0.928571,0.859649,0.250465
627,Polyaromatic,BD120 + BD162 + BG1,BD120,BD162,BG1,BD120=Bacillus subtilis; BD162=Bacillus safensis; BG1=Bacillus amyloliquefaciens,BD120=Metal_Group_4; BD162=Metal_Group_4; BG1=Metal_Group_4,27,44,61.363636,40,83,48.192771,40,PP_mean,77.238889,76.124167,0,0.333333,BD120=1; BD162=0; BG1=0,0,2,BD120=6; BD162=0; BG1=0,0.975309,0.9,0.250266
628,Polyaromatic,BD120 + BD160 + BD9,BD120,BD160,BD9,BD120=Bacillus subtilis; BD160=Bacillus stratosphericus; BD9=Bacillus amyloliquefaciens,BD120=Metal_Group_4; BD160=Metal_Group_4; BD9=Metal_Group_4,27,44,61.363636,41,83,49.39759,41,PP_mean,68.555,71.713889,0,0.333333,BD120=1; BD160=0; BD9=0,0,2,BD120=5; BD160=1; BD9=0,0.89981,0.830533,0.247682
629,Polyaromatic,BD120 + BD163 + BD9,BD120,BD163,BD9,BD120=Bacillus subtilis; BD163=Bacillus megaterium; BD9=Bacillus amyloliquefaciens,BD120=Metal_Group_4; BD163=Metal_Group_12; BD9=Metal_Group_4,28,44,63.636364,41,83,49.39759,41,PP_mean,64.502778,67.194028,0,0.333333,BD120=0; BD163=1; BD9=0,0,1.333333,BD120=3; BD163=1; BD9=0,0.928131,0.814784,0.246079
630,Polyaromatic,BD120 + BD126 + BD132,BD120,BD126,BD132,BD120=Bacillus subtilis; BD126=Bacillus; BD132=Bacillus safensis,BD120=Metal_Group_4; BD126=Metal_Group_4; BD132=Metal_Group_4,27,44,61.363636,41,83,49.39759,41,PP_mean,67.505555,71.5225,0,0,BD120=0; BD126=0; BD132=0,0,0.333333,BD120=0; BD126=0; BD132=1,0.901235,0.853659,0.24334
631,Polyaromatic,BD120 + BD50 + BD9,BD120,BD50,BD9,BD120=Bacillus subtilis; BD50=Bacillus safensis; BD9=Bacillus amyloliquefaciens,BD120=Metal_Group_4; BD50=Metal_Group_4; BD9=Metal_Group_4,27,44,61.363636,41,83,49.39759,41,PP_mean,66.906111,70.441667,0,0.333333,BD120=1; BD50=0; BD9=0,0,2,BD120=5; BD50=1; BD9=0,0.89981,0.830533,0.24256
632,Polyaromatic,BD126 + BD132 + BG1,BD126,BD132,BG1,BD126=Bacillus; BD132=Bacillus safensis; BG1=Bacillus amyloliquefaciens,BD126=Metal_Group_4; BD132=Metal_Group_4; BG1=Metal_Group_4,27,44,61.363636,41,83,49.39759,41,PP_mean,65.374444,69.388889,0,0.333333,BD126=1; BD132=0; BG1=0,0,2,BD126=5; BD132=1; BG1=0,0.89981,0.830533,0.237976
633,Polyaromatic,BD120 + BD126 + BD160,BD120,BD126,BD160,BD120=Bacillus subtilis; BD126=Bacillus; BD160=Bacillus stratosphericus,BD120=Metal_Group_4; BD126=Metal_Group_4; BD160=Metal_Group_4,27,44,61.363636,41,83,49.39759,41,PP_mean,65.482222,69.948889,0,0,BD120=0; BD126=0; BD160=0,0,0.333333,BD120=0; BD126=0; BD160=1,0.901235,0.853659,0.237038
634,Polyaromatic,BD126 + BD132 + BD160,BD126,BD132,BD160,BD126=Bacillus; BD132=Bacillus safensis; BD160=Bacillus stratosphericus,BD126=Metal_Group_4; BD132=Metal_Group_4; BD160=Metal_Group_4,27,44,61.363636,41,83,49.39759,41,PP_mean,65.431666,69.659167,0,1.333333,BD126=4; BD132=0; BD160=0,0,2.666667,BD126=8; BD132=0; BD160=0,0.901235,0.853659,0.236541
635,Polyaromatic,BD126 + BD132 + BD162,BD126,BD132,BD162,BD126=Bacillus; BD132=Bacillus safensis; BD162=Bacillus safensis,BD126=Metal_Group_4; BD132=Metal_Group_4; BD162=Metal_Group_4,27,44,61.363636,41,83,49.39759,41,PP_mean,65.065555,66.889445,0,0.333333,BD126=1; BD132=0; BD162=0,0,2,BD126=5; BD132=1; BD162=0,0.89981,0.830533,0.233956
636,Polyaromatic,BD132 + BD160 + BG1,BD132,BD160,BG1,BD132=Bacillus safensis; BD160=Bacillus stratosphericus; BG1=Bacillus amyloliquefaciens,BD132=Metal_Group_4; BD160=Metal_Group_4; BG1=Metal_Group_4,26,44,59.090909,36,83,43.373494,36,PP_mean,77.554444,78.604167,0,1,BD132=0; BD160=0; BG1=3,0,1,BD132=0; BD160=0; BG1=3,0.923077,0.907407,0.23367
637,Polyaromatic,BD120 + BD126 + BD50,BD120,BD126,BD50,BD120=Bacillus subtilis; BD126=Bacillus; BD50=Bacillus safensis,BD120=Metal_Group_4; BD126=Metal_Group_4; BD50=Metal_Group_4,27,44,61.363636,41,83,49.39759,41,PP_mean,63.833333,68.676667,0,0,BD120=0; BD126=0; BD50=0,0,0.333333,BD120=0; BD126=0; BD50=1,0.901235,0.853659,0.231915
638,Polyaromatic,BD126 + BD160 + BG1,BD126,BD160,BG1,BD126=Bacillus; BD160=Bacillus stratosphericus; BG1=Bacillus amyloliquefaciens,BD126=Metal_Group_4; BD160=Metal_Group_4; BG1=Metal_Group_4,27,44,61.363636,41,83,49.39759,41,PP_mean,63.351111,67.815278,0,0.333333,BD126=1; BD160=0; BG1=0,0,2,BD126=5; BD160=1; BG1=0,0.89981,0.830533,0.231674
639,Polyaromatic,BD126 + BD132 + BD50,BD126,BD132,BD50,BD126=Bacillus; BD132=Bacillus safensis; BD50=Bacillus safensis,BD126=Metal_Group_4; BD132=Metal_Group_4; BD50=Metal_Group_4,27,44,61.363636,41,83,49.39759,41,PP_mean,63.782778,68.386945,0,1.333333,BD126=4; BD132=0; BD50=0,0,2.666667,BD126=8; BD132=0; BD50=0,0.901235,0.853659,0.231419
640,Polyaromatic,BD126 + BD163 + BG1,BD126,BD163,BG1,BD126=Bacillus; BD163=Bacillus megaterium; BG1=Bacillus amyloliquefaciens,BD126=Metal_Group_4; BD163=Metal_Group_12; BG1=Metal_Group_4,28,44,63.636364,41,83,49.39759,41,PP_mean,59.298889,63.295417,0,0.333333,BD126=0; BD163=1; BG1=0,0,1.333333,BD126=3; BD163=1; BG1=0,0.928131,0.814784,0.230071
641,Polyaromatic,BD132 + BD160 + BD162,BD132,BD160,BD162,BD132=Bacillus safensis; BD160=Bacillus stratosphericus; BD162=Bacillus safensis,BD132=Metal_Group_4; BD160=Metal_Group_4; BD162=Metal_Group_4,26,44,59.090909,36,83,43.373494,36,PP_mean,77.245555,76.104722,0,1,BD132=0; BD160=0; BD162=3,0,1,BD132=0; BD160=0; BD162=3,0.923077,0.907407,0.229649
642,Polyaromatic,BD132 + BD162 + BG1,BD132,BD162,BG1,BD132=Bacillus safensis; BD162=Bacillus safensis; BG1=Bacillus amyloliquefaciens,BD132=Metal_Group_4; BD162=Metal_Group_4; BG1=Metal_Group_4,26,44,59.090909,36,83,43.373494,36,PP_mean,77.188333,75.834445,0,0,BD132=0; BD162=0; BG1=0,0,0.666667,BD132=2; BD162=0; BG1=0,0.923077,0.907407,0.229166
643,Polyaromatic,BD120 + BD126 + BD163,BD120,BD126,BD163,BD120=Bacillus subtilis; BD126=Bacillus; BD163=Bacillus megaterium,BD120=Metal_Group_4; BD126=Metal_Group_4; BD163=Metal_Group_12,28,44,63.636364,41,83,49.39759,41,PP_mean,61.43,65.429028,0,0.333333,BD120=0; BD126=0; BD163=1,0,0.333333,BD120=0; BD126=0; BD163=1,0.952381,0.869919,0.229147
644,Polyaromatic,BD132 + BD50 + BG1,BD132,BD50,BG1,BD132=Bacillus safensis; BD50=Bacillus safensis; BG1=Bacillus amyloliquefaciens,BD132=Metal_Group_4; BD50=Metal_Group_4; BG1=Metal_Group_4,26,44,59.090909,36,83,43.373494,36,PP_mean,75.905556,77.331945,0,1,BD132=0; BD50=0; BG1=3,0,1,BD132=0; BD50=0; BG1=3,0.923077,0.907407,0.228547
645,Polyaromatic,BD126 + BD160 + BD162,BD126,BD160,BD162,BD126=Bacillus; BD160=Bacillus stratosphericus; BD162=Bacillus safensis,BD126=Metal_Group_4; BD160=Metal_Group_4; BD162=Metal_Group_4,27,44,61.363636,41,83,49.39759,41,PP_mean,63.042222,65.315833,0,0.333333,BD126=1; BD160=0; BD162=0,0,2,BD126=5; BD160=1; BD162=0,0.89981,0.830533,0.227654
646,Polyaromatic,BD126 + BD50 + BG1,BD126,BD50,BG1,BD126=Bacillus; BD50=Bacillus safensis; BG1=Bacillus amyloliquefaciens,BD126=Metal_Group_4; BD50=Metal_Group_4; BG1=Metal_Group_4,27,44,61.363636,41,83,49.39759,41,PP_mean,61.702222,66.543056,0,0.333333,BD126=1; BD50=0; BG1=0,0,2,BD126=5; BD50=1; BG1=0,0.89981,0.830533,0.226551
647,Polyaromatic,BD163 + BD9 + BG1,BD163,BD9,BG1,BD163=Bacillus megaterium; BD9=Bacillus amyloliquefaciens; BG1=Bacillus amyloliquefaciens,BD163=Metal_Group_12; BD9=Metal_Group_4; BG1=Metal_Group_4,28,44,63.636364,38,83,45.783133,38,PP_mean,62.371667,65.060417,0,0.666667,BD163=2; BD9=0; BG1=0,0,1.333333,BD163=4; BD9=0; BG1=0,0.928571,0.859649,0.226104
648,Polyaromatic,BD126 + BD162 + BD163,BD126,BD162,BD163,BD126=Bacillus; BD162=Bacillus safensis; BD163=Bacillus megaterium,BD126=Metal_Group_4; BD162=Metal_Group_4; BD163=Metal_Group_12,28,44,63.636364,41,83,49.39759,41,PP_mean,58.99,60.795972,0,0.333333,BD126=0; BD162=0; BD163=1,0,1.333333,BD126=3; BD162=0; BD163=1,0.928131,0.814784,0.226051
649,Polyaromatic,BD120 + BD9 + BG1,BD120,BD9,BG1,BD120=Bacillus subtilis; BD9=Bacillus amyloliquefaciens; BG1=Bacillus amyloliquefaciens,BD120=Metal_Group_4; BD9=Metal_Group_4; BG1=Metal_Group_4,27,44,61.363636,40,83,48.192771,40,PP_mean,68.497778,71.443611,0,0.333333,BD120=1; BD9=0; BG1=0,0,2,BD120=6; BD9=0; BG1=0,0.975309,0.9,0.225905
650,Polyaromatic,BD126 + BD160 + BD50,BD126,BD160,BD50,BD126=Bacillus; BD160=Bacillus stratosphericus; BD50=Bacillus safensis,BD126=Metal_Group_4; BD160=Metal_Group_4; BD50=Metal_Group_4,27,44,61.363636,41,83,49.39759,41,PP_mean,61.759444,66.813333,0,1.333333,BD126=4; BD160=0; BD50=0,0,2.666667,BD126=8; BD160=0; BD50=0,0.901235,0.853659,0.225117
651,Polyaromatic,BD132 + BD162 + BD50,BD132,BD162,BD50,BD132=Bacillus safensis; BD162=Bacillus safensis; BD50=Bacillus safensis,BD132=Metal_Group_4; BD162=Metal_Group_4; BD50=Metal_Group_4,26,44,59.090909,36,83,43.373494,36,PP_mean,75.596667,74.8325,0,1,BD132=0; BD162=3; BD50=0,0,1,BD132=0; BD162=3; BD50=0,0.923077,0.907407,0.224527
652,Polyaromatic,BD160 + BD162 + BG1,BD160,BD162,BG1,BD160=Bacillus stratosphericus; BD162=Bacillus safensis; BG1=Bacillus amyloliquefaciens,BD160=Metal_Group_4; BD162=Metal_Group_4; BG1=Metal_Group_4,26,44,59.090909,36,83,43.373494,36,PP_mean,75.165,74.260833,0,0,BD160=0; BD162=0; BG1=0,0,0.666667,BD160=2; BD162=0; BG1=0,0.923077,0.907407,0.222863
653,Polyaromatic,BD126 + BD162 + BD50,BD126,BD162,BD50,BD126=Bacillus; BD162=Bacillus safensis; BD50=Bacillus safensis,BD126=Metal_Group_4; BD162=Metal_Group_4; BD50=Metal_Group_4,27,44,61.363636,41,83,49.39759,41,PP_mean,61.393333,64.043611,0,0.333333,BD126=1; BD162=0; BD50=0,0,2,BD126=5; BD162=0; BD50=1,0.89981,0.830533,0.222531
654,Polyaromatic,BD160 + BD50 + BG1,BD160,BD50,BG1,BD160=Bacillus stratosphericus; BD50=Bacillus safensis; BG1=Bacillus amyloliquefaciens,BD160=Metal_Group_4; BD50=Metal_Group_4; BG1=Metal_Group_4,26,44,59.090909,36,83,43.373494,36,PP_mean,73.882222,75.758333,0,1,BD160=0; BD50=0; BG1=3,0,1,BD160=0; BD50=0; BG1=3,0.923077,0.907407,0.222245
655,Polyaromatic,BD162 + BD163 + BD9,BD162,BD163,BD9,BD162=Bacillus safensis; BD163=Bacillus megaterium; BD9=Bacillus amyloliquefaciens,BD162=Metal_Group_4; BD163=Metal_Group_12; BD9=Metal_Group_4,28,44,63.636364,38,83,45.783133,38,PP_mean,62.062778,62.560972,0,0.666667,BD162=0; BD163=2; BD9=0,0,1.333333,BD162=0; BD163=4; BD9=0,0.928571,0.859649,0.222084
656,Polyaromatic,BD120 + BD162 + BD9,BD120,BD162,BD9,BD120=Bacillus subtilis; BD162=Bacillus safensis; BD9=Bacillus amyloliquefaciens,BD120=Metal_Group_4; BD162=Metal_Group_4; BD9=Metal_Group_4,27,44,61.363636,40,83,48.192771,40,PP_mean,68.188889,68.944167,0,0.333333,BD120=1; BD162=0; BD9=0,0,2,BD120=6; BD162=0; BD9=0,0.975309,0.9,0.221885
657,Polyaromatic,BD160 + BD162 + BD50,BD160,BD162,BD50,BD160=Bacillus stratosphericus; BD162=Bacillus safensis; BD50=Bacillus safensis,BD160=Metal_Group_4; BD162=Metal_Group_4; BD50=Metal_Group_4,26,44,59.090909,36,83,43.373494,36,PP_mean,73.573333,73.258889,0,1,BD160=0; BD162=3; BD50=0,0,1,BD160=0; BD162=3; BD50=0,0.923077,0.907407,0.218225
658,Polyaromatic,BD162 + BD50 + BG1,BD162,BD50,BG1,BD162=Bacillus safensis; BD50=Bacillus safensis; BG1=Bacillus amyloliquefaciens,BD162=Metal_Group_4; BD50=Metal_Group_4; BG1=Metal_Group_4,26,44,59.090909,36,83,43.373494,36,PP_mean,73.516111,72.988611,0,0,BD162=0; BD50=0; BG1=0,0,0.666667,BD162=0; BD50=2; BG1=0,0.923077,0.907407,0.217741
659,Polyaromatic,BD120 + BD126 + BG1,BD120,BD126,BG1,BD120=Bacillus subtilis; BD126=Bacillus; BG1=Bacillus amyloliquefaciens,BD120=Metal_Group_4; BD126=Metal_Group_4; BG1=Metal_Group_4,27,44,61.363636,40,83,48.192771,40,PP_mean,65.425,69.678611,0,0,BD120=0; BD126=0; BG1=0,0,0,BD120=0; BD126=0; BG1=0,0.975309,0.9,0.217179
660,Polyaromatic,BD120 + BD126 + BD162,BD120,BD126,BD162,BD120=Bacillus subtilis; BD126=Bacillus; BD162=Bacillus safensis,BD120=Metal_Group_4; BD126=Metal_Group_4; BD162=Metal_Group_4,27,44,61.363636,40,83,48.192771,40,PP_mean,65.116111,67.179167,0,0,BD120=0; BD126=0; BD162=0,0,0,BD120=0; BD126=0; BD162=0,0.975309,0.9,0.213159
661,Polyaromatic,BD126 + BD132 + BD9,BD126,BD132,BD9,BD126=Bacillus; BD132=Bacillus safensis; BD9=Bacillus amyloliquefaciens,BD126=Metal_Group_4; BD132=Metal_Group_4; BD9=Metal_Group_4,27,44,61.363636,41,83,49.39759,41,PP_mean,56.324444,62.208889,0,0.333333,BD126=1; BD132=0; BD9=0,0,2,BD126=5; BD132=1; BD9=0,0.89981,0.830533,0.209595
662,Polyaromatic,BD126 + BD162 + BG1,BD126,BD162,BG1,BD126=Bacillus; BD162=Bacillus safensis; BG1=Bacillus amyloliquefaciens,BD126=Metal_Group_4; BD162=Metal_Group_4; BG1=Metal_Group_4,27,44,61.363636,40,83,48.192771,40,PP_mean,62.985,65.045556,0,0.333333,BD126=1; BD162=0; BG1=0,0,2,BD126=6; BD162=0; BG1=0,0.975309,0.9,0.205876
663,Polyaromatic,BD132 + BD160 + BD9,BD132,BD160,BD9,BD132=Bacillus safensis; BD160=Bacillus stratosphericus; BD9=Bacillus amyloliquefaciens,BD132=Metal_Group_4; BD160=Metal_Group_4; BD9=Metal_Group_4,26,44,59.090909,36,83,43.373494,36,PP_mean,68.504444,71.424167,0,1,BD132=0; BD160=0; BD9=3,0,1,BD132=0; BD160=0; BD9=3,0.923077,0.907407,0.205288
664,Polyaromatic,BD132 + BD9 + BG1,BD132,BD9,BG1,BD132=Bacillus safensis; BD9=Bacillus amyloliquefaciens; BG1=Bacillus amyloliquefaciens,BD132=Metal_Group_4; BD9=Metal_Group_4; BG1=Metal_Group_4,26,44,59.090909,36,83,43.373494,36,PP_mean,68.447222,71.153889,0,0,BD132=0; BD9=0; BG1=0,0,0.666667,BD132=2; BD9=0; BG1=0,0.923077,0.907407,0.204804
665,Polyaromatic,BD126 + BD160 + BD9,BD126,BD160,BD9,BD126=Bacillus; BD160=Bacillus stratosphericus; BD9=Bacillus amyloliquefaciens,BD126=Metal_Group_4; BD160=Metal_Group_4; BD9=Metal_Group_4,27,44,61.363636,41,83,49.39759,41,PP_mean,54.301111,60.635278,0,0.333333,BD126=1; BD160=0; BD9=0,0,2,BD126=5; BD160=1; BD9=0,0.89981,0.830533,0.203292
666,Polyaromatic,BD126 + BD163 + BD9,BD126,BD163,BD9,BD126=Bacillus; BD163=Bacillus megaterium; BD9=Bacillus amyloliquefaciens,BD126=Metal_Group_4; BD163=Metal_Group_12; BD9=Metal_Group_4,28,44,63.636364,41,83,49.39759,41,PP_mean,50.248889,56.115417,0,0.333333,BD126=0; BD163=1; BD9=0,0,1.333333,BD126=3; BD163=1; BD9=0,0.928131,0.814784,0.20169
667,Polyaromatic,BD132 + BD162 + BD9,BD132,BD162,BD9,BD132=Bacillus safensis; BD162=Bacillus safensis; BD9=Bacillus amyloliquefaciens,BD132=Metal_Group_4; BD162=Metal_Group_4; BD9=Metal_Group_4,26,44,59.090909,36,83,43.373494,36,PP_mean,68.138333,68.654445,0,0,BD132=0; BD162=0; BD9=0,0,0.666667,BD132=2; BD162=0; BD9=0,0.923077,0.907407,0.200784
668,Polyaromatic,BD132 + BD50 + BD9,BD132,BD50,BD9,BD132=Bacillus safensis; BD50=Bacillus safensis; BD9=Bacillus amyloliquefaciens,BD132=Metal_Group_4; BD50=Metal_Group_4; BD9=Metal_Group_4,26,44,59.090909,36,83,43.373494,36,PP_mean,66.855556,70.151945,0,1,BD132=0; BD50=0; BD9=3,0,1,BD132=0; BD50=0; BD9=3,0.923077,0.907407,0.200166
669,Polyaromatic,BD160 + BD9 + BG1,BD160,BD9,BG1,BD160=Bacillus stratosphericus; BD9=Bacillus amyloliquefaciens; BG1=Bacillus amyloliquefaciens,BD160=Metal_Group_4; BD9=Metal_Group_4; BG1=Metal_Group_4,26,44,59.090909,36,83,43.373494,36,PP_mean,66.423889,69.580278,0,0,BD160=0; BD9=0; BG1=0,0,0.666667,BD160=2; BD9=0; BG1=0,0.923077,0.907407,0.198502
670,Polyaromatic,BD126 + BD50 + BD9,BD126,BD50,BD9,BD126=Bacillus; BD50=Bacillus safensis; BD9=Bacillus amyloliquefaciens,BD126=Metal_Group_4; BD50=Metal_Group_4; BD9=Metal_Group_4,27,44,61.363636,41,83,49.39759,41,PP_mean,52.652222,59.363056,0,0.333333,BD126=1; BD50=0; BD9=0,0,2,BD126=5; BD50=1; BD9=0,0.89981,0.830533,0.19817
671,Polyaromatic,BD160 + BD162 + BD9,BD160,BD162,BD9,BD160=Bacillus stratosphericus; BD162=Bacillus safensis; BD9=Bacillus amyloliquefaciens,BD160=Metal_Group_4; BD162=Metal_Group_4; BD9=Metal_Group_4,26,44,59.090909,36,83,43.373494,36,PP_mean,66.115,67.080833,0,0,BD160=0; BD162=0; BD9=0,0,0.666667,BD160=2; BD162=0; BD9=0,0.923077,0.907407,0.194482
672,Polyaromatic,BD160 + BD50 + BD9,BD160,BD50,BD9,BD160=Bacillus stratosphericus; BD50=Bacillus safensis; BD9=Bacillus amyloliquefaciens,BD160=Metal_Group_4; BD50=Metal_Group_4; BD9=Metal_Group_4,26,44,59.090909,36,83,43.373494,36,PP_mean,64.832222,68.578333,0,1,BD160=0; BD50=0; BD9=3,0,1,BD160=0; BD50=0; BD9=3,0.923077,0.907407,0.193863
673,Polyaromatic,BD50 + BD9 + BG1,BD50,BD9,BG1,BD50=Bacillus safensis; BD9=Bacillus amyloliquefaciens; BG1=Bacillus amyloliquefaciens,BD50=Metal_Group_4; BD9=Metal_Group_4; BG1=Metal_Group_4,26,44,59.090909,36,83,43.373494,36,PP_mean,64.775,68.308056,0,0,BD50=0; BD9=0; BG1=0,0,0.666667,BD50=2; BD9=0; BG1=0,0.923077,0.907407,0.19338
674,Polyaromatic,BD162 + BD50 + BD9,BD162,BD50,BD9,BD162=Bacillus safensis; BD50=Bacillus safensis; BD9=Bacillus amyloliquefaciens,BD162=Metal_Group_4; BD50=Metal_Group_4; BD9=Metal_Group_4,26,44,59.090909,36,83,43.373494,36,PP_mean,64.466111,65.808611,0,0,BD162=0; BD50=0; BD9=0,0,0.666667,BD162=0; BD50=2; BD9=0,0.923077,0.907407,0.18936
675,Polyaromatic,BD120 + BD126 + BD9,BD120,BD126,BD9,BD120=Bacillus subtilis; BD126=Bacillus; BD9=Bacillus amyloliquefaciens,BD120=Metal_Group_4; BD126=Metal_Group_4; BD9=Metal_Group_4,27,44,61.363636,40,83,48.192771,40,PP_mean,56.375,62.498611,0,0,BD120=0; BD126=0; BD9=0,0,0,BD120=0; BD126=0; BD9=0,0.975309,0.9,0.188798
676,Polyaromatic,BD126 + BD9 + BG1,BD126,BD9,BG1,BD126=Bacillus; BD9=Bacillus amyloliquefaciens; BG1=Bacillus amyloliquefaciens,BD126=Metal_Group_4; BD9=Metal_Group_4; BG1=Metal_Group_4,27,44,61.363636,40,83,48.192771,40,PP_mean,54.243889,60.365,0,0.333333,BD126=1; BD9=0; BG1=0,0,2,BD126=6; BD9=0; BG1=0,0.975309,0.9,0.181515
677,Polyaromatic,BD126 + BD162 + BD9,BD126,BD162,BD9,BD126=Bacillus; BD162=Bacillus safensis; BD9=Bacillus amyloliquefaciens,BD126=Metal_Group_4; BD162=Metal_Group_4; BD9=Metal_Group_4,27,44,61.363636,40,83,48.192771,40,PP_mean,53.935,57.865556,0,0.333333,BD126=1; BD162=0; BD9=0,0,2,BD126=6; BD162=0; BD9=0,0.975309,0.9,0.177495
678,Polyaromatic,BD162 + BD9 + BG1,BD162,BD9,BG1,BD162=Bacillus safensis; BD9=Bacillus amyloliquefaciens; BG1=Bacillus amyloliquefaciens,BD162=Metal_Group_4; BD9=Metal_Group_4; BG1=Metal_Group_4,26,44,59.090909,34,83,40.963855,34,PP_mean,66.057778,66.810556,0,0,BD162=0; BD9=0; BG1=0,0,0,BD162=0; BD9=0; BG1=0,1.0,1.0,0.167661
679,Polyaromatic,BD48 + BD54 + E7,BD48,BD54,E7,BD48=Bacillus safensis; BD54=Acinetobacter; E7=Acinetobacter,BD48=Metal_Group_1; BD54=Metal_Group_1; E7=Metal_Group_1,28,44,63.636364,29,83,34.939759,29,PP_mean,53.278334,62.478056,0,0,BD48=0; BD54=0; E7=0,0,0,BD48=0; BD54=0; E7=0,1.0,1.0,0.153151
680,Polyaromatic,BD132 + BD160 + BD50,BD132,BD160,BD50,BD132=Bacillus safensis; BD160=Bacillus stratosphericus; BD50=Bacillus safensis,BD132=Metal_Group_4; BD160=Metal_Group_4; BD50=Metal_Group_4,23,44,52.272727,33,83,39.759036,33,PP_mean,75.962778,77.602222,0,0,BD132=0; BD160=0; BD50=0,0,0,BD132=0; BD160=0; BD50=0,1.0,1.0,0.149569
